RecordID,EmployeeID,Month,DaysAbsent,DaysPresent,OvertimeHours,RemoteDays
6e24c611-7884-4ae8-97a1-06e9821851e5,d85264b7-130e-4f14-970d-b80f9f87f4c4,2026-07,1,21,11,2
6bf5a455-b43d-4f45-af16-0047f50c998b,d85264b7-130e-4f14-970d-b80f9f87f4c4,2026-06,0,22,9,5
d19147d9-d9be-47b7-bab5-c17e308084c3,d85264b7-130e-4f14-970d-b80f9f87f4c4,2026-05,1,21,13,6
0a46b185-7495-42aa-9013-40ce9279c4ae,d85264b7-130e-4f14-970d-b80f9f87f4c4,2026-04,0,22,14,4
437c7704-7c92-4c59-848e-67f45b583975,d85264b7-130e-4f14-970d-b80f9f87f4c4,2026-03,1,21,10,7
c9e94efa-1085-4aa1-9483-a6c5d3103b26,d85264b7-130e-4f14-970d-b80f9f87f4c4,2026-02,0,22,7,4
33267cc4-2c91-415c-8bf5-6f5cc869fcc1,0756f919-39b6-4378-a8b0-33707bc84ccf,2026-07,3,19,6,10
8334bf24-b212-4a17-a982-128cfefb879b,0756f919-39b6-4378-a8b0-33707bc84ccf,2026-06,3,19,8,2
0f9f9aa9-8b7c-40c2-b123-86af451271d4,0756f919-39b6-4378-a8b0-33707bc84ccf,2026-05,3,19,6,6
b2794968-b724-447a-9531-01bc46b564ff,0756f919-39b6-4378-a8b0-33707bc84ccf,2026-04,3,19,6,1
3c181a77-4df0-49a0-8ecc-bf4e1f697b00,0756f919-39b6-4378-a8b0-33707bc84ccf,2026-03,2,20,9,6
1833b97b-6128-41d2-82ef-39da97cf0083,0756f919-39b6-4378-a8b0-33707bc84ccf,2026-02,3,19,7,8
2656aeb8-ac68-413a-a41e-b05facc0cfcf,39bb11e3-8432-4211-9125-6accd0d799c0,2026-07,1,21,10,10
116584d3-6f35-4171-92e6-5648f45481f3,39bb11e3-8432-4211-9125-6accd0d799c0,2026-06,0,22,10,3
7288dd95-0ced-40c7-b12d-6b2807f95725,39bb11e3-8432-4211-9125-6accd0d799c0,2026-05,0,22,13,8
9254cbdc-57ef-443e-a914-3f009586a3a3,39bb11e3-8432-4211-9125-6accd0d799c0,2026-04,0,22,10,5
d4bcad52-803e-4f02-a041-02f2289bd24d,39bb11e3-8432-4211-9125-6accd0d799c0,2026-03,1,21,7,10
4f5c3516-1904-4a7c-b5b1-8ff0522ca2d0,39bb11e3-8432-4211-9125-6accd0d799c0,2026-02,0,22,11,3
c50a6f37-020f-4d55-b05b-3249e8e2039e,41fe4ef1-e753-4584-83eb-8d980c5e1e82,2026-07,6,16,1,0
b6ed1e32-1476-4e8d-8b32-b1fe20d2c2f0,41fe4ef1-e753-4584-83eb-8d980c5e1e82,2026-06,6,16,1,3
d3eedbaa-ec63-4618-ad4c-20ef53424af3,41fe4ef1-e753-4584-83eb-8d980c5e1e82,2026-05,4,18,2,4
042aea15-4ef0-4f9f-8f03-ad0a0943ba6f,41fe4ef1-e753-4584-83eb-8d980c5e1e82,2026-04,6,16,3,1
7f128092-42ef-497f-9621-ef36d2a06d47,41fe4ef1-e753-4584-83eb-8d980c5e1e82,2026-03,4,18,1,10
908a81ac-f01d-496b-95d7-ad2ff19baeb7,41fe4ef1-e753-4584-83eb-8d980c5e1e82,2026-02,3,19,2,5
a235104f-f8a3-46c0-bad1-6f3c05adcb16,a344149f-bc18-412b-940e-29c201e37a54,2026-07,1,21,15,7
1655614f-be5a-420e-b5fd-82392dde48f2,a344149f-bc18-412b-940e-29c201e37a54,2026-06,0,22,8,8
dda8a5bd-7538-4ac8-8615-dc651c047f26,a344149f-bc18-412b-940e-29c201e37a54,2026-05,0,22,5,1
4555c31e-e93e-46eb-bb25-f815d11e7835,a344149f-bc18-412b-940e-29c201e37a54,2026-04,1,21,9,5
dbc895aa-fd86-42bc-beda-714515b40f5c,a344149f-bc18-412b-940e-29c201e37a54,2026-03,0,22,5,10
5ab894d9-e456-402d-8b3a-453a1513410e,a344149f-bc18-412b-940e-29c201e37a54,2026-02,1,21,6,4
53ed8cb6-b4b2-4dde-91b6-6dede09f514c,7005687a-9bf2-49a1-ada1-97c42963f3ed,2026-07,1,21,14,9
cb70559d-906e-47e4-a1cf-d492fe318863,7005687a-9bf2-49a1-ada1-97c42963f3ed,2026-06,0,22,15,8
2ad7dc4d-4c63-48e5-9021-f4c9b0be10d6,7005687a-9bf2-49a1-ada1-97c42963f3ed,2026-05,0,22,11,4
c63a4b27-1e51-45b0-a89c-33ab1f8cfca9,7005687a-9bf2-49a1-ada1-97c42963f3ed,2026-04,1,21,7,6
c24f826e-7a84-49e8-949a-eb9c5f0ffafc,7005687a-9bf2-49a1-ada1-97c42963f3ed,2026-03,0,22,13,2
7f7645a8-d6f6-40fa-8d24-31d71771a5cb,7005687a-9bf2-49a1-ada1-97c42963f3ed,2026-02,1,21,10,6
9d30cd59-aa72-48b0-b2cd-917009ab7809,7e265d70-9188-4135-8f84-55b39076442e,2026-07,1,21,8,10
442a8463-1995-4de1-a6a6-0dfd3541156b,7e265d70-9188-4135-8f84-55b39076442e,2026-06,3,19,4,4
9a031bdb-c829-4f6e-963a-07b128c5ec0d,7e265d70-9188-4135-8f84-55b39076442e,2026-05,3,19,2,9
8d538b3c-0165-4751-a935-e6c4d07129b7,7e265d70-9188-4135-8f84-55b39076442e,2026-04,3,19,4,4
7299a1a5-c2c5-41cd-a00a-c0197e823af4,7e265d70-9188-4135-8f84-55b39076442e,2026-03,3,19,8,8
53d46192-b31a-495c-934d-acb25e3d7f2c,7e265d70-9188-4135-8f84-55b39076442e,2026-02,1,21,3,4
423038eb-ebd0-40f9-b2cc-cfc85bf301cc,36f9d437-0f3f-4390-b929-2ead8cea5fb5,2026-07,3,19,3,8
a797a1e8-4d98-40ff-bea0-c7873459aa58,36f9d437-0f3f-4390-b929-2ead8cea5fb5,2026-06,5,17,0,0
6eec3413-46d0-4fa5-8db9-c543db6a491f,93893360-8fd5-40d9-a827-3d8dc0d2f698,2026-07,0,22,12,5
c78dda65-91a6-465f-828e-51711d2b6cbd,93893360-8fd5-40d9-a827-3d8dc0d2f698,2026-06,1,21,10,0
e09d931c-ccef-4f8d-9ef2-936706e0af13,93893360-8fd5-40d9-a827-3d8dc0d2f698,2026-05,1,21,13,0
a9390fd5-c43e-4e9e-aee9-dffc1e8df4ca,93893360-8fd5-40d9-a827-3d8dc0d2f698,2026-04,1,21,8,5
d850d77d-541b-4269-81ad-47acfdfd2e6a,93893360-8fd5-40d9-a827-3d8dc0d2f698,2026-03,0,22,13,9
c1c78768-3f00-4128-97e5-57c1f32e66e7,93893360-8fd5-40d9-a827-3d8dc0d2f698,2026-02,1,21,9,7
688ffdf3-a4f6-42d5-beb6-38c2d4d80c44,ddf2f671-973b-4de9-afc4-04e64c763b88,2026-07,0,22,11,1
9f1daabb-3712-4239-9cb8-8537b3f9e513,ddf2f671-973b-4de9-afc4-04e64c763b88,2026-06,0,22,13,6
50faab35-2419-4e10-9a77-8869bfcccb52,ddf2f671-973b-4de9-afc4-04e64c763b88,2026-05,0,22,13,3
fb5d043e-b9d0-4091-bfb2-40e1102820b3,ddf2f671-973b-4de9-afc4-04e64c763b88,2026-04,1,21,7,9
b4074e52-679b-4235-95a0-5b68f5d93bfe,ddf2f671-973b-4de9-afc4-04e64c763b88,2026-03,1,21,9,7
9202f50b-996c-45e0-83ef-270574a9fdbf,ddf2f671-973b-4de9-afc4-04e64c763b88,2026-02,1,21,8,0
995ade72-add8-475a-b058-c60a7fdbceef,555ee223-e3a0-411a-bd41-37eb57af5802,2026-07,1,21,10,1
ff5d7c0a-ee4b-4f2b-b111-ea09d6808063,555ee223-e3a0-411a-bd41-37eb57af5802,2026-06,1,21,10,1
271ce945-3338-4ca3-8677-cb403fb2ccff,555ee223-e3a0-411a-bd41-37eb57af5802,2026-05,1,21,11,10
a82922e9-41eb-4653-b156-a5c1f696ef4a,555ee223-e3a0-411a-bd41-37eb57af5802,2026-04,1,21,12,10
e09983f8-b4d5-4da0-aa73-9503b86276a2,555ee223-e3a0-411a-bd41-37eb57af5802,2026-03,1,21,8,2
8020336d-92e1-43ef-b87a-2246a0ae4439,555ee223-e3a0-411a-bd41-37eb57af5802,2026-02,0,22,5,2
cc911109-4d4a-4c1b-a76c-1afcb827028e,5ca802ef-bd45-459e-8fb9-c2b0ce1e03cc,2026-07,1,21,6,2
9d3aabb7-9bc0-4bd6-a355-175c489d003f,5ca802ef-bd45-459e-8fb9-c2b0ce1e03cc,2026-06,1,21,12,1
15f06544-86cb-4854-8c3e-621a0012bd7e,5ca802ef-bd45-459e-8fb9-c2b0ce1e03cc,2026-05,0,22,8,4
1e14ba18-1cba-4f23-9a40-d036bf858a17,5ca802ef-bd45-459e-8fb9-c2b0ce1e03cc,2026-04,0,22,10,8
a88883d8-4fde-477d-9c2c-51363af1374e,5ca802ef-bd45-459e-8fb9-c2b0ce1e03cc,2026-03,0,22,12,0
8d4916d9-b9f7-47ec-9c32-4c8bcee7ddc4,5ca802ef-bd45-459e-8fb9-c2b0ce1e03cc,2026-02,1,21,8,1
32db0bbe-bad4-49a1-aed9-8eda89db624b,d4ebadd9-8f6f-4097-bfeb-370bc1312ecf,2026-07,6,16,4,8
2d1a1508-5fb6-4e40-8a67-9d03d1c2148d,d4ebadd9-8f6f-4097-bfeb-370bc1312ecf,2026-06,6,16,5,8
c1eb3cc4-818d-48d6-ae06-2fcf41057a4a,d4ebadd9-8f6f-4097-bfeb-370bc1312ecf,2026-05,4,18,0,9
d13786b0-b8cc-43c5-87fc-aa9d55ea4001,d4ebadd9-8f6f-4097-bfeb-370bc1312ecf,2026-04,2,20,2,7
93204c11-2614-4fb8-9718-b240af87df69,8565ea1d-4f56-4a49-b00a-1ff7618021be,2026-07,1,21,12,5
f2a92a91-e062-48b7-ae71-99f5e86228d1,8565ea1d-4f56-4a49-b00a-1ff7618021be,2026-06,0,22,10,7
e840dcb4-a707-4de5-96ca-a717aeed35c8,95fee654-165a-4426-8f15-5aa7615c5e52,2026-07,1,21,15,7
c7122ffd-88bc-4eb7-bb30-8d06cbb3252e,95fee654-165a-4426-8f15-5aa7615c5e52,2026-06,0,22,14,0
2adf6f30-3547-492b-8d94-b5c8d21176ea,95fee654-165a-4426-8f15-5aa7615c5e52,2026-05,1,21,13,6
7b466c16-780c-451b-9f9b-9f269db7c0d7,95fee654-165a-4426-8f15-5aa7615c5e52,2026-04,0,22,5,0
120fbe27-04a1-444d-822d-328161301c39,95fee654-165a-4426-8f15-5aa7615c5e52,2026-03,1,21,13,9
f8eeeec7-277a-43fb-8672-1314eeb90a77,95fee654-165a-4426-8f15-5aa7615c5e52,2026-02,0,22,8,9
5fb65b4f-a209-4f66-aba4-3df03b25c148,f9bec295-192b-427e-b468-b90a36d3ed6e,2026-07,6,16,5,1
aa641072-d9cf-48d7-abeb-9ff4ecd5d6d1,f9bec295-192b-427e-b468-b90a36d3ed6e,2026-06,2,20,4,3
cc47e0aa-bb6d-4bf6-b476-44eda77bdf17,f9bec295-192b-427e-b468-b90a36d3ed6e,2026-05,4,18,4,6
5d34a6e0-16e8-441d-b65a-a551c49df527,f9bec295-192b-427e-b468-b90a36d3ed6e,2026-04,6,16,3,2
352d268b-ce75-44df-9418-a03245bc3c92,f9bec295-192b-427e-b468-b90a36d3ed6e,2026-03,3,19,0,2
c31f9c57-9735-4dfe-a661-1640b12b237d,f9bec295-192b-427e-b468-b90a36d3ed6e,2026-02,5,17,5,5
8bbeca5e-775a-49eb-93a0-67a73b259abb,c928550c-2338-463b-930a-29020041a190,2026-07,0,22,14,2
7d178769-5604-4502-a37a-77e8060f3980,c928550c-2338-463b-930a-29020041a190,2026-06,0,22,5,7
f8de80fd-3964-4b8f-a920-046fc3fa0c08,c928550c-2338-463b-930a-29020041a190,2026-05,1,21,8,8
1560d39c-7ed9-4755-afe9-edef48f91ffd,c928550c-2338-463b-930a-29020041a190,2026-04,1,21,14,9
696c1c23-a067-4f92-b00a-813f1d35e4f6,c928550c-2338-463b-930a-29020041a190,2026-03,1,21,9,8
3b2d9929-7018-4f11-87f0-6a511f784941,c928550c-2338-463b-930a-29020041a190,2026-02,1,21,15,8
23cca0d5-745f-4e26-bb93-d38dd661ad5f,c3301c22-2b4b-4c7f-827f-90a886d47311,2026-07,1,21,7,9
acb0af2d-7620-4926-af0f-961db88e7ec8,c3301c22-2b4b-4c7f-827f-90a886d47311,2026-06,0,22,8,6
147ac079-5aa5-44e5-8475-d38e9e015e0e,c3301c22-2b4b-4c7f-827f-90a886d47311,2026-05,0,22,6,4
b52d071f-475f-4fc1-aee0-08f1b20f44c5,c3301c22-2b4b-4c7f-827f-90a886d47311,2026-04,1,21,8,6
01915477-c749-47bd-8fae-9d782164b6b8,c3301c22-2b4b-4c7f-827f-90a886d47311,2026-03,0,22,15,4
927204db-aede-4528-866c-3e807256738a,c3301c22-2b4b-4c7f-827f-90a886d47311,2026-02,0,22,9,3
a45cf680-c735-4da8-8a65-31818e33ab06,75540a9f-e62c-4345-88b2-726080c8100d,2026-07,1,21,15,5
4b5181e1-3f4a-4203-a089-a7ebf0b85221,75540a9f-e62c-4345-88b2-726080c8100d,2026-06,1,21,11,10
bcb64ebb-3ec3-4192-8fd4-31ac57165db9,75540a9f-e62c-4345-88b2-726080c8100d,2026-05,0,22,11,4
8f0ab1f0-3dbe-481b-88a8-3277f5e5e998,75540a9f-e62c-4345-88b2-726080c8100d,2026-04,0,22,12,1
001ce0ae-850f-40a3-89f1-3aae0f7ac0f1,75540a9f-e62c-4345-88b2-726080c8100d,2026-03,0,22,5,5
4c15d470-05d6-4167-aeb8-3d56a2dbc836,75540a9f-e62c-4345-88b2-726080c8100d,2026-02,0,22,9,2
3fec1c64-b9bb-42ea-9bcb-cd18f843101a,a21c8a2b-18ab-4040-b6ca-9d87668287e2,2026-07,0,22,14,9
ab11c1a4-7995-4f2c-ab4e-960c7cf552cb,a21c8a2b-18ab-4040-b6ca-9d87668287e2,2026-06,0,22,13,1
a118ea2b-34e5-4a48-9e8d-8b3e875cbb97,a21c8a2b-18ab-4040-b6ca-9d87668287e2,2026-05,0,22,10,5
15e2f3d7-038b-47d8-aaac-66825001ed27,a21c8a2b-18ab-4040-b6ca-9d87668287e2,2026-04,0,22,10,8
51633b16-fffe-4000-ab4a-f6a952522625,a21c8a2b-18ab-4040-b6ca-9d87668287e2,2026-03,1,21,10,5
b3307b27-58d6-4a2b-8f14-cf145dad8147,a21c8a2b-18ab-4040-b6ca-9d87668287e2,2026-02,1,21,5,6
afa2aa30-bbb4-4828-a236-891d0aab7a0a,f29a8f01-0ea3-45f6-a563-5ab88bd21740,2026-07,0,22,13,3
74bc33d2-e825-45a9-aeaa-66b7f7fc95b1,f29a8f01-0ea3-45f6-a563-5ab88bd21740,2026-06,1,21,10,0
a5f7f261-7d2d-47e5-a900-513d7ef4ad7f,f29a8f01-0ea3-45f6-a563-5ab88bd21740,2026-05,1,21,8,2
c08fa4be-e78e-4997-9f4c-78727c9cf7cc,b2876e84-60b7-4ebb-aa0a-3fbd7a27bca2,2026-07,0,22,11,7
09750bb3-8fc7-4224-9c82-6b3e37dd0e70,b2876e84-60b7-4ebb-aa0a-3fbd7a27bca2,2026-06,0,22,6,0
720afc7a-4426-44c0-bcee-b829d0af5454,b2876e84-60b7-4ebb-aa0a-3fbd7a27bca2,2026-05,0,22,10,6
81ec138d-fa4c-47f5-9faa-4d5754a2f6db,b2876e84-60b7-4ebb-aa0a-3fbd7a27bca2,2026-04,0,22,11,7
ef7ee162-3c33-49fb-ae4a-7f33a84c9b96,b2876e84-60b7-4ebb-aa0a-3fbd7a27bca2,2026-03,1,21,5,7
2844f4b8-adc1-4933-8cae-80649c4fbc60,b2876e84-60b7-4ebb-aa0a-3fbd7a27bca2,2026-02,0,22,9,6
316ca6a6-2e50-4b70-8f79-48f470c72726,0dc34f7f-1c7f-4008-9b7a-8c416421e4fa,2026-07,1,21,10,3
a754cb12-5ac3-4886-aa71-b598b9817d59,0dc34f7f-1c7f-4008-9b7a-8c416421e4fa,2026-06,1,21,8,7
aa454ace-17bc-4f58-aca6-50e1fd7ab02c,0dc34f7f-1c7f-4008-9b7a-8c416421e4fa,2026-05,1,21,14,1
93fb68f7-01f9-4665-8bb8-b10108c93951,0dc34f7f-1c7f-4008-9b7a-8c416421e4fa,2026-04,0,22,8,8
e7b4d9d1-1bbe-45bb-9099-767e3ffd2351,0dc34f7f-1c7f-4008-9b7a-8c416421e4fa,2026-03,1,21,6,1
ff52ceae-02d8-468a-87d1-8275272a16bb,0dc34f7f-1c7f-4008-9b7a-8c416421e4fa,2026-02,1,21,10,10
c519f030-3b51-4eb0-bba0-d924da9dc7fa,254e5290-7c0b-4c32-a48f-ce956be85d4a,2026-07,6,16,1,3
b664d1cb-7b27-48bc-93e5-a04e82e54b14,254e5290-7c0b-4c32-a48f-ce956be85d4a,2026-06,5,17,1,1
8f8e5b3d-a783-4012-add4-9fe7231a6f84,254e5290-7c0b-4c32-a48f-ce956be85d4a,2026-05,6,16,4,0
4824d216-b037-4c86-901e-761c449b8686,254e5290-7c0b-4c32-a48f-ce956be85d4a,2026-04,5,17,1,2
67d47302-79e3-4236-b2bd-6b0564026dc4,254e5290-7c0b-4c32-a48f-ce956be85d4a,2026-03,5,17,1,0
2fb391ca-b4c0-4e6b-8d18-3923c1427913,254e5290-7c0b-4c32-a48f-ce956be85d4a,2026-02,6,16,2,3
f636d088-dbdf-4027-beb6-ecb98bcbf76c,8763f813-0fd1-448e-ae96-bd0f6be5d249,2026-07,0,22,7,4
ad68cf64-23e2-4e21-9743-c6113283f4f0,8763f813-0fd1-448e-ae96-bd0f6be5d249,2026-06,0,22,15,0
3cc995ec-5288-4b38-a740-74722911b7fd,8763f813-0fd1-448e-ae96-bd0f6be5d249,2026-05,1,21,14,0
9cf2887c-a869-4454-a9fb-c642a7a237ca,8763f813-0fd1-448e-ae96-bd0f6be5d249,2026-04,1,21,7,8
34aca52c-43f9-4386-b806-b6eb40808e0b,8763f813-0fd1-448e-ae96-bd0f6be5d249,2026-03,0,22,9,4
d4b1ed09-21cc-4330-9760-3c193ec7c763,8763f813-0fd1-448e-ae96-bd0f6be5d249,2026-02,0,22,12,6
aae18b95-30bf-4370-a0c2-91a0b2ac4807,526dd8a4-62c4-44d0-8e3b-c6005383a6e8,2026-07,0,22,5,2
f78028d1-5deb-4abd-9e9f-eb7e50eae75d,526dd8a4-62c4-44d0-8e3b-c6005383a6e8,2026-06,0,22,8,7
3e796d6c-2256-434d-8754-292d362ecc9a,526dd8a4-62c4-44d0-8e3b-c6005383a6e8,2026-05,0,22,14,4
1d8b2cc5-edfa-40ff-98d5-135973d96aea,526dd8a4-62c4-44d0-8e3b-c6005383a6e8,2026-04,1,21,6,10
63039b22-2ddb-4627-9383-6a1f6d43fefe,526dd8a4-62c4-44d0-8e3b-c6005383a6e8,2026-03,0,22,5,7
91f13cad-3769-4d64-9f83-b1f3ff7db237,526dd8a4-62c4-44d0-8e3b-c6005383a6e8,2026-02,0,22,14,5
1ed69ea2-0ce9-48a2-9303-9eed0688b11b,0a372f95-d7ee-49d9-a2df-e7ddf82290de,2026-07,1,21,11,1
5277306a-363e-4b89-9f07-96dbfab4ab28,0a372f95-d7ee-49d9-a2df-e7ddf82290de,2026-06,0,22,6,8
29d9a6bd-a2bb-4dfc-88a2-a5203400c390,0a372f95-d7ee-49d9-a2df-e7ddf82290de,2026-05,0,22,8,7
060efbef-f97f-4877-9ac9-f925613f11eb,0a372f95-d7ee-49d9-a2df-e7ddf82290de,2026-04,1,21,8,2
2148c66c-0f16-4571-97de-9685d96a42ee,0a372f95-d7ee-49d9-a2df-e7ddf82290de,2026-03,1,21,13,5
0def285a-2608-4b84-b6d0-4a5d5b64a5fb,0a372f95-d7ee-49d9-a2df-e7ddf82290de,2026-02,0,22,6,2
eea31760-8535-4d8d-ab28-dc11e3070ebc,3cd82c5e-529d-4500-8d52-deee030c1ea3,2026-07,3,19,4,1
3da2f555-0cb8-4e2e-a1b9-2d5fd5aec382,3cd82c5e-529d-4500-8d52-deee030c1ea3,2026-06,2,20,3,7
b12a66e8-67d4-4ba9-9954-c82c7ce74253,3cd82c5e-529d-4500-8d52-deee030c1ea3,2026-05,2,20,0,3
f17e9875-9902-434b-a6e7-dedaf18471a2,3cd82c5e-529d-4500-8d52-deee030c1ea3,2026-04,5,17,5,2
dfab8764-2f5a-48ab-b865-8f6f1e9fc9e3,3cd82c5e-529d-4500-8d52-deee030c1ea3,2026-03,3,19,2,8
4d86dffb-8369-42f8-9275-1e6196da0f76,3cd82c5e-529d-4500-8d52-deee030c1ea3,2026-02,6,16,3,10
ec7e0ad8-b139-4ef6-94f7-723e1c410ba5,40d6cd96-c5d0-4455-b009-0b0046dcb51b,2026-07,1,21,10,1
857a82d0-a314-4ac5-acfd-f623b1b64f08,40d6cd96-c5d0-4455-b009-0b0046dcb51b,2026-06,1,21,9,7
8493e537-55e9-4524-8be2-b4569333e86b,40d6cd96-c5d0-4455-b009-0b0046dcb51b,2026-05,3,19,10,0
ad0a0705-9d98-4b9b-b047-77922039f9aa,40d6cd96-c5d0-4455-b009-0b0046dcb51b,2026-04,2,20,6,9
da38e845-3660-45cc-8af2-bc98083d5d45,40d6cd96-c5d0-4455-b009-0b0046dcb51b,2026-03,1,21,8,7
06dd880d-2355-4055-b152-9655f97bbff0,40d6cd96-c5d0-4455-b009-0b0046dcb51b,2026-02,3,19,3,6
965c4dee-8f98-4cfb-8196-0e92aaa2fc49,ce210808-0643-4154-b355-0f4fdb9309a7,2026-07,1,21,14,2
e73644cb-2450-4458-8c87-ea72e6a3493e,ce210808-0643-4154-b355-0f4fdb9309a7,2026-06,0,22,8,9
4761fa77-1456-49b2-b37a-f2cff49ad347,ce210808-0643-4154-b355-0f4fdb9309a7,2026-05,1,21,13,7
a019f4c5-b093-4756-b105-5c0925d29d40,ce210808-0643-4154-b355-0f4fdb9309a7,2026-04,0,22,14,2
ef6cc5fc-bf9e-4b4c-9ba8-6583a2f116a4,ce210808-0643-4154-b355-0f4fdb9309a7,2026-03,0,22,13,8
3809ebf6-1d5a-438d-949f-fd0d61bbfa06,ce210808-0643-4154-b355-0f4fdb9309a7,2026-02,0,22,7,8
09dc3272-5dad-45f4-8b21-e435103289a2,630716e5-012e-462e-997f-4bddc29d22c6,2026-07,0,22,13,9
a6ef6aef-974b-4ce4-982c-baefb2f66248,630716e5-012e-462e-997f-4bddc29d22c6,2026-06,1,21,9,6
7283daab-1e68-4c3c-9258-25190b422313,630716e5-012e-462e-997f-4bddc29d22c6,2026-05,0,22,5,5
8f13a2c7-209f-4c72-a3d4-d3b9c344f082,630716e5-012e-462e-997f-4bddc29d22c6,2026-04,1,21,6,6
bdac607a-5b6f-407c-880c-551c284cae54,630716e5-012e-462e-997f-4bddc29d22c6,2026-03,1,21,7,1
107eae50-a7ed-4fc2-95de-4965466e2580,630716e5-012e-462e-997f-4bddc29d22c6,2026-02,1,21,6,6
248f054d-4843-4b59-aa09-b82410245a1d,543b70df-c750-4d2d-8b42-9ad31bebe5d1,2026-07,0,22,12,2
23156f51-1e43-4420-9a4b-de5e04478e11,543b70df-c750-4d2d-8b42-9ad31bebe5d1,2026-06,0,22,14,0
b6804828-9a30-4b90-bdfa-b9c3d9f6f272,543b70df-c750-4d2d-8b42-9ad31bebe5d1,2026-05,0,22,6,5
ad303894-b48c-4afd-b96f-039c9d53c7bc,543b70df-c750-4d2d-8b42-9ad31bebe5d1,2026-04,0,22,5,5
90953dd4-260b-4c38-84c1-05db5b4a9de7,543b70df-c750-4d2d-8b42-9ad31bebe5d1,2026-03,0,22,12,1
28842973-819d-44b5-97a8-48ee0c14fe1d,543b70df-c750-4d2d-8b42-9ad31bebe5d1,2026-02,1,21,11,4
d0841b87-2ff2-4045-99c3-cec63572816d,8a6cb659-c889-4932-ba72-818cd81574f2,2026-07,3,19,5,0
3b4bee2d-3b0c-4f45-999b-67a868b265e0,8a6cb659-c889-4932-ba72-818cd81574f2,2026-06,4,18,1,9
355d2a47-fd46-46e3-afcb-766838f751cd,8a6cb659-c889-4932-ba72-818cd81574f2,2026-05,3,19,5,9
e6c4af58-102a-44c9-a528-4ca9045c0ebb,8a6cb659-c889-4932-ba72-818cd81574f2,2026-04,5,17,1,5
78c2d214-9123-4621-9273-a78ae2beba6e,8a6cb659-c889-4932-ba72-818cd81574f2,2026-03,3,19,0,1
14fd458f-1849-4851-89c5-f7ad2fa1666b,8a6cb659-c889-4932-ba72-818cd81574f2,2026-02,2,20,2,6
e3310ffd-acda-4885-97f6-78d0fb489bec,9c6389a2-f1aa-472a-a405-217b6094b685,2026-07,3,19,2,7
09a14709-0f21-4dbe-8b0f-eef4c222e8ee,9c6389a2-f1aa-472a-a405-217b6094b685,2026-06,6,16,1,7
6606c769-e47b-4912-b73e-aa06830a8044,9c6389a2-f1aa-472a-a405-217b6094b685,2026-05,5,17,2,2
001b7702-71de-49cc-86d9-b7f58aa63560,9c6389a2-f1aa-472a-a405-217b6094b685,2026-04,5,17,1,10
714a46d2-605e-4672-a750-7b6993cfbbca,9c6389a2-f1aa-472a-a405-217b6094b685,2026-03,6,16,2,7
fc11942a-86e2-47d7-9f1d-af9d7767f706,9c6389a2-f1aa-472a-a405-217b6094b685,2026-02,4,18,4,0
4f5826d4-2a00-4988-b724-9a0cb3b42d74,7359f127-082a-47a1-afd6-d98dac6f8531,2026-07,1,21,8,1
b120a8e4-6316-465c-97cc-0f2cb06e5be9,7359f127-082a-47a1-afd6-d98dac6f8531,2026-06,1,21,8,4
c4a72d96-15d0-4301-9add-46d70ab0e959,7359f127-082a-47a1-afd6-d98dac6f8531,2026-05,0,22,9,0
51ca7ddd-93ed-42ba-87e2-67bd1eb61a7c,7359f127-082a-47a1-afd6-d98dac6f8531,2026-04,0,22,13,6
7adb8e40-9380-477e-80ff-0da928beae7e,7359f127-082a-47a1-afd6-d98dac6f8531,2026-03,1,21,9,5
0c23b66b-abbb-4407-a1f0-2c24c8d0c160,7359f127-082a-47a1-afd6-d98dac6f8531,2026-02,1,21,7,6
4113bbde-3d7b-43f8-8ba3-fa900bd5763d,74376a27-d9d0-49bf-9c83-bc4ab403c567,2026-07,2,20,0,1
5044c10e-eed4-464a-9f7d-31d039c2edf1,74376a27-d9d0-49bf-9c83-bc4ab403c567,2026-06,5,17,1,8
14a5c366-7bc1-46b7-a3f8-1c7689a9b219,74376a27-d9d0-49bf-9c83-bc4ab403c567,2026-05,2,20,3,4
6881642b-dd8e-45f2-93a9-a521f047c96f,74376a27-d9d0-49bf-9c83-bc4ab403c567,2026-04,4,18,3,9
9ab30b80-82be-49dd-b0ba-6599f45920b0,74376a27-d9d0-49bf-9c83-bc4ab403c567,2026-03,6,16,5,6
8caa24bd-7c49-4978-92d8-c9d82e2fa31b,74376a27-d9d0-49bf-9c83-bc4ab403c567,2026-02,2,20,1,5
9338528c-a8a6-47e9-9f7e-44ff6d0b58ec,fc790a5e-5361-4772-af8b-ee1d742b0fe6,2026-07,6,16,4,9
ac5f3516-5e9e-449d-bf12-df5a30c991bf,fc790a5e-5361-4772-af8b-ee1d742b0fe6,2026-06,4,18,2,9
d2205752-499f-468f-9600-61bfc16d33cf,fc790a5e-5361-4772-af8b-ee1d742b0fe6,2026-05,3,19,1,6
73f4947f-a10a-491d-92fa-52df23f520f4,fc790a5e-5361-4772-af8b-ee1d742b0fe6,2026-04,4,18,4,0
2e923ef4-2fb5-4e62-a5a1-dcb38c303dac,fc790a5e-5361-4772-af8b-ee1d742b0fe6,2026-03,4,18,4,3
9a43d744-d1ac-4abb-9d3d-358b25185572,fc790a5e-5361-4772-af8b-ee1d742b0fe6,2026-02,6,16,1,0
06281ea8-2b36-4a2e-9775-90a5bc2aaa7e,00c00a8f-b622-4a76-9e00-ce938c614b1d,2026-07,0,22,6,3
05ac54e1-e942-4efc-9a88-40003c7ddc31,00c00a8f-b622-4a76-9e00-ce938c614b1d,2026-06,1,21,12,4
d2d0ab07-58be-44d4-86ff-8c5054331988,00c00a8f-b622-4a76-9e00-ce938c614b1d,2026-05,0,22,14,5
a6e1fbf2-a89c-445a-b7b7-62a02096af1c,00c00a8f-b622-4a76-9e00-ce938c614b1d,2026-04,1,21,5,9
90a2a616-8def-4cfc-acce-091e89b344c7,00c00a8f-b622-4a76-9e00-ce938c614b1d,2026-03,0,22,9,7
ea2beb81-f0d2-46f4-9ef4-e500afd6f2a6,00c00a8f-b622-4a76-9e00-ce938c614b1d,2026-02,1,21,6,3
7150f083-f53d-46db-a3d2-810c1d9e721f,4433f642-09a1-4035-a78c-a2ccd919d61e,2026-07,6,16,5,4
1c3215a4-f30f-4b69-8653-1c6cb27d4a08,4433f642-09a1-4035-a78c-a2ccd919d61e,2026-06,6,16,5,10
761ac705-1a4f-484d-9314-8d0969490b22,4433f642-09a1-4035-a78c-a2ccd919d61e,2026-05,4,18,2,4
d77f758f-2c7d-4380-8d15-4817c650e332,4433f642-09a1-4035-a78c-a2ccd919d61e,2026-04,2,20,2,2
39521c8a-77e2-46f7-ae96-3b541e7032ba,4433f642-09a1-4035-a78c-a2ccd919d61e,2026-03,4,18,3,8
e9bc939b-2aaa-4bdd-b4a4-ce50796fbb52,4433f642-09a1-4035-a78c-a2ccd919d61e,2026-02,5,17,3,8
55196370-2b3d-47d5-b24c-b9f8ec5d36f8,b047d3dc-6bf9-498c-b69c-1cf1896bd490,2026-07,5,17,4,9
9a12e6f1-138e-46d9-93ad-7e7d4a6625be,b047d3dc-6bf9-498c-b69c-1cf1896bd490,2026-06,4,18,3,10
8d680fd4-c6a1-4385-9051-afb268c37f2d,b047d3dc-6bf9-498c-b69c-1cf1896bd490,2026-05,3,19,5,10
f717b508-3568-45ee-9580-e020fd778444,b047d3dc-6bf9-498c-b69c-1cf1896bd490,2026-04,3,19,3,9
8ea29209-2da5-40e0-9234-3a014ac658eb,b047d3dc-6bf9-498c-b69c-1cf1896bd490,2026-03,6,16,0,0
fe967627-680e-4108-94a5-bcdf54c7fbbe,b047d3dc-6bf9-498c-b69c-1cf1896bd490,2026-02,3,19,1,4
c126a1e8-7134-4ac0-9361-fb98091973bd,dc9895f6-cdf4-4d24-b2ae-243f43b91385,2026-07,0,22,9,7
6217270e-ab0e-41ce-a44a-e92354bd3e84,dc9895f6-cdf4-4d24-b2ae-243f43b91385,2026-06,1,21,11,2
d1b9e62b-33f4-4abe-96c4-ddd1839e1721,dc9895f6-cdf4-4d24-b2ae-243f43b91385,2026-05,1,21,5,5
2156b4ea-54a1-4397-a4cf-47acd048b4a8,dc9895f6-cdf4-4d24-b2ae-243f43b91385,2026-04,0,22,5,6
c796182a-fb19-49a4-9d5f-03c16b978f16,dc9895f6-cdf4-4d24-b2ae-243f43b91385,2026-03,0,22,12,5
837afb79-6bcc-4b45-afd7-efb11f82e8f5,dc9895f6-cdf4-4d24-b2ae-243f43b91385,2026-02,1,21,13,6
c45e47b2-c391-4415-afac-b575c9e276ed,ed93b858-9ed1-469e-bd16-df78e690e7f2,2026-07,1,21,7,6
5ea78b00-816e-4675-8a2b-d36155dc916f,ed93b858-9ed1-469e-bd16-df78e690e7f2,2026-06,1,21,9,0
46c8ec01-de51-4a52-ad6a-0a21df4f3f2f,ed93b858-9ed1-469e-bd16-df78e690e7f2,2026-05,1,21,13,3
06f8f2ca-9225-4342-9762-e919882a01c3,ed93b858-9ed1-469e-bd16-df78e690e7f2,2026-04,0,22,5,1
c685e496-b954-4024-969a-07c50bb5ed18,ed93b858-9ed1-469e-bd16-df78e690e7f2,2026-03,1,21,6,0
f567201a-0cf8-446a-944d-f11d9817eaf2,ed93b858-9ed1-469e-bd16-df78e690e7f2,2026-02,1,21,7,9
56aecd47-6ca5-47dd-90a0-0de23954ab56,81cceb49-66a1-46ba-8b01-e8605c24a206,2026-07,1,21,10,3
139516f9-d885-43ba-97eb-713720b11544,81cceb49-66a1-46ba-8b01-e8605c24a206,2026-06,2,20,10,6
0c51dda8-9d55-4d16-a1c4-a9f39d842d83,81cceb49-66a1-46ba-8b01-e8605c24a206,2026-05,1,21,6,3
7889b048-ce31-4a8a-82ea-7e7bc0e5fc3f,81cceb49-66a1-46ba-8b01-e8605c24a206,2026-04,1,21,7,6
c6245b9a-96e3-457a-a847-2307c3eda8df,81cceb49-66a1-46ba-8b01-e8605c24a206,2026-03,2,20,6,3
95546cf4-8ef0-48fa-9c2f-00bc07ba4bc1,81cceb49-66a1-46ba-8b01-e8605c24a206,2026-02,3,19,0,9
ca8f57aa-dedf-4943-99ce-726063dc81e4,2e30c9a4-5232-45c6-bd48-e95d079c2f48,2026-07,0,22,15,0
b38613ad-3288-482e-83a8-aef50c27eb6e,2e30c9a4-5232-45c6-bd48-e95d079c2f48,2026-06,0,22,6,2
a14ce782-98a9-4f3c-92f4-85fb9ce2d1b2,2e30c9a4-5232-45c6-bd48-e95d079c2f48,2026-05,0,22,15,8
900ca341-8d14-45c6-8c2c-8caaedbd838f,2e30c9a4-5232-45c6-bd48-e95d079c2f48,2026-04,0,22,13,10
c3d77d6e-2b04-4c5a-956a-8bcc37db2db2,2e30c9a4-5232-45c6-bd48-e95d079c2f48,2026-03,0,22,10,6
73ffe988-4ba0-41a0-8446-d4d552d2988f,2e30c9a4-5232-45c6-bd48-e95d079c2f48,2026-02,1,21,12,0
034624f3-0304-48c7-8d95-15b44e1c46aa,6f2df1ae-9656-40c3-a15c-8dfce6aad49d,2026-07,5,17,4,4
f3536c59-fdef-4a4f-8065-a63c43ea32e2,6f2df1ae-9656-40c3-a15c-8dfce6aad49d,2026-06,4,18,4,4
8096187b-1448-4a44-98fe-6013b6366e2d,6f2df1ae-9656-40c3-a15c-8dfce6aad49d,2026-05,3,19,2,3
5779165e-8540-4013-acd2-cdd9929b1a56,6f2df1ae-9656-40c3-a15c-8dfce6aad49d,2026-04,5,17,2,10
1244de6a-c8d1-4165-8ccc-13a9e866ed64,6f2df1ae-9656-40c3-a15c-8dfce6aad49d,2026-03,4,18,3,7
28cf12e9-7a2d-4181-a75c-91e73261fdcf,6f2df1ae-9656-40c3-a15c-8dfce6aad49d,2026-02,5,17,4,3
c8b797c2-1216-4ab4-abc1-42e28282261a,c84bb11c-b275-448f-9887-a3f3b3f991a8,2026-07,0,22,6,1
e31b18cf-3c7c-4f01-acb0-71a575b1367c,c84bb11c-b275-448f-9887-a3f3b3f991a8,2026-06,1,21,12,7
6d224ceb-f7a9-432e-b72e-2622aaf23220,c84bb11c-b275-448f-9887-a3f3b3f991a8,2026-05,1,21,10,3
a6ac290e-e2ed-474b-9a06-d45fa16cfede,c84bb11c-b275-448f-9887-a3f3b3f991a8,2026-04,0,22,8,4
7231576d-8460-48a4-9d68-4fdb523656b0,c84bb11c-b275-448f-9887-a3f3b3f991a8,2026-03,1,21,15,10
0473bec2-e8e3-4f5d-9ecb-34c36e262626,c84bb11c-b275-448f-9887-a3f3b3f991a8,2026-02,1,21,7,10
4f7b4d02-8940-473f-9617-0fcac27ddb64,0446c1e5-ad03-41bd-ab1f-dfd883f524dc,2026-07,1,21,2,0
612a9c4a-6600-4e97-8542-7dcc93b2261c,2c96d918-aa1b-41cb-b9aa-f807ad8d789e,2026-07,1,21,6,6
4bb5bf2a-abe0-41e8-9e3e-5fbd94d47083,2c96d918-aa1b-41cb-b9aa-f807ad8d789e,2026-06,1,21,9,3
a91cc31d-4033-4b5e-9835-c291612121d2,2c96d918-aa1b-41cb-b9aa-f807ad8d789e,2026-05,0,22,8,10
e1f33203-2b93-45b2-9d72-aedea032958a,2c96d918-aa1b-41cb-b9aa-f807ad8d789e,2026-04,0,22,11,1
8a72264e-4945-4439-83be-dd786b558249,2c96d918-aa1b-41cb-b9aa-f807ad8d789e,2026-03,0,22,14,6
e5b7e696-98ad-4221-a6c5-afe82f99ee3a,2c96d918-aa1b-41cb-b9aa-f807ad8d789e,2026-02,1,21,15,3
7a5e212b-bc24-4c48-a050-923a64296c3d,456c7c4e-8d4d-4bfc-bc77-8e985bd62a93,2026-07,1,21,12,7
561bd85e-eecf-42ba-80b2-80095619a3a0,456c7c4e-8d4d-4bfc-bc77-8e985bd62a93,2026-06,0,22,5,0
def277e8-6f78-4826-86c5-b717f76dc58f,456c7c4e-8d4d-4bfc-bc77-8e985bd62a93,2026-05,1,21,5,4
c954beb8-f6d9-438f-826f-98082b748e34,456c7c4e-8d4d-4bfc-bc77-8e985bd62a93,2026-04,1,21,6,9
bf216160-c963-4a46-847d-2995e0a8db08,456c7c4e-8d4d-4bfc-bc77-8e985bd62a93,2026-03,1,21,13,4
71ec0e10-582a-49f1-b7b4-7fc1740a3d8f,456c7c4e-8d4d-4bfc-bc77-8e985bd62a93,2026-02,0,22,9,4
3507bd98-15bb-4820-881c-fbfa7cbd43c6,5aa6d796-b898-4b8b-8db4-92f492653467,2026-07,1,21,8,0
68cd3672-4303-41da-ab79-d84872b36a8c,5aa6d796-b898-4b8b-8db4-92f492653467,2026-06,0,22,5,9
71a5e532-fc4c-4f89-af39-425513103c98,5aa6d796-b898-4b8b-8db4-92f492653467,2026-05,1,21,13,0
0202205f-67c0-4313-87c3-af08464aabcd,5aa6d796-b898-4b8b-8db4-92f492653467,2026-04,1,21,9,2
6cc22ce9-aab6-42df-bc54-8c1d1bb36a94,5aa6d796-b898-4b8b-8db4-92f492653467,2026-03,0,22,11,6
2cd0b8ce-8d0b-41e5-8439-71280b251903,5aa6d796-b898-4b8b-8db4-92f492653467,2026-02,0,22,6,10
5f5a78d1-a0ea-4d7a-89e6-f061c5122052,1731a96b-9624-4e2e-8cc8-8305124009a7,2026-07,0,22,7,5
c5e730ef-7d91-431b-8a69-124a2e919ec2,1731a96b-9624-4e2e-8cc8-8305124009a7,2026-06,0,22,5,3
fc9339a3-0acf-4340-9ed1-ea859fcbcae2,1731a96b-9624-4e2e-8cc8-8305124009a7,2026-05,0,22,13,2
5d3a81dc-1cee-4436-b0e0-9905e7911152,1731a96b-9624-4e2e-8cc8-8305124009a7,2026-04,1,21,9,4
93f5d70c-40de-4721-99c8-7186917c61db,1731a96b-9624-4e2e-8cc8-8305124009a7,2026-03,1,21,12,5
586d4941-7cad-455f-8a14-3f64a39a1383,1731a96b-9624-4e2e-8cc8-8305124009a7,2026-02,0,22,10,2
17feba90-1249-4d94-bc7b-a4bc33d740d5,6ea1b322-4bd9-4975-9d03-eb422e4af83b,2026-07,0,22,7,5
fc0992b3-0cce-4926-bda0-bedde17ddfe4,6ea1b322-4bd9-4975-9d03-eb422e4af83b,2026-06,0,22,8,2
63caef5b-918a-453a-8654-e41718109735,6ea1b322-4bd9-4975-9d03-eb422e4af83b,2026-05,1,21,13,0
66c529f5-87f9-491d-b28a-e31edb68658c,6ea1b322-4bd9-4975-9d03-eb422e4af83b,2026-04,0,22,6,6
a7a3b533-f7a3-4f1c-a3eb-dd61133e2360,6ea1b322-4bd9-4975-9d03-eb422e4af83b,2026-03,1,21,8,0
3bc698d2-0601-4823-9970-b18743e3624f,6ea1b322-4bd9-4975-9d03-eb422e4af83b,2026-02,1,21,14,0
b7c845ba-9af3-4556-a66d-eaa9883a57bb,da753927-de44-4e0d-9307-126a419b2d50,2026-07,2,20,5,4
3b61384b-b495-4686-93f5-e0bec79c27c2,da753927-de44-4e0d-9307-126a419b2d50,2026-06,2,20,7,1
054eff61-473f-4d70-98b6-0e76aa93398a,da753927-de44-4e0d-9307-126a419b2d50,2026-05,1,21,10,1
f5bd0b7d-5b84-43e6-881b-ceb9113a2bb0,da753927-de44-4e0d-9307-126a419b2d50,2026-04,1,21,0,6
fd547b58-f279-44cf-ba91-5d0f4f1bf980,da753927-de44-4e0d-9307-126a419b2d50,2026-03,3,19,4,10
1877147c-ca0f-4af1-b722-bc2705feef44,da753927-de44-4e0d-9307-126a419b2d50,2026-02,3,19,5,6
f0adf8e0-9c24-400d-841a-4f8d53732fda,5ddbdf87-d237-4781-919f-4f16173784ea,2026-07,0,22,13,9
4b9cd89c-a496-4d0e-b497-9fc22a849485,5ddbdf87-d237-4781-919f-4f16173784ea,2026-06,1,21,13,6
e6d94ff2-6c3d-40b8-bbb9-7760623c1948,5ddbdf87-d237-4781-919f-4f16173784ea,2026-05,1,21,12,4
6e923984-db99-4247-a54e-cf44f69e0ab6,5ddbdf87-d237-4781-919f-4f16173784ea,2026-04,0,22,13,9
3ec11d4b-7034-417e-b073-8d93b4153251,5ddbdf87-d237-4781-919f-4f16173784ea,2026-03,0,22,15,7
c8bb2021-6f91-40ab-a8ec-b19daabbfb78,5ddbdf87-d237-4781-919f-4f16173784ea,2026-02,0,22,13,4
2975ee61-3296-4612-b3b8-1d317a895564,df8c0789-d679-4bbc-ad61-e54c0aa8945d,2026-07,3,19,6,2
a189ab1a-2916-4e9b-bd2a-a25a8c63ac9b,df8c0789-d679-4bbc-ad61-e54c0aa8945d,2026-06,3,19,3,7
ef2dc73c-8e8b-4bf4-9c82-bc9ef7763212,df8c0789-d679-4bbc-ad61-e54c0aa8945d,2026-05,3,19,1,6
1a2f9198-5950-422c-94e3-f04ac04dfaa0,df8c0789-d679-4bbc-ad61-e54c0aa8945d,2026-04,1,21,8,8
2651d926-8a9a-4ca7-912b-3fc4a63dae53,df8c0789-d679-4bbc-ad61-e54c0aa8945d,2026-03,2,20,3,3
42fcc516-5c90-4282-b70c-988a28539e96,df8c0789-d679-4bbc-ad61-e54c0aa8945d,2026-02,2,20,9,3
2cc25950-bd50-4621-b1fe-1ec508aa7054,ac0ead81-053b-44b1-9fa9-2f1726c8d34b,2026-07,0,22,15,7
4ad96c8a-ee41-4cb0-b3a4-fbe6d92a8dc4,ac0ead81-053b-44b1-9fa9-2f1726c8d34b,2026-06,0,22,5,5
4b752efc-0994-44bb-9869-cb2ea3adae17,ac0ead81-053b-44b1-9fa9-2f1726c8d34b,2026-05,0,22,7,9
f6043de7-269e-462a-bc1e-bbea795e38be,ac0ead81-053b-44b1-9fa9-2f1726c8d34b,2026-04,0,22,10,0
9059c859-426e-451d-9f3b-0b4604b0ae48,ac0ead81-053b-44b1-9fa9-2f1726c8d34b,2026-03,0,22,7,6
1144b84b-4139-4e9f-880d-a015a1a1efde,ac0ead81-053b-44b1-9fa9-2f1726c8d34b,2026-02,0,22,13,5
41504212-f341-40bd-bc33-210db5abfccc,0f71c1a2-349f-48fd-87c9-2cc62e891684,2026-07,0,22,13,4
aa6e24e7-763d-42ab-9bb3-d11f2a86ca81,0f71c1a2-349f-48fd-87c9-2cc62e891684,2026-06,1,21,11,6
71e580b8-4d59-4b60-a22c-73ddfbd58a4a,96c48ecd-be97-49b3-932c-91f6a499e210,2026-07,1,21,15,7
3943a4bc-55ee-476b-a279-11fd43eb681d,96c48ecd-be97-49b3-932c-91f6a499e210,2026-06,0,22,8,9
62807133-dc20-42dc-9cd5-751208b97464,96c48ecd-be97-49b3-932c-91f6a499e210,2026-05,1,21,5,10
3de17e76-233c-48cf-be95-e4dda333af9d,96c48ecd-be97-49b3-932c-91f6a499e210,2026-04,1,21,11,7
179bb6df-861e-43d5-8503-9f1b7ab1cbe8,96c48ecd-be97-49b3-932c-91f6a499e210,2026-03,0,22,6,9
2c2d8680-6040-470e-b4c4-b6ae5c48b82b,96c48ecd-be97-49b3-932c-91f6a499e210,2026-02,0,22,8,8
da2a45d5-574a-4d59-9f33-a2db05239fc3,44648b05-d262-4b91-8ffb-696fb5481313,2026-07,1,21,8,9
5ed0fb1a-8547-4b68-8776-1b5054ccf8a3,44648b05-d262-4b91-8ffb-696fb5481313,2026-06,1,21,11,5
5062592f-b276-470f-aeb0-ccb1367be0dc,44648b05-d262-4b91-8ffb-696fb5481313,2026-05,1,21,8,4
ea4f63cf-6509-40ba-b9b9-b126ee5c8b5a,44648b05-d262-4b91-8ffb-696fb5481313,2026-04,0,22,14,6
f97538a6-7c18-4e5c-ae42-a956e2cb8bc4,44648b05-d262-4b91-8ffb-696fb5481313,2026-03,0,22,14,6
96f783bb-f759-46b3-82cd-a58fac69fe4f,44648b05-d262-4b91-8ffb-696fb5481313,2026-02,0,22,6,0
f1a3ca09-7e22-45c8-ac4a-11bc045a2ab7,e06610e2-d22f-4215-9c34-b28aa310fdff,2026-07,1,21,7,6
10fc13cd-d121-4ab2-a882-45f47eae5ca5,e06610e2-d22f-4215-9c34-b28aa310fdff,2026-06,1,21,7,5
9e41cc36-4f8e-478f-94b6-596b4edf2d9f,e06610e2-d22f-4215-9c34-b28aa310fdff,2026-05,0,22,6,9
e451ce4b-1fbe-4bbb-8a7b-49a26289dfa1,e06610e2-d22f-4215-9c34-b28aa310fdff,2026-04,1,21,13,2
8f593c81-5057-42a0-b2dc-0c88b44dcc9e,e06610e2-d22f-4215-9c34-b28aa310fdff,2026-03,0,22,12,10
53c01acb-35b0-480c-8bb3-8e39eae261b1,e06610e2-d22f-4215-9c34-b28aa310fdff,2026-02,1,21,7,10
a1e76a9c-c62b-4bc7-92c2-a1b4fd659b45,33cc38fb-8b13-4389-82c8-e22e8e93085d,2026-07,2,20,8,2
aa606dae-90f3-4b4b-875d-7388a978c00a,33cc38fb-8b13-4389-82c8-e22e8e93085d,2026-06,1,21,7,1
0ed0701a-137d-4bab-8b5e-a482d496674d,33cc38fb-8b13-4389-82c8-e22e8e93085d,2026-05,1,21,7,5
ee694a57-cd45-4ea0-8031-2077640dde12,33cc38fb-8b13-4389-82c8-e22e8e93085d,2026-04,3,19,2,8
6fcb859d-1e32-4c60-8ee6-d6736cf14a06,33cc38fb-8b13-4389-82c8-e22e8e93085d,2026-03,3,19,9,10
151c42a5-52be-447a-9273-c81103635742,33cc38fb-8b13-4389-82c8-e22e8e93085d,2026-02,3,19,7,4
d1cb6925-15f6-4539-9f15-a625dbed44da,4fa58af1-b9a9-4357-b44e-39101f2b7306,2026-07,2,20,6,1
a0b3f7c2-c740-416e-b359-f56139c3ea85,4fa58af1-b9a9-4357-b44e-39101f2b7306,2026-06,2,20,5,6
6193137a-7c89-409a-bb98-c4f45166ec65,4fa58af1-b9a9-4357-b44e-39101f2b7306,2026-05,2,20,0,10
4e384a71-d299-45ee-9036-b240a1d87f74,4fa58af1-b9a9-4357-b44e-39101f2b7306,2026-04,3,19,10,10
4fdbef17-d093-49b8-8295-90d4c1bab046,4fa58af1-b9a9-4357-b44e-39101f2b7306,2026-03,3,19,1,1
746e06b1-8dbf-41d0-bec6-d9570005d175,4fa58af1-b9a9-4357-b44e-39101f2b7306,2026-02,1,21,9,10
98709894-618f-43ad-b071-d9e5eeeed9bb,85130bdf-9b69-4030-bc14-b7ccf9677cd8,2026-07,0,22,14,0
488df088-7d4a-41d8-a494-4396ec1c79f1,85130bdf-9b69-4030-bc14-b7ccf9677cd8,2026-06,1,21,15,0
a5f8fc58-9103-4ad7-8741-f25fdff88706,85130bdf-9b69-4030-bc14-b7ccf9677cd8,2026-05,0,22,7,3
c9408801-7f6d-4ce8-93b0-486a9da45893,85130bdf-9b69-4030-bc14-b7ccf9677cd8,2026-04,0,22,6,2
fdc9017d-0c86-47af-8234-715ecf6df198,85130bdf-9b69-4030-bc14-b7ccf9677cd8,2026-03,1,21,14,10
62512a6f-ff27-4959-a2e4-33e20995b540,85130bdf-9b69-4030-bc14-b7ccf9677cd8,2026-02,1,21,10,1
f052a832-e155-4664-a703-927753ff44eb,b1ba7560-9137-4c27-b0a7-8b9ce2c2eaf9,2026-07,3,19,10,4
f6b6823b-92e0-4371-8ccb-1a0974234024,b1ba7560-9137-4c27-b0a7-8b9ce2c2eaf9,2026-06,1,21,7,3
0d6bca5b-1943-4d4c-a18b-94e272a1a796,b1ba7560-9137-4c27-b0a7-8b9ce2c2eaf9,2026-05,3,19,4,4
bcd9485c-5a0d-452c-b9da-5662cd0a3ff5,b1ba7560-9137-4c27-b0a7-8b9ce2c2eaf9,2026-04,3,19,9,10
e79bbb2e-91f0-476d-a05f-19407a22bd37,b1ba7560-9137-4c27-b0a7-8b9ce2c2eaf9,2026-03,3,19,8,1
f8e39ee5-2891-43bd-9717-3fa646f69147,b1ba7560-9137-4c27-b0a7-8b9ce2c2eaf9,2026-02,2,20,7,9
07d7b73b-d324-447f-9df7-77335bb5e587,3818fbea-1c9f-471b-bfd1-b86a11590cfa,2026-07,5,17,5,9
1cbcb76b-0f06-42f5-9256-11f5ea6286a4,3818fbea-1c9f-471b-bfd1-b86a11590cfa,2026-06,4,18,4,2
0b573926-5d57-441c-b741-597bf5109e2f,3818fbea-1c9f-471b-bfd1-b86a11590cfa,2026-05,5,17,4,4
4d188cbb-6671-4136-9293-440480e0adad,3818fbea-1c9f-471b-bfd1-b86a11590cfa,2026-04,2,20,3,2
ff379e42-5dc3-4575-ae2d-c3dee0bddf57,3818fbea-1c9f-471b-bfd1-b86a11590cfa,2026-03,5,17,3,3
fc5d718f-f421-41c8-b22b-39a9b6e6a6c0,3818fbea-1c9f-471b-bfd1-b86a11590cfa,2026-02,2,20,3,8
16afb9a0-5c0b-4b47-a9c6-ec38b2c0cf6d,db238baf-fa14-4c2d-95a8-395c609c2294,2026-07,3,19,2,9
3d59195b-5e91-4fcd-8d53-c8950e856d6b,db238baf-fa14-4c2d-95a8-395c609c2294,2026-06,3,19,9,10
a54f2090-2616-4511-af65-531496faeab7,db238baf-fa14-4c2d-95a8-395c609c2294,2026-05,3,19,3,2
1cf9224c-2561-4263-ac3b-ac8f669496ec,db238baf-fa14-4c2d-95a8-395c609c2294,2026-04,1,21,6,4
91f3c8b3-5089-449e-9f33-ab83b29e141f,db238baf-fa14-4c2d-95a8-395c609c2294,2026-03,1,21,8,5
f3fd0b66-8914-4471-b59c-7d0e1bffd62f,db238baf-fa14-4c2d-95a8-395c609c2294,2026-02,2,20,2,3
321abbbd-de3d-4e3a-886b-c8a14747ae71,3d584bcc-df1a-498e-b5c3-3a353cc6ad8d,2026-07,1,21,11,1
ae164c3f-da20-4718-8df4-6bdb3b2a4c41,3d584bcc-df1a-498e-b5c3-3a353cc6ad8d,2026-06,0,22,11,6
0b37d73b-4392-431e-8b80-c7b113ac9da7,3d584bcc-df1a-498e-b5c3-3a353cc6ad8d,2026-05,1,21,13,5
05912855-e4a5-4b75-a693-f5643d20d788,3d584bcc-df1a-498e-b5c3-3a353cc6ad8d,2026-04,0,22,13,6
78f3180e-8cd2-4cb7-bc09-1428561faa0a,3d584bcc-df1a-498e-b5c3-3a353cc6ad8d,2026-03,0,22,12,2
02e24244-5f91-4148-a2b4-f302638d8ec3,3d584bcc-df1a-498e-b5c3-3a353cc6ad8d,2026-02,0,22,7,6
e483cd08-67bd-4d96-8a0f-91ebd80d3a07,8e425a5e-469f-4a68-b63b-007238d79179,2026-07,1,21,9,8
7b1e6f49-e8d5-4750-873a-41b9e5f4f4ae,8e425a5e-469f-4a68-b63b-007238d79179,2026-06,0,22,12,10
ae10451d-9896-4983-abe2-2037628eba55,8e425a5e-469f-4a68-b63b-007238d79179,2026-05,0,22,11,0
d6789b85-be7b-4043-80a5-e92ede1cae92,8e425a5e-469f-4a68-b63b-007238d79179,2026-04,0,22,8,10
0f94348e-310e-466c-89b5-67bf4a1278ab,8e425a5e-469f-4a68-b63b-007238d79179,2026-03,0,22,11,2
a65e0cbe-b9b0-452b-b8f0-3bc8fdb58bbb,8e425a5e-469f-4a68-b63b-007238d79179,2026-02,0,22,11,5
cadce228-ba45-4fa3-926f-6a60bcc473f9,fe370fa3-8228-487f-a9a4-11df92fc4e20,2026-07,0,22,15,1
eb3ed811-cbf6-468b-9a75-7374c0756cc8,fe370fa3-8228-487f-a9a4-11df92fc4e20,2026-06,1,21,8,1
a280de62-2309-4c0d-8c12-7a426e56a38f,fe370fa3-8228-487f-a9a4-11df92fc4e20,2026-05,1,21,6,9
45898bbd-957a-48c1-aeaa-ae3d82787966,fe370fa3-8228-487f-a9a4-11df92fc4e20,2026-04,0,22,8,7
540d6e4b-3c1b-4391-b955-76e987f5587e,fe370fa3-8228-487f-a9a4-11df92fc4e20,2026-03,0,22,9,8
79d5bdb5-1528-4f78-9748-708d22d6ab76,fe370fa3-8228-487f-a9a4-11df92fc4e20,2026-02,1,21,10,10
c6ee2c4d-75e9-4483-84d8-3c4d39070add,d2c880e6-fcf1-471f-ad62-75af8df0e4eb,2026-07,0,22,12,9
6ffe5e0c-b4af-4f63-a819-49c9777d046e,d2c880e6-fcf1-471f-ad62-75af8df0e4eb,2026-06,1,21,5,2
cc2bdebf-06cc-4c08-84a1-2a81023d42bd,d2c880e6-fcf1-471f-ad62-75af8df0e4eb,2026-05,1,21,12,0
fab814e9-9f3a-4977-a82c-1e9180270784,d2c880e6-fcf1-471f-ad62-75af8df0e4eb,2026-04,0,22,15,3
f9e1ad65-cb83-4ab8-a6b7-0ea0a60a8fa6,d2c880e6-fcf1-471f-ad62-75af8df0e4eb,2026-03,0,22,5,3
ad3bf32a-9925-4da1-80bd-4b78ebd6f809,d2c880e6-fcf1-471f-ad62-75af8df0e4eb,2026-02,1,21,13,4
2b40fafc-f392-4476-9e44-4b9bca0edc28,4962b7de-5e65-4062-9d99-07577066ed37,2026-07,2,20,0,2
da42dddc-0bb2-4c63-a369-7d30f3823155,4962b7de-5e65-4062-9d99-07577066ed37,2026-06,3,19,8,1
918844ac-8e1d-4841-a35c-26a07ee914f5,4962b7de-5e65-4062-9d99-07577066ed37,2026-05,1,21,4,6
288ceb62-3bd7-4841-b526-fd8e3decb3bc,4962b7de-5e65-4062-9d99-07577066ed37,2026-04,1,21,3,0
d69bd8fb-c9da-489b-ab7d-746e5e7dbdf9,4962b7de-5e65-4062-9d99-07577066ed37,2026-03,3,19,3,10
2fa95cb8-9607-4db0-b092-a9c10e4a957f,4962b7de-5e65-4062-9d99-07577066ed37,2026-02,2,20,6,1
b23d29cd-8164-4067-b4bf-914d5898e54b,b7befe44-6ce5-41ec-83b8-20a70ace89b9,2026-07,0,22,5,2
a0bd6e78-6c28-4e5a-bf92-ac707cf1fe1c,b7befe44-6ce5-41ec-83b8-20a70ace89b9,2026-06,1,21,11,0
fa83b8a6-2a9b-4834-ace6-a834a70564da,b7befe44-6ce5-41ec-83b8-20a70ace89b9,2026-05,1,21,12,10
14761c19-a072-4d23-9111-9eaea95c2ea1,b7befe44-6ce5-41ec-83b8-20a70ace89b9,2026-04,1,21,6,2
5f3a96b8-5901-41ac-bd48-c1e6cc07e6c8,b7befe44-6ce5-41ec-83b8-20a70ace89b9,2026-03,0,22,5,4
e983a7de-de3c-4b7d-8b23-3ac6af534563,b7befe44-6ce5-41ec-83b8-20a70ace89b9,2026-02,0,22,12,7
8ce5a09c-0b0e-4ee2-a6b0-f2d4b6f85073,251cb9ca-580d-4cb2-b515-6260080ab6a5,2026-07,1,21,14,10
8de554be-6539-45d5-a418-ecf353a87a85,251cb9ca-580d-4cb2-b515-6260080ab6a5,2026-06,0,22,14,1
b0d3008b-8d0e-4005-b900-5e8a73a785fd,251cb9ca-580d-4cb2-b515-6260080ab6a5,2026-05,0,22,6,7
a8ab8ca9-ffa1-4471-aad7-ce620a8b712e,251cb9ca-580d-4cb2-b515-6260080ab6a5,2026-04,1,21,15,8
d997a372-6c52-4cd7-9271-2f53a7b1ebc4,251cb9ca-580d-4cb2-b515-6260080ab6a5,2026-03,0,22,7,8
9507bdfc-906b-4606-b6b8-f92a8c16fbec,251cb9ca-580d-4cb2-b515-6260080ab6a5,2026-02,1,21,11,1
774bc960-bdc9-41fe-b474-f17170ed3d2c,d4c22a55-0471-4827-8f15-a62d3856bf3b,2026-07,2,20,8,10
13970e05-9857-4be4-9a4c-e7524531cd77,d4c22a55-0471-4827-8f15-a62d3856bf3b,2026-06,1,21,4,0
8c6daf8b-e66a-46a6-b871-575412c66424,d4c22a55-0471-4827-8f15-a62d3856bf3b,2026-05,1,21,5,0
31aa99de-69eb-45c2-be21-a088b22e1d16,d4c22a55-0471-4827-8f15-a62d3856bf3b,2026-04,3,19,6,2
a7836f91-0e61-4aae-b873-77b3c7f021f7,d4c22a55-0471-4827-8f15-a62d3856bf3b,2026-03,1,21,2,0
11bcc53d-bb45-42ad-b17f-7b407403fc57,d4c22a55-0471-4827-8f15-a62d3856bf3b,2026-02,2,20,8,3
3282b591-58ec-4551-9b8c-f638b3fb1a36,ce18dadc-2b90-4385-9158-f8ab2956b564,2026-07,1,21,9,4
a3fea78a-9b5a-4c94-966c-fba5916cfc0f,ce18dadc-2b90-4385-9158-f8ab2956b564,2026-06,1,21,14,0
fdafe0d9-b963-4c68-afd0-76f7044d5951,ce18dadc-2b90-4385-9158-f8ab2956b564,2026-05,0,22,12,3
a806b67d-d993-4d6e-b386-3d4671e1d160,ce18dadc-2b90-4385-9158-f8ab2956b564,2026-04,0,22,6,9
d7b70894-169d-43a7-b38f-8d207cca3b2e,ce18dadc-2b90-4385-9158-f8ab2956b564,2026-03,1,21,15,3
7d4dab5e-e740-4d6f-8764-9e21d9399be0,ce18dadc-2b90-4385-9158-f8ab2956b564,2026-02,0,22,10,10
885b9d76-f902-4588-883e-6e77116c7944,43bbec93-bb56-4718-b13e-cd241e5cfcb3,2026-07,1,21,8,6
15bed41b-b187-4446-9d82-53e7181915a4,43bbec93-bb56-4718-b13e-cd241e5cfcb3,2026-06,1,21,13,3
b07d5942-207d-4b40-b3ea-78732cd58fa0,43bbec93-bb56-4718-b13e-cd241e5cfcb3,2026-05,1,21,10,1
59d85b80-97bb-493f-a2e6-01ae9bff6d5e,43bbec93-bb56-4718-b13e-cd241e5cfcb3,2026-04,1,21,11,2
e65cccd0-a9dd-4799-a661-f90b443747f3,43bbec93-bb56-4718-b13e-cd241e5cfcb3,2026-03,1,21,6,6
9362b398-5441-461b-b08b-c4f0ccf51563,43bbec93-bb56-4718-b13e-cd241e5cfcb3,2026-02,0,22,8,10
3461f915-bff8-4968-b0e0-4973885f2ef7,e800fa7a-0025-4772-8c5c-60e979f7b02c,2026-07,1,21,15,9
203fb9fe-7d6f-4cae-89aa-71c7150a2495,e800fa7a-0025-4772-8c5c-60e979f7b02c,2026-06,0,22,6,6
dafaacea-72ff-4887-962a-0df3f9cc846b,e800fa7a-0025-4772-8c5c-60e979f7b02c,2026-05,1,21,5,5
b7a13432-d0a2-4d7a-8247-ddca90409897,e800fa7a-0025-4772-8c5c-60e979f7b02c,2026-04,1,21,8,3
a42e3af7-78b2-4530-a900-475ed8363319,e800fa7a-0025-4772-8c5c-60e979f7b02c,2026-03,1,21,15,0
af57a936-c2ad-4bf6-96cf-bc56cef34ec4,e800fa7a-0025-4772-8c5c-60e979f7b02c,2026-02,0,22,12,7
709b6997-28c2-4d6b-908c-dd7307a934f2,81f91d32-85b5-4e9a-bbe0-4edc79c032bc,2026-07,0,22,7,0
40c4edf3-34ef-4339-a79f-f9bceb1875db,81f91d32-85b5-4e9a-bbe0-4edc79c032bc,2026-06,0,22,5,1
2fcbe8cb-6fbb-417b-b549-611139f8f53a,81f91d32-85b5-4e9a-bbe0-4edc79c032bc,2026-05,0,22,8,8
9a40dccc-b297-4791-8300-65e8e65841d2,81f91d32-85b5-4e9a-bbe0-4edc79c032bc,2026-04,1,21,12,4
6170f73f-1f80-483a-9e9f-25f8cfe57f01,81f91d32-85b5-4e9a-bbe0-4edc79c032bc,2026-03,1,21,9,0
a6f576c0-9094-420e-bb9e-c14cea7c187b,81f91d32-85b5-4e9a-bbe0-4edc79c032bc,2026-02,0,22,13,5
4059abeb-aa1a-4c66-9a80-ed9f864f1edf,ce8e066d-bf71-4044-8854-fc0328983d5d,2026-07,1,21,12,6
d072ee3a-fa8c-46de-9347-e1b98b785fc5,ce8e066d-bf71-4044-8854-fc0328983d5d,2026-06,0,22,15,0
60008d6f-f837-497d-a406-058db6b04fb6,ce8e066d-bf71-4044-8854-fc0328983d5d,2026-05,1,21,12,6
8b950b55-ab18-4798-beb9-aa0847175d59,ce8e066d-bf71-4044-8854-fc0328983d5d,2026-04,0,22,7,2
e7363d45-7404-41ed-868d-e709ccd25db9,ce8e066d-bf71-4044-8854-fc0328983d5d,2026-03,0,22,12,1
01807e3f-fe3b-4cbd-937e-c599d41c8d81,ce8e066d-bf71-4044-8854-fc0328983d5d,2026-02,1,21,12,10
113f1668-e1db-448e-a96a-b263e548ca0f,54c2c80f-93cd-4331-ae33-a7b3e0647f9c,2026-07,0,22,8,1
63639a0a-37b3-4865-8aa4-c41087452b46,54c2c80f-93cd-4331-ae33-a7b3e0647f9c,2026-06,1,21,5,10
6b0b28f1-e5b2-4ee4-a889-1bebb89b2bcb,54c2c80f-93cd-4331-ae33-a7b3e0647f9c,2026-05,1,21,6,3
2ba54931-0884-4a83-98d0-a5eba76b469c,54c2c80f-93cd-4331-ae33-a7b3e0647f9c,2026-04,0,22,12,3
48567a98-1496-4b6d-b790-e90a296beb22,54c2c80f-93cd-4331-ae33-a7b3e0647f9c,2026-03,0,22,5,4
9f03d68d-e7d2-40b8-a832-d35888495aa2,54c2c80f-93cd-4331-ae33-a7b3e0647f9c,2026-02,1,21,6,3
453d8b9d-3317-4c2e-9588-bf7738b5e458,f5114312-5644-4042-a24c-2a5b968935c5,2026-07,1,21,12,4
650b672e-15d0-4a0c-a059-f87d83abc802,f5114312-5644-4042-a24c-2a5b968935c5,2026-06,0,22,12,2
ec9e1733-9248-4140-8fd3-a094cbcd13c9,f5114312-5644-4042-a24c-2a5b968935c5,2026-05,1,21,13,5
dfd38694-7db2-499b-8d1d-9aa638289243,f5114312-5644-4042-a24c-2a5b968935c5,2026-04,0,22,8,3
8931f41d-d93f-4e3c-ab88-7a7109d30bda,f5114312-5644-4042-a24c-2a5b968935c5,2026-03,0,22,14,5
19903e94-de14-4f0f-9f47-83e7410fb227,f5114312-5644-4042-a24c-2a5b968935c5,2026-02,1,21,13,0
7d1bc1d4-019f-434c-b4c2-06d80e799391,b6344ac3-2ae1-4a76-a11b-103658e1b0fb,2026-07,1,21,7,10
b019e03a-7d59-436a-bfe3-e5623be2c913,b6344ac3-2ae1-4a76-a11b-103658e1b0fb,2026-06,1,21,14,2
a78105d5-d87f-4efd-9b60-de8f4a14b46b,b6344ac3-2ae1-4a76-a11b-103658e1b0fb,2026-05,1,21,5,6
501aed8c-fe77-418d-b82a-2a1421b11886,b6344ac3-2ae1-4a76-a11b-103658e1b0fb,2026-04,0,22,14,7
85fb994f-56ac-4d8b-80f5-6beabaf8a3c4,b6344ac3-2ae1-4a76-a11b-103658e1b0fb,2026-03,1,21,9,2
3094145c-a29a-4989-b25e-a0efa4609ec8,b6344ac3-2ae1-4a76-a11b-103658e1b0fb,2026-02,1,21,12,4
b8f85b6c-9d32-4110-9bb4-efb8f5118145,f774f46a-e32c-4a13-8218-9ba4f2ee8e78,2026-07,0,22,13,0
cc1cfeca-d592-4dfa-81bd-cfcaeb2ecf1c,f774f46a-e32c-4a13-8218-9ba4f2ee8e78,2026-06,1,21,6,4
feb214ed-9c23-42a7-9838-c0eab505e21b,f774f46a-e32c-4a13-8218-9ba4f2ee8e78,2026-05,1,21,13,7
970638f3-ae5a-4e59-8046-808c13c709b5,f774f46a-e32c-4a13-8218-9ba4f2ee8e78,2026-04,0,22,10,5
914c587f-e24e-48f9-95ad-0f5b0e24075a,f774f46a-e32c-4a13-8218-9ba4f2ee8e78,2026-03,0,22,14,9
3ad3445d-b786-4c71-901b-8755d6bab543,f774f46a-e32c-4a13-8218-9ba4f2ee8e78,2026-02,1,21,15,5
2f3b22f5-9a65-4d99-8e53-6855f9dd85ce,3e9a5a42-aacf-4a7c-88b6-19fe91ed982a,2026-07,1,21,3,0
5dec91cc-eabf-4463-a242-a882ffea1ba8,3e9a5a42-aacf-4a7c-88b6-19fe91ed982a,2026-06,2,20,1,1
53dba10f-4f13-4d39-850e-2a84c73fb4a4,3e9a5a42-aacf-4a7c-88b6-19fe91ed982a,2026-05,1,21,5,9
90eba765-838d-42f6-a335-ad67ff38aacf,3e9a5a42-aacf-4a7c-88b6-19fe91ed982a,2026-04,3,19,7,8
901dd5c9-f6ac-4478-8f2f-18d085024fbe,3e9a5a42-aacf-4a7c-88b6-19fe91ed982a,2026-03,1,21,6,2
84c9ab30-f8a4-4e0c-9bc9-ac55bfc99375,3e9a5a42-aacf-4a7c-88b6-19fe91ed982a,2026-02,1,21,3,4
0c26734e-ced2-49f1-a1a1-f7c9a244fd82,77d4a991-fb0f-4b52-97ee-3e209c3e5724,2026-07,1,21,7,8
328bbc28-cf78-4f00-a829-23dfe6d3bb15,77d4a991-fb0f-4b52-97ee-3e209c3e5724,2026-06,1,21,8,7
07326973-4bd7-4df7-9132-9b5acd9cedd8,77d4a991-fb0f-4b52-97ee-3e209c3e5724,2026-05,1,21,6,0
2b5933f7-8e9d-4c69-b6c0-ce179748599f,77d4a991-fb0f-4b52-97ee-3e209c3e5724,2026-04,1,21,12,5
2a5d012b-b8e3-4cbd-839e-eed27581bbcb,77d4a991-fb0f-4b52-97ee-3e209c3e5724,2026-03,1,21,13,1
5c9eb1b4-56d8-43c3-8179-bf4676b24de0,77d4a991-fb0f-4b52-97ee-3e209c3e5724,2026-02,1,21,12,6
3cf7c483-38a1-4277-ba22-39498c5bd9a7,1daaf593-d813-4d03-9afe-a305aad6986a,2026-07,1,21,10,3
94fe2ad9-4785-4b48-b90b-d6521da4df7a,1daaf593-d813-4d03-9afe-a305aad6986a,2026-06,1,21,14,2
68fe9199-d9db-4036-88e2-f9a63024394a,1daaf593-d813-4d03-9afe-a305aad6986a,2026-05,0,22,13,7
d2733b76-0dc7-4291-8d78-abf3036dd166,1daaf593-d813-4d03-9afe-a305aad6986a,2026-04,0,22,12,9
a7ed6b17-6e73-4094-b68a-356bb81c8414,1daaf593-d813-4d03-9afe-a305aad6986a,2026-03,1,21,8,4
1e20acc9-e0fa-4c41-b3ae-47689c61dd5c,1daaf593-d813-4d03-9afe-a305aad6986a,2026-02,1,21,10,6
b283cf25-7689-470e-bc6d-09bb6bc4e54f,6425c2d4-04ed-4ba9-a69e-86bb62eb8f87,2026-07,0,22,12,3
d2bea2fa-c250-4b13-841f-8024cd00bfd1,6425c2d4-04ed-4ba9-a69e-86bb62eb8f87,2026-06,1,21,11,4
5a1316f2-cc4c-4bbd-9663-08816660c593,b7251c3a-5796-4eff-a231-52b84894580e,2026-07,2,20,5,1
531d5352-216d-4170-8702-c3072d8cb3ef,b7251c3a-5796-4eff-a231-52b84894580e,2026-06,2,20,4,0
ff70a21b-d75b-4b23-b845-adfb83458999,b7251c3a-5796-4eff-a231-52b84894580e,2026-05,2,20,1,2
54593ecc-6cce-4cfc-b5d9-a8a77a0ccbc8,b7251c3a-5796-4eff-a231-52b84894580e,2026-04,2,20,5,5
96b0bb71-7e9b-4214-82ed-e3d70c73edf2,b7251c3a-5796-4eff-a231-52b84894580e,2026-03,2,20,8,1
e99ca217-c671-4b6c-b74c-acea25b445ad,b7251c3a-5796-4eff-a231-52b84894580e,2026-02,1,21,10,10
232cde53-9234-4431-9f70-e6687ff02d5e,f555012d-2d12-4013-b51e-ff95bac02786,2026-07,0,22,10,1
7032061c-1240-4ac6-9f38-1fd03d459c07,f555012d-2d12-4013-b51e-ff95bac02786,2026-06,1,21,7,0
dbd09ee9-825d-4293-a1e6-1a07831f4ec8,f555012d-2d12-4013-b51e-ff95bac02786,2026-05,1,21,14,6
c8ba31f6-490f-4ec6-9fa8-79bf5dbac70f,f555012d-2d12-4013-b51e-ff95bac02786,2026-04,1,21,8,2
087b8a4f-4cc6-4d5e-8fff-a3d22b37ccb3,f555012d-2d12-4013-b51e-ff95bac02786,2026-03,1,21,5,0
27af1676-e121-445a-824f-d8d5385da19c,f555012d-2d12-4013-b51e-ff95bac02786,2026-02,1,21,11,9
f486534e-470c-430e-a971-88a55333b3e9,e2adefb3-9e9b-4fdd-9fd0-84c65137702c,2026-07,1,21,7,3
4a93520e-f926-4c51-a9ad-b5e09ccbd19f,e2adefb3-9e9b-4fdd-9fd0-84c65137702c,2026-06,0,22,8,0
dbffdc78-2919-4bbb-bbd2-bcf8d158c124,e2adefb3-9e9b-4fdd-9fd0-84c65137702c,2026-05,1,21,12,9
16215abc-d06f-475e-b761-75f0b405115b,e2adefb3-9e9b-4fdd-9fd0-84c65137702c,2026-04,0,22,13,8
2583c564-55fe-45f0-b153-4f6894440dd1,e2adefb3-9e9b-4fdd-9fd0-84c65137702c,2026-03,0,22,13,4
0936c16e-8044-43f9-bd53-484084899f05,e2adefb3-9e9b-4fdd-9fd0-84c65137702c,2026-02,0,22,12,2
77db9d1b-32a5-48f4-b0f7-a9e93fade87a,08854e92-a5e5-4e86-a8ad-906cd5829ace,2026-07,3,19,9,6
60cd3f27-df16-4d5b-b066-5aaccc395c2e,08854e92-a5e5-4e86-a8ad-906cd5829ace,2026-06,3,19,1,5
6a9c2c24-a68a-4a4c-ac73-6e2f955d500c,08854e92-a5e5-4e86-a8ad-906cd5829ace,2026-05,3,19,8,8
b2e52187-43aa-478f-be0f-dacd0ec8668f,08854e92-a5e5-4e86-a8ad-906cd5829ace,2026-04,3,19,9,6
0e56ae98-f226-4e12-94fb-f5ec60ff5d1c,08854e92-a5e5-4e86-a8ad-906cd5829ace,2026-03,3,19,7,3
d34fdba9-abda-43bf-b094-0a676db51a8f,08854e92-a5e5-4e86-a8ad-906cd5829ace,2026-02,1,21,2,0
81a9b68c-2371-45ec-94fd-f7586d9dbaa0,a63b557e-647f-43a0-8b53-468086b5f416,2026-07,3,19,3,0
d9569f5e-e8fb-4a25-a289-05fcd9f6b5f2,a63b557e-647f-43a0-8b53-468086b5f416,2026-06,6,16,2,9
e0383dff-bb17-448c-ba6d-a9f7418b9f95,a63b557e-647f-43a0-8b53-468086b5f416,2026-05,2,20,1,1
dc0cb066-4a0a-4042-b9d2-38aba612cf8f,a63b557e-647f-43a0-8b53-468086b5f416,2026-04,3,19,4,9
72bc8dd1-0844-4981-b453-4ad2a5bf9678,a63b557e-647f-43a0-8b53-468086b5f416,2026-03,3,19,2,4
43103266-f64e-4988-bf20-398ad0b90e31,a63b557e-647f-43a0-8b53-468086b5f416,2026-02,6,16,4,10
1d6983fa-5843-4a47-840e-6c111722f601,df0d010f-8474-4b39-830a-148411807236,2026-07,5,17,4,5
d53cb674-77f2-4b45-ac80-fb1ded79c209,df0d010f-8474-4b39-830a-148411807236,2026-06,3,19,3,0
a151de1a-cde4-4241-9179-6d0dd8a19fdb,df0d010f-8474-4b39-830a-148411807236,2026-05,2,20,1,8
8b434abd-308d-4506-88dd-575bf43ff14c,df0d010f-8474-4b39-830a-148411807236,2026-04,6,16,3,5
80332bff-a110-443f-97e4-fbd255ae3a41,df0d010f-8474-4b39-830a-148411807236,2026-03,2,20,0,4
779eebc1-d8ec-499c-9179-296a12adce25,df0d010f-8474-4b39-830a-148411807236,2026-02,6,16,5,5
03da3607-7746-49e4-abac-2fb4d0ce38a4,0c15f430-dc2c-4c76-9e9d-7e25235515b7,2026-07,0,22,6,10
ced74682-9254-453b-88b9-7a59b8420c6b,0c15f430-dc2c-4c76-9e9d-7e25235515b7,2026-06,0,22,6,6
26dd3d2c-05a0-472b-8da5-220cf16a275b,0c15f430-dc2c-4c76-9e9d-7e25235515b7,2026-05,0,22,10,5
52f0a24d-1b23-47b8-8130-c42a8c0e0dce,0c15f430-dc2c-4c76-9e9d-7e25235515b7,2026-04,0,22,10,1
b3219ed3-6b79-4678-a3a5-6760bed4f9dd,0c15f430-dc2c-4c76-9e9d-7e25235515b7,2026-03,1,21,5,6
fb2dd8e0-d53a-4777-a843-dc008d77e883,0c15f430-dc2c-4c76-9e9d-7e25235515b7,2026-02,0,22,10,9
5486a3db-8017-4ff7-aa67-cd716e80e562,c0f5f3f0-f258-4bd1-a81e-807fd5df90a0,2026-07,0,22,6,2
ee48d2af-40f2-4f0e-a1fa-602117a125cc,c0f5f3f0-f258-4bd1-a81e-807fd5df90a0,2026-06,1,21,13,9
35573e9b-9362-486b-9d14-3d7d279d10ea,c0f5f3f0-f258-4bd1-a81e-807fd5df90a0,2026-05,0,22,5,6
d23bd76c-f3b5-451b-bb22-1a3577c99b48,c0f5f3f0-f258-4bd1-a81e-807fd5df90a0,2026-04,0,22,8,3
bdfa2721-7224-4bbc-8153-24517dba5f79,c0f5f3f0-f258-4bd1-a81e-807fd5df90a0,2026-03,0,22,12,3
47cd5f29-f62e-4697-a796-091d0f000941,c0f5f3f0-f258-4bd1-a81e-807fd5df90a0,2026-02,1,21,10,4
a0ac9c11-cbe9-483b-9cd7-6c114e18a992,c829e47f-933e-44f8-9f3d-25264029c26e,2026-07,3,19,4,9
aaa0f63a-3cbd-471a-9124-01a8fc98c647,c829e47f-933e-44f8-9f3d-25264029c26e,2026-06,2,20,4,4
7fe0ffdb-7a79-4728-a963-c9ce20c1967d,c829e47f-933e-44f8-9f3d-25264029c26e,2026-05,5,17,4,4
705881f4-1da7-4221-b968-7e2633cfe049,c829e47f-933e-44f8-9f3d-25264029c26e,2026-04,3,19,2,7
2a78efe9-920b-4720-9954-3c322e554120,c829e47f-933e-44f8-9f3d-25264029c26e,2026-03,5,17,4,3
28404440-59f0-4702-af92-decabe8619b2,c829e47f-933e-44f8-9f3d-25264029c26e,2026-02,6,16,5,7
3cac1a9a-1757-48ea-9c59-5a5bfc0102c1,ae90fc59-0ee6-49fb-807c-0107e1cc29c5,2026-07,1,21,8,0
acf5794c-15c8-4f2f-9ed4-8aad9a11dcf5,ae90fc59-0ee6-49fb-807c-0107e1cc29c5,2026-06,1,21,6,6
31eec94b-40c9-424c-acb6-47e5373c20f3,ae90fc59-0ee6-49fb-807c-0107e1cc29c5,2026-05,0,22,14,1
987db305-937c-4b4d-af09-ef9d79339637,ae90fc59-0ee6-49fb-807c-0107e1cc29c5,2026-04,1,21,15,8
65fd2ad4-2df8-493a-be67-3c3151848157,ae90fc59-0ee6-49fb-807c-0107e1cc29c5,2026-03,0,22,6,8
8a885037-9449-4019-9845-e6f7f39d496d,ae90fc59-0ee6-49fb-807c-0107e1cc29c5,2026-02,1,21,5,7
0040de47-8b21-4465-8c39-c7cdefdd793f,7cd1619c-a98f-4ec5-bcde-3a397412822a,2026-07,2,20,3,0
c2f601be-e5ec-4fd3-a193-3f8e427e8400,7cd1619c-a98f-4ec5-bcde-3a397412822a,2026-06,4,18,1,7
c3ee7f53-f294-4f71-84e9-02588be20f93,7cd1619c-a98f-4ec5-bcde-3a397412822a,2026-05,6,16,2,7
626ab042-0738-451c-9a5b-340fc4aa3eee,7cd1619c-a98f-4ec5-bcde-3a397412822a,2026-04,3,19,2,9
153ad77a-f80a-4a84-86dc-2ea01dc01251,7cd1619c-a98f-4ec5-bcde-3a397412822a,2026-03,4,18,0,1
12af7c7b-ccc5-4f63-a7f2-ca7703842a26,7cd1619c-a98f-4ec5-bcde-3a397412822a,2026-02,2,20,3,7
96600c6f-135d-4839-8097-6b23f0ba7bd0,e11200db-2e7c-4d81-b313-f677f9bc12cb,2026-07,0,22,9,1
c6affc5b-30cd-4bdb-bf2f-260a223e20c6,e11200db-2e7c-4d81-b313-f677f9bc12cb,2026-06,0,22,13,0
3476f7d4-3836-490c-afe1-cfa4a7d20b0c,e11200db-2e7c-4d81-b313-f677f9bc12cb,2026-05,1,21,11,9
386f4cd7-0bda-4b13-8183-caa62e75f618,e11200db-2e7c-4d81-b313-f677f9bc12cb,2026-04,1,21,14,10
f3e36469-f901-4b63-906c-2020565d65d8,e11200db-2e7c-4d81-b313-f677f9bc12cb,2026-03,0,22,15,0
85e96ba5-f7bd-4077-ad7b-8860830cc4cd,e11200db-2e7c-4d81-b313-f677f9bc12cb,2026-02,0,22,14,9
b88bf65a-afac-438e-801a-19411c1bf711,4f92b56b-8275-465f-8b3e-9e8f84521e78,2026-07,1,21,6,4
d060f03b-c265-4fac-9d50-2a9411435444,4f92b56b-8275-465f-8b3e-9e8f84521e78,2026-06,1,21,14,7
83bdd167-59a0-4c94-a74c-e166743eeeb2,4f92b56b-8275-465f-8b3e-9e8f84521e78,2026-05,0,22,8,1
654dfab2-d482-4c95-a701-4804989d8597,4f92b56b-8275-465f-8b3e-9e8f84521e78,2026-04,0,22,9,1
b82cbd50-667b-4f52-99e3-c90cf29207ab,4f92b56b-8275-465f-8b3e-9e8f84521e78,2026-03,0,22,8,2
0c9b7a1a-9ab2-40ed-9c73-c967f1219c97,4f92b56b-8275-465f-8b3e-9e8f84521e78,2026-02,1,21,11,3
ad6db8ec-d10a-4f13-9507-eab31ea9dd16,0913d798-c034-495a-9f09-389a1221427b,2026-07,0,22,6,6
d1b1726a-3c4d-4749-a382-37aa07fad6b7,0913d798-c034-495a-9f09-389a1221427b,2026-06,0,22,6,8
36a65af5-4583-4460-904b-e942f42c894e,4e89e578-b3e7-40ec-8190-2daf789ae4ad,2026-07,0,22,6,4
fd6380a5-f5d0-4dd2-8584-13a95f3e892f,4e89e578-b3e7-40ec-8190-2daf789ae4ad,2026-06,0,22,12,9
7b9f986e-8fd5-42c5-8852-85ed59ef9ae2,4e89e578-b3e7-40ec-8190-2daf789ae4ad,2026-05,0,22,9,8
4c945636-7a0a-422a-8165-ccf7b13984e3,4e89e578-b3e7-40ec-8190-2daf789ae4ad,2026-04,0,22,7,4
0df38eb6-fef4-4a37-b10d-35ed975a8bd4,4e89e578-b3e7-40ec-8190-2daf789ae4ad,2026-03,0,22,7,9
97452ab9-4b50-4d18-85c0-cca5fcdabbec,4e89e578-b3e7-40ec-8190-2daf789ae4ad,2026-02,0,22,13,7
be508d88-b0cb-4884-ad54-963eca2c2e7d,9472e625-2d0e-49b3-a9fb-6acb3b03aadb,2026-07,0,22,7,5
281ee96f-3ca2-4666-8dd0-985eb5069759,9472e625-2d0e-49b3-a9fb-6acb3b03aadb,2026-06,1,21,11,9
89c1cce4-3d0f-4478-abe6-a36e63ed067a,9472e625-2d0e-49b3-a9fb-6acb3b03aadb,2026-05,0,22,12,7
aadfc6d1-7f03-450a-aab1-345159883802,4c0e1d10-c487-4981-b91a-71f1dbd78ea4,2026-07,1,21,7,6
7e5634a0-5ff9-49dc-9b27-7a6cf07543a0,4c0e1d10-c487-4981-b91a-71f1dbd78ea4,2026-06,0,22,7,4
b0abfcc4-dbbe-4f97-85fa-402bfcf76a1c,4c0e1d10-c487-4981-b91a-71f1dbd78ea4,2026-05,0,22,8,5
401ec93e-44dd-4751-bef8-bd8f79c78d4c,4c0e1d10-c487-4981-b91a-71f1dbd78ea4,2026-04,0,22,6,4
f935b5fb-7f47-40bc-af0c-95aabb0bbaee,4c0e1d10-c487-4981-b91a-71f1dbd78ea4,2026-03,1,21,8,1
45fdcc42-a2f0-424f-8b5b-4ab2c4a8b94b,4c0e1d10-c487-4981-b91a-71f1dbd78ea4,2026-02,1,21,8,7
ea8a4f63-24eb-4098-a860-e2d5a13f38dd,640d08fc-ba1c-4286-bd93-ef0805dc477c,2026-07,1,21,7,8
63193a29-7b17-4b74-ba31-7e06be004eb6,640d08fc-ba1c-4286-bd93-ef0805dc477c,2026-06,0,22,6,5
9bb61788-5c7e-42fd-923f-80ce333282dc,640d08fc-ba1c-4286-bd93-ef0805dc477c,2026-05,0,22,13,6
41d00c5d-4cba-4270-acdf-b05cbbf3b9ba,640d08fc-ba1c-4286-bd93-ef0805dc477c,2026-04,1,21,11,2
c5ea33c0-96a8-491c-a793-3e9e67dedd61,640d08fc-ba1c-4286-bd93-ef0805dc477c,2026-03,1,21,8,6
1b787228-3432-4c45-8f13-c07015aa0e01,640d08fc-ba1c-4286-bd93-ef0805dc477c,2026-02,0,22,5,6
fd8c8777-4e13-4225-8279-e399299db95e,2318b5e1-2d30-420b-94ab-a93ba861f50b,2026-07,1,21,11,8
e1439617-d736-4669-8e3c-d1bac2ed48a7,2318b5e1-2d30-420b-94ab-a93ba861f50b,2026-06,0,22,7,2
9e5259fa-3fc7-4a6f-9cd0-38328251bc19,2318b5e1-2d30-420b-94ab-a93ba861f50b,2026-05,0,22,15,4
9dad0f17-40bd-4851-9de2-97908edde66a,2318b5e1-2d30-420b-94ab-a93ba861f50b,2026-04,1,21,7,7
585e9abd-6cd3-4cb2-8f8b-cbfb52fcebc1,2318b5e1-2d30-420b-94ab-a93ba861f50b,2026-03,0,22,6,7
633d011d-a690-40a7-8c74-9ccb7b1f4856,2318b5e1-2d30-420b-94ab-a93ba861f50b,2026-02,0,22,7,10
f3999c3b-c961-4791-aed6-61fdc096478c,d5d70af6-3d6e-4a87-9be0-852c21690127,2026-07,1,21,8,10
9cece775-c989-42a0-8d61-de652f75569c,d5d70af6-3d6e-4a87-9be0-852c21690127,2026-06,0,22,12,3
fc19ee26-7126-4c5c-bc61-09d76104dd79,d5d70af6-3d6e-4a87-9be0-852c21690127,2026-05,0,22,14,4
499ebf3b-7a30-4354-a9e5-293d6ec2f8b5,d5d70af6-3d6e-4a87-9be0-852c21690127,2026-04,1,21,5,8
1bb1f53d-8f03-4d6a-82f5-c1d94571aaab,d5d70af6-3d6e-4a87-9be0-852c21690127,2026-03,0,22,15,6
744ce26d-f415-4a42-92fc-bf4af35a6e7c,d5d70af6-3d6e-4a87-9be0-852c21690127,2026-02,0,22,10,10
534808af-4e19-4bb0-9372-03a530760820,784007a1-78b2-41ca-9cb2-75f3175db8d7,2026-07,6,16,2,5
b3ca2e18-fc58-4cd1-8011-f479aa5084e7,784007a1-78b2-41ca-9cb2-75f3175db8d7,2026-06,2,20,3,5
591b2df0-2d8e-44a9-b94a-6174ab9bd00d,784007a1-78b2-41ca-9cb2-75f3175db8d7,2026-05,3,19,3,5
897d2cc7-2940-48e8-8326-ef429ddef2b5,784007a1-78b2-41ca-9cb2-75f3175db8d7,2026-04,6,16,4,7
4e1b7e9f-df49-4321-b50a-67e973b7ec77,784007a1-78b2-41ca-9cb2-75f3175db8d7,2026-03,3,19,4,1
880556b4-a9df-48fd-8d1e-dae58e1212c8,784007a1-78b2-41ca-9cb2-75f3175db8d7,2026-02,6,16,5,4
378104e6-3594-4df0-a11d-f6256f7a9445,e497b0c9-088b-4946-9c16-9a85f61900ca,2026-07,0,22,7,0
6d660fe1-7f31-4447-b1c4-0b0365d611e4,e497b0c9-088b-4946-9c16-9a85f61900ca,2026-06,1,21,8,9
298112e2-c0c4-4a66-9366-76b639fbc144,e497b0c9-088b-4946-9c16-9a85f61900ca,2026-05,0,22,9,10
fa32daa8-b5f3-423f-ab4b-787b57e2cb09,e497b0c9-088b-4946-9c16-9a85f61900ca,2026-04,0,22,15,10
0068a7ac-8af4-4b6f-9029-876f6c1d9a45,e497b0c9-088b-4946-9c16-9a85f61900ca,2026-03,0,22,12,9
1cb86dfb-d54c-4438-8a9d-c151d4555393,e497b0c9-088b-4946-9c16-9a85f61900ca,2026-02,0,22,13,4
4c485058-7e9f-4b01-8958-1c021f73579a,85bbda80-b791-4b66-b3af-811cc62f0940,2026-07,0,22,10,5
24350176-585c-48d9-af62-b4363e5b2008,85bbda80-b791-4b66-b3af-811cc62f0940,2026-06,1,21,7,5
a31cf3b6-da4d-4195-a6b9-fe887d8248dd,85bbda80-b791-4b66-b3af-811cc62f0940,2026-05,0,22,14,9
c2704d70-5e06-443a-af3c-afc6935dbc05,85bbda80-b791-4b66-b3af-811cc62f0940,2026-04,0,22,10,6
7f6e63fe-423c-42b0-a51f-840642be68d6,85bbda80-b791-4b66-b3af-811cc62f0940,2026-03,0,22,15,5
674cb6fb-8405-44a5-8bbf-7e84e517c81e,85bbda80-b791-4b66-b3af-811cc62f0940,2026-02,0,22,5,3
6592c53e-ea35-4bf8-bc98-59d680010cad,87da6d69-c3b9-49b7-a561-724e82b19d5d,2026-07,2,20,1,9
aea539cb-31d9-4f1b-a8a8-1721989e5a05,87da6d69-c3b9-49b7-a561-724e82b19d5d,2026-06,2,20,2,6
4148a86e-9564-40e3-859f-6aba56115477,87da6d69-c3b9-49b7-a561-724e82b19d5d,2026-05,3,19,1,4
5570691d-6a81-4823-bf1f-08ba99d958f1,87da6d69-c3b9-49b7-a561-724e82b19d5d,2026-04,3,19,8,1
13653017-c470-4a4f-a478-940fcad65853,87da6d69-c3b9-49b7-a561-724e82b19d5d,2026-03,3,19,9,4
42430a21-4ef6-4e3b-919c-819834747d64,87da6d69-c3b9-49b7-a561-724e82b19d5d,2026-02,2,20,1,0
4790fc2a-b12d-4526-8af7-740d0e4778bf,97ea281b-0e5f-4277-975c-af98206928b4,2026-07,1,21,8,1
ed6399b5-c6c2-438f-8c99-6ec51efccc32,97ea281b-0e5f-4277-975c-af98206928b4,2026-06,1,21,5,7
c2ba11ec-49a4-42d8-9e2c-e4ad602902e5,97ea281b-0e5f-4277-975c-af98206928b4,2026-05,3,19,6,1
1f52b6ed-cec9-469b-a0fb-4472caf4d031,97ea281b-0e5f-4277-975c-af98206928b4,2026-04,3,19,9,3
0b7c5661-876b-4403-8c29-e2859c79734f,97ea281b-0e5f-4277-975c-af98206928b4,2026-03,3,19,4,2
bd6a3925-a7b9-4551-8639-5ba3d418e465,97ea281b-0e5f-4277-975c-af98206928b4,2026-02,3,19,10,1
9562b1d2-2f51-4fc4-9f29-349f13704c83,2c9e6be5-dea5-446d-be0e-1edb469f1e48,2026-07,2,20,3,1
1333ed1c-b1cd-4f70-9ce8-d28e4fbea43d,2c9e6be5-dea5-446d-be0e-1edb469f1e48,2026-06,4,18,4,6
4d693488-34fd-4986-922f-3bd62d388f7c,2c9e6be5-dea5-446d-be0e-1edb469f1e48,2026-05,2,20,2,1
72e4db61-618b-460c-be01-dafec3ef66c0,2c9e6be5-dea5-446d-be0e-1edb469f1e48,2026-04,2,20,0,10
15668b89-288d-4309-ac0b-89a3ce22d503,2c9e6be5-dea5-446d-be0e-1edb469f1e48,2026-03,5,17,3,8
de0c19f4-a979-4b5e-846a-fad266683223,2c9e6be5-dea5-446d-be0e-1edb469f1e48,2026-02,5,17,0,5
9d722310-971d-46f2-857f-1391db33b14c,426200c9-c9bb-4773-84c9-b06ba643f51b,2026-07,0,22,15,9
bdcd08ad-8ca7-4c8a-b08d-330269f4eeda,426200c9-c9bb-4773-84c9-b06ba643f51b,2026-06,1,21,15,0
5c841e94-fdbf-4db6-a89c-4bb65498cd2f,426200c9-c9bb-4773-84c9-b06ba643f51b,2026-05,0,22,14,10
6bd80b3e-bd33-416f-b942-8ea1a6b13852,426200c9-c9bb-4773-84c9-b06ba643f51b,2026-04,0,22,15,5
3c7ff22f-8c52-4c27-8a42-3f95f62d7224,426200c9-c9bb-4773-84c9-b06ba643f51b,2026-03,0,22,13,1
50b3a412-172c-419b-8832-4f01d95048e8,426200c9-c9bb-4773-84c9-b06ba643f51b,2026-02,1,21,9,3
f29b71ed-64ee-4365-8225-aaef0fdc40a4,55a47447-9d03-4c05-8d19-11a0ba611b34,2026-07,3,19,8,7
f1a9a26a-665c-483e-9aa3-61eab6b40200,55a47447-9d03-4c05-8d19-11a0ba611b34,2026-06,3,19,0,3
1cb9f6b5-e03c-4a91-84c5-cd7299aad58c,55a47447-9d03-4c05-8d19-11a0ba611b34,2026-05,3,19,6,6
3d142d08-57a6-4496-93b3-e7fe437c2395,55a47447-9d03-4c05-8d19-11a0ba611b34,2026-04,2,20,2,5
676e3c3e-01bd-4083-998e-d4742f26cde6,55a47447-9d03-4c05-8d19-11a0ba611b34,2026-03,3,19,3,6
0136b9d6-5a22-4ff3-ac72-2a63b3ef38e9,55a47447-9d03-4c05-8d19-11a0ba611b34,2026-02,2,20,8,0
8fa135e0-5748-4a2d-83dd-6c426651c0f7,1f2ae184-1511-4bd7-932b-2fcd0d1cb3b0,2026-07,0,22,7,3
e3fdf66a-0f91-46dd-bc68-a73ccc434310,1f2ae184-1511-4bd7-932b-2fcd0d1cb3b0,2026-06,0,22,15,0
452b5fee-2c55-4f81-8ac9-0d2d90ea9740,1f2ae184-1511-4bd7-932b-2fcd0d1cb3b0,2026-05,1,21,6,6
b5db33db-114c-4f87-bd78-eefbf02216bf,1f2ae184-1511-4bd7-932b-2fcd0d1cb3b0,2026-04,1,21,9,8
1bab7168-911d-4e4f-b7c4-5338e1c13f61,1f2ae184-1511-4bd7-932b-2fcd0d1cb3b0,2026-03,0,22,13,10
3391041e-0001-404e-813e-66c0ac64489d,1f2ae184-1511-4bd7-932b-2fcd0d1cb3b0,2026-02,1,21,12,5
90664c0a-bd1b-421e-bc2a-8c1b13bb8a4f,3fcedc19-8a37-45ec-ae9b-35a2dc139816,2026-07,3,19,4,3
b8afff77-2c19-4578-b781-0d67fc62078a,3fcedc19-8a37-45ec-ae9b-35a2dc139816,2026-06,4,18,4,5
a85151e4-9486-48d3-a790-2c9ac2591e7d,3fcedc19-8a37-45ec-ae9b-35a2dc139816,2026-05,3,19,3,3
b62533fd-8ebc-4468-8571-90764bd27b16,3fcedc19-8a37-45ec-ae9b-35a2dc139816,2026-04,2,20,5,0
35ec8e9b-fb56-41ee-8b1d-90fb1046c883,3fcedc19-8a37-45ec-ae9b-35a2dc139816,2026-03,2,20,2,1
5f50fd4e-404f-41db-84f5-5c47f5fe2b3f,3fcedc19-8a37-45ec-ae9b-35a2dc139816,2026-02,4,18,3,10
3b10e2eb-a0f1-4f1a-b794-0d4206d29e4c,994d2720-c8cf-4e93-85ab-0b7516943efc,2026-07,3,19,6,4
64d237ca-1335-43c0-a9c6-b03b8152496e,994d2720-c8cf-4e93-85ab-0b7516943efc,2026-06,3,19,6,7
b807a520-40c7-4c09-83b0-ed15faaf7e03,994d2720-c8cf-4e93-85ab-0b7516943efc,2026-05,2,20,6,8
e4c266a6-40e1-4256-859a-73193da4de5a,994d2720-c8cf-4e93-85ab-0b7516943efc,2026-04,2,20,1,9
665de4c4-f762-4023-b841-d34c501f9abe,994d2720-c8cf-4e93-85ab-0b7516943efc,2026-03,3,19,4,4
98e272e0-f624-480c-8148-37565306cc36,994d2720-c8cf-4e93-85ab-0b7516943efc,2026-02,1,21,8,2
a1c554bb-e9a0-4d1f-a7a8-0c05bb7a3cba,e0556e08-a460-4d98-a492-74a34a9b2c2d,2026-07,3,19,3,8
75f834a8-3edb-4be6-a356-9fd9d77b78b7,e0556e08-a460-4d98-a492-74a34a9b2c2d,2026-06,3,19,8,8
0a16f6ba-6ee1-4812-981e-d44a05871246,e0556e08-a460-4d98-a492-74a34a9b2c2d,2026-05,2,20,1,2
c15e5c3a-54b2-4abb-86eb-20e2f37893b4,e0556e08-a460-4d98-a492-74a34a9b2c2d,2026-04,3,19,2,7
e1784d82-de44-4680-a501-af180b1de2d1,e0556e08-a460-4d98-a492-74a34a9b2c2d,2026-03,2,20,7,5
629656a2-ea26-48cb-9bf2-3c04d0b00d77,e0556e08-a460-4d98-a492-74a34a9b2c2d,2026-02,1,21,10,2
80438381-f3ba-4c41-af05-b23c51f42ac3,bae6e5cc-583b-4a95-9a57-a41fd83ff1b7,2026-07,5,17,1,8
ce18285c-539c-4f04-9487-81d8ce870873,bae6e5cc-583b-4a95-9a57-a41fd83ff1b7,2026-06,2,20,2,7
72468789-67a7-4e22-9171-10ae603b3032,bae6e5cc-583b-4a95-9a57-a41fd83ff1b7,2026-05,2,20,0,0
c91cd7a3-1bd9-462e-8acc-b6dfa5a14cb5,bae6e5cc-583b-4a95-9a57-a41fd83ff1b7,2026-04,2,20,3,0
885b462c-203f-487a-b6b3-86871fa20f27,bae6e5cc-583b-4a95-9a57-a41fd83ff1b7,2026-03,2,20,2,9
b534de98-031f-4dc1-bbc0-6eaf41048edb,bae6e5cc-583b-4a95-9a57-a41fd83ff1b7,2026-02,4,18,5,7
df7cc694-2967-49ec-918a-6f9473ca2d54,20711a1c-8a89-47ef-8b64-34fca4b8eee1,2026-07,1,21,13,6
14810c54-4b99-4434-b640-17dc583d9b90,20711a1c-8a89-47ef-8b64-34fca4b8eee1,2026-06,0,22,11,5
5814fd0e-7ff4-4ae0-9bbf-49ba8e66c00e,20711a1c-8a89-47ef-8b64-34fca4b8eee1,2026-05,0,22,10,3
4dd91286-5474-4008-ba8f-2237ed6cb71b,20711a1c-8a89-47ef-8b64-34fca4b8eee1,2026-04,1,21,14,2
713ab527-f511-4458-abf8-66e6fb9fb978,20711a1c-8a89-47ef-8b64-34fca4b8eee1,2026-03,0,22,8,0
b5283ee6-4398-4f28-bd0f-471ac822b248,20711a1c-8a89-47ef-8b64-34fca4b8eee1,2026-02,1,21,8,3
1ad2dcb5-19b7-4ced-a34e-c4f6c61ea564,85dec03c-c7a0-4336-815e-58483701c142,2026-07,1,21,5,5
74067ff1-a7c4-4c52-a889-1bf2b1c879aa,85dec03c-c7a0-4336-815e-58483701c142,2026-06,0,22,8,1
c26aa50f-b2ea-4309-a4c6-c21c695ded53,85dec03c-c7a0-4336-815e-58483701c142,2026-05,0,22,14,7
d722cdc2-99f8-44b4-8884-587aed1aaaaf,85dec03c-c7a0-4336-815e-58483701c142,2026-04,0,22,15,3
a828305d-22f2-43c6-8f18-16ace3b9e4a8,85dec03c-c7a0-4336-815e-58483701c142,2026-03,1,21,15,7
7979d2fd-a254-4482-a8ee-b40e129ef78e,85dec03c-c7a0-4336-815e-58483701c142,2026-02,0,22,14,4
6c5bbaab-5b76-4700-8917-9f096cafce7c,61d91000-d0e7-435a-90d2-519fd3d55efc,2026-07,5,17,4,4
2ed1e50a-9280-47b0-92c0-6b0e0430f503,61d91000-d0e7-435a-90d2-519fd3d55efc,2026-06,4,18,4,4
84d983ca-117d-4e1d-acd0-b60f678ea776,61d91000-d0e7-435a-90d2-519fd3d55efc,2026-05,5,17,1,10
43b28f91-e9b1-4aa9-b1fc-44019c234504,61d91000-d0e7-435a-90d2-519fd3d55efc,2026-04,4,18,2,3
624f22a9-5700-4488-ae36-8d214e396b31,61d91000-d0e7-435a-90d2-519fd3d55efc,2026-03,4,18,3,8
f1d9df25-419c-471c-ada7-1ba65f318f5c,61d91000-d0e7-435a-90d2-519fd3d55efc,2026-02,5,17,2,6
18456e2d-9595-4036-80e5-4227bbd44693,c4375cd4-3608-43f9-9799-97cfd7668a25,2026-07,1,21,5,9
c2ee1770-8ce2-4d69-997f-10ff3ee4e869,c4375cd4-3608-43f9-9799-97cfd7668a25,2026-06,1,21,13,10
ad4ba151-9f8e-46fa-856e-e602a146fd4f,c4375cd4-3608-43f9-9799-97cfd7668a25,2026-05,0,22,7,9
1ba0d4e6-846d-4df5-8146-fb6a88df7527,c4375cd4-3608-43f9-9799-97cfd7668a25,2026-04,1,21,13,5
fb2e6e61-49c5-4962-a928-3ef5458c3849,c4375cd4-3608-43f9-9799-97cfd7668a25,2026-03,1,21,8,8
ac8ff61c-e94d-4a5e-aecf-2bbc57ed0dd0,c4375cd4-3608-43f9-9799-97cfd7668a25,2026-02,0,22,9,4
0453db36-0743-4963-8141-46ab95ba0926,e5f46248-1611-42e2-83e7-260863c29d11,2026-07,0,22,6,4
e5e64cbd-c4fe-4d21-9a5f-b1570a8960b5,e5f46248-1611-42e2-83e7-260863c29d11,2026-06,0,22,15,0
06230558-600b-42d8-aafd-dd5a62721bf5,e5f46248-1611-42e2-83e7-260863c29d11,2026-05,0,22,12,4
7d9d8a91-de67-42c2-b8a6-a5c3db60f35a,e5f46248-1611-42e2-83e7-260863c29d11,2026-04,0,22,13,9
56bcf952-3e5f-4a20-be3d-9d172e089828,e5f46248-1611-42e2-83e7-260863c29d11,2026-03,0,22,12,0
bcdcf455-edb7-47f2-bae5-30968d5172ad,e5f46248-1611-42e2-83e7-260863c29d11,2026-02,1,21,9,5
2b12aac9-6ac4-4b7d-912d-ba061b4b4970,f47e37f2-344a-4c01-8134-677e2382f837,2026-07,0,22,14,8
01c8b54a-754d-48d9-b81f-2840b9dc3dc6,f47e37f2-344a-4c01-8134-677e2382f837,2026-06,0,22,8,10
05ba935b-88de-4564-afe1-21d909861829,f47e37f2-344a-4c01-8134-677e2382f837,2026-05,1,21,6,6
dfb9bff0-1c3b-4a00-bd12-b080ef322ebe,f47e37f2-344a-4c01-8134-677e2382f837,2026-04,1,21,11,10
0a313b5d-5583-482d-8e7b-12476be6496d,f47e37f2-344a-4c01-8134-677e2382f837,2026-03,0,22,15,8
73eb61f2-1c1f-4a6b-8a53-6646ff1003e8,f47e37f2-344a-4c01-8134-677e2382f837,2026-02,1,21,8,0
d50372ee-eb74-4201-b275-4accc6ad03fe,47ce62c5-ea02-40df-991d-e5a7f0dd4ce6,2026-07,1,21,5,2
ca7875d1-98ee-4576-8ebb-f0a7609d4dc0,47ce62c5-ea02-40df-991d-e5a7f0dd4ce6,2026-06,1,21,15,0
3ef762f4-efcb-418e-a797-a627e6bf1108,47ce62c5-ea02-40df-991d-e5a7f0dd4ce6,2026-05,1,21,11,4
d68a36ff-cbe9-435f-beb1-5a2fb511be58,47ce62c5-ea02-40df-991d-e5a7f0dd4ce6,2026-04,0,22,6,4
8b0de6bb-a1a5-4206-a439-901a4c098584,47ce62c5-ea02-40df-991d-e5a7f0dd4ce6,2026-03,0,22,6,4
58b420d8-719c-49a9-8415-8227bb6a57b3,47ce62c5-ea02-40df-991d-e5a7f0dd4ce6,2026-02,0,22,8,5
0a90ac1b-4cc2-4db0-9309-fd50f35317fd,1dc35fbf-ffe5-4b2a-81ab-3d79afcd6523,2026-07,1,21,9,8
1a1fad8c-a550-4b40-9d1d-4ef81d9b7f9a,1dc35fbf-ffe5-4b2a-81ab-3d79afcd6523,2026-06,1,21,11,0
27ce0738-1c34-45eb-ade6-90389af5f0fd,1dc35fbf-ffe5-4b2a-81ab-3d79afcd6523,2026-05,0,22,10,10
921885ae-7e6f-4f42-80ef-8e7a02e2f210,1dc35fbf-ffe5-4b2a-81ab-3d79afcd6523,2026-04,1,21,12,6
e30457ac-11f0-418f-b58d-50567382a335,1dc35fbf-ffe5-4b2a-81ab-3d79afcd6523,2026-03,1,21,11,2
dcc2aa71-1c37-4456-befa-bac59507dedf,1dc35fbf-ffe5-4b2a-81ab-3d79afcd6523,2026-02,1,21,6,9
4fb11c16-522a-4457-9eaa-b16cc59bd97e,e76916ff-0759-4783-bd17-ac19c3c4b8e9,2026-07,0,22,7,4
8e8fc6a6-f0e0-4e76-a435-ce5be40e4da4,e76916ff-0759-4783-bd17-ac19c3c4b8e9,2026-06,0,22,15,6
bf989eba-283b-4a8d-b958-219619f74aa4,e76916ff-0759-4783-bd17-ac19c3c4b8e9,2026-05,1,21,10,8
64ce7ece-6b09-4b82-b9a6-70a64c690327,e76916ff-0759-4783-bd17-ac19c3c4b8e9,2026-04,1,21,8,7
49a054f0-f54e-40d5-8028-b9b6a1d2edc1,e76916ff-0759-4783-bd17-ac19c3c4b8e9,2026-03,1,21,7,0
9a71dd6b-4308-4c1d-a09e-7a6e9348a90d,e76916ff-0759-4783-bd17-ac19c3c4b8e9,2026-02,0,22,11,10
4a89ab5d-f62d-4a17-9afc-418a034f6041,ba1791c9-5496-433e-a3f9-ab6654597d36,2026-07,2,20,3,8
dde67b58-1699-4a07-a80e-3378d5bcc500,ba1791c9-5496-433e-a3f9-ab6654597d36,2026-06,6,16,1,8
724e9253-9365-47ce-8879-a859f770725e,ba1791c9-5496-433e-a3f9-ab6654597d36,2026-05,3,19,1,7
d8508e9e-cd11-4974-a898-f70975f9dad3,ba1791c9-5496-433e-a3f9-ab6654597d36,2026-04,2,20,5,5
21c5f0c6-3df5-403c-b637-6ac95054c17c,ba1791c9-5496-433e-a3f9-ab6654597d36,2026-03,5,17,3,0
b496a125-d83e-4f5b-b898-e954a4d48480,ba1791c9-5496-433e-a3f9-ab6654597d36,2026-02,5,17,3,5
75dc13aa-0924-4dc8-9efb-d2c12b7efa4f,35c5430d-94e4-4c74-8b1e-8d244c56abd4,2026-07,4,18,5,6
3d91b540-cdf4-45e2-b8d9-dbc76a42ed68,35c5430d-94e4-4c74-8b1e-8d244c56abd4,2026-06,3,19,2,4
b3ba4770-8b46-4bda-8d63-721694977fcc,35c5430d-94e4-4c74-8b1e-8d244c56abd4,2026-05,6,16,3,6
40070db7-998d-473d-99f2-1b0793b4440f,35c5430d-94e4-4c74-8b1e-8d244c56abd4,2026-04,4,18,3,9
ad8c233f-b31a-42c8-8461-156300bae2f7,35c5430d-94e4-4c74-8b1e-8d244c56abd4,2026-03,6,16,2,5
aa8a74a2-6604-4e21-95c5-030374491615,35c5430d-94e4-4c74-8b1e-8d244c56abd4,2026-02,2,20,0,4
05ecec51-1cd9-465a-896e-90ccff7b5bbc,f8847dac-df05-4392-b46f-a6d07624e493,2026-07,1,21,1,6
ef57bb5e-97fc-40d2-9449-8bb489e27637,f8847dac-df05-4392-b46f-a6d07624e493,2026-06,3,19,8,1
2be9faff-e3d6-4907-83c5-a28647cc8a22,f8847dac-df05-4392-b46f-a6d07624e493,2026-05,2,20,6,7
25ebfd93-f156-4893-9a5e-fdf652302f4a,f8847dac-df05-4392-b46f-a6d07624e493,2026-04,3,19,8,3
d1e61948-d3e7-4331-aeb2-e7a339c605e2,f8847dac-df05-4392-b46f-a6d07624e493,2026-03,1,21,8,9
e6c4fe79-f48a-4c6f-8abc-6359f4468f16,f8847dac-df05-4392-b46f-a6d07624e493,2026-02,3,19,0,3
3c895c17-0fbc-4de1-a736-dead595338d8,4806dda9-b0db-4b42-97c9-77e7e81c30eb,2026-07,1,21,12,5
df34359b-00d5-44ab-af58-dbd4749a09fb,4806dda9-b0db-4b42-97c9-77e7e81c30eb,2026-06,1,21,10,1
f63f7ce4-2ebb-4d1a-876e-509332a2b810,4806dda9-b0db-4b42-97c9-77e7e81c30eb,2026-05,1,21,12,6
35608f0a-625b-487b-a579-f841469893ee,4806dda9-b0db-4b42-97c9-77e7e81c30eb,2026-04,1,21,12,1
5bc5fe21-2439-43a6-ade3-707ac8785a55,4806dda9-b0db-4b42-97c9-77e7e81c30eb,2026-03,0,22,12,4
e0fb5178-655d-4d06-bef7-3167d71cb8ea,4806dda9-b0db-4b42-97c9-77e7e81c30eb,2026-02,0,22,10,0
39d7260a-7429-4a1f-a4c5-94fe02d3e826,72010f81-b32b-461e-950d-b2d480ee3dee,2026-07,1,21,12,8
97868994-8dde-487d-92b3-7ae76dbf942a,72010f81-b32b-461e-950d-b2d480ee3dee,2026-06,0,22,6,8
031e3f65-76ea-442c-ad98-0f41376ebe15,72010f81-b32b-461e-950d-b2d480ee3dee,2026-05,0,22,9,6
0a0500cc-6ddf-45a0-89cf-96dc2e565a30,72010f81-b32b-461e-950d-b2d480ee3dee,2026-04,0,22,6,1
3a84ba43-593f-4d5c-84e4-4d9696a68e5e,72010f81-b32b-461e-950d-b2d480ee3dee,2026-03,0,22,9,4
22e943c0-c54b-457f-8234-a0553b3d37b3,72010f81-b32b-461e-950d-b2d480ee3dee,2026-02,1,21,13,3
71e8e243-2745-4644-805e-bea12e7959b3,85fc90b8-28c1-45f5-8dba-1d739cdad787,2026-07,0,22,14,8
46f783f8-63c2-4c93-b45c-d6fe8dc6394d,85fc90b8-28c1-45f5-8dba-1d739cdad787,2026-06,1,21,15,9
f720437e-bd47-4901-822d-198a2242a575,85fc90b8-28c1-45f5-8dba-1d739cdad787,2026-05,0,22,12,0
f5b26988-f270-47fd-9aab-3fb7ab418d81,85fc90b8-28c1-45f5-8dba-1d739cdad787,2026-04,0,22,7,3
5f71acd8-192a-4e2f-950e-8eb40bbcbdd3,85fc90b8-28c1-45f5-8dba-1d739cdad787,2026-03,1,21,8,7
7637892f-0d47-4b06-87dd-bbedb78852cb,85fc90b8-28c1-45f5-8dba-1d739cdad787,2026-02,0,22,12,2
fed44872-5692-4fc0-9cf1-41216b674bdd,5d5a2fa6-e6b9-4137-93f2-9f6f9cbbe7e1,2026-07,4,18,3,8
fd2346f3-314b-4762-9523-8c725094272e,5d5a2fa6-e6b9-4137-93f2-9f6f9cbbe7e1,2026-06,6,16,4,2
b5ba415a-40cf-4fc4-988a-90f15c9ba99e,5d5a2fa6-e6b9-4137-93f2-9f6f9cbbe7e1,2026-05,4,18,3,6
21d1989e-3773-46ea-a66c-4e71bbfebdab,5d5a2fa6-e6b9-4137-93f2-9f6f9cbbe7e1,2026-04,3,19,4,1
f30a7d37-c835-436e-98c2-73a2013429f6,5d5a2fa6-e6b9-4137-93f2-9f6f9cbbe7e1,2026-03,3,19,2,5
2f85668b-750f-4ff0-ba57-7f30d0bd8f55,5d5a2fa6-e6b9-4137-93f2-9f6f9cbbe7e1,2026-02,3,19,2,10
9fc68c7a-cf04-4b72-afd1-419f259c659e,0ae09915-a0c5-4351-830e-b527edc025cc,2026-07,0,22,14,9
8aec8662-bf06-4920-8d12-4dece5b5b3e1,0ae09915-a0c5-4351-830e-b527edc025cc,2026-06,1,21,10,5
f3ba1f0f-424f-42bb-96cb-0a5fe48da447,0ae09915-a0c5-4351-830e-b527edc025cc,2026-05,1,21,10,0
9b85ebd8-05ca-40db-a392-fd87d0e8d0b0,0ae09915-a0c5-4351-830e-b527edc025cc,2026-04,1,21,8,5
3087807e-8ac8-4ca7-8e22-bb20f23d5d37,0ae09915-a0c5-4351-830e-b527edc025cc,2026-03,1,21,7,7
6b8a8555-4f3b-4d28-b3f2-3bc5d59f4b85,0ae09915-a0c5-4351-830e-b527edc025cc,2026-02,1,21,15,4
c7bceb0b-c03b-49ef-9932-18c41d04963c,ae849f25-8e59-4b7b-b02a-53434841bcd4,2026-07,1,21,12,1
cc26e36c-dfee-4620-bbcd-01498a2ba06d,ae849f25-8e59-4b7b-b02a-53434841bcd4,2026-06,1,21,15,1
3fc7183e-c599-4f48-a204-8cc48777de94,ae849f25-8e59-4b7b-b02a-53434841bcd4,2026-05,0,22,12,6
b366d791-a280-41c2-b37b-0152351ae61e,ae849f25-8e59-4b7b-b02a-53434841bcd4,2026-04,0,22,10,1
15a25922-d395-4411-8c6a-db4cb46980fb,ae849f25-8e59-4b7b-b02a-53434841bcd4,2026-03,1,21,5,1
3d98706b-0654-49cd-9339-f44187ad57dc,ae849f25-8e59-4b7b-b02a-53434841bcd4,2026-02,0,22,8,6
ebdf8c52-af85-49b8-8d16-47bd0c5f94cb,169011c2-973a-4016-a77c-8fc0cfd01f51,2026-07,1,21,12,1
decbdfa9-47a3-425e-9ae1-37f8c8dbf8b8,169011c2-973a-4016-a77c-8fc0cfd01f51,2026-06,0,22,14,0
325e3d32-ebe6-440f-840f-41e764e1db27,169011c2-973a-4016-a77c-8fc0cfd01f51,2026-05,0,22,12,9
0378b40d-418b-4daa-b886-18169489f2bc,169011c2-973a-4016-a77c-8fc0cfd01f51,2026-04,1,21,10,6
e742cd1e-4faa-46aa-b548-fefd24b92f47,169011c2-973a-4016-a77c-8fc0cfd01f51,2026-03,1,21,12,3
1522ea92-7695-4469-93e3-f8f7837f58a2,169011c2-973a-4016-a77c-8fc0cfd01f51,2026-02,1,21,13,8
39aa9292-f368-4d8e-8b59-a61692d48401,4fcf49a8-35de-4205-b241-f8279c2f3faf,2026-07,0,22,14,3
d3cc77d1-835d-42a7-925a-2ab8c6ff6a9b,4fcf49a8-35de-4205-b241-f8279c2f3faf,2026-06,0,22,6,3
50d79738-1a73-419e-b120-60d699e52986,4fcf49a8-35de-4205-b241-f8279c2f3faf,2026-05,0,22,9,6
c0264656-1fdf-44f2-9a4b-45327413b75b,4fcf49a8-35de-4205-b241-f8279c2f3faf,2026-04,1,21,11,10
fdd63245-7f69-4ec3-b9d0-f7c9302c8030,4fcf49a8-35de-4205-b241-f8279c2f3faf,2026-03,0,22,11,1
2c0c43b5-15a8-4618-8f02-76da0aef1226,4fcf49a8-35de-4205-b241-f8279c2f3faf,2026-02,0,22,10,3
d2a5a965-7f10-42b0-8e85-785af8228807,444c8dc3-243a-4f89-af20-f76e15ee9b27,2026-07,0,22,12,10
cd790eea-19dc-4951-b204-de1d71e4299e,444c8dc3-243a-4f89-af20-f76e15ee9b27,2026-06,0,22,8,2
07da8ec2-99ba-4009-b557-b8a43363d400,444c8dc3-243a-4f89-af20-f76e15ee9b27,2026-05,0,22,12,0
15e9212b-37b7-4879-b061-24809939b10e,444c8dc3-243a-4f89-af20-f76e15ee9b27,2026-04,0,22,13,2
2e1b2afb-effa-46c9-8a5d-a5ff4ea05440,444c8dc3-243a-4f89-af20-f76e15ee9b27,2026-03,1,21,6,5
1d0e3ff8-fe8e-4ea1-bcfe-07ae4b94af3a,444c8dc3-243a-4f89-af20-f76e15ee9b27,2026-02,0,22,9,6
38417da4-a21d-4998-8043-eaaa064f4d80,d295f594-9f6b-484f-a528-9f78b0d051f4,2026-07,2,20,0,4
c1f250e2-277f-4309-b1e3-b69216a2a9e9,d295f594-9f6b-484f-a528-9f78b0d051f4,2026-06,2,20,10,10
e68460b6-a70c-4b18-b076-fe8b8d0c79fe,d295f594-9f6b-484f-a528-9f78b0d051f4,2026-05,2,20,5,0
9c281326-b8fd-4374-98fb-991d0ebea460,d295f594-9f6b-484f-a528-9f78b0d051f4,2026-04,1,21,2,5
60add921-2386-4bf2-8a77-73e8870db260,d295f594-9f6b-484f-a528-9f78b0d051f4,2026-03,1,21,2,1
a0840593-4cea-42c9-9fbb-74ffe3cbab37,d295f594-9f6b-484f-a528-9f78b0d051f4,2026-02,1,21,9,6
6edfc680-7b34-4d33-9784-889a8a50b9e3,627e968b-dab7-4119-a257-85e504785bb3,2026-07,1,21,6,4
77ab72e3-8265-4338-9abb-2d64e2d19ac8,627e968b-dab7-4119-a257-85e504785bb3,2026-06,1,21,0,3
19209b90-d0f7-4c91-b46b-6f4ed4d12b29,627e968b-dab7-4119-a257-85e504785bb3,2026-05,3,19,6,5
cf70fa0e-240f-4efe-b908-735863debe57,627e968b-dab7-4119-a257-85e504785bb3,2026-04,1,21,3,0
efd5ebbf-5161-460b-9b16-839108aa06a9,627e968b-dab7-4119-a257-85e504785bb3,2026-03,3,19,0,5
24006892-f900-44ab-8866-4e12b8c69aa1,627e968b-dab7-4119-a257-85e504785bb3,2026-02,2,20,8,7
803d2445-98eb-4b3e-9e84-4fe0a6c4e7ca,4f69890d-c83f-476f-986f-a24897090da3,2026-07,1,21,5,0
9dd2bd3d-3ad9-4e61-a02a-2e584dbaebe1,4f69890d-c83f-476f-986f-a24897090da3,2026-06,0,22,6,9
bd2ff90d-27ec-4771-88f8-11c48e25c22f,4f69890d-c83f-476f-986f-a24897090da3,2026-05,0,22,14,5
d421e13a-6b4c-4d3a-a1d0-f0f4a184c22c,4f69890d-c83f-476f-986f-a24897090da3,2026-04,1,21,11,8
ebe56133-e23a-4ca5-bf62-99dac2aa2327,4f69890d-c83f-476f-986f-a24897090da3,2026-03,0,22,11,7
40769cf0-5a04-4416-b3d8-0145138ad7c8,4f69890d-c83f-476f-986f-a24897090da3,2026-02,1,21,7,2
4fb3927d-ed2d-4d0d-8a1e-fc56e2ea09fc,e9962ed3-0fec-4e5c-b8b4-7a7c1b8e1563,2026-07,1,21,7,8
8b3145f1-5cd0-4127-ac40-1ed61c6087fa,e9962ed3-0fec-4e5c-b8b4-7a7c1b8e1563,2026-06,1,21,13,6
d7e3cd5b-8879-4088-9877-d7b72685e1a4,e9962ed3-0fec-4e5c-b8b4-7a7c1b8e1563,2026-05,1,21,11,8
58197bf0-7e2d-4cb7-b4af-4a12288758e8,e9962ed3-0fec-4e5c-b8b4-7a7c1b8e1563,2026-04,1,21,6,6
c4ea50b7-40aa-47bd-aa88-2e783ec74dbf,e9962ed3-0fec-4e5c-b8b4-7a7c1b8e1563,2026-03,0,22,7,3
927e4da1-c895-4ae4-b386-461ea31c5be9,e9962ed3-0fec-4e5c-b8b4-7a7c1b8e1563,2026-02,0,22,5,9
eb7ac05d-3075-40e9-9584-d66f2ef469a1,2208fb04-14ae-476c-aa15-b18dd255fc92,2026-07,3,19,4,1
19b129f4-8a35-4cb5-b83a-669ec09b5346,2208fb04-14ae-476c-aa15-b18dd255fc92,2026-06,3,19,9,2
dde0d894-8cfd-4de8-8d20-c2ecde1bb067,2208fb04-14ae-476c-aa15-b18dd255fc92,2026-05,2,20,9,10
800fcacd-bb81-41cb-82e2-59d8e46ddfb4,2208fb04-14ae-476c-aa15-b18dd255fc92,2026-04,1,21,6,0
a99d1d36-a1d3-4cce-8cb2-e0350b4579bf,2208fb04-14ae-476c-aa15-b18dd255fc92,2026-03,1,21,4,2
83a31e05-aedc-435e-8dec-26f2859c560d,2208fb04-14ae-476c-aa15-b18dd255fc92,2026-02,2,20,0,5
f67b02d3-be1b-4443-bc95-ae43f944cc1d,eb4caa37-01ea-4918-9f4b-169245cdd2f6,2026-07,1,21,15,5
02ff7112-6b78-42bd-9bbc-2cbfe258e947,eb4caa37-01ea-4918-9f4b-169245cdd2f6,2026-06,0,22,10,3
0cc20731-a392-4c57-893b-fc4c8c903581,eb4caa37-01ea-4918-9f4b-169245cdd2f6,2026-05,1,21,12,10
98b6ce12-50f0-4791-9d9c-801e94772125,eb4caa37-01ea-4918-9f4b-169245cdd2f6,2026-04,1,21,7,10
3209bc28-6a94-4075-897d-d94801d671ad,eb4caa37-01ea-4918-9f4b-169245cdd2f6,2026-03,1,21,11,7
43369c5c-789e-4f50-9b49-1670082c33f5,eb4caa37-01ea-4918-9f4b-169245cdd2f6,2026-02,1,21,11,7
e17289b7-5d96-4096-a103-21dcb1e93ba1,16b8edea-a30a-4622-a601-e234d13689a5,2026-07,1,21,7,10
9ce5b941-5dd8-4bde-b9c0-8178543f6071,16b8edea-a30a-4622-a601-e234d13689a5,2026-06,1,21,12,5
79427b25-2878-4ff3-a95b-17bc7459d729,16b8edea-a30a-4622-a601-e234d13689a5,2026-05,1,21,11,1
8b44e46a-93ac-4237-b748-a5dd87d2250f,16b8edea-a30a-4622-a601-e234d13689a5,2026-04,0,22,14,3
6989de7a-aa30-4a3e-b2f5-2faf5fd3f1ea,16b8edea-a30a-4622-a601-e234d13689a5,2026-03,1,21,10,4
1101489b-1fc6-4c56-bc7d-00becb3c4953,16b8edea-a30a-4622-a601-e234d13689a5,2026-02,0,22,15,5
189375da-69d3-4d2f-a347-5e76e82228ef,9ed0cb0e-f79b-4827-924c-329357c94cbe,2026-07,5,17,4,2
92aec0ba-91dd-4c60-ad0d-bba2416a1093,9ed0cb0e-f79b-4827-924c-329357c94cbe,2026-06,5,17,4,2
5e89de60-f90f-495b-9af8-d17bbd949b68,9ed0cb0e-f79b-4827-924c-329357c94cbe,2026-05,6,16,2,10
604b8199-c5b8-4ea8-ae51-c19469695995,9ed0cb0e-f79b-4827-924c-329357c94cbe,2026-04,6,16,1,8
a3c2dba7-7dd1-4ca6-80dd-c2c549b3d07d,9ed0cb0e-f79b-4827-924c-329357c94cbe,2026-03,3,19,3,0
c449b588-d3ca-46be-aa92-f74792ef235c,9ed0cb0e-f79b-4827-924c-329357c94cbe,2026-02,5,17,1,3
68a76b85-3b05-414c-86aa-3fa3f0af5474,3ff9348d-502c-4be6-bbdd-beaf1cff154f,2026-07,0,22,5,3
4d621157-f353-47bb-91ee-9858b05b627e,3ff9348d-502c-4be6-bbdd-beaf1cff154f,2026-06,0,22,15,9
b8af1740-94aa-424b-941c-c0f92b21bfeb,3ff9348d-502c-4be6-bbdd-beaf1cff154f,2026-05,0,22,7,6
18dcf2ed-2344-4072-844e-3c9894564dd6,3ff9348d-502c-4be6-bbdd-beaf1cff154f,2026-04,1,21,13,7
b40bb787-3e0e-42aa-9a62-963d451ea477,3ff9348d-502c-4be6-bbdd-beaf1cff154f,2026-03,1,21,8,9
06a72b78-b937-4f40-895b-7cedde4c061e,3ff9348d-502c-4be6-bbdd-beaf1cff154f,2026-02,1,21,7,4
a3ae8d35-86c2-4e07-a6fa-dc21bd1873b6,a5a0012a-6435-4a1f-972f-4c7056687a3d,2026-07,0,22,9,2
e0a43bb0-396c-4c07-bb11-17a57349aad8,a5a0012a-6435-4a1f-972f-4c7056687a3d,2026-06,0,22,12,0
6d726d82-bc91-4a3d-b704-97591d58c601,a5a0012a-6435-4a1f-972f-4c7056687a3d,2026-05,0,22,9,6
04d7d313-468a-4a8c-93fb-e956d85fdb92,a5a0012a-6435-4a1f-972f-4c7056687a3d,2026-04,0,22,5,3
d6700c9a-52c7-4f33-bda6-8d5c565a45e2,a5a0012a-6435-4a1f-972f-4c7056687a3d,2026-03,0,22,9,5
86408eb2-d99f-44f1-b59b-faf70358f2ce,a5a0012a-6435-4a1f-972f-4c7056687a3d,2026-02,0,22,11,2
6362a925-ee50-474a-bafe-eb5fa69a1eec,d3451ad7-45e6-47c9-a0c7-31ae286d5c0a,2026-07,1,21,8,1
623799f5-8263-40ce-8e00-9ce2c70e121c,d3451ad7-45e6-47c9-a0c7-31ae286d5c0a,2026-06,1,21,9,1
ff1d177a-c56b-40ff-8adf-8ef47e66019f,d3451ad7-45e6-47c9-a0c7-31ae286d5c0a,2026-05,0,22,7,6
eb69f3ee-b7a9-4ec1-a53f-681cb6c218cc,d3451ad7-45e6-47c9-a0c7-31ae286d5c0a,2026-04,1,21,6,3
0a3945db-6c83-40fa-8cc5-0885f2c72f35,d3451ad7-45e6-47c9-a0c7-31ae286d5c0a,2026-03,1,21,6,1
cedba377-1dd8-4094-9f89-ccd30849ccac,d3451ad7-45e6-47c9-a0c7-31ae286d5c0a,2026-02,0,22,9,6
1472cf67-aaf1-4a0d-9da7-9f565e4b2ce1,6109afc3-da46-4c6c-85f2-5aa42d228d0f,2026-07,1,21,6,2
5b0f6e4e-d813-4508-863a-ff53c411edd1,6109afc3-da46-4c6c-85f2-5aa42d228d0f,2026-06,0,22,15,4
4d7fa6db-6ad7-452d-8fcc-fa0ce7ddd4a7,6109afc3-da46-4c6c-85f2-5aa42d228d0f,2026-05,1,21,6,1
a406d476-5c06-424c-a84b-89e95e49ec9d,6109afc3-da46-4c6c-85f2-5aa42d228d0f,2026-04,1,21,12,9
54be47b5-d9eb-474b-a9c9-4f34004bf0b3,6109afc3-da46-4c6c-85f2-5aa42d228d0f,2026-03,0,22,14,8
88779d44-999c-4188-b16b-6b516af68152,6109afc3-da46-4c6c-85f2-5aa42d228d0f,2026-02,1,21,14,9
0617235f-cb65-46d1-a682-e58952334b59,dd9af298-236b-421c-8e76-ca5bc47d15d1,2026-07,0,22,10,4
605e9770-1b0b-4f85-a833-51d401dede4b,dd9af298-236b-421c-8e76-ca5bc47d15d1,2026-06,1,21,9,8
2a102f21-d11b-4f0a-ae44-24d822541b0e,dd9af298-236b-421c-8e76-ca5bc47d15d1,2026-05,1,21,6,10
d965cd48-466e-4fda-a448-c619aca2cc13,dd9af298-236b-421c-8e76-ca5bc47d15d1,2026-04,0,22,10,3
baa3ecaf-16f2-4896-ac50-a9e39e41fe26,dd9af298-236b-421c-8e76-ca5bc47d15d1,2026-03,1,21,5,9
7f0e94a9-c982-46f2-b563-ae172346ad19,dd9af298-236b-421c-8e76-ca5bc47d15d1,2026-02,0,22,5,1
a676af53-c40d-44b3-a5c8-49f31de4186a,d86ccdbc-aa73-4ed2-abab-f102ec26452f,2026-07,0,22,9,10
e809c6d0-8379-4735-97fb-01b9f32dbd3c,d86ccdbc-aa73-4ed2-abab-f102ec26452f,2026-06,1,21,15,9
76ec14b2-7b36-4d80-ac12-9fa4e7e8862d,d86ccdbc-aa73-4ed2-abab-f102ec26452f,2026-05,0,22,6,6
9fdb8033-609a-4a35-97d9-2219ce5080e5,d86ccdbc-aa73-4ed2-abab-f102ec26452f,2026-04,0,22,6,2
12127bbb-8d69-41f3-873d-2dd0eaffdcf6,d86ccdbc-aa73-4ed2-abab-f102ec26452f,2026-03,0,22,5,4
7b8c3360-2082-494b-8ada-767834f0a9a8,d86ccdbc-aa73-4ed2-abab-f102ec26452f,2026-02,0,22,9,10
33235dc3-cf00-4005-ba9a-47207e4a3969,09fe69ac-28ad-4d15-a8b8-c4a2763384e6,2026-07,0,22,7,4
4ea78c58-feb2-404c-931b-83053068c07e,09fe69ac-28ad-4d15-a8b8-c4a2763384e6,2026-06,1,21,7,7
e8e51652-6f8d-4991-9459-ae73a222d0cf,09fe69ac-28ad-4d15-a8b8-c4a2763384e6,2026-05,1,21,8,5
42c1b9f1-eac9-4aa6-9bab-ee9b3caf6ded,09fe69ac-28ad-4d15-a8b8-c4a2763384e6,2026-04,1,21,12,4
9e8a4f41-d175-47da-91cc-f844bd76e77c,09fe69ac-28ad-4d15-a8b8-c4a2763384e6,2026-03,0,22,7,4
879e6111-2b42-4ba1-8cea-7050af99eb01,09fe69ac-28ad-4d15-a8b8-c4a2763384e6,2026-02,1,21,12,6
b6b0f8e3-801a-4dc0-863c-10df411b8180,b81c2d28-3fcb-4616-a31f-55704d4be4b2,2026-07,1,21,7,10
fc1e5b9c-57f5-47eb-bbec-332e9c2613df,b81c2d28-3fcb-4616-a31f-55704d4be4b2,2026-06,0,22,5,7
d8ff2bee-4a73-4d5f-91f4-e02d09b135cb,b81c2d28-3fcb-4616-a31f-55704d4be4b2,2026-05,0,22,6,0
a57280ae-b02a-479b-8146-42091fdc72f1,b81c2d28-3fcb-4616-a31f-55704d4be4b2,2026-04,1,21,12,2
ed672e34-07e6-4f98-afe5-f345b03333ae,b81c2d28-3fcb-4616-a31f-55704d4be4b2,2026-03,0,22,7,6
9694e333-2adc-45d8-833e-e680df6a5388,b81c2d28-3fcb-4616-a31f-55704d4be4b2,2026-02,1,21,7,4
863d378d-4028-4b4a-9050-e8e1292b5a69,cc0362ad-98f8-494f-83fe-c88849963c64,2026-07,1,21,9,2
6a9c4e36-af73-458e-b2ae-482531c4e7ac,cc0362ad-98f8-494f-83fe-c88849963c64,2026-06,0,22,5,0
b686c7a3-baaa-4be2-9441-09bb9ed6d4c9,cc0362ad-98f8-494f-83fe-c88849963c64,2026-05,0,22,5,3
9d655a11-072d-4a47-9788-60bad75b97d3,cc0362ad-98f8-494f-83fe-c88849963c64,2026-04,1,21,14,1
f32bb7d7-65f2-4cd9-b169-36a26da0d5c4,cc0362ad-98f8-494f-83fe-c88849963c64,2026-03,1,21,12,0
250a8977-a1e8-4f6f-aae1-615638345c46,cc0362ad-98f8-494f-83fe-c88849963c64,2026-02,1,21,7,6
2fe4cc21-ca19-4995-aaae-7cd725723353,8f04c6c2-bde9-4fc8-ad27-3795d02a7e38,2026-07,1,21,10,8
91e2a75f-6be6-4b29-8d9a-0006829a5200,8f04c6c2-bde9-4fc8-ad27-3795d02a7e38,2026-06,0,22,15,8
4ae7f0e2-9dab-4617-989d-b4c2619cfd0c,8f04c6c2-bde9-4fc8-ad27-3795d02a7e38,2026-05,1,21,8,1
7651297f-2344-443f-a71c-136fed1ac9df,8f04c6c2-bde9-4fc8-ad27-3795d02a7e38,2026-04,0,22,7,10
6fa7f672-79be-4875-8f8d-3c11036826b8,8f04c6c2-bde9-4fc8-ad27-3795d02a7e38,2026-03,0,22,7,0
28863491-a28c-4ada-a512-39e04b85527b,8f04c6c2-bde9-4fc8-ad27-3795d02a7e38,2026-02,1,21,13,1
656794f4-c313-4fce-83f9-399142c675f3,eefd2914-bc1a-4583-a177-b3b68b6d8551,2026-07,0,22,11,8
cae6309b-4399-491d-8c81-4f5457568b01,eefd2914-bc1a-4583-a177-b3b68b6d8551,2026-06,1,21,9,3
0c27c668-740d-4bc7-8bb0-1da62ebc6c24,eefd2914-bc1a-4583-a177-b3b68b6d8551,2026-05,0,22,15,9
95528ae4-17bd-4fde-bd20-e4e48dea92d0,eefd2914-bc1a-4583-a177-b3b68b6d8551,2026-04,0,22,7,3
32b221ff-6eba-43ed-9f71-ebdc468f02f3,eefd2914-bc1a-4583-a177-b3b68b6d8551,2026-03,0,22,8,3
455857bb-5c4f-4264-b4da-481439ca36a1,eefd2914-bc1a-4583-a177-b3b68b6d8551,2026-02,1,21,10,7
a5efede4-f93b-4e95-9867-b34ef2a381a6,5f4665a5-457f-4b7b-b201-ac3bc27a94ae,2026-07,0,22,5,10
d5ba9383-725d-4bff-8dd6-43bf9a3d7c3e,5f4665a5-457f-4b7b-b201-ac3bc27a94ae,2026-06,1,21,15,9
f8fa9346-17c5-42d0-adef-fcf0baadc1e4,5f4665a5-457f-4b7b-b201-ac3bc27a94ae,2026-05,1,21,7,7
70417ed1-c510-46b4-8e13-d29daedf6209,5f4665a5-457f-4b7b-b201-ac3bc27a94ae,2026-04,1,21,12,0
9850c2e0-1a12-45e0-a665-36871952aada,5f4665a5-457f-4b7b-b201-ac3bc27a94ae,2026-03,0,22,9,0
9b50d4c0-3517-4c04-b075-1796a1873b87,5f4665a5-457f-4b7b-b201-ac3bc27a94ae,2026-02,1,21,9,3
9cf8818c-25d6-4eee-8e81-867f9e7d80ef,9f63ee9e-13ac-4740-873b-0596493e267b,2026-07,1,21,14,6
0b56d301-b85f-41b6-bef4-4e234c2dc120,9f63ee9e-13ac-4740-873b-0596493e267b,2026-06,0,22,6,0
6f4af96f-96eb-4c4a-bb77-8b511b1645bc,9f63ee9e-13ac-4740-873b-0596493e267b,2026-05,1,21,14,3
7e4b22eb-b8c8-4958-b059-26c6d8e9b1c6,9f63ee9e-13ac-4740-873b-0596493e267b,2026-04,0,22,15,4
fed6d6e3-ce32-4bfb-829b-2b7a23cb9c6e,9f63ee9e-13ac-4740-873b-0596493e267b,2026-03,1,21,5,10
04876462-fc0c-464f-97d2-2c5568ae40bc,9f63ee9e-13ac-4740-873b-0596493e267b,2026-02,1,21,9,2
30039199-a3b2-49ef-8e64-928dbf98b20b,b510a7ee-0c6d-4b82-a0f1-ed6217ca7e48,2026-07,2,20,2,10
190783e6-9efd-409e-8351-a65e6604f637,b510a7ee-0c6d-4b82-a0f1-ed6217ca7e48,2026-06,2,20,5,6
4ee86073-c641-43a7-8cf7-0abb90ef1204,b510a7ee-0c6d-4b82-a0f1-ed6217ca7e48,2026-05,3,19,3,5
b8180379-7a07-4b71-ba91-e813112b5ebe,b510a7ee-0c6d-4b82-a0f1-ed6217ca7e48,2026-04,1,21,0,9
380a1862-de62-46e8-8055-ab07814b9f6e,b510a7ee-0c6d-4b82-a0f1-ed6217ca7e48,2026-03,1,21,10,6
280e3ed7-6108-4766-bfab-a8bf8647a36a,b510a7ee-0c6d-4b82-a0f1-ed6217ca7e48,2026-02,2,20,6,0
57e897fe-1e0a-483d-8609-5720e16b3e62,26a2ee15-8cff-4ec3-968e-d788cf060515,2026-07,0,22,14,3
b099b646-57f7-46be-8410-3f29981d0c55,26a2ee15-8cff-4ec3-968e-d788cf060515,2026-06,0,22,9,8
89518b59-87ad-4db1-91bf-f7792647c503,26a2ee15-8cff-4ec3-968e-d788cf060515,2026-05,0,22,10,0
9c178663-348a-4252-bf64-0f16a3ef4b7e,26a2ee15-8cff-4ec3-968e-d788cf060515,2026-04,1,21,9,5
34b8c8f9-0590-45f1-8cd9-11fcf5949909,26a2ee15-8cff-4ec3-968e-d788cf060515,2026-03,1,21,6,8
369bd535-891f-46f5-a8a1-5f4b0d19df0f,26a2ee15-8cff-4ec3-968e-d788cf060515,2026-02,0,22,13,5
2e363073-2411-4e16-9420-4a2900eef5ee,0d65cf78-b7f3-4305-b83c-6f558de40c0a,2026-07,0,22,14,4
3c10ea61-967a-46dd-a6e7-e9a811c804c9,0d65cf78-b7f3-4305-b83c-6f558de40c0a,2026-06,1,21,5,3
5819d828-7bb6-497f-b8fb-e63bab27d163,0d65cf78-b7f3-4305-b83c-6f558de40c0a,2026-05,0,22,5,2
3c78239a-484c-457e-8261-166f932c7f38,0d65cf78-b7f3-4305-b83c-6f558de40c0a,2026-04,0,22,9,6
70fff80d-11b9-4546-ab64-93054a1c0883,0d65cf78-b7f3-4305-b83c-6f558de40c0a,2026-03,0,22,9,6
e4de5774-2d23-4ff7-9d5b-9acb25379337,0d65cf78-b7f3-4305-b83c-6f558de40c0a,2026-02,0,22,15,9
e9bce304-6fc0-45b8-8c71-9e9b352b95fd,e816db34-95d1-47ce-b26a-17e729f6f180,2026-07,0,22,9,7
8a471f85-f69c-4591-ae62-f8b018357298,e816db34-95d1-47ce-b26a-17e729f6f180,2026-06,0,22,10,4
e1536520-de77-4026-91d8-33df20e03529,e816db34-95d1-47ce-b26a-17e729f6f180,2026-05,0,22,15,4
fddd951f-4322-406a-97d5-bd9fe8314822,e816db34-95d1-47ce-b26a-17e729f6f180,2026-04,1,21,14,9
61604423-ddca-4af5-9f58-fc5ee5eedf79,e816db34-95d1-47ce-b26a-17e729f6f180,2026-03,1,21,15,5
edba445f-b638-41b8-80ea-84246a0e9f27,e816db34-95d1-47ce-b26a-17e729f6f180,2026-02,0,22,7,2
46c11b6e-3512-4d4f-8f4b-6e2269092bda,724ce511-6d59-4b6b-a591-bc9cf8bf5834,2026-07,1,21,10,10
c56e761a-b823-45a5-b347-2a34774ec27e,724ce511-6d59-4b6b-a591-bc9cf8bf5834,2026-06,1,21,8,8
785e7ee5-4b3b-4010-915c-d27acd5d8b78,724ce511-6d59-4b6b-a591-bc9cf8bf5834,2026-05,1,21,1,7
9636a34d-3bf1-4bfe-815b-06b502989dff,724ce511-6d59-4b6b-a591-bc9cf8bf5834,2026-04,3,19,0,4
c1750952-980c-43f8-8cf1-aa97a6e0932a,724ce511-6d59-4b6b-a591-bc9cf8bf5834,2026-03,2,20,0,8
fe199351-de32-4a29-8104-18131e2666bd,724ce511-6d59-4b6b-a591-bc9cf8bf5834,2026-02,1,21,4,7
4ece86da-5152-4435-b8cd-f782369a52b1,90b4ea17-3706-4df1-a43d-a63ce36ec447,2026-07,2,20,10,6
de057e5a-8b59-487c-8c14-83aca72f2fc2,90b4ea17-3706-4df1-a43d-a63ce36ec447,2026-06,3,19,2,0
2fa4c28a-3363-4846-9fe0-689c77a01c5e,90b4ea17-3706-4df1-a43d-a63ce36ec447,2026-05,1,21,1,3
21162871-3930-41b1-8809-9153fa8f957c,90b4ea17-3706-4df1-a43d-a63ce36ec447,2026-04,1,21,7,9
9c394da7-97b8-45ee-98a7-a49209ab6998,90b4ea17-3706-4df1-a43d-a63ce36ec447,2026-03,2,20,8,9
e0518020-0533-489d-a13f-dc5c0a93ba65,90b4ea17-3706-4df1-a43d-a63ce36ec447,2026-02,3,19,6,4
2b8d321f-a4c5-4763-a770-8f87aef9d2f6,407b47a5-ae83-44b5-8d41-209bde3e62c2,2026-07,0,22,6,0
d78cfb6d-50c1-4c79-946e-33ac13990a96,407b47a5-ae83-44b5-8d41-209bde3e62c2,2026-06,0,22,7,8
614e34c5-a957-4148-8663-92b26492c6cd,407b47a5-ae83-44b5-8d41-209bde3e62c2,2026-05,0,22,10,5
1391930c-30b9-4dd2-b538-d58004f15ebf,407b47a5-ae83-44b5-8d41-209bde3e62c2,2026-04,0,22,9,4
221cfcee-c6b0-4973-be71-3e4dc267867e,407b47a5-ae83-44b5-8d41-209bde3e62c2,2026-03,0,22,6,4
dfaebf01-ff5e-47ca-9e59-0fde15e1d0ca,407b47a5-ae83-44b5-8d41-209bde3e62c2,2026-02,0,22,11,4
ee17100c-48e9-483a-88c1-104c5cb4d20d,772b531a-c165-43f7-ac9b-8dd5f398a403,2026-07,1,21,12,4
da32c1e9-34ae-45c1-8877-23134d8c5eac,772b531a-c165-43f7-ac9b-8dd5f398a403,2026-06,0,22,15,4
fcf5175f-dc81-4904-9ceb-6870caf05f13,772b531a-c165-43f7-ac9b-8dd5f398a403,2026-05,0,22,5,4
03eaaf53-1cde-4b5c-acde-1adad7a8d055,772b531a-c165-43f7-ac9b-8dd5f398a403,2026-04,0,22,7,9
0d08fbbc-62d1-4b8b-9a54-e6626ed5d2de,772b531a-c165-43f7-ac9b-8dd5f398a403,2026-03,1,21,12,2
7576e11c-7dc0-4901-bd06-6c5b30306cd1,772b531a-c165-43f7-ac9b-8dd5f398a403,2026-02,1,21,7,5
aee08e85-3605-424f-a41e-37fa736718f9,bd928bef-5104-4ece-a692-aea36ae984e1,2026-07,1,21,8,0
c0db768e-4260-460d-8cc1-ec6d68bacd98,bd928bef-5104-4ece-a692-aea36ae984e1,2026-06,0,22,15,2
75ba16d8-9f68-4bea-be5c-73aad56fba9c,bd928bef-5104-4ece-a692-aea36ae984e1,2026-05,0,22,5,0
ce14ee91-77bd-4d0c-9b62-16c76c532c5d,bd928bef-5104-4ece-a692-aea36ae984e1,2026-04,1,21,11,10
b6a5b494-6d95-49d0-84c8-620692c6d14d,bd928bef-5104-4ece-a692-aea36ae984e1,2026-03,0,22,12,0
6d19c89b-7f9d-4936-a774-1d5efdfeb5ab,bd928bef-5104-4ece-a692-aea36ae984e1,2026-02,1,21,10,5
e6cccd76-5cdd-4dde-a83c-f2ea9400bb82,2beb2383-49a5-4e4d-a6b9-063980773f9b,2026-07,0,22,9,7
5525e25c-c371-495d-b99f-4b70dd52cd5c,2beb2383-49a5-4e4d-a6b9-063980773f9b,2026-06,1,21,14,8
a3fd9a10-344b-4916-b141-3a98133beb3f,2beb2383-49a5-4e4d-a6b9-063980773f9b,2026-05,0,22,6,8
a5e0e237-d0fe-4a67-a4f2-c97d54a8f4d2,2beb2383-49a5-4e4d-a6b9-063980773f9b,2026-04,0,22,9,8
c679977a-9246-4295-b806-94bd248e67f1,2beb2383-49a5-4e4d-a6b9-063980773f9b,2026-03,0,22,9,9
d477f75b-ce6a-4218-ae1f-5547e1bbf921,2beb2383-49a5-4e4d-a6b9-063980773f9b,2026-02,0,22,11,5
ef2761b1-e92a-46ee-ba9c-4e96f5f28658,7de7e43f-205e-499b-ab07-b25e8c685c35,2026-07,1,21,10,0
c4258c8b-fc5d-4825-95a9-11b3bdd099d8,7de7e43f-205e-499b-ab07-b25e8c685c35,2026-06,2,20,1,3
2004aefa-1056-4aea-ac44-6d1509309907,7de7e43f-205e-499b-ab07-b25e8c685c35,2026-05,2,20,0,5
2baae24b-dd07-445b-8600-dbb30fcac9ba,7de7e43f-205e-499b-ab07-b25e8c685c35,2026-04,3,19,10,10
d6c18f46-a119-4414-9863-b822e0781256,7de7e43f-205e-499b-ab07-b25e8c685c35,2026-03,3,19,2,1
b4c6b4da-1075-408e-a49c-c2d783ec0bf9,7de7e43f-205e-499b-ab07-b25e8c685c35,2026-02,2,20,3,9
c12da43f-cd7e-4476-b07c-a0d6d5540e26,e94d8713-411f-41cb-8f2f-70e902302d28,2026-07,0,22,11,9
00ac88b8-7a31-4b27-9b45-1cb20bfe3e8f,e94d8713-411f-41cb-8f2f-70e902302d28,2026-06,1,21,10,2
b146b9b4-195d-4d68-90bb-df0840e8d4db,e94d8713-411f-41cb-8f2f-70e902302d28,2026-05,1,21,7,0
901a0b14-e012-4b4d-9042-950ce917b21e,e94d8713-411f-41cb-8f2f-70e902302d28,2026-04,1,21,11,0
34089014-64d5-4e9a-ab2d-1d72843b59df,e94d8713-411f-41cb-8f2f-70e902302d28,2026-03,1,21,15,0
863105c3-8ad3-413a-909c-41ef656f4e6e,e94d8713-411f-41cb-8f2f-70e902302d28,2026-02,1,21,15,6
670da543-05e8-4158-8993-09a10b89c26d,38d797e2-190f-448e-b40f-cb478ca572e4,2026-07,0,22,13,5
cc4a601b-143a-41ae-866c-4ab5aef8f108,38d797e2-190f-448e-b40f-cb478ca572e4,2026-06,0,22,10,0
166d2ce9-46ca-4dbb-9b11-7788b28ea3da,38d797e2-190f-448e-b40f-cb478ca572e4,2026-05,0,22,14,2
4cdd60aa-ae50-42ef-9e51-b95dab0ea7a6,38d797e2-190f-448e-b40f-cb478ca572e4,2026-04,1,21,13,9
dfef2124-94dd-45c9-ab01-41105d9c5f4b,38d797e2-190f-448e-b40f-cb478ca572e4,2026-03,1,21,12,2
6b498e22-e2a4-4583-a21b-9da70c4a0c7d,38d797e2-190f-448e-b40f-cb478ca572e4,2026-02,0,22,14,4
0fcea266-90b2-4c5a-83fc-fd9550f8ecaf,60943214-35db-455d-bf10-592be9d56ed0,2026-07,2,20,4,9
aee699ca-1a1a-4a53-9398-c96c35cacb90,60943214-35db-455d-bf10-592be9d56ed0,2026-06,3,19,6,9
7b922068-29cc-4a0e-8e20-b427e8cbf3d2,60943214-35db-455d-bf10-592be9d56ed0,2026-05,2,20,0,1
81fdfda4-6e28-4d99-be1d-775bcc8161fc,60943214-35db-455d-bf10-592be9d56ed0,2026-04,3,19,8,8
b44398fe-d3fe-44b2-ae5c-ad605bf97351,60943214-35db-455d-bf10-592be9d56ed0,2026-03,3,19,3,5
b8526729-1f76-47a9-aba0-6adfb4a93bf1,60943214-35db-455d-bf10-592be9d56ed0,2026-02,3,19,4,7
90e2371d-1ac0-4053-bd27-8b307c42cdc0,75686acb-b05b-4966-aa9b-e6b17ec3fa2e,2026-07,1,21,14,7
09a709d7-9405-4f25-8bb2-9e61fa39878c,75686acb-b05b-4966-aa9b-e6b17ec3fa2e,2026-06,1,21,12,8
6936ffa2-59bc-4ea3-9576-57efb02f8241,75686acb-b05b-4966-aa9b-e6b17ec3fa2e,2026-05,0,22,12,3
c6dc917a-49ca-42d1-bf2f-688e3c2b1b6f,75686acb-b05b-4966-aa9b-e6b17ec3fa2e,2026-04,0,22,6,0
09e70d53-e73a-43d0-b341-8224be2af6cf,75686acb-b05b-4966-aa9b-e6b17ec3fa2e,2026-03,0,22,5,0
bf9e7739-5f4a-4d91-a66b-699ceaa1c0f2,75686acb-b05b-4966-aa9b-e6b17ec3fa2e,2026-02,0,22,7,7
9b495b2f-d6ab-4ea3-bdd4-2d3104948bda,f5bbaa6b-d3c9-4543-a98f-56ade63f89ac,2026-07,1,21,12,1
04fdacda-b6f4-4b8c-8064-3df3c79566e5,f5bbaa6b-d3c9-4543-a98f-56ade63f89ac,2026-06,0,22,10,2
06f2593a-a1aa-473b-a43a-355271dcfcc4,f5bbaa6b-d3c9-4543-a98f-56ade63f89ac,2026-05,1,21,7,8
bc6025b5-460d-413e-a180-cee0cd991a4a,f5bbaa6b-d3c9-4543-a98f-56ade63f89ac,2026-04,1,21,15,4
612f7761-eb4a-4a4c-838f-dafb8e366048,f5bbaa6b-d3c9-4543-a98f-56ade63f89ac,2026-03,0,22,6,1
dd1a8385-f6f5-471d-bcc1-a80a3824ea65,f5bbaa6b-d3c9-4543-a98f-56ade63f89ac,2026-02,0,22,12,3
ceef66a8-8da0-4f56-84a2-c747c9df79b5,801d6e70-2cc0-4a16-a769-12ee20f01d56,2026-07,0,22,10,4
37ee9d93-d6d6-4852-854f-9db6d9f6a3ab,801d6e70-2cc0-4a16-a769-12ee20f01d56,2026-06,1,21,8,0
d802d809-3a18-4f92-ba49-56edff74fe5f,801d6e70-2cc0-4a16-a769-12ee20f01d56,2026-05,1,21,14,8
6f3b9a8b-4435-4ef6-86ee-9e45b4fe5d80,801d6e70-2cc0-4a16-a769-12ee20f01d56,2026-04,0,22,9,0
1dadd97a-95db-4d5f-9029-9909dd07c4ae,801d6e70-2cc0-4a16-a769-12ee20f01d56,2026-03,1,21,13,9
49409112-5987-4351-898b-b9e95ecc30d6,801d6e70-2cc0-4a16-a769-12ee20f01d56,2026-02,1,21,12,4
fbb00960-c95f-4df4-8fce-3055bcb3cf06,932339de-a50a-4650-b0f7-f36968bf725b,2026-07,0,22,15,5
95d5613d-01e9-4cf4-b37a-de8e04cdda05,932339de-a50a-4650-b0f7-f36968bf725b,2026-06,1,21,10,5
3590c29e-3983-4425-8d93-7b6e37659636,932339de-a50a-4650-b0f7-f36968bf725b,2026-05,0,22,14,10
b9a834b7-7da9-467f-b8eb-74986f9a9bed,932339de-a50a-4650-b0f7-f36968bf725b,2026-04,0,22,14,1
ba2c85dd-fed7-401e-a975-27a490af4562,932339de-a50a-4650-b0f7-f36968bf725b,2026-03,0,22,6,8
708f7ee5-12e9-488d-baec-f15344aabea0,932339de-a50a-4650-b0f7-f36968bf725b,2026-02,1,21,11,10
4e384185-6124-42c6-897b-1c967df99e52,23298e2c-27fb-411b-b871-7a7193ab2963,2026-07,1,21,6,1
dfac840a-75cb-4978-9f80-2ab3d58947e3,23298e2c-27fb-411b-b871-7a7193ab2963,2026-06,1,21,15,0
2dce65dc-db83-4dd3-8132-db25909b0cd5,23298e2c-27fb-411b-b871-7a7193ab2963,2026-05,0,22,10,4
02461aa7-7c0a-4dd5-8519-4e853bde93bf,23298e2c-27fb-411b-b871-7a7193ab2963,2026-04,1,21,5,0
49b0a592-2e13-4219-baa8-737005b962bc,23298e2c-27fb-411b-b871-7a7193ab2963,2026-03,0,22,8,4
2d963471-a236-469e-9519-3071a394d10c,23298e2c-27fb-411b-b871-7a7193ab2963,2026-02,0,22,9,5
69ee36ec-fc62-4f69-94f0-af2cde8caadc,5d569243-9e8e-40cc-8234-652100fb21f4,2026-07,1,21,14,3
71e3b0ee-4fb2-4f34-9dc7-10bf5e28d915,5d569243-9e8e-40cc-8234-652100fb21f4,2026-06,1,21,7,10
37ac6edc-a50e-4d30-8c4c-5f0dde2d7e2f,5d569243-9e8e-40cc-8234-652100fb21f4,2026-05,0,22,5,6
f567ed41-a3fb-43ea-bad2-ed84742f6e42,5d569243-9e8e-40cc-8234-652100fb21f4,2026-04,1,21,12,8
7122a513-8162-46a9-9683-6882cbb8041e,5d569243-9e8e-40cc-8234-652100fb21f4,2026-03,0,22,15,7
63e0f692-022f-47e6-85af-3e5f2244bd02,5d569243-9e8e-40cc-8234-652100fb21f4,2026-02,1,21,13,9
d2809ebe-4ff6-44f0-a54e-d1476ea190ee,a555780f-bdd1-4446-983b-16b64b01ddb1,2026-07,1,21,8,9
6c20f7f1-924b-4ae2-8ef3-6d3e7709a3b1,a555780f-bdd1-4446-983b-16b64b01ddb1,2026-06,1,21,10,7
17584481-f0d5-4028-9b62-9252548a48a3,a555780f-bdd1-4446-983b-16b64b01ddb1,2026-05,0,22,9,1
69fd1be4-1442-46de-a465-62f8a7be8eda,a555780f-bdd1-4446-983b-16b64b01ddb1,2026-04,1,21,12,2
03236f0d-21b9-42c0-be80-8b488d9cd8ff,a555780f-bdd1-4446-983b-16b64b01ddb1,2026-03,1,21,6,0
130ec76d-4036-422e-8c51-5bfd16e329de,a555780f-bdd1-4446-983b-16b64b01ddb1,2026-02,1,21,12,8
a5d7ba88-88d2-4a6f-b3e7-afbd598f52ed,a25a0ddb-109e-42b9-8724-b9b299f406ea,2026-07,0,22,13,4
21bad437-cf96-422a-b360-33388ccdf10c,a25a0ddb-109e-42b9-8724-b9b299f406ea,2026-06,1,21,8,9
6ce3c0d4-625f-4341-ab35-f26f039d8aa7,a25a0ddb-109e-42b9-8724-b9b299f406ea,2026-05,1,21,10,2
7adb070f-3b72-415b-9753-12d3e5636f61,a25a0ddb-109e-42b9-8724-b9b299f406ea,2026-04,1,21,11,1
24f6b0bb-cb07-43a1-bc55-553725a1ec21,a25a0ddb-109e-42b9-8724-b9b299f406ea,2026-03,0,22,11,10
efd821a7-9719-49cb-a082-5e4b18120c90,a25a0ddb-109e-42b9-8724-b9b299f406ea,2026-02,1,21,5,4
8d6e0010-52cb-4f4a-a5ad-5e3058ea321c,0345a706-f99a-45e0-8c76-880ef60d93a0,2026-07,1,21,7,8
a6c11971-9691-4f83-813e-6712bf8b323b,0345a706-f99a-45e0-8c76-880ef60d93a0,2026-06,0,22,11,3
c89faba5-8082-4739-a7e9-755977bc2461,0345a706-f99a-45e0-8c76-880ef60d93a0,2026-05,0,22,12,3
3c8390dc-b6ca-4135-9ca1-afce428993e4,0345a706-f99a-45e0-8c76-880ef60d93a0,2026-04,0,22,6,7
b49075e3-c74e-4a8a-b76f-20ff92ff89a6,0345a706-f99a-45e0-8c76-880ef60d93a0,2026-03,1,21,5,8
e358e266-01f5-4a3f-92df-c8ec0d387986,0345a706-f99a-45e0-8c76-880ef60d93a0,2026-02,1,21,8,5
fcc209a3-27d9-4d4b-80a8-01d4908b729a,325a1685-4f4b-4f35-8c39-db1c4e13ef64,2026-07,0,22,12,3
3e98d660-ba1a-4ef3-9595-88dfda5d859d,325a1685-4f4b-4f35-8c39-db1c4e13ef64,2026-06,1,21,14,6
a46836c4-1ca2-4009-a95e-9c93bbe82afd,325a1685-4f4b-4f35-8c39-db1c4e13ef64,2026-05,0,22,5,9
e6496936-4d57-4c0c-b205-83bd5af90853,325a1685-4f4b-4f35-8c39-db1c4e13ef64,2026-04,1,21,14,3
90a579dc-a88d-4647-9b2c-beb3c6636f8d,325a1685-4f4b-4f35-8c39-db1c4e13ef64,2026-03,0,22,13,6
68a8f071-4d94-4b87-81cf-b3e5613f2b77,325a1685-4f4b-4f35-8c39-db1c4e13ef64,2026-02,1,21,9,4
cecd0f26-4270-40fe-b63c-7d728b854c62,af9f5f36-c8a1-4796-8061-5e6ec6b27020,2026-07,0,22,10,2
334aad49-9a3b-4a91-a895-95ff1d65a4fe,af9f5f36-c8a1-4796-8061-5e6ec6b27020,2026-06,0,22,6,0
9770dde7-5953-4c9d-b689-c74dd63aa1b9,af9f5f36-c8a1-4796-8061-5e6ec6b27020,2026-05,1,21,15,0
3bae9543-43c5-458d-aaff-0a8367489e13,af9f5f36-c8a1-4796-8061-5e6ec6b27020,2026-04,1,21,5,6
4e26be69-b85c-4e5f-8044-c590a4534803,af9f5f36-c8a1-4796-8061-5e6ec6b27020,2026-03,0,22,5,8
c7659cea-a2b4-42b4-b10c-8087c9d959ff,af9f5f36-c8a1-4796-8061-5e6ec6b27020,2026-02,0,22,10,8
ad6392f2-b90d-4acf-bbee-e9f11e4490ae,8e810f76-c4ee-4f14-b56d-1dc576874d41,2026-07,1,21,13,6
47d5c64f-139c-4ec0-9650-837e7f51f511,8e810f76-c4ee-4f14-b56d-1dc576874d41,2026-06,1,21,7,3
2f261a78-fa9f-4b61-9640-ef904ed58eb8,8e810f76-c4ee-4f14-b56d-1dc576874d41,2026-05,1,21,6,4
45a5927b-0264-45de-a3fe-c34591f985b6,8e810f76-c4ee-4f14-b56d-1dc576874d41,2026-04,1,21,7,5
36c11adb-99ba-4608-8780-988e0244b777,8e810f76-c4ee-4f14-b56d-1dc576874d41,2026-03,1,21,6,9
8754a858-fdfc-410a-b82b-d489a7b82b75,8e810f76-c4ee-4f14-b56d-1dc576874d41,2026-02,0,22,6,5
f4fc5b12-a0f9-4080-a22e-76d826c61107,025e6795-7477-4e0a-acb2-a3445f7cdeea,2026-07,1,21,6,4
59d9fc3e-27b9-4dd5-bb19-17d81e8d67bc,025e6795-7477-4e0a-acb2-a3445f7cdeea,2026-06,0,22,6,9
a927c6ff-43f1-4ecc-aab1-a19abc3d9c06,025e6795-7477-4e0a-acb2-a3445f7cdeea,2026-05,1,21,6,8
59bfc13d-938b-4a2e-86e9-c09e0f20d84e,025e6795-7477-4e0a-acb2-a3445f7cdeea,2026-04,0,22,10,2
739ddc3c-a5b2-4b9e-8a33-bb36a3b909a0,025e6795-7477-4e0a-acb2-a3445f7cdeea,2026-03,1,21,13,8
a5d4f4ca-6e53-4d98-9ae1-f64bcf91e4f6,025e6795-7477-4e0a-acb2-a3445f7cdeea,2026-02,0,22,5,6
4fd0f05e-151d-47ec-859b-639d954e09ac,5f896efc-8285-4e50-91a2-70f3a776cb34,2026-07,1,21,9,1
90162f89-0295-4e6a-9620-85b9bb7a3af7,5f896efc-8285-4e50-91a2-70f3a776cb34,2026-06,1,21,9,2
3c41bfae-6008-4cfb-b6dd-240a904b32de,5f896efc-8285-4e50-91a2-70f3a776cb34,2026-05,1,21,6,3
39d77d93-8cda-4491-8186-2fb49f21271b,5f896efc-8285-4e50-91a2-70f3a776cb34,2026-04,1,21,14,1
c0f16b38-0784-47ec-88ec-0473270e35e1,5f896efc-8285-4e50-91a2-70f3a776cb34,2026-03,1,21,10,8
e87d20e9-6a6a-450b-aeb9-cf5b95e62af3,5f896efc-8285-4e50-91a2-70f3a776cb34,2026-02,0,22,11,7
e98a4e62-f1c2-4a25-8d3d-c47c3a50ffbd,5c0dde1d-4315-4c36-9a1e-9bf888dedfe2,2026-07,3,19,2,6
1178fa2e-284c-4989-9616-93171fd87719,5c0dde1d-4315-4c36-9a1e-9bf888dedfe2,2026-06,1,21,4,7
38b9e3e7-0e1d-49ac-a2cb-2b3ed7b16718,5c0dde1d-4315-4c36-9a1e-9bf888dedfe2,2026-05,3,19,9,1
6b069ffb-1fe7-4169-a53d-16903ad09ce4,5c0dde1d-4315-4c36-9a1e-9bf888dedfe2,2026-04,2,20,0,1
1705f290-1b1b-4c61-88fc-2694f6984735,5c0dde1d-4315-4c36-9a1e-9bf888dedfe2,2026-03,3,19,8,6
b541c755-0b1a-4f59-9965-5cc696459397,5c0dde1d-4315-4c36-9a1e-9bf888dedfe2,2026-02,2,20,7,5
d57081af-fc56-4abf-917d-fe2caa943239,87cc9d41-6dd8-4d39-9f69-8829715a3d94,2026-07,6,16,1,10
88b5cbe2-6531-4c84-972a-57a7ca09254a,87cc9d41-6dd8-4d39-9f69-8829715a3d94,2026-06,4,18,4,1
7ab13704-4797-4398-a6d9-ddbbcec98401,87cc9d41-6dd8-4d39-9f69-8829715a3d94,2026-05,4,18,0,3
b9a7f7fd-cfa2-43f8-bef4-34110ed18d31,87cc9d41-6dd8-4d39-9f69-8829715a3d94,2026-04,6,16,4,9
229ab315-0e55-4772-9699-462092245336,87cc9d41-6dd8-4d39-9f69-8829715a3d94,2026-03,2,20,3,7
2e228a22-162d-460b-86ad-0c579220a997,87cc9d41-6dd8-4d39-9f69-8829715a3d94,2026-02,5,17,4,6
1a5c3a8d-e640-4e9e-a005-e7de73d5f2be,3f96bea4-9550-425b-9510-87ae5a7ea6de,2026-07,2,20,2,3
4548054e-6605-413d-9743-930264bfb765,3f96bea4-9550-425b-9510-87ae5a7ea6de,2026-06,3,19,2,7
c5b2110b-4b31-48d9-8cd8-75c464dcdd21,3f96bea4-9550-425b-9510-87ae5a7ea6de,2026-05,2,20,3,7
19010aa9-ca29-4365-9f47-73867eb902dc,3f96bea4-9550-425b-9510-87ae5a7ea6de,2026-04,1,21,2,9
92311089-ad12-4460-b64b-66d169e6529e,3f96bea4-9550-425b-9510-87ae5a7ea6de,2026-03,2,20,4,4
1c17981a-e569-4a5f-9198-dc1b93c209c7,3f96bea4-9550-425b-9510-87ae5a7ea6de,2026-02,1,21,1,1
c69df80b-6492-4961-8caf-091a26160220,891da385-8611-4e15-97e3-458e495d7276,2026-07,1,21,7,4
755e9ed5-3ce5-4b65-b3b3-dd4f50d78a3f,891da385-8611-4e15-97e3-458e495d7276,2026-06,1,21,8,8
b79bb836-1470-45c8-9a2c-0213790b9681,891da385-8611-4e15-97e3-458e495d7276,2026-05,0,22,5,4
f9ec99bc-9e78-4769-a312-8c683d161f4f,891da385-8611-4e15-97e3-458e495d7276,2026-04,0,22,7,2
6e613488-e4a0-4dbe-955e-502452566bd5,891da385-8611-4e15-97e3-458e495d7276,2026-03,1,21,5,4
1b0e14c2-06ba-4a87-94c6-320d5d7bc913,891da385-8611-4e15-97e3-458e495d7276,2026-02,1,21,14,0
bb07524d-fe35-4826-8937-8eac24458996,ddd3ee9a-b633-461a-86d4-9de82e3ce069,2026-07,1,21,8,0
af5bf837-99bc-4596-aaf6-b42cbcf3d395,ddd3ee9a-b633-461a-86d4-9de82e3ce069,2026-06,1,21,7,2
4c974ae8-c14e-4ed8-8929-90d7d7fcf5c1,ddd3ee9a-b633-461a-86d4-9de82e3ce069,2026-05,0,22,11,7
a61e8b0f-e944-49b9-ad22-338c4f6d7d0e,ddd3ee9a-b633-461a-86d4-9de82e3ce069,2026-04,1,21,9,4
9a29c66b-30ed-4763-ba6b-851712340ce2,ddd3ee9a-b633-461a-86d4-9de82e3ce069,2026-03,0,22,11,1
3afb13b9-f1ff-456a-9d76-58a20759f100,ddd3ee9a-b633-461a-86d4-9de82e3ce069,2026-02,1,21,13,6
69a665e6-f016-4ec9-bf9a-181cae133ba8,b51584ab-d762-4045-bb6b-5103a077001d,2026-07,1,21,7,9
870c384c-4e64-47c4-a979-941d9252ed29,b51584ab-d762-4045-bb6b-5103a077001d,2026-06,1,21,9,1
b17f7e9b-6394-42dc-ac94-27cd76fe3e14,b51584ab-d762-4045-bb6b-5103a077001d,2026-05,1,21,5,1
18783323-d964-44e5-afb0-0a414da6fc28,b51584ab-d762-4045-bb6b-5103a077001d,2026-04,1,21,10,5
78684397-2f5f-43a3-afa2-82cd83744632,b51584ab-d762-4045-bb6b-5103a077001d,2026-03,1,21,5,5
92e1cd00-21d7-4902-a386-0f4b0db8ccc5,b51584ab-d762-4045-bb6b-5103a077001d,2026-02,0,22,12,9
f3902628-85f7-4093-8473-14aab1c03bf2,3b84bf0b-885b-464c-86df-9899a9ebfde9,2026-07,1,21,12,1
a5c4937e-2c2c-436a-b586-ff5af6de12f8,3b84bf0b-885b-464c-86df-9899a9ebfde9,2026-06,1,21,13,1
001bd176-5fcc-4522-be41-92536c598fa2,3b84bf0b-885b-464c-86df-9899a9ebfde9,2026-05,1,21,7,0
7f4ee3b1-9f26-4d2e-827b-cba5841da762,3b84bf0b-885b-464c-86df-9899a9ebfde9,2026-04,0,22,13,6
41eb67b9-b186-4fc8-9058-e73f24970e0e,3b84bf0b-885b-464c-86df-9899a9ebfde9,2026-03,1,21,5,9
867f0ca8-50f6-416c-87d0-9b75d62d988c,3b84bf0b-885b-464c-86df-9899a9ebfde9,2026-02,1,21,9,10
cd4e4ba6-fcee-449e-aebb-63b6d56eaefd,d4579b01-5df4-4a37-90a7-1be070bf7e05,2026-07,0,22,7,2
79f914eb-3c64-4904-9549-e02b3a88c623,d4579b01-5df4-4a37-90a7-1be070bf7e05,2026-06,1,21,15,6
a0f91120-5618-4951-aeaa-c756b0188edd,d4579b01-5df4-4a37-90a7-1be070bf7e05,2026-05,1,21,7,7
1e300665-f620-49f3-9475-0934737a3fe2,d4579b01-5df4-4a37-90a7-1be070bf7e05,2026-04,1,21,5,8
7e290322-4d07-408f-a045-37eb3781affc,d4579b01-5df4-4a37-90a7-1be070bf7e05,2026-03,0,22,8,0
6e28768a-599d-438b-87f7-ab993868cef7,d4579b01-5df4-4a37-90a7-1be070bf7e05,2026-02,1,21,8,5
28008f90-e917-4827-b646-eab06f8c1325,afca0a3e-a6d4-441c-9fd3-fc269529a200,2026-07,2,20,5,10
2b45b0f6-cab2-4d78-bcc7-b8a63d000032,afca0a3e-a6d4-441c-9fd3-fc269529a200,2026-06,2,20,2,2
25a751be-fd57-4374-b199-9a909f11314a,afca0a3e-a6d4-441c-9fd3-fc269529a200,2026-05,1,21,4,7
d8551c31-431a-4a1c-8fea-a770a57941a4,afca0a3e-a6d4-441c-9fd3-fc269529a200,2026-04,3,19,5,5
3dfe0225-0781-40fb-961d-9e10e177ba71,afca0a3e-a6d4-441c-9fd3-fc269529a200,2026-03,3,19,7,2
cec96001-fcfa-4b43-9cf4-586732cdcc33,afca0a3e-a6d4-441c-9fd3-fc269529a200,2026-02,3,19,2,1
332a798c-549d-40d3-ac29-e1ff5046898b,a35c2939-9d48-4a98-9ff3-b7eeb0c91455,2026-07,1,21,12,0
02170d9b-d5d8-4d0f-b224-e5c5210d091b,a35c2939-9d48-4a98-9ff3-b7eeb0c91455,2026-06,1,21,13,2
c7f78f6b-15ce-4ceb-aff6-8b6d9b688fec,a35c2939-9d48-4a98-9ff3-b7eeb0c91455,2026-05,1,21,13,6
48280a9b-098a-4f5c-90d4-9ded8cbc5c63,a35c2939-9d48-4a98-9ff3-b7eeb0c91455,2026-04,0,22,5,8
f350fe34-4d4a-4bf4-9867-895148334342,a35c2939-9d48-4a98-9ff3-b7eeb0c91455,2026-03,0,22,5,2
29d47274-7512-4794-ad7b-7b01470fec7f,a35c2939-9d48-4a98-9ff3-b7eeb0c91455,2026-02,1,21,14,9
a2409d9d-7b58-4a38-adcf-b00c507a080d,153e36d9-359e-4ce6-8d1e-0eb0c798fb3a,2026-07,0,22,12,4
bc43011c-dd3c-4e03-bec7-bd0a1dce9548,153e36d9-359e-4ce6-8d1e-0eb0c798fb3a,2026-06,0,22,10,7
7ffd79ed-0736-4d92-84bc-b6fd2c169d59,153e36d9-359e-4ce6-8d1e-0eb0c798fb3a,2026-05,0,22,5,3
985250d9-4cfb-43a4-9825-f828e6281b1a,153e36d9-359e-4ce6-8d1e-0eb0c798fb3a,2026-04,1,21,15,6
d050572e-a5b8-4672-95ed-a73c6f59bcaf,153e36d9-359e-4ce6-8d1e-0eb0c798fb3a,2026-03,0,22,14,4
a0350703-3b9e-4de3-8ebd-f3da3f1bff60,153e36d9-359e-4ce6-8d1e-0eb0c798fb3a,2026-02,1,21,15,9
1471edff-af64-44b3-b5d6-c968eae9470e,7db84503-15be-4955-a77c-0223c0473f29,2026-07,1,21,8,2
6ce6b96f-47c9-42cd-8205-209cc3f2a151,7db84503-15be-4955-a77c-0223c0473f29,2026-06,1,21,6,8
c3d75f32-a729-40a9-a761-ba6601ad817f,7db84503-15be-4955-a77c-0223c0473f29,2026-05,1,21,15,3
f8fe480e-ed12-4801-a522-745122c0cc51,7db84503-15be-4955-a77c-0223c0473f29,2026-04,0,22,11,3
83817975-6fd0-4160-af08-7aa91f2a016a,7db84503-15be-4955-a77c-0223c0473f29,2026-03,0,22,9,0
5d2c9762-fb12-4680-9e77-9c12f94ce278,7db84503-15be-4955-a77c-0223c0473f29,2026-02,0,22,8,9
87a9f0f5-8a81-4830-adf7-a851e7f64eaa,a511d1f2-3f42-46b1-8ce8-0fc1eda03484,2026-07,3,19,6,1
379d0d44-d971-409f-bf5b-5bb874ff3d7e,a511d1f2-3f42-46b1-8ce8-0fc1eda03484,2026-06,3,19,2,8
296ee988-94c0-48ce-a2f0-f9d52f3c1fe8,a511d1f2-3f42-46b1-8ce8-0fc1eda03484,2026-05,2,20,1,1
36f06936-701e-4519-b7b3-7c5e6a5de22f,a511d1f2-3f42-46b1-8ce8-0fc1eda03484,2026-04,2,20,8,3
6d63214c-a180-4f4a-93ff-713e5065ad83,a511d1f2-3f42-46b1-8ce8-0fc1eda03484,2026-03,3,19,8,8
d40aede1-dcf3-4746-b583-39156567cf97,a511d1f2-3f42-46b1-8ce8-0fc1eda03484,2026-02,3,19,5,6
abeefc59-9fc9-46ac-8572-043902b6837d,7b27d01b-4c72-4a2d-b7e1-21e87ff47c91,2026-07,2,20,4,7
754eebf0-c595-4dc3-8194-3b58fa5d195f,7b27d01b-4c72-4a2d-b7e1-21e87ff47c91,2026-06,5,17,5,2
f3b812cf-d9c3-4cf9-8ef2-06ef604bb6ad,7b27d01b-4c72-4a2d-b7e1-21e87ff47c91,2026-05,3,19,4,2
314d3a61-f8bc-4a3c-8612-77a0d486c991,7b27d01b-4c72-4a2d-b7e1-21e87ff47c91,2026-04,4,18,2,2
41888caf-a561-41da-815a-8434b11ff126,7b27d01b-4c72-4a2d-b7e1-21e87ff47c91,2026-03,3,19,5,4
689ca2c1-9e55-4ef1-aa1e-6cfe40dc1884,7b27d01b-4c72-4a2d-b7e1-21e87ff47c91,2026-02,3,19,2,7
a801a8a2-87b0-41fb-bc3b-14deb0fc3292,53c0c8af-143a-42cf-90ea-9fd153105cce,2026-07,0,22,9,2
70d5b314-76db-49ad-aef5-f3c37ff4f894,53c0c8af-143a-42cf-90ea-9fd153105cce,2026-06,1,21,12,3
c2444979-da0b-45f0-996e-3251679b83d8,53c0c8af-143a-42cf-90ea-9fd153105cce,2026-05,0,22,15,7
78f5200d-d1ea-450b-9617-58d0d8e4e094,53c0c8af-143a-42cf-90ea-9fd153105cce,2026-04,0,22,11,9
fc6a56d3-fccd-4086-88e6-0c3a5ef53ba7,53c0c8af-143a-42cf-90ea-9fd153105cce,2026-03,1,21,14,5
c1e12d5b-1da3-4e98-9399-2227f8180bba,53c0c8af-143a-42cf-90ea-9fd153105cce,2026-02,0,22,6,9
15091079-c5b9-43f6-833d-8ea3cc201812,857c90f7-22ad-4bf5-87d3-60a8c8682ce5,2026-07,5,17,3,3
0ad5d830-2f33-4bc3-93e5-b3395245bdbb,857c90f7-22ad-4bf5-87d3-60a8c8682ce5,2026-06,6,16,1,8
cb3abf3c-3b69-42a3-8547-f481af766304,857c90f7-22ad-4bf5-87d3-60a8c8682ce5,2026-05,2,20,2,8
c9fd52e4-1402-474e-b2f5-36c1f67428a5,857c90f7-22ad-4bf5-87d3-60a8c8682ce5,2026-04,5,17,2,0
0d57f223-ba84-4f0e-987c-3d170bbda3bb,857c90f7-22ad-4bf5-87d3-60a8c8682ce5,2026-03,3,19,0,5
6ae0d566-971d-4710-912e-786d1c4c5a52,857c90f7-22ad-4bf5-87d3-60a8c8682ce5,2026-02,4,18,2,7
96d8f29f-4ceb-4d6f-857b-1e7a0038b26c,164cdecd-f99d-4e0f-b01f-de9cd224a8e7,2026-07,0,22,5,2
ec933d02-7d48-4b95-aaf7-924b5cdfd3c6,164cdecd-f99d-4e0f-b01f-de9cd224a8e7,2026-06,1,21,8,6
c416b555-5810-425c-8e10-f9be9d78d6c3,164cdecd-f99d-4e0f-b01f-de9cd224a8e7,2026-05,0,22,9,8
5be663e2-67ba-4cdd-bd15-0c81fafbdaab,164cdecd-f99d-4e0f-b01f-de9cd224a8e7,2026-04,1,21,11,8
a4430aaa-d854-4298-b4ec-97dd5a9408dd,164cdecd-f99d-4e0f-b01f-de9cd224a8e7,2026-03,0,22,11,2
ca351971-f6ef-4319-a599-88cf51583a61,164cdecd-f99d-4e0f-b01f-de9cd224a8e7,2026-02,0,22,11,3
e2a82246-f97d-4f3f-8832-c817aff0d7db,63ea8af5-49bb-4cc2-bd0b-f0db7263ce23,2026-07,1,21,6,7
2ccd3ebb-1692-4ca4-b167-718ee09b1bed,63ea8af5-49bb-4cc2-bd0b-f0db7263ce23,2026-06,1,21,12,9
7e32eb30-f97d-4170-812b-85a57ca132d0,63ea8af5-49bb-4cc2-bd0b-f0db7263ce23,2026-05,0,22,6,9
32245756-fccf-4793-941b-a7ea2af4a8a0,63ea8af5-49bb-4cc2-bd0b-f0db7263ce23,2026-04,1,21,10,7
65ef4651-41ed-4811-8ed1-119e9ee7087b,63ea8af5-49bb-4cc2-bd0b-f0db7263ce23,2026-03,0,22,14,1
68173a01-59c8-448f-acf8-bd1f2e981b9f,63ea8af5-49bb-4cc2-bd0b-f0db7263ce23,2026-02,1,21,5,6
949f10b3-73e0-41a6-a548-bcb0a1412a5b,3e2d6ef6-a477-4105-9cbc-0447b18f56b2,2026-07,0,22,6,0
8d0d04d1-27fd-4444-a97e-259eec794c12,3e2d6ef6-a477-4105-9cbc-0447b18f56b2,2026-06,1,21,12,6
b36cf7b7-a886-47f0-87c9-dcfdea049c43,3e2d6ef6-a477-4105-9cbc-0447b18f56b2,2026-05,0,22,14,7
40791457-645c-43df-b1ac-b3c23112ff47,3e2d6ef6-a477-4105-9cbc-0447b18f56b2,2026-04,0,22,8,4
90d2b342-4a71-4ea9-a865-25a4b3191bee,3e2d6ef6-a477-4105-9cbc-0447b18f56b2,2026-03,0,22,15,9
8ae90e30-ac65-4ac1-aba2-96ce26a3ce30,3e2d6ef6-a477-4105-9cbc-0447b18f56b2,2026-02,0,22,9,3
87303fe9-1673-4c9d-9a5e-dbfd2acc7498,30cbbd22-243e-4f2b-8b80-7eda9664bb1b,2026-07,0,22,15,9
ce9ad969-b245-4d8f-b29a-58e114512c84,30cbbd22-243e-4f2b-8b80-7eda9664bb1b,2026-06,0,22,5,2
84721c2b-ccb6-4373-835f-74edb1a09dbf,30cbbd22-243e-4f2b-8b80-7eda9664bb1b,2026-05,0,22,11,0
7f63b506-5775-42f3-96bc-a79c56ed9665,30cbbd22-243e-4f2b-8b80-7eda9664bb1b,2026-04,0,22,8,1
d7394e10-8c01-47f0-8f38-c7a0527102b5,30cbbd22-243e-4f2b-8b80-7eda9664bb1b,2026-03,1,21,13,4
584477a7-94dc-4a9e-90cb-820b08c3de19,30cbbd22-243e-4f2b-8b80-7eda9664bb1b,2026-02,1,21,6,6
fa8372dc-0c49-4ad9-b263-5f8b21ca66f8,35de6050-e5ca-4246-a36d-2ed83ac0b993,2026-07,0,22,7,7
204014d1-824e-40b4-ace8-f62cd33e1cda,35de6050-e5ca-4246-a36d-2ed83ac0b993,2026-06,0,22,5,1
cc761cf4-b79f-4a1f-b0af-0699e7a37e23,35de6050-e5ca-4246-a36d-2ed83ac0b993,2026-05,1,21,7,9
417a7526-be3a-41c8-bdd4-d8f27dddce80,35de6050-e5ca-4246-a36d-2ed83ac0b993,2026-04,1,21,14,8
35545055-04a2-4114-9941-4d31fc79d009,35de6050-e5ca-4246-a36d-2ed83ac0b993,2026-03,0,22,8,10
e306b962-841e-4478-82b1-20b32f87a5cb,35de6050-e5ca-4246-a36d-2ed83ac0b993,2026-02,0,22,11,0
859e3c73-9f0d-46d6-b886-8569cc0ae28e,f031f4b5-0af6-40d4-864f-1b4510c6b826,2026-07,0,22,7,9
aeac229e-bd0d-4936-9ace-4caf4d128c10,f031f4b5-0af6-40d4-864f-1b4510c6b826,2026-06,0,22,14,1
9367049b-9dc7-4276-b77f-9cf6bd0068fd,f031f4b5-0af6-40d4-864f-1b4510c6b826,2026-05,0,22,9,1
0dce3fc8-ecf1-4676-b76c-8f3927180cd4,f031f4b5-0af6-40d4-864f-1b4510c6b826,2026-04,0,22,6,7
352731ab-1094-42d0-9bc1-41b05ea00fe0,f031f4b5-0af6-40d4-864f-1b4510c6b826,2026-03,0,22,15,8
2bc84c78-5b0c-491c-9c90-bef929a5f7cb,f031f4b5-0af6-40d4-864f-1b4510c6b826,2026-02,0,22,12,5
cc2e19af-c84b-4407-83b0-f9d3a670174a,dd5408b5-a2f9-493a-8594-e9dc4413cecb,2026-07,0,22,10,5
9b5eace7-354d-4ac9-bc9a-e46879ad64ef,dd5408b5-a2f9-493a-8594-e9dc4413cecb,2026-06,1,21,12,3
a11f6965-d9dc-40e6-84c0-f4dd431cf1f3,dd5408b5-a2f9-493a-8594-e9dc4413cecb,2026-05,0,22,8,8
d46a0581-f331-4456-b631-6c82136f31e7,dd5408b5-a2f9-493a-8594-e9dc4413cecb,2026-04,1,21,6,5
7cacddf1-6070-478b-82dd-df6b3b8a7417,dd5408b5-a2f9-493a-8594-e9dc4413cecb,2026-03,0,22,13,6
f384e65d-9c62-4da9-8388-7464cdb7d318,dd5408b5-a2f9-493a-8594-e9dc4413cecb,2026-02,1,21,15,1
f644aa3b-c997-4786-b86c-a28062a29312,aa5ba654-63eb-4b30-9fa0-a9b506664837,2026-07,0,22,9,9
197f504b-8e0b-4fdb-b571-893dd8eac20b,aa5ba654-63eb-4b30-9fa0-a9b506664837,2026-06,0,22,15,1
558f8556-c0bb-402a-9dc8-83e6952e4969,aa5ba654-63eb-4b30-9fa0-a9b506664837,2026-05,1,21,9,8
85d7ae6a-90d6-4e1d-b863-713ca93a2dec,aa5ba654-63eb-4b30-9fa0-a9b506664837,2026-04,0,22,8,0
8aac81a9-79b1-4300-aae8-96a1e40fe9f3,aa5ba654-63eb-4b30-9fa0-a9b506664837,2026-03,1,21,5,10
87cd77c6-51a3-41bc-b0a0-02dd04a1e0e8,aa5ba654-63eb-4b30-9fa0-a9b506664837,2026-02,1,21,11,0
993195fe-3be6-486f-b2b3-44b460dc26b1,a700aaa9-a00d-42ee-88e8-bae0ceaa1610,2026-07,4,18,5,6
885ee843-b452-48a9-8606-c7a605501554,a700aaa9-a00d-42ee-88e8-bae0ceaa1610,2026-06,5,17,5,0
bd5fc635-c454-49d2-9780-79a5cf2be27f,a700aaa9-a00d-42ee-88e8-bae0ceaa1610,2026-05,4,18,0,2
98ae6546-bb54-4f68-a0e4-9be2dc4dbc6c,a700aaa9-a00d-42ee-88e8-bae0ceaa1610,2026-04,3,19,3,7
43afe55e-56e8-4e76-b74c-dc9ed04d0b73,a700aaa9-a00d-42ee-88e8-bae0ceaa1610,2026-03,6,16,4,8
bcf5860c-4cd5-4b5d-9843-91280c61bad1,a700aaa9-a00d-42ee-88e8-bae0ceaa1610,2026-02,5,17,3,10
6dced721-f985-4e7c-adf9-03acbdb872d7,4227dbcd-8184-470a-b836-8c44040351e6,2026-07,2,20,5,2
8a184bc7-ac8f-4088-9cfe-4d12323d547f,4227dbcd-8184-470a-b836-8c44040351e6,2026-06,6,16,2,5
00084a44-a5ff-4fde-b0eb-2613bd3aac99,4227dbcd-8184-470a-b836-8c44040351e6,2026-05,2,20,4,10
270e0a73-d53a-4d45-ac4d-15f88d2c0206,4227dbcd-8184-470a-b836-8c44040351e6,2026-04,3,19,5,10
28a4e3da-76e0-404d-ad03-5017bf61a4e7,4227dbcd-8184-470a-b836-8c44040351e6,2026-03,6,16,2,7
acabbfe4-c5c2-4c4e-a4b3-1e6a78683901,4227dbcd-8184-470a-b836-8c44040351e6,2026-02,5,17,1,4
f8818db3-92c6-4411-95d5-267cf6318618,3c793c83-b5d2-4c1e-ba41-d4343667fa67,2026-07,1,21,1,0
f25106b9-a9de-469a-b9dc-26a0963e1895,3c793c83-b5d2-4c1e-ba41-d4343667fa67,2026-06,3,19,8,6
233cd898-1cc6-4900-aec2-ae969fdb4ac2,3c793c83-b5d2-4c1e-ba41-d4343667fa67,2026-05,1,21,7,5
7245a46a-a439-430f-bf61-1130d30e00ae,3c793c83-b5d2-4c1e-ba41-d4343667fa67,2026-04,1,21,10,5
b76c183b-9bcd-4662-a754-f25c7e212bf2,3c793c83-b5d2-4c1e-ba41-d4343667fa67,2026-03,2,20,8,10
2bf36445-7490-46ec-ace5-617dfcdd667e,3c793c83-b5d2-4c1e-ba41-d4343667fa67,2026-02,2,20,3,1
f8aa1c00-b22c-4c64-b720-a4a4ae53a795,b81ac3ac-b77b-4f53-9b27-3be43f27863f,2026-07,0,22,10,3
722b5014-24c8-4012-b134-cd14d68d892d,b81ac3ac-b77b-4f53-9b27-3be43f27863f,2026-06,1,21,9,8
b2c94cf9-bc6a-45a4-9635-dc693b76d578,b81ac3ac-b77b-4f53-9b27-3be43f27863f,2026-05,0,22,14,8
e9232640-b40a-4ea0-b646-fdc93763bf16,b81ac3ac-b77b-4f53-9b27-3be43f27863f,2026-04,0,22,10,3
55e404c3-b3ce-4f3d-9120-aad7a236a9e1,b81ac3ac-b77b-4f53-9b27-3be43f27863f,2026-03,1,21,14,6
97de8139-b333-4eba-b085-ba7aa06774be,b81ac3ac-b77b-4f53-9b27-3be43f27863f,2026-02,0,22,13,4
69938891-1fca-4042-9d82-f54e30b2c4e6,f5ce14b8-9404-484b-8a8f-6bc3648ce6be,2026-07,1,21,9,8
0c02ab82-bc2e-4c71-9381-891cbe73ede1,f5ce14b8-9404-484b-8a8f-6bc3648ce6be,2026-06,0,22,14,8
4ad7d110-501d-4b5c-aafa-eb085a07aa08,f5ce14b8-9404-484b-8a8f-6bc3648ce6be,2026-05,0,22,8,5
09d1af84-03f8-47c6-a782-2462f0d302ea,f5ce14b8-9404-484b-8a8f-6bc3648ce6be,2026-04,1,21,8,5
5fc64655-459b-4e78-8373-44ecd2874a29,f5ce14b8-9404-484b-8a8f-6bc3648ce6be,2026-03,1,21,5,6
d7adaca8-5159-4f82-8ed5-d1402a17196c,f5ce14b8-9404-484b-8a8f-6bc3648ce6be,2026-02,0,22,11,3
3a9afcaf-6021-4894-8ad5-303049300705,0ae1930c-73b7-4a96-9c27-86cc74e6674d,2026-07,1,21,6,2
c69fd04a-f230-4014-9546-be99b8319127,0ae1930c-73b7-4a96-9c27-86cc74e6674d,2026-06,1,21,7,5
168dbac1-7d94-4237-818b-8ec6c0953e5e,0ae1930c-73b7-4a96-9c27-86cc74e6674d,2026-05,1,21,13,1
75967f0e-6dab-4e27-8617-c3cf3f882263,0ae1930c-73b7-4a96-9c27-86cc74e6674d,2026-04,0,22,5,3
128edb61-b0c5-42b2-b94f-25ef1d064dc6,0ae1930c-73b7-4a96-9c27-86cc74e6674d,2026-03,1,21,5,1
89cb73e5-b9a0-4fae-9377-16b67d4a4293,0ae1930c-73b7-4a96-9c27-86cc74e6674d,2026-02,1,21,11,10
3a847cab-0a24-4b37-8aac-2b9a081606b9,637626c7-75c5-4b6b-85b0-87ef7145c5ba,2026-07,1,21,11,3
68a9e45a-c961-41b1-8839-1b70e5469077,0d39f601-db45-4d94-80fc-af9657a7577b,2026-07,1,21,12,5
fa729f2c-6409-4633-bed9-244cd1b702a7,0d39f601-db45-4d94-80fc-af9657a7577b,2026-06,0,22,10,0
b7333fd3-c95f-48f6-a1a2-75c57f38d28c,0d39f601-db45-4d94-80fc-af9657a7577b,2026-05,0,22,15,5
2d970adf-fb60-42b5-94c9-acde3667f5a5,0d39f601-db45-4d94-80fc-af9657a7577b,2026-04,0,22,7,10
bd0b492a-e219-4d4c-88c3-383bce32b8ad,0d39f601-db45-4d94-80fc-af9657a7577b,2026-03,0,22,5,3
ca285a87-b47c-415a-8cbd-20cd0ce42025,0d39f601-db45-4d94-80fc-af9657a7577b,2026-02,0,22,8,9
1190238f-93cf-438c-9810-1c97f3bbe43c,c35ede2b-81c0-4f9a-b989-74819a977673,2026-07,3,19,6,9
0b9fbd6d-48ef-4783-9383-d0bc9f3b38d2,c35ede2b-81c0-4f9a-b989-74819a977673,2026-06,2,20,3,3
917a100f-ee74-4370-bf60-7e527dffbad5,c35ede2b-81c0-4f9a-b989-74819a977673,2026-05,3,19,2,5
a6175e00-6997-4e34-83fe-e5ee040e3ebd,c35ede2b-81c0-4f9a-b989-74819a977673,2026-04,1,21,0,9
8d58a3f9-8b0e-4278-96b8-4bd95f2dc34d,c35ede2b-81c0-4f9a-b989-74819a977673,2026-03,3,19,9,0
7a04f048-e10e-4b0b-a215-2401541fb3d5,c35ede2b-81c0-4f9a-b989-74819a977673,2026-02,3,19,3,3
09a38029-2682-48ae-b553-1832205a8e8a,61dae17f-9258-4064-9c7e-c0ad712a0c92,2026-07,1,21,6,10
a2b81e2e-b62a-4f4c-b3a0-d89587f5ffbb,61dae17f-9258-4064-9c7e-c0ad712a0c92,2026-06,1,21,1,10
331b508c-bce2-444f-a1d0-5d8aa62747b4,61dae17f-9258-4064-9c7e-c0ad712a0c92,2026-05,3,19,7,10
360ac7a4-efd2-4109-b39c-8e8e6fc9a771,61dae17f-9258-4064-9c7e-c0ad712a0c92,2026-04,1,21,4,1
14fe9bce-0c70-4eaf-9e98-28fbac6c2e3e,61dae17f-9258-4064-9c7e-c0ad712a0c92,2026-03,3,19,10,10
f668de6b-2335-4258-88ab-a7a44571c63e,61dae17f-9258-4064-9c7e-c0ad712a0c92,2026-02,1,21,5,3
ed5261b4-944d-4a11-909c-2b5357b6a9fa,efc679de-95ae-4f43-8723-9cbc533618a5,2026-07,0,22,11,7
2287eb6e-6f33-4bb0-8fc0-65f2bcd6d300,efc679de-95ae-4f43-8723-9cbc533618a5,2026-06,1,21,9,2
31a3683b-5db5-47ac-8b73-2b00cc77f102,efc679de-95ae-4f43-8723-9cbc533618a5,2026-05,0,22,5,9
72506d41-5d5f-480b-81a8-4c5797a80bce,efc679de-95ae-4f43-8723-9cbc533618a5,2026-04,1,21,14,2
9188d144-0b0c-4fd0-9e65-6a440fb2fc72,efc679de-95ae-4f43-8723-9cbc533618a5,2026-03,0,22,9,4
c360d6b6-aa73-447f-80de-700c17c66478,efc679de-95ae-4f43-8723-9cbc533618a5,2026-02,1,21,11,5
6c65a2f5-dd47-45b9-8b10-1719a4a0528b,f94574b7-6a04-40b1-900b-eea46257330a,2026-07,1,21,5,2
97f18cd8-47da-4603-83c7-29551a7f9104,f94574b7-6a04-40b1-900b-eea46257330a,2026-06,1,21,6,6
eeaf1550-1f04-412f-b9c3-6149d4ee1446,f94574b7-6a04-40b1-900b-eea46257330a,2026-05,0,22,11,5
c1bed0dc-385e-46df-b6dd-2d16c6ccfcfd,f94574b7-6a04-40b1-900b-eea46257330a,2026-04,0,22,11,7
5e9d0ffa-96d9-4281-8e92-4401b08d3d32,f94574b7-6a04-40b1-900b-eea46257330a,2026-03,1,21,13,2
0b289656-6310-46a3-ac15-f9a3ea86822e,f94574b7-6a04-40b1-900b-eea46257330a,2026-02,1,21,8,5
29c02a1b-df60-4880-b387-bc972166c80c,1929b0d2-8c21-4d3c-af92-653d47525339,2026-07,1,21,12,1
0b45226b-1de6-42f3-ae3d-821ed4253e80,1929b0d2-8c21-4d3c-af92-653d47525339,2026-06,0,22,10,0
d6fc200d-44ea-4ba3-b795-48ea39fd0b90,1929b0d2-8c21-4d3c-af92-653d47525339,2026-05,0,22,5,0
e1f96bfb-b229-4375-aad6-70ac3a7f60e4,1929b0d2-8c21-4d3c-af92-653d47525339,2026-04,1,21,9,9
bf90e5c1-611d-4104-94be-4f004dbf23ea,1929b0d2-8c21-4d3c-af92-653d47525339,2026-03,1,21,14,2
d07598f1-ae64-448c-96da-3e23da7d6f18,1929b0d2-8c21-4d3c-af92-653d47525339,2026-02,1,21,7,0
5d25d067-a770-4a89-9b0b-628ad8e741da,1891210e-5c22-4407-a48c-b15d94eb8d00,2026-07,0,22,11,7
9699bf9d-6123-4978-a826-0a7a0c6dabe1,1891210e-5c22-4407-a48c-b15d94eb8d00,2026-06,1,21,13,7
95171562-dc97-4955-a7aa-272f754fae1b,1891210e-5c22-4407-a48c-b15d94eb8d00,2026-05,0,22,12,3
8f02f701-583b-4e30-819e-94d1faf5411f,1891210e-5c22-4407-a48c-b15d94eb8d00,2026-04,1,21,10,10
ba91886b-76f2-46fa-8d2a-d0c686ab8788,1891210e-5c22-4407-a48c-b15d94eb8d00,2026-03,0,22,12,4
44965451-fc4d-4459-8f9e-f59f9ddfd21a,1891210e-5c22-4407-a48c-b15d94eb8d00,2026-02,0,22,6,7
822d0403-9703-4673-8c7d-23db3a81769f,425b5cfb-d10a-495e-ac00-0650023c1d75,2026-07,0,22,12,10
085415fd-086b-47f8-b633-fd2dccf37c9d,425b5cfb-d10a-495e-ac00-0650023c1d75,2026-06,1,21,15,1
058ad1a9-9642-4750-a515-e31948d4ca69,425b5cfb-d10a-495e-ac00-0650023c1d75,2026-05,1,21,5,3
10f27828-231e-4a8a-873f-221f491eedf7,425b5cfb-d10a-495e-ac00-0650023c1d75,2026-04,1,21,15,9
b6374670-a610-408c-b023-babcc6902014,425b5cfb-d10a-495e-ac00-0650023c1d75,2026-03,0,22,13,7
94cdc5da-1550-4484-8353-d8c4cbef8a70,425b5cfb-d10a-495e-ac00-0650023c1d75,2026-02,1,21,14,2
51d825b5-39c7-4419-87f2-af8ca61dec00,7233f83a-2b1f-462c-ab9e-5f4fe792a184,2026-07,1,21,0,0
dad53dc7-debf-4d01-a750-cd6e692cef06,7233f83a-2b1f-462c-ab9e-5f4fe792a184,2026-06,1,21,4,7
9c628d33-165e-4655-a9ac-7c90ffd893a0,7233f83a-2b1f-462c-ab9e-5f4fe792a184,2026-05,1,21,3,6
ad168eee-60fc-496d-9213-b36bf03a6fe2,7233f83a-2b1f-462c-ab9e-5f4fe792a184,2026-04,3,19,9,10
23b7fb48-a1c2-464f-9848-995663627b8a,7233f83a-2b1f-462c-ab9e-5f4fe792a184,2026-03,1,21,8,6
36967135-6c52-469e-a238-de34e740fdd2,7233f83a-2b1f-462c-ab9e-5f4fe792a184,2026-02,1,21,1,7
bfc8494a-4a66-4ff0-a971-41efe1fed2db,9b7f8d5d-d5d6-4c93-b4f8-b70c6b20b7e9,2026-07,1,21,7,9
585a80ee-f597-4a50-bb15-43f66cabcf03,9b7f8d5d-d5d6-4c93-b4f8-b70c6b20b7e9,2026-06,1,21,10,5
bebeb6bb-2851-4506-bf84-de9c16baf501,9b7f8d5d-d5d6-4c93-b4f8-b70c6b20b7e9,2026-05,0,22,14,9
5822989f-dc0f-43dc-af9f-46e78cae9f62,9b7f8d5d-d5d6-4c93-b4f8-b70c6b20b7e9,2026-04,1,21,10,8
9127bd38-4341-4364-8a21-e28ceb8c09c8,9b7f8d5d-d5d6-4c93-b4f8-b70c6b20b7e9,2026-03,1,21,8,1
66119948-2499-4c3f-b599-088074c7132f,9b7f8d5d-d5d6-4c93-b4f8-b70c6b20b7e9,2026-02,0,22,13,4
e9be1172-5fd9-47d8-98ea-add2c1712a28,13f4f9d1-fdd6-4375-8e84-0394afb4507e,2026-07,0,22,8,8
7f7363cf-0d16-4692-acf4-979d0eb128b3,13f4f9d1-fdd6-4375-8e84-0394afb4507e,2026-06,1,21,6,1
b28f9839-90a8-4ed2-ad66-0288209c2b0a,13f4f9d1-fdd6-4375-8e84-0394afb4507e,2026-05,1,21,11,4
985a1a61-9914-4c08-97ad-8d6c5b3935a1,13f4f9d1-fdd6-4375-8e84-0394afb4507e,2026-04,1,21,14,4
2ce142a2-a8f1-4451-92d2-b1772b53b2fd,13f4f9d1-fdd6-4375-8e84-0394afb4507e,2026-03,1,21,5,6
4ef2b6e7-5810-4b65-9bc4-c41409fb4989,13f4f9d1-fdd6-4375-8e84-0394afb4507e,2026-02,0,22,9,0
0ad9b955-44cb-4731-9ed0-26d1a74b2b39,8bbcf34f-fa49-4736-883b-1412f1424334,2026-07,1,21,9,8
3e7b7d7a-0749-435b-85ba-55b5c950fa9e,8bbcf34f-fa49-4736-883b-1412f1424334,2026-06,2,20,6,1
0ac6f871-cd60-420c-90f9-fb093e6268d9,8bbcf34f-fa49-4736-883b-1412f1424334,2026-05,2,20,5,6
6e11f3fd-a905-4a59-80ff-ffe8b6262d55,8bbcf34f-fa49-4736-883b-1412f1424334,2026-04,2,20,0,10
b12b98b8-2ffa-4668-b019-9e352e11f53c,8bbcf34f-fa49-4736-883b-1412f1424334,2026-03,1,21,2,0
8a45ae4c-8d46-4d16-9a94-bf93b62d1ae9,8bbcf34f-fa49-4736-883b-1412f1424334,2026-02,2,20,2,2
21066167-fa2d-4e45-abc1-74a7ee62e5a7,bfac1873-fb76-48cb-9e19-89b3fbb09f1a,2026-07,1,21,8,6
bbc1d9c5-3c0d-4072-852e-6088951ea587,bfac1873-fb76-48cb-9e19-89b3fbb09f1a,2026-06,1,21,7,4
c4231f60-da97-42ac-bacc-d15f000b8831,8dc18e79-f634-44bd-9889-af51cddcde88,2026-07,1,21,11,4
d2790c9d-039a-40b0-81d8-a11b95f7cc94,8dc18e79-f634-44bd-9889-af51cddcde88,2026-06,1,21,15,8
aa403c86-aea9-4dad-a509-2c8cdb4132ad,8dc18e79-f634-44bd-9889-af51cddcde88,2026-05,0,22,11,0
c73d924c-5774-4a95-a1e2-4e9146cd0dd4,8dc18e79-f634-44bd-9889-af51cddcde88,2026-04,1,21,12,6
3ae13cc0-643a-4ba6-8204-3a8939a70641,8dc18e79-f634-44bd-9889-af51cddcde88,2026-03,1,21,11,8
782caaaf-90ff-47a0-af0f-5a1e5e4d2af8,8dc18e79-f634-44bd-9889-af51cddcde88,2026-02,0,22,13,9
23800b19-1ea3-4e53-a34b-3df4312feee4,a8042b6d-b4a1-4a7f-898e-5df959e8e775,2026-07,0,22,7,3
f083bcdf-b0ca-4445-b8f6-2d21f9dcbd40,a8042b6d-b4a1-4a7f-898e-5df959e8e775,2026-06,1,21,8,0
ae592046-3235-474d-909b-32b58d0b9afe,a8042b6d-b4a1-4a7f-898e-5df959e8e775,2026-05,0,22,7,2
902cf6db-0dc6-46f4-88bc-10ce1943cbbe,a8042b6d-b4a1-4a7f-898e-5df959e8e775,2026-04,1,21,6,8
3ac11f4f-2bf3-4861-b8a8-eb705066dbf4,a8042b6d-b4a1-4a7f-898e-5df959e8e775,2026-03,1,21,12,1
2bf13a6c-f089-4456-a2a8-b598d9b79490,a8042b6d-b4a1-4a7f-898e-5df959e8e775,2026-02,0,22,10,7
27643555-cb5d-4f14-961f-2a3df6126968,54b9faeb-4ca8-4631-9d61-6e8f5e6d513d,2026-07,3,19,10,4
2f349fa6-ca8c-4ee9-a9df-cf6b5ff1fb3f,54b9faeb-4ca8-4631-9d61-6e8f5e6d513d,2026-06,2,20,1,5
31090e15-6131-4720-86cf-ffcd17d64c05,54b9faeb-4ca8-4631-9d61-6e8f5e6d513d,2026-05,2,20,9,3
65141359-ce26-4ef3-91b4-0a869e0eecd8,54b9faeb-4ca8-4631-9d61-6e8f5e6d513d,2026-04,3,19,3,4
fea29423-2fa2-47e4-aa5c-5b4da512609b,54b9faeb-4ca8-4631-9d61-6e8f5e6d513d,2026-03,3,19,9,5
bef59490-85a1-4738-b0c2-d3e00203848d,54b9faeb-4ca8-4631-9d61-6e8f5e6d513d,2026-02,2,20,9,10
d0d798e2-3c79-42f7-a146-80ce9d74b557,da2f17b0-9937-4a5e-bf09-5c0687bec253,2026-07,1,21,9,8
09275cdf-8b2d-490d-80a4-d6bd0e8653d2,da2f17b0-9937-4a5e-bf09-5c0687bec253,2026-06,0,22,9,4
50212ce2-f199-4376-8cb9-fa2dd5ff6709,da2f17b0-9937-4a5e-bf09-5c0687bec253,2026-05,1,21,15,7
04ce8688-6542-4636-9088-3814ff952b2f,da2f17b0-9937-4a5e-bf09-5c0687bec253,2026-04,1,21,6,6
006190b1-cd28-4924-be9b-49f69a1856e9,da2f17b0-9937-4a5e-bf09-5c0687bec253,2026-03,0,22,11,5
ef1049a2-9170-4202-9213-22bfc401cb29,da2f17b0-9937-4a5e-bf09-5c0687bec253,2026-02,0,22,6,2
6dde9899-142d-4377-b1e3-f8ba892edf9c,415b86a1-447e-411f-9904-2570e6e1fdd9,2026-07,1,21,12,2
827996bf-3c56-4b75-aab5-3c17d3ae42b9,415b86a1-447e-411f-9904-2570e6e1fdd9,2026-06,0,22,9,7
bbbe3565-1534-4ff3-83b9-740461b24b0f,415b86a1-447e-411f-9904-2570e6e1fdd9,2026-05,0,22,10,4
0059160f-c99f-40fc-87a9-ad2788455ced,415b86a1-447e-411f-9904-2570e6e1fdd9,2026-04,1,21,13,8
f0e2bbf3-228d-4a61-9deb-12bc9cd13d02,415b86a1-447e-411f-9904-2570e6e1fdd9,2026-03,1,21,7,0
ebe54686-d450-4631-baf7-e540d907e73a,415b86a1-447e-411f-9904-2570e6e1fdd9,2026-02,0,22,10,4
ecb7391c-6728-4957-beb2-30fdc949aeb3,3547a4ae-e653-4fd6-9e4f-db2bce0fb0e3,2026-07,1,21,10,9
7213f4ee-6373-49b0-bb73-450730726c01,3547a4ae-e653-4fd6-9e4f-db2bce0fb0e3,2026-06,1,21,8,1
9f7e53fc-485a-4c0d-8cf8-077c7ff3c220,3547a4ae-e653-4fd6-9e4f-db2bce0fb0e3,2026-05,1,21,4,1
ba26306b-06a4-4389-a8b7-70f0d78252b6,3547a4ae-e653-4fd6-9e4f-db2bce0fb0e3,2026-04,3,19,4,10
d7f3211a-1bd3-4e3d-b40b-78def506073b,3547a4ae-e653-4fd6-9e4f-db2bce0fb0e3,2026-03,2,20,9,2
f3884eea-6ce7-4566-89ac-4fdaa2c1c1ee,3547a4ae-e653-4fd6-9e4f-db2bce0fb0e3,2026-02,1,21,6,7
d1174df9-b682-405d-9e4b-a0f9da1eb78b,728f6baa-c7d5-46b4-9758-7c1f94d5dfd7,2026-07,0,22,13,9
364b0fa9-2392-4575-9f1b-ef325408c077,728f6baa-c7d5-46b4-9758-7c1f94d5dfd7,2026-06,0,22,13,7
2fec9751-e09d-4440-82f1-251b31596ddd,728f6baa-c7d5-46b4-9758-7c1f94d5dfd7,2026-05,0,22,9,8
0e0ece0f-07e1-4166-a010-e2430e048f1c,728f6baa-c7d5-46b4-9758-7c1f94d5dfd7,2026-04,1,21,14,7
cd909a8b-b211-4c00-b349-f2c5c22b5f06,728f6baa-c7d5-46b4-9758-7c1f94d5dfd7,2026-03,1,21,7,1
acc19650-232d-4ec2-9f52-22a412834483,728f6baa-c7d5-46b4-9758-7c1f94d5dfd7,2026-02,0,22,10,3
e7788bb1-756a-496c-b50a-6944443386f9,a93c4e3c-ae9e-45cc-9e4e-cbbc80a2f4a2,2026-07,0,22,11,5
8648327e-c03f-4321-93cf-9aead2697f4d,a93c4e3c-ae9e-45cc-9e4e-cbbc80a2f4a2,2026-06,0,22,7,8
60549483-3099-44c7-a880-04ab02507202,a93c4e3c-ae9e-45cc-9e4e-cbbc80a2f4a2,2026-05,1,21,10,10
d3e658d5-e967-4636-9791-86aaebdf26de,a93c4e3c-ae9e-45cc-9e4e-cbbc80a2f4a2,2026-04,0,22,9,1
f98df9ac-08b3-4db5-b85b-f813e27d4bc5,a93c4e3c-ae9e-45cc-9e4e-cbbc80a2f4a2,2026-03,1,21,10,10
36463fd6-7f94-4cd5-8506-ae07c1ac7060,a93c4e3c-ae9e-45cc-9e4e-cbbc80a2f4a2,2026-02,0,22,14,0
9ed13137-b8c9-4b5c-a605-2b0a93de6be8,590abfa1-ce8b-4a0f-81e2-d19ef0343901,2026-07,0,22,5,6
5c2ca37f-bf48-4de3-9466-57da991d28fa,590abfa1-ce8b-4a0f-81e2-d19ef0343901,2026-06,0,22,14,9
58204060-49c7-440b-a060-e3ef11338d75,590abfa1-ce8b-4a0f-81e2-d19ef0343901,2026-05,1,21,11,5
8a6b5061-48c1-4662-a25f-58a30c0178fe,590abfa1-ce8b-4a0f-81e2-d19ef0343901,2026-04,1,21,11,0
1dd523ac-90bf-415b-a792-30834ba4a5fa,590abfa1-ce8b-4a0f-81e2-d19ef0343901,2026-03,1,21,15,6
22cf72fb-fcc9-43fe-8b69-d24d96665f68,590abfa1-ce8b-4a0f-81e2-d19ef0343901,2026-02,0,22,6,6
7995fc01-37e1-439a-baf3-29e5c6978957,935090e5-07f7-4727-9660-e88b2efdc951,2026-07,2,20,5,7
3489055e-0c88-4573-8c95-6b4fb119377f,935090e5-07f7-4727-9660-e88b2efdc951,2026-06,3,19,3,9
50de7270-3004-40ee-ad3f-254387b87c6a,935090e5-07f7-4727-9660-e88b2efdc951,2026-05,2,20,7,5
9b446a7c-825e-46ee-88e3-aeb3f5876df2,935090e5-07f7-4727-9660-e88b2efdc951,2026-04,3,19,5,3
9aece794-09ab-4521-b7f7-f43b91d2c91d,935090e5-07f7-4727-9660-e88b2efdc951,2026-03,3,19,8,1
e2f29558-c2fd-4d3f-8823-887c6e449d5b,935090e5-07f7-4727-9660-e88b2efdc951,2026-02,3,19,10,2
5f2fb579-84fb-4de3-b898-ada7a1175c45,85cb7e8e-3649-4503-9bbc-1155e2c07f09,2026-07,2,20,1,2
f8459b3a-1856-4dd7-b1a8-de1f8b554a87,85cb7e8e-3649-4503-9bbc-1155e2c07f09,2026-06,3,19,5,9
9248d802-7c97-4af0-8355-da527a2f66fd,85cb7e8e-3649-4503-9bbc-1155e2c07f09,2026-05,3,19,9,9
1a400e1b-e009-44bc-965f-579f98fa79da,85cb7e8e-3649-4503-9bbc-1155e2c07f09,2026-04,2,20,10,9
c249ffa9-d23e-4ad0-9f78-26105b08a051,85cb7e8e-3649-4503-9bbc-1155e2c07f09,2026-03,3,19,8,7
a064691f-8e78-4647-bffc-de8ef2e244e2,85cb7e8e-3649-4503-9bbc-1155e2c07f09,2026-02,2,20,2,3
cb244df2-bb8a-47a8-a32f-206af8540ed9,b0960f3d-32e8-4b87-a639-670b4ee15fcc,2026-07,1,21,10,4
66c49844-5042-4935-b7c3-025adfdb0119,b0960f3d-32e8-4b87-a639-670b4ee15fcc,2026-06,3,19,10,8
610ee571-9f03-4ff9-9708-bf5d700f50a7,b0960f3d-32e8-4b87-a639-670b4ee15fcc,2026-05,3,19,8,9
5b487c14-7a66-42c1-a92b-282ef7d68ed6,b0960f3d-32e8-4b87-a639-670b4ee15fcc,2026-04,1,21,3,10
c43d0e6b-05ee-4a2f-9e20-6314fc3bfe93,b0960f3d-32e8-4b87-a639-670b4ee15fcc,2026-03,2,20,7,4
d299b12c-2e4f-4e17-afb5-841f8ee0abdd,b0960f3d-32e8-4b87-a639-670b4ee15fcc,2026-02,3,19,6,5
4caecbaa-eecd-46b4-b439-927f8cad41a9,32271daf-d5f7-4f30-9cf6-6df5ff4deada,2026-07,3,19,7,7
f557498d-87ac-43fd-bb1c-3e5230dce7f3,32271daf-d5f7-4f30-9cf6-6df5ff4deada,2026-06,3,19,9,7
ab9a7445-9b4b-404a-ab63-194defd19026,32271daf-d5f7-4f30-9cf6-6df5ff4deada,2026-05,3,19,1,6
6b637da3-3198-453f-a2ba-63cf0257d12a,32271daf-d5f7-4f30-9cf6-6df5ff4deada,2026-04,1,21,2,8
92d31bd9-1cd3-4fc2-8b63-66fd737807f4,32271daf-d5f7-4f30-9cf6-6df5ff4deada,2026-03,1,21,7,7
7bf6fc38-1556-4334-9401-6f2baafc86a4,32271daf-d5f7-4f30-9cf6-6df5ff4deada,2026-02,2,20,7,6
236f29f0-b6b7-4837-b920-fe15593322b8,a0502e0c-c265-49cc-919d-00c24eef8a44,2026-07,1,21,5,10
bd48079a-a001-4c9b-a48d-9aae906d2621,a0502e0c-c265-49cc-919d-00c24eef8a44,2026-06,1,21,5,9
27756698-10ad-44d2-8b60-942997fd0be1,a0502e0c-c265-49cc-919d-00c24eef8a44,2026-05,2,20,7,10
f5468def-6bd4-432d-8273-8ba488fb11b6,a0502e0c-c265-49cc-919d-00c24eef8a44,2026-04,2,20,9,1
d833d01b-b7c8-4407-9152-06dbf45b4ade,a0502e0c-c265-49cc-919d-00c24eef8a44,2026-03,2,20,2,7
ca7d8b1c-d3e8-4d86-8e71-184535f6ab75,a0502e0c-c265-49cc-919d-00c24eef8a44,2026-02,3,19,10,5
3a1e2ac9-7809-41d3-9f3b-1529a99c332a,f9177c39-864b-4304-9def-d3b29ece49ca,2026-07,0,22,12,4
ad2d7142-f90d-483e-8d78-e3782da50552,f9177c39-864b-4304-9def-d3b29ece49ca,2026-06,0,22,13,3
ba0e8822-a74a-4ba6-b938-f6b261765584,f9177c39-864b-4304-9def-d3b29ece49ca,2026-05,0,22,11,2
e4b8499c-a471-4f19-8545-c10eed0491be,f9177c39-864b-4304-9def-d3b29ece49ca,2026-04,1,21,12,5
2a43608f-b774-48f4-a3c0-d2fdaa91c097,f9177c39-864b-4304-9def-d3b29ece49ca,2026-03,1,21,14,5
50cf4f8f-47d4-456b-ab8a-4418dbd4656f,f9177c39-864b-4304-9def-d3b29ece49ca,2026-02,0,22,12,1
aa5c7fa6-8ae1-4f6d-bfac-050406e76b8a,2ffa7266-27d9-485f-80dc-7503e461639d,2026-07,1,21,8,4
21747583-e48f-425f-9bf0-0d55e0c39c57,2ffa7266-27d9-485f-80dc-7503e461639d,2026-06,0,22,9,3
454fdcf1-aadc-4b47-be2d-224d8bad821d,2ffa7266-27d9-485f-80dc-7503e461639d,2026-05,0,22,13,1
1c20b49b-d432-4a8c-a439-d129cd4353e3,2ffa7266-27d9-485f-80dc-7503e461639d,2026-04,1,21,14,4
71de932d-eb94-4f95-ac21-c7accb070355,2ffa7266-27d9-485f-80dc-7503e461639d,2026-03,1,21,10,2
8bc84d71-b576-4fb3-bc54-61684942e7d6,2ffa7266-27d9-485f-80dc-7503e461639d,2026-02,0,22,11,3
dfa58ad7-e9cb-4fe3-bb94-c3ccc539d973,6cf7e23c-855f-442d-8da9-b6d9b7470361,2026-07,3,19,4,4
416a34c9-bff5-4c9c-85a7-a8e239c766e1,6cf7e23c-855f-442d-8da9-b6d9b7470361,2026-06,1,21,5,5
7f481126-3852-4156-bafd-30459f2119ce,6cf7e23c-855f-442d-8da9-b6d9b7470361,2026-05,2,20,9,2
9c24309b-b15e-4f81-ac64-3e2f17594b78,6cf7e23c-855f-442d-8da9-b6d9b7470361,2026-04,2,20,8,3
e0f66200-2f63-4b73-b1f2-85619ed61145,6cf7e23c-855f-442d-8da9-b6d9b7470361,2026-03,2,20,0,0
4dc7c851-ff4b-43d3-99dd-0c6875c534e5,6cf7e23c-855f-442d-8da9-b6d9b7470361,2026-02,2,20,10,4
4b273953-26d4-40d8-a0ae-77b2fe0fa950,ba53b816-74e1-4106-bba1-00df8675899f,2026-07,2,20,7,10
41303551-6cf0-4c47-9be8-51b5be2c3d2b,ba53b816-74e1-4106-bba1-00df8675899f,2026-06,2,20,1,4
df767663-a9d8-4764-9c84-d97177aaa8f4,ba53b816-74e1-4106-bba1-00df8675899f,2026-05,2,20,2,5
9a3df0b1-b300-420a-a8d0-8e62d26972cd,ba53b816-74e1-4106-bba1-00df8675899f,2026-04,3,19,10,7
ae8088e0-f9f9-4dcf-aaf9-3dbfeb95aeda,ba53b816-74e1-4106-bba1-00df8675899f,2026-03,1,21,7,8
f3bc4603-216a-4d65-8305-647f19e11d2c,ba53b816-74e1-4106-bba1-00df8675899f,2026-02,2,20,9,7
065c78b1-a92b-401f-9740-6cf640f7126b,0d060939-a59d-408d-8ad5-0c81b551cbc7,2026-07,1,21,8,7
fb88848b-5326-4fc6-96c2-74947c8ac99b,0d060939-a59d-408d-8ad5-0c81b551cbc7,2026-06,0,22,5,1
a37ffd14-d80f-4d34-a065-29b5cd0645c9,0d060939-a59d-408d-8ad5-0c81b551cbc7,2026-05,1,21,15,10
f0528321-ce63-459b-b78b-7823233a3387,0d060939-a59d-408d-8ad5-0c81b551cbc7,2026-04,1,21,14,5
8f7e30f7-aef8-4cef-94db-a207fb986e62,0d060939-a59d-408d-8ad5-0c81b551cbc7,2026-03,1,21,11,9
a6724847-438f-4484-a2b6-490c863b4c83,0d060939-a59d-408d-8ad5-0c81b551cbc7,2026-02,1,21,13,3
722b8e91-c57f-4234-bfe4-eec72564c0bd,0f46d0e4-8aec-4624-a472-bf2b91444339,2026-07,0,22,12,3
efd40dcf-0628-48ef-a6c6-e717e1dffe36,0f46d0e4-8aec-4624-a472-bf2b91444339,2026-06,0,22,5,1
a2e263f0-7c6a-489c-b472-eb1608f51ed3,0f46d0e4-8aec-4624-a472-bf2b91444339,2026-05,0,22,10,0
407bf12a-33e4-47fa-bf4d-870f5012542c,0f46d0e4-8aec-4624-a472-bf2b91444339,2026-04,1,21,13,5
8aa338fd-2eb1-4b32-99be-0971d5059555,0f46d0e4-8aec-4624-a472-bf2b91444339,2026-03,0,22,6,5
14d94e07-ce03-401d-a2c2-be7e5f7e6a68,0f46d0e4-8aec-4624-a472-bf2b91444339,2026-02,0,22,7,8
0da5043a-d75d-481e-97f9-d19457370406,7b594bde-977e-43f2-be60-51ca2caef4b4,2026-07,1,21,11,6
27d3891f-690c-4279-b71a-3be53595287d,7b594bde-977e-43f2-be60-51ca2caef4b4,2026-06,1,21,13,8
2bc07279-0e62-4583-a46f-d7259e5f3e1f,7b594bde-977e-43f2-be60-51ca2caef4b4,2026-05,0,22,10,0
ea5a90da-b43b-48be-93ca-8a339a3f1f82,7b594bde-977e-43f2-be60-51ca2caef4b4,2026-04,0,22,11,8
ce81fd4c-6a8c-4185-98ae-406aafb3b250,7b594bde-977e-43f2-be60-51ca2caef4b4,2026-03,1,21,6,2
1c41d7e8-f49d-4c91-a5dc-c368e582628a,7b594bde-977e-43f2-be60-51ca2caef4b4,2026-02,1,21,15,4
37c867f7-afc4-4990-92ee-8c4d2b3d9079,271ae216-7d82-4453-904e-8dd318e4796f,2026-07,1,21,6,0
59fbf901-cdba-4d67-8cbc-ad7678244277,271ae216-7d82-4453-904e-8dd318e4796f,2026-06,1,21,10,2
4e55575f-2bb2-48fc-bae3-6ca76805d4d9,271ae216-7d82-4453-904e-8dd318e4796f,2026-05,1,21,12,10
a5d147c8-aa8a-4d90-bb57-fc6af7635918,271ae216-7d82-4453-904e-8dd318e4796f,2026-04,0,22,9,0
5ec9e5a2-0aae-4df5-bf88-94fd924eeb73,271ae216-7d82-4453-904e-8dd318e4796f,2026-03,1,21,11,0
7e7d2ec0-6871-4b8f-8958-9157bbd5969f,271ae216-7d82-4453-904e-8dd318e4796f,2026-02,0,22,11,8
81489ffb-e20a-47ac-b3cf-b227b6198a81,363c4e5e-1705-43eb-814f-14bf4f02f9d7,2026-07,2,20,4,9
3cb534dd-02f3-475d-9de3-89b4128b3de4,363c4e5e-1705-43eb-814f-14bf4f02f9d7,2026-06,6,16,0,2
485bf81c-1b20-4404-9971-c10de97be8c4,363c4e5e-1705-43eb-814f-14bf4f02f9d7,2026-05,3,19,5,8
e665bea2-034e-4f4f-9fec-37559679f8c6,363c4e5e-1705-43eb-814f-14bf4f02f9d7,2026-04,5,17,4,6
ad3f7733-d67a-4ba3-b5f1-5b1c91a940b3,363c4e5e-1705-43eb-814f-14bf4f02f9d7,2026-03,3,19,4,7
159d2850-4d07-46d4-b52d-60fd7993d525,363c4e5e-1705-43eb-814f-14bf4f02f9d7,2026-02,4,18,4,7
ae52d062-6dc7-4fe3-8485-76b21a2e4cea,49716740-f66d-4549-b77e-89d570584fd6,2026-07,1,21,11,9
ea969fe3-57a4-418e-83b5-204939363a0c,49716740-f66d-4549-b77e-89d570584fd6,2026-06,1,21,6,6
b6db5695-8ec8-4725-a870-2a23d0c8a7fc,49716740-f66d-4549-b77e-89d570584fd6,2026-05,0,22,6,4
bd307562-cd23-48cf-b6c8-c1dbd594a870,49716740-f66d-4549-b77e-89d570584fd6,2026-04,0,22,12,6
6878ca69-b1fd-4424-b4db-2cc659e6c88b,49716740-f66d-4549-b77e-89d570584fd6,2026-03,1,21,8,10
cec81d89-ee1f-48a5-8928-82a3e8d13300,49716740-f66d-4549-b77e-89d570584fd6,2026-02,1,21,11,4
f54d7efc-dd5e-4595-b23f-0eef976a83f6,1ad55a29-8616-4261-9cca-e6bd6967de84,2026-07,1,21,8,8
07f2ddd6-d695-408d-bd31-8ccab2417ec9,1ad55a29-8616-4261-9cca-e6bd6967de84,2026-06,2,20,7,2
159cc722-4338-4861-9180-941d2ad260d6,1ad55a29-8616-4261-9cca-e6bd6967de84,2026-05,1,21,5,5
9a4d3806-9ec2-4c6b-9513-082b56b15522,1ad55a29-8616-4261-9cca-e6bd6967de84,2026-04,1,21,1,1
697564e6-7c9e-47c6-8177-414a00844b9f,1ad55a29-8616-4261-9cca-e6bd6967de84,2026-03,3,19,0,4
28776a69-cfd0-478a-9c03-9febc90fffe6,1ad55a29-8616-4261-9cca-e6bd6967de84,2026-02,1,21,4,7
c6e1c98b-2062-40d3-ab6a-78a254ecd69e,eb18e7ee-fc21-4ef2-9c2d-bac4ee8f048c,2026-07,1,21,6,10
ccec507b-bbe9-4234-b91b-6e7300054973,eb18e7ee-fc21-4ef2-9c2d-bac4ee8f048c,2026-06,1,21,13,1
d3b77d57-b57b-4db6-97be-61db938fc317,eb18e7ee-fc21-4ef2-9c2d-bac4ee8f048c,2026-05,1,21,10,5
296365b1-66a0-4199-a0cc-82b7e85b0066,eb18e7ee-fc21-4ef2-9c2d-bac4ee8f048c,2026-04,0,22,7,0
8ea04f89-40e9-40f4-9235-7044ee894a26,eb18e7ee-fc21-4ef2-9c2d-bac4ee8f048c,2026-03,1,21,9,9
1986452b-9697-46f0-838f-419ba3599a50,eb18e7ee-fc21-4ef2-9c2d-bac4ee8f048c,2026-02,0,22,6,9
c780f3f9-3af0-47fa-a658-f8e7e1e8634e,17eddfe2-c1b2-410e-8455-1d131ea3cb72,2026-07,1,21,13,0
f816f24f-d66b-4a71-8fd8-be9835ee661c,17eddfe2-c1b2-410e-8455-1d131ea3cb72,2026-06,0,22,9,1
b7cac4a0-f639-45cc-bff5-223378f1da4c,17eddfe2-c1b2-410e-8455-1d131ea3cb72,2026-05,1,21,8,10
5cae6431-1998-4d0c-a695-f3c4523c0a49,17eddfe2-c1b2-410e-8455-1d131ea3cb72,2026-04,1,21,8,6
67efd7f0-9358-406b-ab88-2c7dcfd8f0ac,17eddfe2-c1b2-410e-8455-1d131ea3cb72,2026-03,0,22,12,6
e2189e75-c1a4-4816-9062-36969be61a1d,17eddfe2-c1b2-410e-8455-1d131ea3cb72,2026-02,0,22,7,6
7ec90224-cd9e-477a-a912-3c40512097e7,e476261d-3da3-4da2-b1f8-3700b3e13ab1,2026-07,1,21,6,1
4c0f8d8e-a057-460a-8c8d-0b42530cb61c,e476261d-3da3-4da2-b1f8-3700b3e13ab1,2026-06,1,21,6,10
c84f6dd2-56e3-4135-b918-a604c5da5250,e476261d-3da3-4da2-b1f8-3700b3e13ab1,2026-05,0,22,11,8
d7f5e56e-3116-418d-b727-d8c234359aa3,e476261d-3da3-4da2-b1f8-3700b3e13ab1,2026-04,1,21,15,7
97a27d25-c78c-482c-a2be-dddd62e35a41,e476261d-3da3-4da2-b1f8-3700b3e13ab1,2026-03,0,22,8,5
990328b3-1fa7-4dcd-9c00-c5e8767764ad,e476261d-3da3-4da2-b1f8-3700b3e13ab1,2026-02,1,21,10,8
9975e60f-76d7-40b3-8e68-f4d4682e5170,21976e6e-b1ab-4b66-ae83-de0b09d5a842,2026-07,0,22,14,6
555a719a-b2c9-4e3f-8c35-0bc3c4a0fde5,21976e6e-b1ab-4b66-ae83-de0b09d5a842,2026-06,1,21,15,6
9a7411f8-efbd-4307-83b3-69d3e2e39d8a,21976e6e-b1ab-4b66-ae83-de0b09d5a842,2026-05,0,22,12,9
79274cc9-c087-4ae3-81dd-85d803885714,21976e6e-b1ab-4b66-ae83-de0b09d5a842,2026-04,1,21,15,3
424af841-acba-4047-b370-4c191d36d991,21976e6e-b1ab-4b66-ae83-de0b09d5a842,2026-03,1,21,10,4
9da8e1fa-6aab-4c1d-96a0-f61bc1aa29f4,21976e6e-b1ab-4b66-ae83-de0b09d5a842,2026-02,1,21,12,3
f582d93a-b60f-48eb-85eb-8be5f9d26a3d,234969bd-aa8c-41bb-a3df-4fa2ceab1f82,2026-07,1,21,6,2
01688162-8a88-4b91-9211-9747e9b29797,234969bd-aa8c-41bb-a3df-4fa2ceab1f82,2026-06,1,21,9,4
e095611c-d884-4f53-aeae-347d4f037fe4,234969bd-aa8c-41bb-a3df-4fa2ceab1f82,2026-05,1,21,5,3
e5744b9c-9f1e-4db6-8f37-5516ef4b001f,234969bd-aa8c-41bb-a3df-4fa2ceab1f82,2026-04,0,22,7,10
1a897325-bba5-41ac-aa32-b8283b6628a4,234969bd-aa8c-41bb-a3df-4fa2ceab1f82,2026-03,1,21,13,5
c0ce46a1-b49c-4d12-9ff8-41b78af4d60d,234969bd-aa8c-41bb-a3df-4fa2ceab1f82,2026-02,1,21,13,6
aa0646ec-bd61-4414-97d3-69fcbbca4e91,755152f4-ca21-43bd-bf20-66c83377b407,2026-07,0,22,8,1
aab94ef8-1402-4c77-b9b6-e9e586f7a120,755152f4-ca21-43bd-bf20-66c83377b407,2026-06,0,22,12,4
a6933c13-c083-440e-8ac3-6f8103a6ae36,755152f4-ca21-43bd-bf20-66c83377b407,2026-05,0,22,14,0
bacdc7ca-bb16-495f-9963-cf8c07bedfe0,755152f4-ca21-43bd-bf20-66c83377b407,2026-04,0,22,8,5
6a12595a-7365-4557-b686-8d5ef7350f19,755152f4-ca21-43bd-bf20-66c83377b407,2026-03,0,22,7,5
f1044c8e-7026-4514-8865-789fc27bc8ce,755152f4-ca21-43bd-bf20-66c83377b407,2026-02,1,21,15,9
1b2166d8-1e9c-43db-94d2-bdddee0a5221,f6443027-37fb-4f01-af99-f67244851ee0,2026-07,3,19,7,6
3fee34b5-2d9b-4bbf-bd53-af8dfb89a79c,f6443027-37fb-4f01-af99-f67244851ee0,2026-06,2,20,10,5
9724abe2-9150-4c52-bee8-edae5dfa316f,f6443027-37fb-4f01-af99-f67244851ee0,2026-05,1,21,4,10
65557d14-7da2-4300-983a-e2f3b66d6c70,f6443027-37fb-4f01-af99-f67244851ee0,2026-04,1,21,8,7
5bccc1b0-fb07-4dc4-ab7d-3bbbeb013260,f6443027-37fb-4f01-af99-f67244851ee0,2026-03,2,20,4,4
77415f4c-426d-482e-8c7e-a0a4d5359874,f6443027-37fb-4f01-af99-f67244851ee0,2026-02,2,20,7,4
dbb8ebcc-1bde-47de-b20b-e4163ccb422f,5c9df0de-492b-4c99-90ff-7c13ce595f0a,2026-07,2,20,10,2
26d3004f-a93d-468e-988b-15ce926f4881,5c9df0de-492b-4c99-90ff-7c13ce595f0a,2026-06,2,20,8,9
57b41fe1-874b-4514-af48-afb989f3abe6,5c9df0de-492b-4c99-90ff-7c13ce595f0a,2026-05,3,19,4,9
470932b7-a350-4654-821f-5a8817dfb87f,5c9df0de-492b-4c99-90ff-7c13ce595f0a,2026-04,3,19,9,1
f4028266-5b2b-44c8-9ab3-6772a4417e65,5c9df0de-492b-4c99-90ff-7c13ce595f0a,2026-03,1,21,1,4
11a093eb-be70-4f1e-86d0-ef1c072caa84,1ac23ea9-6a82-470c-bcdb-d5d44701d985,2026-07,0,22,8,1
01e113c1-635a-48b5-819f-7b5c236b1f63,1ac23ea9-6a82-470c-bcdb-d5d44701d985,2026-06,0,22,9,1
a66ce0fd-ce60-48ab-9d30-06d4640489cb,1ac23ea9-6a82-470c-bcdb-d5d44701d985,2026-05,0,22,6,6
b3061608-85d6-4583-aa18-dbac936833a5,1ac23ea9-6a82-470c-bcdb-d5d44701d985,2026-04,1,21,7,7
52560fde-a805-4ccd-81e9-c89b6a7e7f38,1ac23ea9-6a82-470c-bcdb-d5d44701d985,2026-03,1,21,14,6
3b3139ba-791f-43a4-8e46-9f175e6be3c0,1ac23ea9-6a82-470c-bcdb-d5d44701d985,2026-02,0,22,8,6
880e248c-7eb1-485b-bbe8-2869f06fabbb,8a225533-6a9c-4736-a161-073cb26e989c,2026-07,0,22,6,8
9d7e9fb2-acce-4942-b5b3-ac09a0d21c27,8a225533-6a9c-4736-a161-073cb26e989c,2026-06,1,21,6,2
f31630b0-0853-451f-9134-bce10706f3ba,8a225533-6a9c-4736-a161-073cb26e989c,2026-05,0,22,10,10
7bd528a5-765c-4ceb-9ba5-404748fb1e04,8a225533-6a9c-4736-a161-073cb26e989c,2026-04,1,21,11,9
d5c79ef1-fe32-4e88-a49f-4da4bb141b09,38d61447-76aa-4e88-a250-9bdd08cb1be6,2026-07,0,22,15,0
30944af4-62ba-41e4-89cf-f9a351ec4593,38d61447-76aa-4e88-a250-9bdd08cb1be6,2026-06,0,22,10,3
751b0754-a20a-44f6-a2e1-107e0658aee5,38d61447-76aa-4e88-a250-9bdd08cb1be6,2026-05,1,21,15,3
6c91ba09-cf48-40bc-9afb-82423291d1a2,38d61447-76aa-4e88-a250-9bdd08cb1be6,2026-04,0,22,13,4
5f34a93f-22a3-4a25-a8d7-57089be8e3c2,38d61447-76aa-4e88-a250-9bdd08cb1be6,2026-03,1,21,7,9
3baa656e-d39f-404f-bf36-d4754721928e,38d61447-76aa-4e88-a250-9bdd08cb1be6,2026-02,0,22,9,5
f67d19cb-d92a-4710-ac00-7fa4e21151ad,7ca3060c-d284-4d76-9a58-093a9a57361d,2026-07,0,22,15,0
d640fcf0-b596-48d7-9334-ddb5ebf86641,7ca3060c-d284-4d76-9a58-093a9a57361d,2026-06,0,22,14,1
098a329a-5aa1-4272-a26a-7c6b49d1a14a,7ca3060c-d284-4d76-9a58-093a9a57361d,2026-05,1,21,9,6
6ac9a465-e1ac-40ab-9ca5-117fa500d6e4,7ca3060c-d284-4d76-9a58-093a9a57361d,2026-04,0,22,13,0
c7b876e1-c463-4563-9c45-e5f8f91a0258,7ca3060c-d284-4d76-9a58-093a9a57361d,2026-03,0,22,7,8
9f1e90a7-2ac7-4958-861c-d0a974db868d,7ca3060c-d284-4d76-9a58-093a9a57361d,2026-02,0,22,11,9
ef9ea7a1-da95-4c11-b4aa-6fd4482f38f8,d37acc0b-3015-4421-b219-7bb5910c9594,2026-07,0,22,8,5
28665599-684d-4133-b10f-bd66841ce902,d37acc0b-3015-4421-b219-7bb5910c9594,2026-06,0,22,5,10
0ed97432-affd-4ea2-abb7-53658fd4fe00,d37acc0b-3015-4421-b219-7bb5910c9594,2026-05,0,22,5,8
6adf687c-ad45-49cb-9fa0-170b7f96523d,d37acc0b-3015-4421-b219-7bb5910c9594,2026-04,1,21,14,7
a0d6ec6c-dfaa-4f41-be72-84c53efac09d,d37acc0b-3015-4421-b219-7bb5910c9594,2026-03,0,22,12,3
a0673f47-4fc5-4a20-9618-93571676fb56,d37acc0b-3015-4421-b219-7bb5910c9594,2026-02,1,21,12,3
12f02c51-115c-4b32-8440-b4a057ff345d,ad4e4541-b812-48d6-b3c8-13cd52da3487,2026-07,2,20,9,7
4b89e941-c610-4e09-a99a-039d5a56f852,ad4e4541-b812-48d6-b3c8-13cd52da3487,2026-06,2,20,4,8
5bb17dee-7740-447d-9145-5287008178fc,ad4e4541-b812-48d6-b3c8-13cd52da3487,2026-05,3,19,3,0
d8cb7339-0c74-4acc-ae37-e24ffc6432da,ad4e4541-b812-48d6-b3c8-13cd52da3487,2026-04,3,19,3,5
e3e5d0c7-b1ea-48ed-a783-482cb464157b,ad4e4541-b812-48d6-b3c8-13cd52da3487,2026-03,3,19,8,7
905677ce-558e-4bf3-8bb8-50a52eee2000,ad4e4541-b812-48d6-b3c8-13cd52da3487,2026-02,1,21,0,4
ce200c65-ea92-4a47-96df-e5ce02c0cf1b,d245afd2-806c-4ee9-9cc4-f77f1678924c,2026-07,1,21,14,0
2dd1fecc-32e4-450c-ae68-fa6776412347,d245afd2-806c-4ee9-9cc4-f77f1678924c,2026-06,1,21,7,0
eb26bd58-acee-4287-bc47-f6ea54837ec5,d245afd2-806c-4ee9-9cc4-f77f1678924c,2026-05,1,21,6,6
0ebeef63-4c1b-4a62-9dfb-dd5c65a2d9b2,d245afd2-806c-4ee9-9cc4-f77f1678924c,2026-04,0,22,9,4
8f69e395-fb62-43a0-93dd-6f7a0e47deab,d245afd2-806c-4ee9-9cc4-f77f1678924c,2026-03,1,21,7,0
eae47140-12ac-4dee-9e92-8d0fcad488b3,d245afd2-806c-4ee9-9cc4-f77f1678924c,2026-02,1,21,5,6
af1289e2-1a79-411c-931d-3016798d13a2,3b918027-6ae6-44f5-8409-4a6b55db19f7,2026-07,2,20,6,5
6a4c95f2-6df4-4df8-960f-26fa78d2f971,3b918027-6ae6-44f5-8409-4a6b55db19f7,2026-06,1,21,3,0
ce92d92e-7804-4bfc-be28-88aa81ba8d43,3b918027-6ae6-44f5-8409-4a6b55db19f7,2026-05,1,21,4,1
ee5a20c5-e7a7-493a-8915-a34d04371c02,3b918027-6ae6-44f5-8409-4a6b55db19f7,2026-04,2,20,10,5
f1b11f68-f612-479a-b4c2-d93892dc0685,3b918027-6ae6-44f5-8409-4a6b55db19f7,2026-03,3,19,4,2
55ecb169-73a9-4e81-8116-e1e7337fd7da,3b918027-6ae6-44f5-8409-4a6b55db19f7,2026-02,3,19,4,0
921a0e2b-392e-41a9-8252-7bb032b557ff,eca58caf-3448-4cf9-900e-db8379a75fd1,2026-07,1,21,2,3
70e03a33-a1b2-40c2-b662-db6e33288edd,eca58caf-3448-4cf9-900e-db8379a75fd1,2026-06,3,19,3,4
547161c3-aa0a-43ae-856a-e00d144cdd27,eca58caf-3448-4cf9-900e-db8379a75fd1,2026-05,2,20,3,3
573ac40d-17d9-45fb-901b-6e61b2ad2e43,eca58caf-3448-4cf9-900e-db8379a75fd1,2026-04,1,21,2,9
7f80ad0a-c8fa-4944-98aa-574867edee02,eca58caf-3448-4cf9-900e-db8379a75fd1,2026-03,1,21,9,1
73ee80a9-00bc-423f-ae09-14be3517d855,eca58caf-3448-4cf9-900e-db8379a75fd1,2026-02,3,19,4,8
693a14e8-b538-4e3e-8d9d-11248b1d126d,b8715a82-94de-4f4a-af75-d5cb80c0d14f,2026-07,0,22,7,10
7f531d6a-02c6-42c4-bff7-459dc4226be0,b8715a82-94de-4f4a-af75-d5cb80c0d14f,2026-06,1,21,5,8
9e4d91a4-06b8-431d-b9e0-fbdf0a39f19b,b8715a82-94de-4f4a-af75-d5cb80c0d14f,2026-05,0,22,14,9
d94f498d-641e-4c29-8496-8ff9c8f46478,b8715a82-94de-4f4a-af75-d5cb80c0d14f,2026-04,0,22,8,10
02688188-ee09-4602-9133-602335ef94b8,b8715a82-94de-4f4a-af75-d5cb80c0d14f,2026-03,0,22,5,8
a2a08ea9-f3dd-4670-a57b-dc9235a56171,b8715a82-94de-4f4a-af75-d5cb80c0d14f,2026-02,1,21,5,0
3666b4b3-59f5-4107-b444-b59124531b3b,77437f99-ce95-4b42-b6c8-273228f5673c,2026-07,3,19,0,0
680d5fcb-ea0d-4d86-8a3b-f1e45e5409ab,77437f99-ce95-4b42-b6c8-273228f5673c,2026-06,3,19,6,1
71de6090-5f99-4039-8ae6-fc60b05255f1,77437f99-ce95-4b42-b6c8-273228f5673c,2026-05,2,20,10,9
cde68149-ec7e-4e1d-ad0b-a459486c9acd,77437f99-ce95-4b42-b6c8-273228f5673c,2026-04,2,20,8,7
e799a9ee-40d6-41d7-a635-be8068690c43,77437f99-ce95-4b42-b6c8-273228f5673c,2026-03,3,19,10,7
27b1ed0e-41dd-4e08-97a8-cb5fffb96f24,77437f99-ce95-4b42-b6c8-273228f5673c,2026-02,3,19,9,0
1ca32b0b-feff-44f6-97e2-e5597c95e1ca,9a14dae9-5955-4cd7-9352-05cf0ce1f76c,2026-07,0,22,15,6
0936c46c-647b-4a04-8e1f-f319d4cfc437,9a14dae9-5955-4cd7-9352-05cf0ce1f76c,2026-06,0,22,13,1
ae1e1a11-7f02-470f-bf40-e9aa0c9183af,9a14dae9-5955-4cd7-9352-05cf0ce1f76c,2026-05,0,22,7,6
8f92a435-d4ac-4a9e-bb16-40ac596ef36b,9a14dae9-5955-4cd7-9352-05cf0ce1f76c,2026-04,0,22,11,4
4e03d477-536e-4e5f-9560-404191c568f8,01bebd44-1118-470e-ab89-f458de26f7e2,2026-07,0,22,7,9
b54b1adf-be9b-4786-8377-b1e6ccce70d7,01bebd44-1118-470e-ab89-f458de26f7e2,2026-06,1,21,14,10
7db201ab-67ac-4327-9e52-215dcb425228,01bebd44-1118-470e-ab89-f458de26f7e2,2026-05,0,22,10,5
8752aacf-2715-472d-a66c-e13f850c7393,01bebd44-1118-470e-ab89-f458de26f7e2,2026-04,0,22,13,4
b8f71786-e031-4ea8-a842-eef06e4c808d,01bebd44-1118-470e-ab89-f458de26f7e2,2026-03,1,21,9,3
53c7b7e8-eb6a-45b4-9c97-bb897a7c3329,01bebd44-1118-470e-ab89-f458de26f7e2,2026-02,1,21,5,3
e352de0a-5276-4318-ac02-e1c0b6863fba,24a068e8-4de1-4f13-acaf-11d2331376a9,2026-07,1,21,5,7
3ec0d61e-448b-4579-ab7c-930509f00711,24a068e8-4de1-4f13-acaf-11d2331376a9,2026-06,1,21,9,4
3faed9d3-da71-45f3-a0ca-2c1e65c3c1f1,24a068e8-4de1-4f13-acaf-11d2331376a9,2026-05,0,22,10,6
b45ec2a0-8c30-4ddf-93a0-47cb3a069bcd,24a068e8-4de1-4f13-acaf-11d2331376a9,2026-04,0,22,15,9
1b1420e2-1ebb-4a84-872f-b34d8060bced,24a068e8-4de1-4f13-acaf-11d2331376a9,2026-03,1,21,13,1
d76ddf6d-c074-418a-9e9a-a1c6096b387f,24a068e8-4de1-4f13-acaf-11d2331376a9,2026-02,1,21,11,1
9c4dd555-1aec-42fd-816b-f8ad1a354f01,b44f6998-3679-4f1e-a566-9ea95ab83acf,2026-07,1,21,15,2
afbeffed-c514-43d1-bba8-4428053cfce5,b44f6998-3679-4f1e-a566-9ea95ab83acf,2026-06,1,21,6,2
96db1cbc-df6d-42c0-89ec-56e0183d5f81,b44f6998-3679-4f1e-a566-9ea95ab83acf,2026-05,1,21,10,0
af10f651-e588-41b9-8d9e-507934be5c64,b44f6998-3679-4f1e-a566-9ea95ab83acf,2026-04,1,21,8,5
9a304a4f-adc9-463f-9630-3f7dafa71224,b44f6998-3679-4f1e-a566-9ea95ab83acf,2026-03,1,21,5,6
1739a8c2-8a0d-4a94-8058-1bcabb12062e,b44f6998-3679-4f1e-a566-9ea95ab83acf,2026-02,1,21,15,9
9e20b088-2708-4a09-9792-db50cfd134dc,4328fbf5-e9be-42c5-a235-f9b5f3ce8dd5,2026-07,0,22,7,7
c7ae00c6-aecc-4bec-9417-b3d730374d9d,4328fbf5-e9be-42c5-a235-f9b5f3ce8dd5,2026-06,1,21,15,3
20b3a9ee-a7cd-4ac0-a962-3df3894766a4,4328fbf5-e9be-42c5-a235-f9b5f3ce8dd5,2026-05,1,21,10,9
89c5d7e1-7781-4935-803b-ca12b4c38f89,4328fbf5-e9be-42c5-a235-f9b5f3ce8dd5,2026-04,0,22,15,8
11beaa68-845b-4546-b1d1-9cb5d0f2ac66,4328fbf5-e9be-42c5-a235-f9b5f3ce8dd5,2026-03,1,21,9,1
0c3af7a3-e2d3-432c-afa8-904e66b24189,4328fbf5-e9be-42c5-a235-f9b5f3ce8dd5,2026-02,0,22,7,4
f7e9845a-c3eb-44f8-ac74-b06a54a37921,8f3b2d87-6177-4ac6-8b97-d84398b5b24c,2026-07,1,21,13,9
2daf5634-a8d4-4670-9abf-62204ed54fee,8f3b2d87-6177-4ac6-8b97-d84398b5b24c,2026-06,1,21,15,9
8bffa7aa-3d5f-4327-9fcb-4c09c61524d9,8f3b2d87-6177-4ac6-8b97-d84398b5b24c,2026-05,0,22,12,3
9fd309db-27a6-44be-8087-521a7880fc1c,8f3b2d87-6177-4ac6-8b97-d84398b5b24c,2026-04,0,22,14,7
0759a40a-1abf-4f44-a2d0-468b0868f535,8f3b2d87-6177-4ac6-8b97-d84398b5b24c,2026-03,1,21,10,3
7a44b6f3-000d-423d-85fa-e7e886621c9d,8f3b2d87-6177-4ac6-8b97-d84398b5b24c,2026-02,1,21,6,1
eba81e9e-7f11-48c7-8042-a882660219c6,a1a709bf-9ff1-404f-9a20-27fc718ee7b4,2026-07,1,21,8,5
504df778-0950-4a9a-a6e3-684978e85116,a1a709bf-9ff1-404f-9a20-27fc718ee7b4,2026-06,1,21,14,7
29600069-da2c-403a-8952-5b87a9826231,a1a709bf-9ff1-404f-9a20-27fc718ee7b4,2026-05,0,22,11,0
080eb628-3b72-45e9-a587-099b3bab75aa,a1a709bf-9ff1-404f-9a20-27fc718ee7b4,2026-04,0,22,11,0
75de043b-3b59-4f28-8f3b-9d3f67920bdf,a1a709bf-9ff1-404f-9a20-27fc718ee7b4,2026-03,1,21,10,9
c1a2d614-d39f-4312-9ccf-ed310712674a,a1a709bf-9ff1-404f-9a20-27fc718ee7b4,2026-02,0,22,12,4
4a0f7399-b103-40ae-811f-ff98bd680459,8e258cd0-909d-4a6f-a31f-63086e0a2324,2026-07,0,22,9,0
a9e58afa-73ce-4ed4-a609-af52d0656d70,8e258cd0-909d-4a6f-a31f-63086e0a2324,2026-06,1,21,14,2
47d73326-8680-463a-a1a1-a8c55d444595,8e258cd0-909d-4a6f-a31f-63086e0a2324,2026-05,0,22,12,5
33f7e3ce-f410-48a0-8c22-ce90b1bc6225,8e258cd0-909d-4a6f-a31f-63086e0a2324,2026-04,0,22,11,3
ee7eb4e7-2ed8-4f71-8628-1809b70d43b1,8e258cd0-909d-4a6f-a31f-63086e0a2324,2026-03,0,22,13,2
d76a2fb3-a3c5-44d9-bdc7-9a421abae92e,8e258cd0-909d-4a6f-a31f-63086e0a2324,2026-02,1,21,15,10
1083939a-b0ea-4fdb-82bb-9418224b39db,eba0678a-6cd5-467a-a78a-4ab0d8e50bc3,2026-07,1,21,10,0
ae568181-ff27-426a-bb13-0a4a33d81b21,eba0678a-6cd5-467a-a78a-4ab0d8e50bc3,2026-06,0,22,11,5
75b01efc-8e2f-4600-9d88-a7ce788d89de,eba0678a-6cd5-467a-a78a-4ab0d8e50bc3,2026-05,0,22,14,7
05181c3f-80f3-47ae-85d7-80120cd0aa98,eba0678a-6cd5-467a-a78a-4ab0d8e50bc3,2026-04,0,22,9,9
82528e67-3145-40db-8afd-a2183eb2a0ef,eba0678a-6cd5-467a-a78a-4ab0d8e50bc3,2026-03,1,21,8,4
f7c1b8cf-8186-4c78-b6e7-d6aa9d0c14ec,eba0678a-6cd5-467a-a78a-4ab0d8e50bc3,2026-02,1,21,14,7
9aa484fa-1e72-4a38-b100-1c182acb2d95,952b9457-0b6c-4f6c-9287-efce386960df,2026-07,0,22,10,2
cad4b2f8-3e86-478a-976a-06b88eb81959,952b9457-0b6c-4f6c-9287-efce386960df,2026-06,0,22,10,4
f03bcdac-d942-4f54-97fc-00dbe7c8f033,952b9457-0b6c-4f6c-9287-efce386960df,2026-05,0,22,11,2
85761f31-44f7-4d34-9c92-717100042ac7,952b9457-0b6c-4f6c-9287-efce386960df,2026-04,1,21,13,4
10b0925d-cffe-4f6f-bbb5-b302d0f9aac7,952b9457-0b6c-4f6c-9287-efce386960df,2026-03,0,22,6,7
37961cd9-abe9-43cf-91f6-3009fd373ac0,952b9457-0b6c-4f6c-9287-efce386960df,2026-02,1,21,15,2
e054217e-e266-47f1-af6c-e1d7ebf0dc96,a7054c2a-8db5-4c66-b483-4e4a4cee6379,2026-07,1,21,0,0
20154509-39a0-494f-b3f4-dd6876db4897,a7054c2a-8db5-4c66-b483-4e4a4cee6379,2026-06,1,21,4,1
170139ba-ae0f-41fa-8925-fc8c97744c64,a7054c2a-8db5-4c66-b483-4e4a4cee6379,2026-05,2,20,5,8
0d0dfd4b-e27f-45fd-b315-aefa3858a4b4,a7054c2a-8db5-4c66-b483-4e4a4cee6379,2026-04,2,20,4,9
c993b125-cdf7-4ccb-8e5f-f9d37afd412a,a7054c2a-8db5-4c66-b483-4e4a4cee6379,2026-03,2,20,9,9
9a24d176-8798-4d12-9870-212cdb642851,a7054c2a-8db5-4c66-b483-4e4a4cee6379,2026-02,1,21,6,1
28c9fde5-89f0-4bf5-be6b-073d55fa1b66,3ee4a8b2-d98d-4bd6-a3a8-fd77f7a6ba53,2026-07,0,22,15,6
ef19ec44-309a-4979-8da5-d52bff4a1d0a,3ee4a8b2-d98d-4bd6-a3a8-fd77f7a6ba53,2026-06,1,21,10,9
1740c8d1-e054-4c05-bece-30b60aba8543,3ee4a8b2-d98d-4bd6-a3a8-fd77f7a6ba53,2026-05,0,22,8,10
06f2a273-a968-4ad0-bea6-bb4a66204d54,3ee4a8b2-d98d-4bd6-a3a8-fd77f7a6ba53,2026-04,0,22,12,4
6b39456a-2bc0-4d6e-a708-c0fe8f6a8537,3ee4a8b2-d98d-4bd6-a3a8-fd77f7a6ba53,2026-03,1,21,10,0
28a378ad-700b-4e0d-ada2-a6c0dbf37c78,3ee4a8b2-d98d-4bd6-a3a8-fd77f7a6ba53,2026-02,1,21,14,4
c7c381be-9325-4c80-9424-29e5a0289dc3,49025f02-8b29-4288-bc2b-45fd702761b7,2026-07,0,22,8,9
499ec578-48cc-4c67-92ec-5da55e892afa,49025f02-8b29-4288-bc2b-45fd702761b7,2026-06,0,22,10,4
a587ac6b-44f8-4f1d-bde6-b32756d60c2a,49025f02-8b29-4288-bc2b-45fd702761b7,2026-05,1,21,15,1
8ed1730e-89ff-441b-bc56-1813156497ed,49025f02-8b29-4288-bc2b-45fd702761b7,2026-04,0,22,15,1
47ebb450-33e3-47ff-9892-df1f44da94fb,49025f02-8b29-4288-bc2b-45fd702761b7,2026-03,0,22,5,5
4128a8f6-3dd2-467f-b9dd-b63fee33c892,49025f02-8b29-4288-bc2b-45fd702761b7,2026-02,0,22,15,7
0ba79d67-7dcd-4c81-b16a-0d06810d06dc,af2e1f25-de9f-4284-9242-8b49cfc30600,2026-07,0,22,9,1
3aa8a3ca-4871-4b03-8f9d-c2b82b0a6762,af2e1f25-de9f-4284-9242-8b49cfc30600,2026-06,1,21,13,5
5b5f5851-943d-4591-8335-230e2ada55f9,af2e1f25-de9f-4284-9242-8b49cfc30600,2026-05,0,22,11,7
a07c2ca9-a82f-40aa-a160-0ac55e151986,af2e1f25-de9f-4284-9242-8b49cfc30600,2026-04,1,21,11,7
2e73ddaf-e8f1-4c67-986f-70488be69ab0,af2e1f25-de9f-4284-9242-8b49cfc30600,2026-03,1,21,8,10
90a1e9d9-6f42-4ad4-8aa7-ac93a99bd393,af2e1f25-de9f-4284-9242-8b49cfc30600,2026-02,0,22,10,3
3bf9f984-0af7-48ac-8df1-7f46145e0679,c15d9f05-62af-410b-870c-ad2c69fd69a5,2026-07,0,22,14,2
eb386e3e-2bf6-444c-a855-ec4c9f03abba,c15d9f05-62af-410b-870c-ad2c69fd69a5,2026-06,0,22,14,5
ae8def1b-0688-4a74-81d6-f85a1f234561,c15d9f05-62af-410b-870c-ad2c69fd69a5,2026-05,0,22,14,7
d9cf19fd-24da-41b4-818c-95ed448f0ba5,c15d9f05-62af-410b-870c-ad2c69fd69a5,2026-04,1,21,12,4
2b5103d5-12a7-4cee-99cc-8d38a68e2749,c15d9f05-62af-410b-870c-ad2c69fd69a5,2026-03,0,22,10,9
ebb67f28-b09e-49fc-a829-af1115c15f57,c15d9f05-62af-410b-870c-ad2c69fd69a5,2026-02,1,21,13,0
64244472-fd96-42e8-b781-bbf689b03724,40b505c1-76f6-4580-866a-86a9cb4c44f2,2026-07,1,21,6,9
c08b584a-eb43-47b1-aa96-9d3cad5a5ca1,40b505c1-76f6-4580-866a-86a9cb4c44f2,2026-06,1,21,9,9
c80dc802-47e8-422a-803e-428e408057ca,40b505c1-76f6-4580-866a-86a9cb4c44f2,2026-05,1,21,14,6
ba7f0507-50e1-4b10-9067-1cd6fd559aef,40b505c1-76f6-4580-866a-86a9cb4c44f2,2026-04,1,21,11,5
81e42011-c636-4b74-8478-4d56a9084dce,40b505c1-76f6-4580-866a-86a9cb4c44f2,2026-03,1,21,12,3
78af19c3-ac3a-4df1-a32a-b128733deb5c,40b505c1-76f6-4580-866a-86a9cb4c44f2,2026-02,0,22,8,1
8137cee1-ffbf-4c97-8108-aff6cadd9fa5,18567d8c-45d1-4425-bba3-dedc715525de,2026-07,2,20,4,3
44b32af8-c511-412b-a5b3-c4327748ec25,18567d8c-45d1-4425-bba3-dedc715525de,2026-06,3,19,5,6
21e0e0d9-4fd2-433f-9171-03adcae4c95a,18567d8c-45d1-4425-bba3-dedc715525de,2026-05,1,21,0,6
2ce1e3b6-8e3a-447b-b3b8-dd10b2ed6975,18567d8c-45d1-4425-bba3-dedc715525de,2026-04,2,20,1,6
0305640e-8c98-4a18-8b93-572c6cd5df65,18567d8c-45d1-4425-bba3-dedc715525de,2026-03,2,20,9,3
b74c5bfa-93a8-41a4-b588-bf0ba8b555b9,18567d8c-45d1-4425-bba3-dedc715525de,2026-02,1,21,3,5
9f647ad9-e21f-48ed-bb0b-490c2e445449,5b58385b-e724-4ce0-98d2-b23d26d9fc12,2026-07,2,20,4,1
278fb2e5-c044-47d3-98a3-3d5f7e69f10e,5b58385b-e724-4ce0-98d2-b23d26d9fc12,2026-06,1,21,0,6
9708ee3c-b327-4183-bfa7-1de04467726e,5b58385b-e724-4ce0-98d2-b23d26d9fc12,2026-05,3,19,1,2
532f1d64-e7c5-48d1-a288-70293cf1c989,5b58385b-e724-4ce0-98d2-b23d26d9fc12,2026-04,2,20,6,6
f36200a0-6402-4994-ba44-e626d75c4903,5b58385b-e724-4ce0-98d2-b23d26d9fc12,2026-03,3,19,6,8
87c9cc3b-a869-4ee1-b13d-c72fa1cd3c65,5b58385b-e724-4ce0-98d2-b23d26d9fc12,2026-02,3,19,6,6
28d419d3-e6e8-4a18-9f98-74b2d76e67f7,d87e98fe-aa7b-4caf-ac65-73b1e6faa18d,2026-07,3,19,7,7
b6b13e2b-a813-4793-8d59-7714547820ad,d87e98fe-aa7b-4caf-ac65-73b1e6faa18d,2026-06,2,20,10,0
28b6fee6-7ffd-4882-8f9d-a544decc62ba,d87e98fe-aa7b-4caf-ac65-73b1e6faa18d,2026-05,2,20,1,2
d06af1c5-5778-4eff-ab7e-a95ba6ac79a5,d87e98fe-aa7b-4caf-ac65-73b1e6faa18d,2026-04,3,19,2,8
e026005f-94a6-4cfb-aead-b0fae3d2994f,d87e98fe-aa7b-4caf-ac65-73b1e6faa18d,2026-03,3,19,6,9
440d7e68-beef-4095-ba06-50aac955bf08,d87e98fe-aa7b-4caf-ac65-73b1e6faa18d,2026-02,1,21,0,10
c591a3cb-08f3-4129-b821-ef24d636b5d9,54761c7e-f119-4dae-b624-b90ef587a52c,2026-07,0,22,10,2
aa4f9bb7-6cf4-4bc3-a9ac-010dde451ad3,54761c7e-f119-4dae-b624-b90ef587a52c,2026-06,0,22,12,2
a665b7af-d7e1-4618-a3a3-c0301294caee,54761c7e-f119-4dae-b624-b90ef587a52c,2026-05,0,22,10,3
1e446625-9898-44a6-9576-ff176f0d239a,54761c7e-f119-4dae-b624-b90ef587a52c,2026-04,1,21,7,2
a76507ed-e084-42a9-8df8-0c6f751eb1e6,54761c7e-f119-4dae-b624-b90ef587a52c,2026-03,1,21,15,5
06c74867-d892-4485-820c-a3e73f27c860,54761c7e-f119-4dae-b624-b90ef587a52c,2026-02,0,22,11,9
c18c86c9-9d02-4179-a12b-aa4f607e3822,f03ef8f4-23b9-42a0-901e-25cc43656199,2026-07,0,22,12,9
87217079-68af-4b44-9abe-310dd29db6b8,f03ef8f4-23b9-42a0-901e-25cc43656199,2026-06,1,21,11,10
3611d3ce-5782-43ac-a94d-0e2b79c971f7,f03ef8f4-23b9-42a0-901e-25cc43656199,2026-05,1,21,9,1
803302fe-48fb-4c6f-a349-53d82ed24d1d,f03ef8f4-23b9-42a0-901e-25cc43656199,2026-04,1,21,13,2
25c86ac0-2b06-4d89-9773-62951c642356,f03ef8f4-23b9-42a0-901e-25cc43656199,2026-03,0,22,10,4
2351af7b-681b-425a-a970-504e54405dea,f03ef8f4-23b9-42a0-901e-25cc43656199,2026-02,0,22,7,6
bbcdba6a-fb54-42a1-9c0a-8acc41a64520,c66f2ed3-51c0-48e5-8f7e-56303b1e7707,2026-07,0,22,10,6
b0f87343-8df3-460a-84ac-8a8055eee3a1,c66f2ed3-51c0-48e5-8f7e-56303b1e7707,2026-06,0,22,6,7
d7e438bf-a312-4544-9b89-2d5381b4432b,c66f2ed3-51c0-48e5-8f7e-56303b1e7707,2026-05,1,21,15,10
af10cdfe-6a4d-4255-847c-2739956fd163,c66f2ed3-51c0-48e5-8f7e-56303b1e7707,2026-04,0,22,10,2
7ecf6a6e-f0b1-4dba-8098-69911c11004f,c66f2ed3-51c0-48e5-8f7e-56303b1e7707,2026-03,0,22,9,1
bdcba415-2095-47c9-812e-0a77e7c509db,c66f2ed3-51c0-48e5-8f7e-56303b1e7707,2026-02,1,21,11,1
73e9a963-8a50-481b-9a03-f0ba71808707,a6874e01-d7ae-42ce-ab18-c9bc61cb53c4,2026-07,1,21,13,0
f6fbc4e7-c20a-4ce1-b799-960d366503d1,acceb60a-4681-489b-a79a-a96d40e22dd9,2026-07,0,22,8,10
c765160d-be3d-435d-8dfb-e5396a4d64b3,acceb60a-4681-489b-a79a-a96d40e22dd9,2026-06,1,21,6,9
225ef7b8-8a28-4f1e-9aa2-9b4017eec292,acceb60a-4681-489b-a79a-a96d40e22dd9,2026-05,0,22,12,10
7efd026a-d3db-49ce-a440-2fa9b6ab6baf,acceb60a-4681-489b-a79a-a96d40e22dd9,2026-04,1,21,7,6
2a8335b5-1bbf-4663-b8f6-39ae888d4822,acceb60a-4681-489b-a79a-a96d40e22dd9,2026-03,0,22,6,2
c943a648-889e-41ed-b4fc-19338311dc7d,acceb60a-4681-489b-a79a-a96d40e22dd9,2026-02,1,21,12,7
d53f3f80-f3ac-4046-92bb-42020bf5d18e,6e4fa479-3872-4c5e-80de-3c020f6b846c,2026-07,4,18,1,8
c6906778-ae33-4c3f-91a4-02e09448c892,6e4fa479-3872-4c5e-80de-3c020f6b846c,2026-06,4,18,2,1
8fec2244-f2a2-444d-89d3-13916411f42e,6e4fa479-3872-4c5e-80de-3c020f6b846c,2026-05,6,16,0,5
d72f9eb0-2e36-44c7-9f62-15590fc99a95,6e4fa479-3872-4c5e-80de-3c020f6b846c,2026-04,3,19,0,1
fb8ac906-aa12-4037-9214-6687599e277a,6e4fa479-3872-4c5e-80de-3c020f6b846c,2026-03,2,20,1,6
5f1f7f0c-79bb-47e7-8a88-d8897defc5b7,6e4fa479-3872-4c5e-80de-3c020f6b846c,2026-02,6,16,2,5
52aa9676-926b-456b-b313-35fa050f3325,2d3fc1f9-6d11-4754-a511-ed464204f3d3,2026-07,1,21,13,5
21fc01c9-f5cf-4752-8f3c-1ef96d8fd321,2d3fc1f9-6d11-4754-a511-ed464204f3d3,2026-06,1,21,15,9
f752560e-20bc-4f8d-9399-5b6575e8c0c4,2d3fc1f9-6d11-4754-a511-ed464204f3d3,2026-05,0,22,6,3
2c19edbf-29b6-4f78-aa9f-e90ce63c5fbb,2d3fc1f9-6d11-4754-a511-ed464204f3d3,2026-04,1,21,9,5
51c6d245-4479-416f-bb32-e5f581abc1b2,2d3fc1f9-6d11-4754-a511-ed464204f3d3,2026-03,0,22,10,9
8ad4bcef-314e-404a-bab8-e57bd264a449,2d3fc1f9-6d11-4754-a511-ed464204f3d3,2026-02,1,21,13,8
85e6387a-19e6-4f68-bea8-5fdd5814d020,766ef5d9-f222-43fa-981f-c1170c83afbd,2026-07,1,21,13,4
8eeeffee-4742-40c4-b5a5-845202431060,0bf9d595-3962-445b-bf0d-10c3f8304888,2026-07,2,20,7,8
b565133e-402a-4d1a-8372-000d80746b5a,0bf9d595-3962-445b-bf0d-10c3f8304888,2026-06,2,20,4,5
ab11e60c-cb2e-460d-b9f8-6fd11b2e9fb1,0bf9d595-3962-445b-bf0d-10c3f8304888,2026-05,1,21,10,2
f38b7372-a49b-4ce8-9a6f-d5b537c3b499,0bf9d595-3962-445b-bf0d-10c3f8304888,2026-04,1,21,5,8
37775e67-7c18-4261-b203-984eff1d53a7,0bf9d595-3962-445b-bf0d-10c3f8304888,2026-03,1,21,7,0
e566d23a-f73c-41dd-af6f-5a8f64eb4794,0bf9d595-3962-445b-bf0d-10c3f8304888,2026-02,3,19,7,5
0a366e6a-5021-49c0-9e3e-42faaabec3c0,0148d784-6c51-4ba7-a2bf-64f8b45296ca,2026-07,1,21,10,6
cf78e2d2-c02e-4edc-9423-4ca590ceeed4,0148d784-6c51-4ba7-a2bf-64f8b45296ca,2026-06,1,21,13,4
4d0c34fd-2762-4288-8901-00a96fe38cfe,0148d784-6c51-4ba7-a2bf-64f8b45296ca,2026-05,1,21,12,1
a65d7923-c816-4d5d-a60d-9ed1fcab880c,0148d784-6c51-4ba7-a2bf-64f8b45296ca,2026-04,1,21,7,8
a36ce92a-1450-445c-8c18-ed237310cb64,0148d784-6c51-4ba7-a2bf-64f8b45296ca,2026-03,1,21,11,10
742a87a8-a49a-4ca4-b169-d553c4c4d6fd,0148d784-6c51-4ba7-a2bf-64f8b45296ca,2026-02,0,22,12,4
fdc472a0-b6a8-4176-8eea-41ab3c0f7c6a,69f7dbdc-85a9-49e1-af19-6b21f58ecadd,2026-07,6,16,2,7
80de5755-7ff2-46a8-a54d-08bd648e4b10,69f7dbdc-85a9-49e1-af19-6b21f58ecadd,2026-06,3,19,3,7
be92c7d9-1a85-4948-93a9-7265cb43183c,69f7dbdc-85a9-49e1-af19-6b21f58ecadd,2026-05,4,18,0,0
d90c6e81-c3c2-4f74-a113-1ffb7e506d66,69f7dbdc-85a9-49e1-af19-6b21f58ecadd,2026-04,3,19,2,7
03f3e349-2581-4f11-8277-44fb5cffbdbf,69f7dbdc-85a9-49e1-af19-6b21f58ecadd,2026-03,3,19,5,0
0fab9102-654b-4588-9270-c0aca3396cf8,69f7dbdc-85a9-49e1-af19-6b21f58ecadd,2026-02,6,16,0,8
1ced2f0d-7072-4962-a31a-f8d419bb0ce5,77593479-b6b7-4198-9003-56e7d4b7d3fe,2026-07,1,21,13,9
0e77ce78-b430-4db5-8468-3740efc47237,77593479-b6b7-4198-9003-56e7d4b7d3fe,2026-06,1,21,6,1
ba7f1c5c-5bad-4f30-b4c9-4198f5560fd0,77593479-b6b7-4198-9003-56e7d4b7d3fe,2026-05,0,22,11,3
f6ce3ff2-55d1-443a-98d8-75cbb8db7208,77593479-b6b7-4198-9003-56e7d4b7d3fe,2026-04,0,22,12,5
3ac2f145-d595-4bd1-a229-a40ef1a1cabd,77593479-b6b7-4198-9003-56e7d4b7d3fe,2026-03,1,21,12,0
f422b8ab-8cfc-4c1a-86e3-68f2ee278c8c,77593479-b6b7-4198-9003-56e7d4b7d3fe,2026-02,1,21,8,10
5ad73dcd-1262-4497-9d04-211d5d041155,b4b435e7-7cc3-4401-9c6d-1b5fbae418ab,2026-07,0,22,6,4
11ef1ec0-8c37-4017-a0fc-f14478431b58,b4b435e7-7cc3-4401-9c6d-1b5fbae418ab,2026-06,1,21,14,2
57769262-7671-4240-a930-ecc3486cff9f,b4b435e7-7cc3-4401-9c6d-1b5fbae418ab,2026-05,0,22,13,7
25516817-11be-418d-8520-df750171b6fd,b4b435e7-7cc3-4401-9c6d-1b5fbae418ab,2026-04,1,21,13,1
dbf10849-d869-4c22-bb94-69e7a1da7d18,b4b435e7-7cc3-4401-9c6d-1b5fbae418ab,2026-03,1,21,5,3
de390e37-9e1c-4966-b562-f148537f2e14,b4b435e7-7cc3-4401-9c6d-1b5fbae418ab,2026-02,0,22,15,0
6df4616b-f2c5-46c7-95f4-8d8be8866487,c7199121-5c2a-4b11-965f-5fabf8946d13,2026-07,1,21,11,4
f35e7e27-8734-4c26-8118-82b9d8c515f7,c7199121-5c2a-4b11-965f-5fabf8946d13,2026-06,1,21,7,5
3213383f-602a-4ffa-88ec-9a65edce9ad5,c7199121-5c2a-4b11-965f-5fabf8946d13,2026-05,0,22,8,7
ace19d82-5aa0-47ad-92f6-d3d1fe62be0b,c7199121-5c2a-4b11-965f-5fabf8946d13,2026-04,0,22,12,8
ded55a57-cce4-4622-ad2d-236c3441a5bc,c7199121-5c2a-4b11-965f-5fabf8946d13,2026-03,1,21,9,1
cc28a78a-0fd0-4dcb-820c-ea776010e4aa,c7199121-5c2a-4b11-965f-5fabf8946d13,2026-02,1,21,11,6
37ebc9ac-bb2c-48e7-ad74-4ebaa5c060d2,c5993fae-47fc-4973-8c45-23e5bdec2279,2026-07,4,18,2,10
3abbc322-996a-4de3-aac6-20e9916067ad,c5993fae-47fc-4973-8c45-23e5bdec2279,2026-06,5,17,2,1
a026734c-3c38-49d7-82c4-baf6f3ff4b1f,c5993fae-47fc-4973-8c45-23e5bdec2279,2026-05,6,16,1,9
79621b36-3dc3-4f04-8a0b-37a2d4d3c7e8,c5993fae-47fc-4973-8c45-23e5bdec2279,2026-04,4,18,1,1
5936ed02-c74c-4e85-abc1-132f12039939,c5993fae-47fc-4973-8c45-23e5bdec2279,2026-03,4,18,1,3
203814a7-4ffb-4b9f-9e17-d10074c3d6e8,c5993fae-47fc-4973-8c45-23e5bdec2279,2026-02,3,19,3,1
fa23bcaa-3815-4ae0-8a3a-6e3b966cfa54,ad6f8ee8-df7f-4ddf-af3b-9ff33fbf3cc3,2026-07,1,21,2,9
531bbe93-1810-487a-9a7b-53dfcfb4db00,ad6f8ee8-df7f-4ddf-af3b-9ff33fbf3cc3,2026-06,3,19,4,7
ebaa8589-a1b7-4186-af7b-b90742ff7889,ad6f8ee8-df7f-4ddf-af3b-9ff33fbf3cc3,2026-05,2,20,7,10
8f4d2962-6bba-489c-ae53-7ca866d0b983,ad6f8ee8-df7f-4ddf-af3b-9ff33fbf3cc3,2026-04,1,21,4,3
858a7363-b35e-4804-91b3-2e08bbb111ba,ad6f8ee8-df7f-4ddf-af3b-9ff33fbf3cc3,2026-03,3,19,8,1
710bb947-606d-4795-a079-7322c170e023,ad6f8ee8-df7f-4ddf-af3b-9ff33fbf3cc3,2026-02,1,21,0,0
0ed84f49-b70f-4e24-b3b0-61bad2f22cfa,ff45e9fd-9f44-4ac1-abac-0e613db45891,2026-07,1,21,5,8
9f55f3cb-c2c7-437c-88fc-1d3d77cd32ea,ff45e9fd-9f44-4ac1-abac-0e613db45891,2026-06,0,22,13,0
2ed8e1f3-445c-4277-8c45-82cb6a6fa87e,ff45e9fd-9f44-4ac1-abac-0e613db45891,2026-05,0,22,14,5
cac2668b-96e3-4a58-b394-48576b96fd6a,ff45e9fd-9f44-4ac1-abac-0e613db45891,2026-04,1,21,14,4
f6b95f47-a123-46bc-8d5e-6cce1c9e421c,ff45e9fd-9f44-4ac1-abac-0e613db45891,2026-03,0,22,13,4
93467579-0e22-4ac9-9f99-6b51f610f87b,ff45e9fd-9f44-4ac1-abac-0e613db45891,2026-02,0,22,13,10
f3d12c47-d27e-47f7-a6f0-65ffc3ed068a,f0357589-32ac-4ff4-8c41-0ee9abb697f8,2026-07,6,16,1,3
0cd339b8-a9e5-4d6f-b291-e40dec812f8b,f0357589-32ac-4ff4-8c41-0ee9abb697f8,2026-06,4,18,0,4
caa33daf-bd0f-4855-9aa0-d8953cbfd6da,f0357589-32ac-4ff4-8c41-0ee9abb697f8,2026-05,4,18,2,0
06407ef7-3994-4ad5-907f-38992bcdf907,f0357589-32ac-4ff4-8c41-0ee9abb697f8,2026-04,2,20,0,10
83c62997-b719-4cdd-b2b5-dfea7b64ea7d,f0357589-32ac-4ff4-8c41-0ee9abb697f8,2026-03,5,17,1,7
91b1f694-2b40-443e-a171-bc0158604fe6,f0357589-32ac-4ff4-8c41-0ee9abb697f8,2026-02,5,17,3,6
73e0e6c4-89f5-4d9d-bdef-1f19882302f4,45159234-e6d1-4aec-962a-72e4a762e31f,2026-07,1,21,9,2
aea3695c-f72c-4445-964f-8accc7d19f6d,45159234-e6d1-4aec-962a-72e4a762e31f,2026-06,1,21,13,9
4219d7aa-7889-4ea0-a3ab-4fb0fbe4d943,45159234-e6d1-4aec-962a-72e4a762e31f,2026-05,0,22,8,7
56aa97cf-636f-42d7-ac6e-ecea9721bb7e,45159234-e6d1-4aec-962a-72e4a762e31f,2026-04,1,21,15,1
06e26238-78d0-4d97-9db6-808db2c3fbbc,45159234-e6d1-4aec-962a-72e4a762e31f,2026-03,0,22,7,2
842db6ce-7f0a-4982-bb68-8cdb4101c316,45159234-e6d1-4aec-962a-72e4a762e31f,2026-02,0,22,9,9
06f94e23-aa35-433c-8bce-1bfa686aac10,f2da5281-5fad-47d8-8c2f-efe51f6cf5ca,2026-07,3,19,4,8
35ef6ff0-8acc-4416-a91f-e18906290959,f2da5281-5fad-47d8-8c2f-efe51f6cf5ca,2026-06,3,19,6,0
72046a81-8763-41ba-9fec-dac8add485fc,f2da5281-5fad-47d8-8c2f-efe51f6cf5ca,2026-05,2,20,3,5
40e8a780-1ab9-49ae-a84f-8b59a2dfe3e0,f2da5281-5fad-47d8-8c2f-efe51f6cf5ca,2026-04,2,20,3,4
8af302cb-1141-471e-b726-7f43d605e69e,f2da5281-5fad-47d8-8c2f-efe51f6cf5ca,2026-03,3,19,7,6
2359b82c-10af-467a-8d49-2c064473f328,f2da5281-5fad-47d8-8c2f-efe51f6cf5ca,2026-02,1,21,10,10
6ca72662-0167-40b9-b0fa-8317b0bf6199,b46ad5a2-f188-4c6e-a8a6-984e736ac4af,2026-07,3,19,2,1
4f44272c-bc58-4363-8204-6d0f27a12d96,b46ad5a2-f188-4c6e-a8a6-984e736ac4af,2026-06,6,16,0,1
72a92cb3-1884-4fdc-87ec-08506759b761,b46ad5a2-f188-4c6e-a8a6-984e736ac4af,2026-05,2,20,4,9
288c6264-3c12-4be4-b342-86edfbf27e31,b46ad5a2-f188-4c6e-a8a6-984e736ac4af,2026-04,2,20,4,7
e6e88314-2272-48e3-8e4b-1909f2faffff,b46ad5a2-f188-4c6e-a8a6-984e736ac4af,2026-03,2,20,1,7
34893921-5794-43f5-bc3d-2c0bd2c3a9cd,b46ad5a2-f188-4c6e-a8a6-984e736ac4af,2026-02,4,18,2,3
b4852079-37f6-4d32-a466-85ff2144dec8,a92888bd-cb8b-4eac-9250-96267efc1074,2026-07,1,21,5,9
713a609e-a109-421f-9f67-b1c71212154d,a92888bd-cb8b-4eac-9250-96267efc1074,2026-06,1,21,6,2
32ece957-0295-4993-aa29-9bf73454d205,a92888bd-cb8b-4eac-9250-96267efc1074,2026-05,1,21,11,5
36e7b163-5566-45a8-9cca-7a327a81f1ea,a92888bd-cb8b-4eac-9250-96267efc1074,2026-04,1,21,9,3
8d274286-ec2e-43d9-966e-a36faa4317f8,a92888bd-cb8b-4eac-9250-96267efc1074,2026-03,1,21,9,2
00779502-3040-40af-8539-49310f7bb67d,a92888bd-cb8b-4eac-9250-96267efc1074,2026-02,1,21,15,3
46255bd1-7be6-4968-91bb-4251497042f8,87714701-33ce-4a1f-b50b-9751fdf8bd40,2026-07,1,21,7,7
94af615b-7654-41ed-9411-84154991db1e,87714701-33ce-4a1f-b50b-9751fdf8bd40,2026-06,0,22,14,8
1dbce292-0cb8-45f6-b43c-f7fa71775329,87714701-33ce-4a1f-b50b-9751fdf8bd40,2026-05,1,21,6,0
098b8f53-4700-4abd-8246-378f29624a31,87714701-33ce-4a1f-b50b-9751fdf8bd40,2026-04,1,21,7,4
f91e8656-0639-4f61-96f1-a07177d7bb62,87714701-33ce-4a1f-b50b-9751fdf8bd40,2026-03,1,21,5,9
1b479b00-e3e0-4453-9b7d-60252a4bbaa9,87714701-33ce-4a1f-b50b-9751fdf8bd40,2026-02,1,21,13,9
93ffd5ee-2064-460b-b933-81bacd95ed7a,8e40cca6-bd73-466c-9f22-e98dc94bfdd7,2026-07,0,22,13,8
89dad5cc-eb1e-4087-a177-eff2c59e3619,8e40cca6-bd73-466c-9f22-e98dc94bfdd7,2026-06,0,22,11,0
f33a19f7-3cb6-4129-b0b9-7734da508512,8e40cca6-bd73-466c-9f22-e98dc94bfdd7,2026-05,0,22,6,3
a54272ad-2657-4b5f-a6d5-92a07cccfb55,8e40cca6-bd73-466c-9f22-e98dc94bfdd7,2026-04,0,22,14,7
a37f7d77-416c-43ab-aea4-49620580d1d4,8e40cca6-bd73-466c-9f22-e98dc94bfdd7,2026-03,0,22,12,9
3c8bdbb3-fb99-46d0-9d20-bea4129bc6fd,8e40cca6-bd73-466c-9f22-e98dc94bfdd7,2026-02,0,22,13,0
e46bffb8-0ca2-4778-a863-52a4beff0f10,4341cf20-704d-4ce4-a55a-74994facd575,2026-07,4,18,1,5
374b164c-5235-4867-a60a-dd56c76ccf9d,4341cf20-704d-4ce4-a55a-74994facd575,2026-06,5,17,2,7
9c429c73-9b68-4661-8ef3-670da7207b3b,4341cf20-704d-4ce4-a55a-74994facd575,2026-05,6,16,0,0
8504d7e9-779a-4742-a27a-774651c88bcd,4341cf20-704d-4ce4-a55a-74994facd575,2026-04,5,17,3,8
24ee9115-4ea3-4596-bf0a-7447f8d0d817,4341cf20-704d-4ce4-a55a-74994facd575,2026-03,2,20,0,6
491adae7-360f-4c84-a002-2f1262b2eaad,4341cf20-704d-4ce4-a55a-74994facd575,2026-02,4,18,2,8
ef171ce1-d766-41d0-b7df-8d5deec16e64,2eea99bf-d836-438f-9415-f47083760572,2026-07,1,21,8,5
49ca015a-2361-4598-a33d-30e6188e0ccc,2eea99bf-d836-438f-9415-f47083760572,2026-06,0,22,5,3
0cf51549-2978-46de-8c15-f89943268d75,2eea99bf-d836-438f-9415-f47083760572,2026-05,1,21,12,1
5c3039fb-c5c1-467c-8d3b-0e242c4efebe,2eea99bf-d836-438f-9415-f47083760572,2026-04,1,21,11,1
96d348c7-0131-4d0b-a882-8a2834ae6389,2eea99bf-d836-438f-9415-f47083760572,2026-03,1,21,5,0
84e7727d-9c54-4245-b3d8-961717361183,2eea99bf-d836-438f-9415-f47083760572,2026-02,0,22,10,10
47458c23-e32f-4816-a7f1-f9343617367d,563bf4e9-4d94-470a-a9cb-3b9ee6af92d9,2026-07,1,21,14,5
f4d2d760-160c-4569-9602-d8880fefb57f,563bf4e9-4d94-470a-a9cb-3b9ee6af92d9,2026-06,0,22,6,3
6df7e933-9587-4549-b7b6-25e4bdb8864d,563bf4e9-4d94-470a-a9cb-3b9ee6af92d9,2026-05,1,21,7,0
f6c44bbb-89a1-4661-8ea3-0199fe567aa3,563bf4e9-4d94-470a-a9cb-3b9ee6af92d9,2026-04,1,21,15,10
e2ad7fe6-4f54-4781-b2ca-cacf0bd620dc,563bf4e9-4d94-470a-a9cb-3b9ee6af92d9,2026-03,1,21,6,3
783ea777-db99-4318-b192-424fa4dd47e0,563bf4e9-4d94-470a-a9cb-3b9ee6af92d9,2026-02,1,21,7,0
7179158c-9c42-4f9b-9035-46578d880b23,426017a8-588a-4376-84bd-063c333d1da8,2026-07,0,22,14,3
bc025d5e-cbeb-4217-a9ef-a03981c3b84e,426017a8-588a-4376-84bd-063c333d1da8,2026-06,0,22,11,10
b0ac2e39-6431-4400-9afa-14ecefa5892e,426017a8-588a-4376-84bd-063c333d1da8,2026-05,1,21,7,6
dc645d2e-f63a-4212-8249-dcadbbdbba6f,426017a8-588a-4376-84bd-063c333d1da8,2026-04,1,21,6,5
3fc17a0f-50c4-4ced-9378-8245805a4131,426017a8-588a-4376-84bd-063c333d1da8,2026-03,0,22,5,6
f5c717ad-f021-4b18-8ba5-5b5e2d4ad049,426017a8-588a-4376-84bd-063c333d1da8,2026-02,0,22,11,3
70b21a25-211c-49a3-a463-a6d244e740b6,9579d4d2-81a7-4a16-a5a5-8308e6093578,2026-07,1,21,9,3
25cf1f41-5725-4fd8-802d-9ac185d12a4f,9579d4d2-81a7-4a16-a5a5-8308e6093578,2026-06,2,20,8,3
137a5b49-d5b0-4ca8-91aa-860e878ea08e,9579d4d2-81a7-4a16-a5a5-8308e6093578,2026-05,1,21,10,9
ca8e977e-3ca6-4317-b4e8-63cd9b270baf,9579d4d2-81a7-4a16-a5a5-8308e6093578,2026-04,3,19,6,3
2fe26e79-beb8-4eda-9bdb-06e891a82154,9579d4d2-81a7-4a16-a5a5-8308e6093578,2026-03,1,21,2,6
5fea1c94-2be3-41b5-8951-8fb383929c32,9579d4d2-81a7-4a16-a5a5-8308e6093578,2026-02,1,21,7,10
ea020047-1a11-4b72-aa85-976144cbc899,9a4eec7e-93fc-48c6-b37f-811f065c1bd2,2026-07,3,19,1,0
d6f3988f-c85b-4485-993f-7c826db1acca,9a4eec7e-93fc-48c6-b37f-811f065c1bd2,2026-06,3,19,1,4
f559d177-9355-47dd-983a-980388c6823e,9a4eec7e-93fc-48c6-b37f-811f065c1bd2,2026-05,5,17,4,7
f86309a5-4385-49b0-85b3-6237eca47462,9a4eec7e-93fc-48c6-b37f-811f065c1bd2,2026-04,5,17,5,9
6e27a74f-ca9b-439d-8794-14c85835f658,9a4eec7e-93fc-48c6-b37f-811f065c1bd2,2026-03,5,17,1,1
c1bf9fac-7aa8-44c3-8ab1-c2f187c0a808,9a4eec7e-93fc-48c6-b37f-811f065c1bd2,2026-02,3,19,1,8
135f9a7c-4a4d-4b81-9896-08be4baf864c,82eb394d-597a-4913-aa41-88b994d6e6dc,2026-07,1,21,15,1
18149ae3-e00c-46de-a338-f52633872374,82eb394d-597a-4913-aa41-88b994d6e6dc,2026-06,1,21,6,9
3028a3c5-26fb-4277-adab-a4ed545da240,82eb394d-597a-4913-aa41-88b994d6e6dc,2026-05,0,22,8,4
f38122aa-e90c-4441-99cc-f88eaf3beb7f,82eb394d-597a-4913-aa41-88b994d6e6dc,2026-04,0,22,6,10
e99c8cbd-bf9c-4ce9-8f7e-a990b2b18243,82eb394d-597a-4913-aa41-88b994d6e6dc,2026-03,0,22,8,8
d3cf72dc-12ab-40d1-8ae2-b0b7e27a21af,82eb394d-597a-4913-aa41-88b994d6e6dc,2026-02,0,22,7,4
ad714d47-7fbb-4515-b470-1a04f04c579c,49eee6e5-31b2-4db1-b216-ef11af6fd24d,2026-07,0,22,14,6
3625dc4e-3e0b-4219-b30c-29a86aee78bd,49eee6e5-31b2-4db1-b216-ef11af6fd24d,2026-06,1,21,14,7
54ea86de-427d-4dbc-88d5-214e21131e3c,49eee6e5-31b2-4db1-b216-ef11af6fd24d,2026-05,0,22,12,10
409fe8d4-41ad-42bb-9d23-3980b9b839e2,49eee6e5-31b2-4db1-b216-ef11af6fd24d,2026-04,1,21,12,5
03dee634-253c-4a3c-909a-9719c1f29ee0,49eee6e5-31b2-4db1-b216-ef11af6fd24d,2026-03,1,21,8,3
00975bfd-ffa6-434f-84f8-7649f918cc1e,49eee6e5-31b2-4db1-b216-ef11af6fd24d,2026-02,1,21,13,7
6c24bf02-a8a0-4b5c-8f6f-efd2c2ed57f6,3db28425-2102-4e3d-abb1-4d72e07f31e6,2026-07,3,19,2,9
383d2157-0384-4e76-ab63-00996ad045a5,3db28425-2102-4e3d-abb1-4d72e07f31e6,2026-06,3,19,6,2
50e52914-8d42-40cd-92df-e5becd857a2b,3db28425-2102-4e3d-abb1-4d72e07f31e6,2026-05,2,20,1,4
52797214-bea6-472e-b8e1-83eac262f553,3db28425-2102-4e3d-abb1-4d72e07f31e6,2026-04,1,21,7,10
06906235-c7e0-435f-97dc-704fbfe8ba19,3db28425-2102-4e3d-abb1-4d72e07f31e6,2026-03,2,20,4,7
d9e70f82-a129-4d81-af47-bc58dc05d56b,3db28425-2102-4e3d-abb1-4d72e07f31e6,2026-02,1,21,3,9
097eeb18-ea10-469c-8b2c-fe1707dc0f5e,87f3ed1a-bedf-4646-bf21-4e298fcf4b1e,2026-07,1,21,6,8
caa48845-9a3b-4547-a345-14c505cb91f8,87f3ed1a-bedf-4646-bf21-4e298fcf4b1e,2026-06,1,21,10,7
1ce1ed9d-6f6f-4f76-a115-6613861a760b,87f3ed1a-bedf-4646-bf21-4e298fcf4b1e,2026-05,0,22,13,1
2727d7c3-fdb5-45fd-875d-b4892061c81a,87f3ed1a-bedf-4646-bf21-4e298fcf4b1e,2026-04,0,22,5,10
fab41645-3efa-49eb-aa21-809fbb0ae1e9,87f3ed1a-bedf-4646-bf21-4e298fcf4b1e,2026-03,1,21,14,5
268f9fae-f083-4d77-92a0-9c2da2c4ecbd,87f3ed1a-bedf-4646-bf21-4e298fcf4b1e,2026-02,0,22,8,9
fe3b7e6a-5645-4a1e-8098-6f9a8d173d1a,58bab088-49cd-4894-834b-1906efcbb635,2026-07,0,22,12,6
61c667f3-9fe4-4037-bfc1-505d4b99ea74,58bab088-49cd-4894-834b-1906efcbb635,2026-06,1,21,8,5
9b2532e3-23ed-4449-8e78-596b87ca4a74,58bab088-49cd-4894-834b-1906efcbb635,2026-05,0,22,8,1
fcd30c53-2f83-43a0-9efa-f4e25593fb1e,58bab088-49cd-4894-834b-1906efcbb635,2026-04,1,21,11,5
ab3b3dfe-4573-4195-affa-97461c9e5ff5,58bab088-49cd-4894-834b-1906efcbb635,2026-03,1,21,14,8
789a4691-4903-4f9c-8690-6a31f1ccfb9e,58bab088-49cd-4894-834b-1906efcbb635,2026-02,1,21,12,3
16f0b0be-f361-40e4-b665-de2f25a1cf4a,bb9f0690-29f1-432c-9a5f-f9074868d077,2026-07,1,21,15,10
4e1d44bd-d6f7-4258-85a8-6fba12e3bd61,bb9f0690-29f1-432c-9a5f-f9074868d077,2026-06,1,21,5,9
c205f182-129f-417a-8be9-871f4ddf38e6,bb9f0690-29f1-432c-9a5f-f9074868d077,2026-05,1,21,9,4
f052d5f9-1796-4550-867c-dc5a9a647f6e,bb9f0690-29f1-432c-9a5f-f9074868d077,2026-04,0,22,7,5
293cc942-ea09-41ad-8077-a845561e9699,bb9f0690-29f1-432c-9a5f-f9074868d077,2026-03,0,22,10,9
11b82595-5975-4090-9540-9858cfa7d13d,bb9f0690-29f1-432c-9a5f-f9074868d077,2026-02,0,22,15,5
dc42a7dc-8671-4a58-bef1-72c1d412cd68,e13f028c-078b-4c9c-b6d4-22e2f83ace50,2026-07,1,21,12,9
4e313652-ffa8-4272-b9bc-df74ac64bfad,e13f028c-078b-4c9c-b6d4-22e2f83ace50,2026-06,0,22,6,5
2804adb4-0fd3-41fb-a4ff-23c57e679c82,e13f028c-078b-4c9c-b6d4-22e2f83ace50,2026-05,1,21,12,1
9f0c5113-3e70-4dcc-94c1-afa72970aec9,e13f028c-078b-4c9c-b6d4-22e2f83ace50,2026-04,1,21,12,0
f5d63de3-e6a5-4430-8fe2-caa83224da0c,e13f028c-078b-4c9c-b6d4-22e2f83ace50,2026-03,0,22,6,2
b2e70aba-c2e8-4076-9ca2-6663ec3d65ab,e13f028c-078b-4c9c-b6d4-22e2f83ace50,2026-02,1,21,12,4
7b48f1a7-35ec-46e6-b83c-d679e720139c,22b2e1ea-b73d-4484-963d-2fe633fc684e,2026-07,0,22,5,7
f52704ab-3704-43b4-95eb-80eda4d9f10c,22b2e1ea-b73d-4484-963d-2fe633fc684e,2026-06,0,22,7,6
b3172c38-8e41-477c-a9a3-6fb9dadaf87e,22b2e1ea-b73d-4484-963d-2fe633fc684e,2026-05,1,21,12,5
d6c248a3-2712-4dd9-8705-c2c6ef00c91f,22b2e1ea-b73d-4484-963d-2fe633fc684e,2026-04,1,21,10,8
e326cdc8-9127-4ef5-a7e1-4b5e5a2a2f7c,22b2e1ea-b73d-4484-963d-2fe633fc684e,2026-03,1,21,9,7
621e0ef1-3505-4eae-878a-faef141dbe7a,22b2e1ea-b73d-4484-963d-2fe633fc684e,2026-02,1,21,11,1
ad8cabc2-20a2-467d-9f00-70df36c12419,83e624dc-2f94-4149-9e35-837bf43b232f,2026-07,0,22,7,0
70ca9698-5a4b-467e-a031-f0d1eb7b7da7,83e624dc-2f94-4149-9e35-837bf43b232f,2026-06,1,21,7,4
af2116cc-4d18-47db-9654-2c67fe450f58,83e624dc-2f94-4149-9e35-837bf43b232f,2026-05,1,21,15,2
30a011ee-5f8f-4e15-982e-45a94d5e5d50,83e624dc-2f94-4149-9e35-837bf43b232f,2026-04,1,21,13,6
9202f999-dcaf-4a9c-90f3-ce50372d4033,83e624dc-2f94-4149-9e35-837bf43b232f,2026-03,1,21,13,2
d1607842-29bf-4915-9f39-c01d30978de2,83e624dc-2f94-4149-9e35-837bf43b232f,2026-02,1,21,11,9
f3ae8de4-68f5-49e7-9e90-8f5ddc52dd0d,816b7233-8e0e-405b-8cd5-19e46bec0da8,2026-07,0,22,10,3
27e27bc9-d651-44c0-8fd9-4078572ce609,816b7233-8e0e-405b-8cd5-19e46bec0da8,2026-06,1,21,15,9
6faef971-4baf-42cf-8bf2-47dea22e376d,816b7233-8e0e-405b-8cd5-19e46bec0da8,2026-05,0,22,6,0
4b0a9807-92ea-48aa-be17-dfa18a33fc35,816b7233-8e0e-405b-8cd5-19e46bec0da8,2026-04,0,22,13,5
23d4dc10-cd25-47ba-9faf-f99a6c405aa9,816b7233-8e0e-405b-8cd5-19e46bec0da8,2026-03,1,21,6,2
a9c9ad6d-fe91-4881-8cd4-9f02dd70079c,816b7233-8e0e-405b-8cd5-19e46bec0da8,2026-02,0,22,5,2
e46904fa-25f1-4fca-be03-7fb23dbfcd0c,4a89d93d-ab46-4433-9e93-3dd01840742b,2026-07,1,21,8,8
7191c72a-d7ec-41a3-a694-3672b586949a,4a89d93d-ab46-4433-9e93-3dd01840742b,2026-06,1,21,9,3
9aa25fed-1372-456f-8523-e761dad4dfe9,4a89d93d-ab46-4433-9e93-3dd01840742b,2026-05,0,22,15,8
ed360f06-30bb-4afe-bf80-fe1037c0cc31,4a89d93d-ab46-4433-9e93-3dd01840742b,2026-04,0,22,7,1
546a7fdc-68b4-4c6d-8fea-6199ff481921,4a89d93d-ab46-4433-9e93-3dd01840742b,2026-03,1,21,9,4
c6484708-5923-430d-bb4b-8e75a7d0fd41,4a89d93d-ab46-4433-9e93-3dd01840742b,2026-02,1,21,9,3
659ef4f9-8198-456d-b04d-bd54973b5520,3eb35e4e-6729-405d-b1c9-d3f6b270477b,2026-07,3,19,3,2
31c8886a-bc58-4aa6-b867-84203c730c59,3eb35e4e-6729-405d-b1c9-d3f6b270477b,2026-06,1,21,10,2
8d5969d5-563a-4d2f-97fe-636c76c286c9,3eb35e4e-6729-405d-b1c9-d3f6b270477b,2026-05,2,20,4,3
28113812-42b7-44d9-b242-d7f3d0a742a4,3eb35e4e-6729-405d-b1c9-d3f6b270477b,2026-04,2,20,6,0
148b4980-8a8f-4c85-afb4-41ddcf25f672,3eb35e4e-6729-405d-b1c9-d3f6b270477b,2026-03,3,19,0,5
b7c170e4-4a08-41bb-8d84-ff72de3a2f81,3eb35e4e-6729-405d-b1c9-d3f6b270477b,2026-02,2,20,7,0
323b9f31-c669-4117-a2ef-ea8ad9703434,a46efb1d-ce51-4b74-8a8f-68abcd4f9cf3,2026-07,1,21,6,3
d7202000-6bcf-426a-b45e-050aa274d487,a46efb1d-ce51-4b74-8a8f-68abcd4f9cf3,2026-06,0,22,11,9
fc00f6d3-214e-4cd8-b61c-2df1a2e6510d,a46efb1d-ce51-4b74-8a8f-68abcd4f9cf3,2026-05,1,21,9,2
d75e5009-a367-49d5-a35d-a61735c621b9,a46efb1d-ce51-4b74-8a8f-68abcd4f9cf3,2026-04,0,22,13,5
989e16a9-f64e-4429-b63f-464420e15aea,a46efb1d-ce51-4b74-8a8f-68abcd4f9cf3,2026-03,0,22,6,0
88bbb149-a8e4-4c56-9915-99fb82094d68,a46efb1d-ce51-4b74-8a8f-68abcd4f9cf3,2026-02,0,22,9,7
e0f4fa7b-773c-4c61-9ecd-3d23d2658022,3331ba84-dbcc-41ed-a54b-3e61970d091b,2026-07,2,20,8,1
ad430023-8467-42e1-8990-d31743ca0f28,3331ba84-dbcc-41ed-a54b-3e61970d091b,2026-06,3,19,3,3
fca45845-6f8f-4106-a15e-086aebd3cfda,3331ba84-dbcc-41ed-a54b-3e61970d091b,2026-05,2,20,4,0
fdec72a0-3c4d-4568-bd83-a55b04f6a387,3331ba84-dbcc-41ed-a54b-3e61970d091b,2026-04,3,19,3,3
4d429f5c-5aae-4d54-9dcf-69c6694f8e0d,3331ba84-dbcc-41ed-a54b-3e61970d091b,2026-03,3,19,5,4
915ca93f-dfa5-4489-a3a5-316e657e6703,3331ba84-dbcc-41ed-a54b-3e61970d091b,2026-02,2,20,2,9
53584fde-7967-4174-a559-5b3ad3a77729,ee8a5a47-cfeb-40a2-add7-6523b26c3581,2026-07,0,22,8,9
a0f5e305-38d1-455c-a059-b00acdca1006,ee8a5a47-cfeb-40a2-add7-6523b26c3581,2026-06,0,22,6,7
b88b0ff5-3b58-4b03-a37d-db2ffb918682,ee8a5a47-cfeb-40a2-add7-6523b26c3581,2026-05,1,21,13,5
321beeca-033c-4fad-9cbe-f9fe687794a1,ee8a5a47-cfeb-40a2-add7-6523b26c3581,2026-04,1,21,12,9
11667cdb-38bb-4758-9ba0-fe1e5b9c751f,ee8a5a47-cfeb-40a2-add7-6523b26c3581,2026-03,1,21,14,8
9186194d-a877-459b-9b41-4634d20b5194,ee8a5a47-cfeb-40a2-add7-6523b26c3581,2026-02,1,21,7,5
dea3650a-e8cc-43a6-bde4-e7869cdb09f4,0071ef89-d819-4571-96e2-17beed1d9bd5,2026-07,1,21,5,8
aee83b32-aad3-4beb-a38e-243760a48cc3,0071ef89-d819-4571-96e2-17beed1d9bd5,2026-06,1,21,15,7
ef5fe0e3-c6e0-4b70-9731-7faa842c9853,0071ef89-d819-4571-96e2-17beed1d9bd5,2026-05,0,22,5,6
4c7ad956-db4c-420e-b54b-4067695af57c,0071ef89-d819-4571-96e2-17beed1d9bd5,2026-04,1,21,9,8
2bc2f4fc-edf5-4d66-a366-1a434e06ca4c,0071ef89-d819-4571-96e2-17beed1d9bd5,2026-03,0,22,15,4
191fbebe-50da-4905-8fcb-de717cdaa17e,0071ef89-d819-4571-96e2-17beed1d9bd5,2026-02,0,22,5,10
872a9f91-a034-469a-8e4a-f08497cb9259,aa78e4dc-723d-4fb4-a497-353e301addff,2026-07,1,21,8,1
2b214c4b-ebff-4415-a11c-9cd584e1b01d,aa78e4dc-723d-4fb4-a497-353e301addff,2026-06,0,22,7,6
8750f8af-5884-46c9-8acc-588ddaa0b3b7,aa78e4dc-723d-4fb4-a497-353e301addff,2026-05,1,21,8,0
5676fbd7-e780-4d5e-bf6d-fc4888d63a92,aa78e4dc-723d-4fb4-a497-353e301addff,2026-04,0,22,10,2
a197de9d-8667-4658-bd70-ba03b2230825,aa78e4dc-723d-4fb4-a497-353e301addff,2026-03,1,21,11,2
33b67dc3-7bd9-49af-901f-56d2c48de66c,aa78e4dc-723d-4fb4-a497-353e301addff,2026-02,0,22,5,10
153950da-a305-4f05-a405-531b89298a71,327e437b-22c7-4b97-a3a4-1d21df695d84,2026-07,3,19,3,5
87707755-0467-4ba7-9e09-ca85c78e3ace,327e437b-22c7-4b97-a3a4-1d21df695d84,2026-06,1,21,10,4
ef00a73e-c41e-49df-bb88-1b6000a733f3,327e437b-22c7-4b97-a3a4-1d21df695d84,2026-05,2,20,2,5
5d16fc8d-9c5e-4203-bcb1-fd0939514640,327e437b-22c7-4b97-a3a4-1d21df695d84,2026-04,3,19,1,0
40fbe188-b518-4982-8eb2-fca6a6a78b50,327e437b-22c7-4b97-a3a4-1d21df695d84,2026-03,3,19,3,1
19f9a22b-f4e2-461a-89f1-4bdc465ee003,327e437b-22c7-4b97-a3a4-1d21df695d84,2026-02,3,19,3,10
d022a757-1ddd-446b-836f-d9eba962725a,1a602d1d-3c9f-448e-9bcf-609d6e0a1111,2026-07,0,22,14,1
e9f83af4-e2c3-46ef-aa00-4d8e81f12a3b,1a602d1d-3c9f-448e-9bcf-609d6e0a1111,2026-06,1,21,10,3
91cf1389-ee9a-43fd-b920-e34e60de0a14,1a602d1d-3c9f-448e-9bcf-609d6e0a1111,2026-05,1,21,13,10
daa35961-627a-47da-9952-9d1b8bc1826c,1a602d1d-3c9f-448e-9bcf-609d6e0a1111,2026-04,1,21,8,0
faf093be-635f-4904-9cd0-3b12ff0b3dae,1a602d1d-3c9f-448e-9bcf-609d6e0a1111,2026-03,0,22,15,3
8dcb9390-4b28-4032-9372-044bfd6b9f0a,1a602d1d-3c9f-448e-9bcf-609d6e0a1111,2026-02,0,22,13,9
cc75e213-8ab8-4934-92a2-70ecc49b3d2b,41b607e3-086a-4f91-8dd5-a03e7b0b9760,2026-07,1,21,12,8
2ceb6c52-b82b-4bca-8e49-7b37d25bbd09,41b607e3-086a-4f91-8dd5-a03e7b0b9760,2026-06,1,21,12,3
2ac7cc00-13fd-4c60-98d7-6986fa97423a,41b607e3-086a-4f91-8dd5-a03e7b0b9760,2026-05,0,22,13,5
c0c507dd-4053-4a5f-986b-72c2c009d938,41b607e3-086a-4f91-8dd5-a03e7b0b9760,2026-04,1,21,12,10
65862929-9006-4a70-afd3-202a7ed97764,41b607e3-086a-4f91-8dd5-a03e7b0b9760,2026-03,0,22,11,7
ca165400-2776-4ecd-9706-51d45bfba085,41b607e3-086a-4f91-8dd5-a03e7b0b9760,2026-02,1,21,7,8
05c69318-a017-41c6-a857-ed1871a2689a,9277e8b6-5d69-4fd1-9944-571bf55761c7,2026-07,6,16,0,5
de0b8811-6647-4c17-b1c5-4a00e95b4236,9277e8b6-5d69-4fd1-9944-571bf55761c7,2026-06,2,20,5,7
adff0ed5-913b-47e0-a307-2b6be17f63e0,9277e8b6-5d69-4fd1-9944-571bf55761c7,2026-05,4,18,1,10
bccc1efd-b754-4af6-86b6-a8ac021e5963,9277e8b6-5d69-4fd1-9944-571bf55761c7,2026-04,3,19,3,3
c2924315-9300-44af-9348-8622a4bd1e93,9277e8b6-5d69-4fd1-9944-571bf55761c7,2026-03,5,17,4,0
8e1a821d-17fa-41f2-bc58-b3acfa07f992,9277e8b6-5d69-4fd1-9944-571bf55761c7,2026-02,6,16,1,6
d70ccbe8-583a-4111-a1d9-46ea2e03632d,96b207fa-029a-44f7-8f8e-336fed1721b4,2026-07,3,19,8,4
ba688ac4-10bd-4b1d-9101-d0fd1bf43c55,96b207fa-029a-44f7-8f8e-336fed1721b4,2026-06,2,20,8,6
90e5cb02-0cc2-4b58-b016-58d2831703bf,96b207fa-029a-44f7-8f8e-336fed1721b4,2026-05,2,20,5,0
ed54bc7d-d254-49b6-9445-96dc281f64f9,96b207fa-029a-44f7-8f8e-336fed1721b4,2026-04,1,21,8,5
85ac03e2-5ade-4505-b916-22dbbc4366ef,96b207fa-029a-44f7-8f8e-336fed1721b4,2026-03,3,19,10,9
93286509-e298-4e31-af8b-4ee3dca670bb,96b207fa-029a-44f7-8f8e-336fed1721b4,2026-02,3,19,5,3
59ddf442-dfec-480f-97ba-7d528061079c,7d074040-4756-4447-93ce-df56c9922b8b,2026-07,1,21,14,5
2c677fb5-1a7c-46c0-8ea2-32bb2d15c2e6,7d074040-4756-4447-93ce-df56c9922b8b,2026-06,1,21,13,0
c6be6d8d-1ebb-408a-8bd3-3a9ae5ff434b,7d074040-4756-4447-93ce-df56c9922b8b,2026-05,0,22,13,6
6a5488f3-6ef0-42fd-944c-9feb1bab8505,7d074040-4756-4447-93ce-df56c9922b8b,2026-04,1,21,14,5
880e65e0-01bd-41c5-b9fa-0af4e980023c,7d074040-4756-4447-93ce-df56c9922b8b,2026-03,1,21,15,1
dd686e7c-f213-4c6a-ab1e-38f0c40c80c7,7d074040-4756-4447-93ce-df56c9922b8b,2026-02,0,22,10,9
ab0baeca-cc9d-4ce6-8751-d492be061358,026df0c7-fce7-414c-aaea-7e081a95f0c2,2026-07,0,22,11,0
d1fa05f6-8f84-4679-8529-314147113297,026df0c7-fce7-414c-aaea-7e081a95f0c2,2026-06,0,22,10,3
0a04e149-689d-48ff-90a9-fc55ca3d55a6,026df0c7-fce7-414c-aaea-7e081a95f0c2,2026-05,1,21,6,6
16aabb51-00d8-4dde-adfa-b9102c95f5c6,026df0c7-fce7-414c-aaea-7e081a95f0c2,2026-04,0,22,11,1
5a698a0e-2f66-48e9-b845-3b1116a1339e,026df0c7-fce7-414c-aaea-7e081a95f0c2,2026-03,0,22,13,5
02cb81cc-df1f-4b21-bd20-0849a28d0968,026df0c7-fce7-414c-aaea-7e081a95f0c2,2026-02,0,22,14,1
41dd4852-7d96-4cd0-8708-a0bf2131ee3c,329446eb-59ad-4541-bbcd-20fd069e82af,2026-07,3,19,0,2
04cc53dc-9978-4043-9c58-60b2dbd95214,329446eb-59ad-4541-bbcd-20fd069e82af,2026-06,3,19,6,5
9c0af5d5-c43c-4b96-b355-061541d9689c,329446eb-59ad-4541-bbcd-20fd069e82af,2026-05,3,19,4,1
fcd984a3-5b6b-4d40-99e1-e6a97c0da947,329446eb-59ad-4541-bbcd-20fd069e82af,2026-04,1,21,4,7
35f173f3-7b84-4c5c-83a3-b23e82d0c0a4,329446eb-59ad-4541-bbcd-20fd069e82af,2026-03,2,20,9,5
60d70bd0-b109-482f-b2bd-9d79ed4ef8b1,329446eb-59ad-4541-bbcd-20fd069e82af,2026-02,2,20,0,10
65d7d25e-c7e4-4a10-af22-d019dc064525,434e954d-95c6-4dcb-bf99-46e4359e0d7f,2026-07,1,21,10,1
29011eec-fbd2-4334-9245-9eb83fb69b66,434e954d-95c6-4dcb-bf99-46e4359e0d7f,2026-06,0,22,7,9
e2c2073d-9ed9-48e5-b114-5c929fbcfd1f,434e954d-95c6-4dcb-bf99-46e4359e0d7f,2026-05,0,22,9,3
7bbced23-d4dc-4d90-997b-ea35c9dc7062,434e954d-95c6-4dcb-bf99-46e4359e0d7f,2026-04,0,22,14,1
ac5d6730-55bd-4207-9c18-6e2d53e0c23c,434e954d-95c6-4dcb-bf99-46e4359e0d7f,2026-03,0,22,6,9
ec9a4715-06af-4463-a28c-b5da00fd7ca6,434e954d-95c6-4dcb-bf99-46e4359e0d7f,2026-02,0,22,7,2
263c8502-1008-47fa-9ff7-cd881802814f,4813b970-e9d6-4dc4-abef-6babbaaa2bb9,2026-07,1,21,10,6
ab63b431-8572-4544-88ce-b8b00050426e,4813b970-e9d6-4dc4-abef-6babbaaa2bb9,2026-06,1,21,13,1
5e314def-e0aa-4f30-9ba0-649b85d72b72,4813b970-e9d6-4dc4-abef-6babbaaa2bb9,2026-05,1,21,11,6
f2c884d9-0a4b-48d8-bca7-0c0f2b31623a,4813b970-e9d6-4dc4-abef-6babbaaa2bb9,2026-04,0,22,6,0
565e93ac-2f9b-42dd-b246-baba2980a17a,4813b970-e9d6-4dc4-abef-6babbaaa2bb9,2026-03,1,21,8,0
3ee0d7f1-4009-41fa-9ef2-65437c654802,4813b970-e9d6-4dc4-abef-6babbaaa2bb9,2026-02,0,22,5,1
27cd75f9-bc37-47d7-a8e7-18c5b537ad2f,1b8191bb-2c80-4fcb-b510-ad67390cbcdf,2026-07,0,22,10,2
223fcd14-f81f-494b-973a-ae2a74e69e86,1b8191bb-2c80-4fcb-b510-ad67390cbcdf,2026-06,1,21,15,5
07d09706-47ea-4da1-9bc2-c15404dda22d,1b8191bb-2c80-4fcb-b510-ad67390cbcdf,2026-05,0,22,11,0
7728f0a2-3405-4b0d-93b5-469f3393fe7a,1b8191bb-2c80-4fcb-b510-ad67390cbcdf,2026-04,1,21,13,2
13f9a8fe-9422-41ea-8cc1-0c5a6109bc40,1b8191bb-2c80-4fcb-b510-ad67390cbcdf,2026-03,1,21,9,4
5c2ddd18-5e40-4e51-8aa2-6c205d46dbd3,1b8191bb-2c80-4fcb-b510-ad67390cbcdf,2026-02,0,22,6,4
eb8e575f-fe22-46c8-bbad-5553d1f24075,ef674495-dac5-40ca-b768-a032a82bf40d,2026-07,1,21,2,3
beb63352-f053-4991-9d00-367f3188b74e,ef674495-dac5-40ca-b768-a032a82bf40d,2026-06,3,19,8,2
4584720e-5894-438c-94ab-4458ac023f63,ef674495-dac5-40ca-b768-a032a82bf40d,2026-05,1,21,6,1
c22953e5-6a82-4fa0-a658-0224a5f1ecf1,ef674495-dac5-40ca-b768-a032a82bf40d,2026-04,3,19,10,6
6775fe06-eb32-4098-8582-f7e1ea3e9886,ef674495-dac5-40ca-b768-a032a82bf40d,2026-03,2,20,9,7
648a187c-189a-4128-a4ec-9b0a175e42c1,ef674495-dac5-40ca-b768-a032a82bf40d,2026-02,1,21,0,0
3a2965ec-8471-47eb-b700-84e8e2020a95,369f09ad-510b-4ba8-af17-f6a21aa7d901,2026-07,0,22,14,7
ffb262d5-b7b1-412a-ba62-536ad4b53a31,369f09ad-510b-4ba8-af17-f6a21aa7d901,2026-06,1,21,15,5
8e41e351-cf23-4dbe-b53c-6408bb30c806,369f09ad-510b-4ba8-af17-f6a21aa7d901,2026-05,1,21,15,9
543d28c6-bc36-4668-b1af-9d97530f4b16,369f09ad-510b-4ba8-af17-f6a21aa7d901,2026-04,1,21,10,2
8843ea34-5163-4d93-83de-31bf047db4e5,369f09ad-510b-4ba8-af17-f6a21aa7d901,2026-03,1,21,7,3
232fc2b3-9bd3-42b0-b717-4adedf0b2148,369f09ad-510b-4ba8-af17-f6a21aa7d901,2026-02,0,22,5,10
7ce89245-13a9-4a6c-98ae-16a7a5805827,76037b1b-d0e8-4e47-8e7b-f248f5af6c52,2026-07,4,18,4,7
7fd5467d-8398-4a18-a1ce-ac9ace950b00,76037b1b-d0e8-4e47-8e7b-f248f5af6c52,2026-06,5,17,1,4
e085f0fb-8356-4eb9-a96b-366a72eb7a69,76037b1b-d0e8-4e47-8e7b-f248f5af6c52,2026-05,5,17,1,1
dc58e781-ac23-463f-bd7e-0409b6b10355,76037b1b-d0e8-4e47-8e7b-f248f5af6c52,2026-04,5,17,5,4
8f46afe7-0ccf-4bc1-80f9-cdcf89c98c51,76037b1b-d0e8-4e47-8e7b-f248f5af6c52,2026-03,6,16,4,1
fb916488-2c79-4f90-bac9-dbd4c62b4dbc,76037b1b-d0e8-4e47-8e7b-f248f5af6c52,2026-02,5,17,3,10
9cf394d4-fb1a-442e-8683-1ea4220eb9f4,5bcc7e40-5d55-4ff7-a32d-0e728bb9b5dd,2026-07,3,19,0,8
9c11b395-acee-4e57-b9a0-3b1e4f3db559,5bcc7e40-5d55-4ff7-a32d-0e728bb9b5dd,2026-06,3,19,5,6
049ea374-b286-488b-b616-dddd9be6e47f,5bcc7e40-5d55-4ff7-a32d-0e728bb9b5dd,2026-05,3,19,2,9
8d6a28a5-b84c-4b2f-aab8-c2e217120863,5bcc7e40-5d55-4ff7-a32d-0e728bb9b5dd,2026-04,1,21,7,7
13f5a2b6-78ad-4185-b270-7a16ebf6cbe0,5bcc7e40-5d55-4ff7-a32d-0e728bb9b5dd,2026-03,3,19,8,4
30e1d8d0-2843-4f7a-9916-87706b1ad0ee,5bcc7e40-5d55-4ff7-a32d-0e728bb9b5dd,2026-02,1,21,7,9
66cdfe99-a253-4230-87c6-f49ef13ea142,c359d09e-8161-403e-ad71-639463c4b574,2026-07,5,17,3,0
24021dcb-2691-4411-8174-ee356288e4c2,c359d09e-8161-403e-ad71-639463c4b574,2026-06,5,17,1,7
706696fa-5914-4249-ac0f-556ba389c712,c359d09e-8161-403e-ad71-639463c4b574,2026-05,6,16,4,4
079ff13b-7515-4aca-a114-001edb3d8d41,c359d09e-8161-403e-ad71-639463c4b574,2026-04,3,19,4,10
a46238b4-3a5d-48ea-bc26-e62ddeac4013,c359d09e-8161-403e-ad71-639463c4b574,2026-03,3,19,3,0
36df2006-f7ce-4b0c-9f24-2ff3b8fadb91,c359d09e-8161-403e-ad71-639463c4b574,2026-02,2,20,1,4
c06e39d6-9606-4f1d-8d6d-dada67fb9f92,c8b8badb-383a-4d3c-8982-f2399846748e,2026-07,1,21,10,8
3ee9a575-8fc4-4110-85cc-a55685429319,c8b8badb-383a-4d3c-8982-f2399846748e,2026-06,0,22,11,0
0814e303-23f4-43ec-a630-34c0368f117e,c8b8badb-383a-4d3c-8982-f2399846748e,2026-05,0,22,7,1
093069da-f951-4c95-a395-b38d90e4f5f3,c8b8badb-383a-4d3c-8982-f2399846748e,2026-04,0,22,8,9
c95e1fc4-7a1a-4aa3-8de8-4166e4ab7b3d,c8b8badb-383a-4d3c-8982-f2399846748e,2026-03,1,21,12,10
8338e310-5d59-4e28-9cc4-5714310c4b76,c8b8badb-383a-4d3c-8982-f2399846748e,2026-02,0,22,7,8
42a5ce8f-2865-4e3f-ad7c-43757f946072,2e066e6b-aa88-442a-9dbd-144500215a83,2026-07,0,22,5,8
32b3ba8c-d6e4-4903-9a0c-3d5a63c9432f,2e066e6b-aa88-442a-9dbd-144500215a83,2026-06,1,21,6,0
9e97f8db-395b-4473-b6d4-24068e0499dc,2e066e6b-aa88-442a-9dbd-144500215a83,2026-05,0,22,7,5
8bd882b5-72a4-4c56-9cf9-09a6c6aa9120,2e066e6b-aa88-442a-9dbd-144500215a83,2026-04,0,22,11,3
28e53099-b0c9-49f5-b95e-7be4496a9001,2e066e6b-aa88-442a-9dbd-144500215a83,2026-03,1,21,10,10
bca032f2-431f-4cd9-92b3-bc5c7a8743e5,2e066e6b-aa88-442a-9dbd-144500215a83,2026-02,0,22,6,8
dbb07916-62f9-426b-9d97-361d01d219c6,9dd96f56-4626-4d14-8bb7-d9b2a3127e86,2026-07,1,21,10,2
334e185a-2808-4ea1-ae2e-b11651119c1a,9dd96f56-4626-4d14-8bb7-d9b2a3127e86,2026-06,0,22,5,1
417281ab-8acf-4910-b4ca-9f6a1c0c184e,9dd96f56-4626-4d14-8bb7-d9b2a3127e86,2026-05,0,22,5,8
347deeb6-98cc-4cef-92ee-2d8bbe607b05,9dd96f56-4626-4d14-8bb7-d9b2a3127e86,2026-04,0,22,10,10
b32ab7de-f33b-4eb3-95dd-d836f2bc741d,9dd96f56-4626-4d14-8bb7-d9b2a3127e86,2026-03,0,22,5,7
03e9d523-40a9-412c-a74f-d8a2fff6add3,9dd96f56-4626-4d14-8bb7-d9b2a3127e86,2026-02,1,21,7,8
dfd2b919-67af-40f2-9c6c-2affb6bfb55f,6762b8a6-1e07-4de5-adc9-f44a8e5b59bc,2026-07,1,21,15,1
f74bcb69-a861-420e-a550-34c601a223d3,6762b8a6-1e07-4de5-adc9-f44a8e5b59bc,2026-06,0,22,15,9
7b4266a3-0cd5-4d9e-84a9-61322c66fa0e,6762b8a6-1e07-4de5-adc9-f44a8e5b59bc,2026-05,0,22,15,10
0e2a6762-99d7-4284-8d6a-beaab382e301,6762b8a6-1e07-4de5-adc9-f44a8e5b59bc,2026-04,1,21,8,6
f4928e7d-a554-4a0c-a26b-420bd241a124,6762b8a6-1e07-4de5-adc9-f44a8e5b59bc,2026-03,0,22,11,3
2052a6f0-be63-4528-8242-40daed4bf4e9,6762b8a6-1e07-4de5-adc9-f44a8e5b59bc,2026-02,1,21,11,1
d0cd205b-fbac-42c2-9529-cdde40bbaeed,63fed47b-e924-4a20-8e42-16fd0aa8ada2,2026-07,0,22,5,3
ae5483a4-ae36-43d3-8378-e48f79eda245,63fed47b-e924-4a20-8e42-16fd0aa8ada2,2026-06,0,22,9,9
746cc9ac-b684-496e-946c-6763e91b07c0,63fed47b-e924-4a20-8e42-16fd0aa8ada2,2026-05,1,21,13,3
54620f26-98c8-437b-8a3e-130111a91d14,63fed47b-e924-4a20-8e42-16fd0aa8ada2,2026-04,1,21,10,8
d14aad00-e525-4644-b7ce-4af52462dfe7,63fed47b-e924-4a20-8e42-16fd0aa8ada2,2026-03,0,22,11,10
5f0b8e68-9506-4272-b79a-8d42dc5ff7af,63fed47b-e924-4a20-8e42-16fd0aa8ada2,2026-02,0,22,5,1
46dc8fe4-d148-46bb-a716-0443c0d6f5b6,64400506-a5c0-4475-8bff-6c6f3d777d4a,2026-07,2,20,2,1
41313018-3aed-4a19-af43-f898aa7480fa,64400506-a5c0-4475-8bff-6c6f3d777d4a,2026-06,3,19,1,7
e5f3f10c-eb22-4b2e-ae82-ab3a9baed083,64400506-a5c0-4475-8bff-6c6f3d777d4a,2026-05,4,18,1,5
5715f983-9786-4fc9-a175-f460adeed320,64400506-a5c0-4475-8bff-6c6f3d777d4a,2026-04,5,17,4,10
057643ad-1528-4646-925e-88fcddbb3cb1,64400506-a5c0-4475-8bff-6c6f3d777d4a,2026-03,5,17,4,10
53dc0df8-5e55-48c2-8ca4-64e358bc21c0,64400506-a5c0-4475-8bff-6c6f3d777d4a,2026-02,4,18,3,3
6b9ca975-dc30-403b-8c84-17df484976b0,82c6b5cb-9a09-48fa-a6ee-1bb7b3aee0b2,2026-07,1,21,12,7
3e83f452-1bc6-4d40-b2f3-597873f2d20c,82c6b5cb-9a09-48fa-a6ee-1bb7b3aee0b2,2026-06,0,22,13,4
83ecec5a-273b-4477-8748-ac76a252c5b5,82c6b5cb-9a09-48fa-a6ee-1bb7b3aee0b2,2026-05,1,21,6,0
dd824b79-df90-486e-8a77-06627fb85ce5,82c6b5cb-9a09-48fa-a6ee-1bb7b3aee0b2,2026-04,1,21,14,10
e49b5619-d294-45c1-b1ed-d4108e0b4a4d,82c6b5cb-9a09-48fa-a6ee-1bb7b3aee0b2,2026-03,0,22,10,8
4fa1d8bf-2f4d-4f11-b8b4-7054b962e639,82c6b5cb-9a09-48fa-a6ee-1bb7b3aee0b2,2026-02,0,22,6,5
6650a19f-acbb-44d2-9b9c-635937c49a50,359d6895-6d02-475a-b47b-6f8fd4394d4a,2026-07,0,22,10,8
4976313e-b4ef-46fb-b514-ba40ea4f9f0f,359d6895-6d02-475a-b47b-6f8fd4394d4a,2026-06,1,21,10,7
adfc007e-fc54-4e28-ad56-52b2a280ebcc,359d6895-6d02-475a-b47b-6f8fd4394d4a,2026-05,1,21,7,10
58472a38-045b-4ed4-8511-960e786c37a6,359d6895-6d02-475a-b47b-6f8fd4394d4a,2026-04,0,22,12,7
1dbef3bf-2a1b-4b2b-b2cb-c2ee1ed91984,359d6895-6d02-475a-b47b-6f8fd4394d4a,2026-03,1,21,6,10
3f450ad7-36ca-43ea-ad48-01f355b0c4c5,359d6895-6d02-475a-b47b-6f8fd4394d4a,2026-02,0,22,14,10
b5a74699-3380-41af-aea2-e197ec96f5f6,d637552a-0f6e-4801-afe8-e524ca81d2b1,2026-07,0,22,13,0
df20d5ea-7f1b-48f6-a317-5f2442b405be,d637552a-0f6e-4801-afe8-e524ca81d2b1,2026-06,1,21,9,5
4cb27fb0-c330-4cff-850f-966acd666d28,d637552a-0f6e-4801-afe8-e524ca81d2b1,2026-05,1,21,13,1
f14a6d45-65ff-43a5-a4c1-330d644dcc29,d637552a-0f6e-4801-afe8-e524ca81d2b1,2026-04,1,21,13,2
a25e7da9-9da1-4f5a-957f-f8a87949f5d4,d637552a-0f6e-4801-afe8-e524ca81d2b1,2026-03,1,21,13,9
6ef00154-1807-4d5e-aedb-1ada730e2b75,d637552a-0f6e-4801-afe8-e524ca81d2b1,2026-02,0,22,9,7
333d3b51-aa2f-435f-bb6f-97bf33c6a1e1,e2a32eb2-e17c-4638-83a4-e8a248b10c6e,2026-07,0,22,11,5
d9138fe0-f033-497f-9f46-713a688d7e7e,e2a32eb2-e17c-4638-83a4-e8a248b10c6e,2026-06,0,22,7,6
1a71bb19-e9ce-4b42-890a-2fbefa1edd78,e2a32eb2-e17c-4638-83a4-e8a248b10c6e,2026-05,0,22,12,0
f7eefb68-7770-4074-b6ac-c5d94050cbbe,e2a32eb2-e17c-4638-83a4-e8a248b10c6e,2026-04,0,22,15,9
b3d289eb-8c39-44ac-b1d3-ea8110500949,e2a32eb2-e17c-4638-83a4-e8a248b10c6e,2026-03,1,21,10,4
6a50a688-d7f5-45d6-8d8d-dde22a1ad836,e2a32eb2-e17c-4638-83a4-e8a248b10c6e,2026-02,0,22,14,4
88c48a9c-e657-4c43-9185-22f9625e2c64,ab93edd2-d4b2-4230-a09c-a554cb27e26f,2026-07,4,18,0,0
fb45bf1a-b04d-4dbc-bbcf-2cba41de1c7f,ab93edd2-d4b2-4230-a09c-a554cb27e26f,2026-06,4,18,2,7
2f8a2cd1-1265-478d-8ab3-3bd2727a625b,ab93edd2-d4b2-4230-a09c-a554cb27e26f,2026-05,2,20,4,0
bf18e881-d2f1-4e54-80f5-fc2dcf07b2c9,ab93edd2-d4b2-4230-a09c-a554cb27e26f,2026-04,4,18,4,8
134ebcb4-7210-45ea-b1a6-1378748b98a1,ab93edd2-d4b2-4230-a09c-a554cb27e26f,2026-03,4,18,2,3
415eb8e5-0250-40c1-9868-4b436166ebfa,ab93edd2-d4b2-4230-a09c-a554cb27e26f,2026-02,3,19,5,3
9a25bd25-a8d5-4cd9-8139-fb8ab782aae1,2d7ac0c1-d264-4e06-a863-bc460f270c7e,2026-07,0,22,8,9
0b61ad44-31ba-4728-9bcd-9928a0607bf0,2d7ac0c1-d264-4e06-a863-bc460f270c7e,2026-06,1,21,8,8
e20ce544-388a-4bae-97a0-f84379fbc407,2d7ac0c1-d264-4e06-a863-bc460f270c7e,2026-05,0,22,8,8
00407677-4a9c-4a80-8f77-2666e26a103b,2d7ac0c1-d264-4e06-a863-bc460f270c7e,2026-04,1,21,9,9
bdaf4348-1963-4a16-b2c7-83cef3487c4c,2d7ac0c1-d264-4e06-a863-bc460f270c7e,2026-03,0,22,15,1
4a39922c-0a7a-48a0-b412-589dbf9b82fa,2d7ac0c1-d264-4e06-a863-bc460f270c7e,2026-02,0,22,15,0
54366642-c828-498a-b08c-af0f46a81b6d,c12ab7fc-9d7b-4cb6-8c9d-c5dc2635a672,2026-07,0,22,11,2
fc88fb87-bf77-49d9-9592-df45fa8fbb2c,c12ab7fc-9d7b-4cb6-8c9d-c5dc2635a672,2026-06,0,22,10,2
57d34618-11fa-44dd-80b1-cc4106f0dcb3,c12ab7fc-9d7b-4cb6-8c9d-c5dc2635a672,2026-05,0,22,6,5
ea83e232-ab4f-4d74-a319-261ce927bff2,c12ab7fc-9d7b-4cb6-8c9d-c5dc2635a672,2026-04,0,22,15,3
3236cb0e-8139-4ec1-84f1-5944c878a635,c12ab7fc-9d7b-4cb6-8c9d-c5dc2635a672,2026-03,1,21,11,0
3d988d6f-8108-460b-8d47-eac257d78af3,c12ab7fc-9d7b-4cb6-8c9d-c5dc2635a672,2026-02,1,21,9,9
afad4922-9ebd-4503-b50a-1e9cbbbb8acd,54336b59-52db-4720-bc2b-95bf349523e7,2026-07,1,21,14,1
1a237d21-2015-4928-a92f-c8f0801d46d7,54336b59-52db-4720-bc2b-95bf349523e7,2026-06,0,22,7,4
990d70e4-2385-49b2-9aeb-23b544596a86,54336b59-52db-4720-bc2b-95bf349523e7,2026-05,0,22,8,7
a2ee175d-8cb3-47ce-a16a-0fcb8b1c9f62,54336b59-52db-4720-bc2b-95bf349523e7,2026-04,0,22,8,4
29759fb7-e8be-4b3c-abd6-1ff7a341ce97,54336b59-52db-4720-bc2b-95bf349523e7,2026-03,0,22,9,0
841644a3-0a73-45bd-b716-3f0eb82a9e38,54336b59-52db-4720-bc2b-95bf349523e7,2026-02,0,22,8,6
423c18a8-d17b-4073-9478-5bbb511ca453,3c2fb4ed-aefb-41c3-a0e6-d3f555b30e68,2026-07,1,21,7,5
dcbedd5b-2906-4b27-a29e-3a4aaeda16a9,3c2fb4ed-aefb-41c3-a0e6-d3f555b30e68,2026-06,3,19,0,8
cb2177b3-34a8-4559-87a0-e602ffeeb6cb,3c2fb4ed-aefb-41c3-a0e6-d3f555b30e68,2026-05,3,19,10,10
b7b7c1e6-0abd-4b89-af44-a3b0e7922aca,3c2fb4ed-aefb-41c3-a0e6-d3f555b30e68,2026-04,1,21,10,5
952e0a23-27b8-40ba-824b-847e2c3718c8,3c2fb4ed-aefb-41c3-a0e6-d3f555b30e68,2026-03,2,20,0,5
f5b41e1d-cd79-4900-83f6-67a96d0acf50,3c2fb4ed-aefb-41c3-a0e6-d3f555b30e68,2026-02,2,20,6,3
33e532ef-2453-4609-95c7-846adb2b818f,78de9409-27be-4383-a22d-2759b04bdbb0,2026-07,3,19,0,9
79bd0d85-1686-475e-ad12-6a49aa123964,78de9409-27be-4383-a22d-2759b04bdbb0,2026-06,3,19,1,5
f282c7c7-29da-416c-9806-debed4fc2f91,78de9409-27be-4383-a22d-2759b04bdbb0,2026-05,3,19,6,6
0ae4c18e-ccce-477e-b0fe-4f80ad6590a1,78de9409-27be-4383-a22d-2759b04bdbb0,2026-04,2,20,4,1
2e06ccdc-1ff0-402c-b8e0-1d57099e0e80,78de9409-27be-4383-a22d-2759b04bdbb0,2026-03,2,20,0,1
67d2869a-d847-4f6b-93fd-c7fb73e457bc,78de9409-27be-4383-a22d-2759b04bdbb0,2026-02,1,21,3,1
b173ae4a-5962-45e4-ab5d-12b36755f28f,6612ac8c-b655-4db5-a0c7-4e929c14fd5b,2026-07,0,22,14,3
c4a00a3b-ef0d-4912-926d-110ab51d33af,6612ac8c-b655-4db5-a0c7-4e929c14fd5b,2026-06,0,22,8,10
b3cbfeb6-0774-4b79-8c85-f3b02c8536b9,6612ac8c-b655-4db5-a0c7-4e929c14fd5b,2026-05,0,22,6,9
a3d09fd6-4747-4583-981c-5be189aa22c1,6612ac8c-b655-4db5-a0c7-4e929c14fd5b,2026-04,0,22,8,3
60224752-8dda-400d-8381-3b7ca8581188,6612ac8c-b655-4db5-a0c7-4e929c14fd5b,2026-03,0,22,13,5
089c51d7-8ce9-4c55-b106-afe5e57076f2,6612ac8c-b655-4db5-a0c7-4e929c14fd5b,2026-02,1,21,11,10
6b1b8e50-584e-46b7-ab37-273705d62c04,84b5fd68-9e8c-45a6-9eb1-f5c502ed0a13,2026-07,1,21,8,0
986a09a1-30c0-4c10-855b-64a7d6642c1b,84b5fd68-9e8c-45a6-9eb1-f5c502ed0a13,2026-06,0,22,5,10
a40c0b46-f7f9-4832-81bc-1b80f13f5018,84b5fd68-9e8c-45a6-9eb1-f5c502ed0a13,2026-05,1,21,7,10
674b4910-2cec-4d4d-8134-38a20b16bce6,84b5fd68-9e8c-45a6-9eb1-f5c502ed0a13,2026-04,1,21,6,3
305d0bbe-eae4-4e7b-b08e-64185591c1d5,84b5fd68-9e8c-45a6-9eb1-f5c502ed0a13,2026-03,0,22,5,9
9147585c-22c9-401f-8b4e-984ec0c10988,84b5fd68-9e8c-45a6-9eb1-f5c502ed0a13,2026-02,1,21,15,8
4ccebbd3-114e-44b1-850a-219385a9bc89,11656dea-a081-4907-a159-1128c26c447c,2026-07,3,19,7,7
9b39c0f8-d3eb-4c1a-9bd7-8e49314458c8,11656dea-a081-4907-a159-1128c26c447c,2026-06,1,21,2,6
8e69bcbd-262c-49dc-a46c-e5cdb1031e96,11656dea-a081-4907-a159-1128c26c447c,2026-05,3,19,5,7
d8894d71-9ac7-4156-879b-4253982cb68a,11656dea-a081-4907-a159-1128c26c447c,2026-04,2,20,0,5
1b20abb5-4606-429f-8e21-41f83309379d,11656dea-a081-4907-a159-1128c26c447c,2026-03,3,19,5,6
0cca84be-f576-4f3f-8fa8-d45761c46bc0,11656dea-a081-4907-a159-1128c26c447c,2026-02,3,19,0,0
dcf13804-19d2-410e-956e-4c666872cbbf,5ad4857a-5d72-4d39-867d-a5d44ad8e369,2026-07,3,19,3,4
bb7e8b1a-8102-4b28-9a9c-efb0d7e2c44f,5ad4857a-5d72-4d39-867d-a5d44ad8e369,2026-06,6,16,4,1
d7e47af8-1301-4725-b8e6-88de32877d91,5ad4857a-5d72-4d39-867d-a5d44ad8e369,2026-05,5,17,2,0
7c81144f-1f65-4d38-8b54-aad35eb1f252,5ad4857a-5d72-4d39-867d-a5d44ad8e369,2026-04,6,16,4,2
7617fcc4-99ef-4372-847a-57e8010cb8aa,5ad4857a-5d72-4d39-867d-a5d44ad8e369,2026-03,4,18,5,7
2ed24fb4-662a-44ab-952c-e8a44a38e97f,5ad4857a-5d72-4d39-867d-a5d44ad8e369,2026-02,5,17,2,2
13c1697a-9470-4516-af8c-3c094953afba,ca9657db-521c-419c-845b-9de253ee54e3,2026-07,0,22,5,4
87c7f5a8-441d-4865-880b-27b0884035ca,ca9657db-521c-419c-845b-9de253ee54e3,2026-06,1,21,7,6
533573d3-407c-4910-ac2d-e9622fe6c051,ca9657db-521c-419c-845b-9de253ee54e3,2026-05,1,21,12,5
9a9c8404-e59d-43f2-b96e-546ca115a994,ca9657db-521c-419c-845b-9de253ee54e3,2026-04,0,22,11,7
90ad35f7-23cb-459b-939c-25465f48f6c3,ca9657db-521c-419c-845b-9de253ee54e3,2026-03,1,21,15,3
8f85b56f-af88-48eb-8a82-510db3a3df95,ca9657db-521c-419c-845b-9de253ee54e3,2026-02,0,22,7,1
f8631632-d14e-457f-9719-13fb8fe9b31f,6cfb0320-3671-4bf7-9fe9-1897df5ee50c,2026-07,5,17,3,6
a76ab118-0263-41a1-91dc-0334b2dadd3e,6cfb0320-3671-4bf7-9fe9-1897df5ee50c,2026-06,5,17,0,6
faa4518a-6b4a-46cd-9105-0d549ca1e9c4,6cfb0320-3671-4bf7-9fe9-1897df5ee50c,2026-05,6,16,5,9
22d1aa35-5401-4360-851a-af09dc2a6f10,6cfb0320-3671-4bf7-9fe9-1897df5ee50c,2026-04,5,17,3,6
5f7b49c3-8601-44ed-8797-a4d7126a18b1,6cfb0320-3671-4bf7-9fe9-1897df5ee50c,2026-03,3,19,5,4
7942321f-c758-453a-9aa8-e3ab35066145,6cfb0320-3671-4bf7-9fe9-1897df5ee50c,2026-02,5,17,1,8
3f7f6ca5-2fa3-45d9-988b-d7cda0e86bec,8b739633-893f-4cd1-aeb0-2a4918957ce5,2026-07,0,22,12,4
897e7207-df32-471f-b106-b4ec7d7bdd52,8b739633-893f-4cd1-aeb0-2a4918957ce5,2026-06,0,22,12,1
167e600d-d120-43c2-a31b-0095223a4408,8b739633-893f-4cd1-aeb0-2a4918957ce5,2026-05,0,22,8,9
e8840b8d-38ba-4214-9373-7d7ba7527a9f,8b739633-893f-4cd1-aeb0-2a4918957ce5,2026-04,0,22,13,6
b149640a-c36a-4e63-b4e0-7ee2739c28a0,8b739633-893f-4cd1-aeb0-2a4918957ce5,2026-03,0,22,8,4
fc398235-062e-45cb-aec6-be6912468b83,8b739633-893f-4cd1-aeb0-2a4918957ce5,2026-02,1,21,13,0
c5140954-cdb4-456c-92bd-bf90b9812f3e,9b37e412-4f31-42a5-9e49-6cbd6a6d6244,2026-07,3,19,9,4
5676db4e-2343-4b55-8e66-b8b8ef2f6fac,9b37e412-4f31-42a5-9e49-6cbd6a6d6244,2026-06,2,20,9,10
4b944ac1-321c-4a20-b11c-d0a71bbe2622,9b37e412-4f31-42a5-9e49-6cbd6a6d6244,2026-05,1,21,9,0
b1638e35-aafe-424c-b42a-0be0076e2607,9b37e412-4f31-42a5-9e49-6cbd6a6d6244,2026-04,2,20,3,10
f5e79540-ebdc-4d1a-ae9c-c46762cd43d9,9b37e412-4f31-42a5-9e49-6cbd6a6d6244,2026-03,2,20,8,2
2867355f-6748-4286-8def-46b9d1478a99,9b37e412-4f31-42a5-9e49-6cbd6a6d6244,2026-02,2,20,7,5
410066c0-0ba5-434a-a9e2-d8f5174c383c,caf0fb48-66eb-4b9a-98af-f75df69ce1ed,2026-07,1,21,5,8
21c7e04e-0fc2-459a-b783-2357641bf712,caf0fb48-66eb-4b9a-98af-f75df69ce1ed,2026-06,1,21,13,3
1daa2426-91fa-4e69-beab-03d91ae1ec06,caf0fb48-66eb-4b9a-98af-f75df69ce1ed,2026-05,1,21,14,7
bc68857c-23e4-4dcc-adab-cd5ded29bfd7,caf0fb48-66eb-4b9a-98af-f75df69ce1ed,2026-04,0,22,15,0
61cf07fa-1459-4525-8815-02628a3f9836,caf0fb48-66eb-4b9a-98af-f75df69ce1ed,2026-03,1,21,14,5
29bc96b6-38e8-4c79-9d78-5d51594401f8,caf0fb48-66eb-4b9a-98af-f75df69ce1ed,2026-02,1,21,8,9
d5660bec-7383-413d-8477-b1414f823f0b,85d959c2-12ab-40a2-b4a2-1694cfcaab87,2026-07,2,20,10,6
e42bd505-789f-4ad1-93da-c5788fe0f331,85d959c2-12ab-40a2-b4a2-1694cfcaab87,2026-06,3,19,0,4
bdf9aa0f-1851-4c9e-9689-c059d4e6f73b,85d959c2-12ab-40a2-b4a2-1694cfcaab87,2026-05,1,21,0,2
bd1957c4-4194-4474-89c9-62a1d83b70a9,85d959c2-12ab-40a2-b4a2-1694cfcaab87,2026-04,2,20,9,2
5d40491c-3b99-4a11-910e-7115029c28a9,85d959c2-12ab-40a2-b4a2-1694cfcaab87,2026-03,2,20,9,0
e80063b8-ed06-44df-8eb4-199a0521d3c4,85d959c2-12ab-40a2-b4a2-1694cfcaab87,2026-02,2,20,10,7
8da40afc-a0e2-46f7-8635-b918f00d07fe,81274bf2-df6c-4f51-bd8a-0d94ef47f051,2026-07,0,22,12,5
bf2f0fa5-9e1d-4daa-9f2b-916b3beb2f17,81274bf2-df6c-4f51-bd8a-0d94ef47f051,2026-06,0,22,11,6
3f7e53fc-5937-40e7-83e8-3705a184109c,81274bf2-df6c-4f51-bd8a-0d94ef47f051,2026-05,0,22,10,5
90faf159-32c6-490e-b9a8-a26d92f814dc,81274bf2-df6c-4f51-bd8a-0d94ef47f051,2026-04,0,22,14,0
dd6a290b-5ed2-4620-bd40-712900eb04fc,81274bf2-df6c-4f51-bd8a-0d94ef47f051,2026-03,1,21,8,3
ec1c90ed-c441-4711-a953-125b362a6c2e,81274bf2-df6c-4f51-bd8a-0d94ef47f051,2026-02,1,21,9,2
72f42763-96e9-45ec-b7cc-bbb69c6d8519,11d1ad61-d4b9-4814-8145-d852e92a62f2,2026-07,2,20,4,2
04e6f521-0586-4a29-ad4e-7ee1f120e6e3,11d1ad61-d4b9-4814-8145-d852e92a62f2,2026-06,1,21,5,6
d2a77025-58a6-49ad-8fe6-9967779baa2b,11d1ad61-d4b9-4814-8145-d852e92a62f2,2026-05,1,21,0,3
7bf99966-8156-4613-bc79-748d69587493,11d1ad61-d4b9-4814-8145-d852e92a62f2,2026-04,1,21,1,5
7ae00498-8f43-4c47-b7ea-624ca232c113,11d1ad61-d4b9-4814-8145-d852e92a62f2,2026-03,1,21,6,9
e10c9716-80ab-4cde-b31b-2cc4f09aea0d,11d1ad61-d4b9-4814-8145-d852e92a62f2,2026-02,2,20,3,8
138d8374-414d-477e-a0c1-e5e44ee89b7e,15a17e3d-53c2-4507-80f0-c24732fa6e43,2026-07,0,22,6,2
e6cb539b-b071-4421-8bb1-03e934e81afa,15a17e3d-53c2-4507-80f0-c24732fa6e43,2026-06,1,21,9,6
1a7d872d-462e-4224-9270-b80113bacf6d,15a17e3d-53c2-4507-80f0-c24732fa6e43,2026-05,0,22,12,0
3bd9d771-7cf9-4072-bd56-3109ece61b83,15a17e3d-53c2-4507-80f0-c24732fa6e43,2026-04,1,21,11,10
65b67d34-7817-4ecb-9b58-28b639eb078c,15a17e3d-53c2-4507-80f0-c24732fa6e43,2026-03,0,22,8,7
5b1bde79-f2fa-4f5c-9113-4d0fbe5b4214,15a17e3d-53c2-4507-80f0-c24732fa6e43,2026-02,1,21,15,0
ccb0f361-11b3-4b6e-bf5b-ae4dcb00fff3,31ece175-b6fa-4d06-9388-8273f23b481c,2026-07,0,22,10,8
1d773e6b-b5cd-4b94-8387-a7acf17cb863,31ece175-b6fa-4d06-9388-8273f23b481c,2026-06,0,22,11,3
5a531846-7e76-409d-9178-fef2628d210d,31ece175-b6fa-4d06-9388-8273f23b481c,2026-05,0,22,14,0
5dfe432c-e422-4dcc-9719-19e6ae8a5e91,31ece175-b6fa-4d06-9388-8273f23b481c,2026-04,0,22,15,6
2a0abccd-b401-44db-8820-161f82832964,31ece175-b6fa-4d06-9388-8273f23b481c,2026-03,0,22,12,0
11ff764b-0a16-4c48-b30c-c12bc5110dd4,31ece175-b6fa-4d06-9388-8273f23b481c,2026-02,0,22,5,2
72ec390f-10e0-4c62-944b-4519da78665b,2eefd697-c9ae-4789-913f-9d1bffa2f105,2026-07,1,21,7,9
4546680a-f886-4529-a2ec-b52ebe1ae313,2eefd697-c9ae-4789-913f-9d1bffa2f105,2026-06,0,22,15,7
80c85058-e3ef-47f8-9c38-ae48f8b2e3d4,2eefd697-c9ae-4789-913f-9d1bffa2f105,2026-05,1,21,12,5
1e023561-5c6d-4f74-b771-8f995d6b3ceb,2eefd697-c9ae-4789-913f-9d1bffa2f105,2026-04,0,22,14,3
c688fe84-a724-4a4c-8f34-003b0f4d5011,2eefd697-c9ae-4789-913f-9d1bffa2f105,2026-03,1,21,12,7
c97cf90c-9108-46a9-a864-ae5809fb43e8,2eefd697-c9ae-4789-913f-9d1bffa2f105,2026-02,0,22,7,1
3ee178a1-3629-42a8-a51f-d48c8ec9d067,c60406b2-0de1-4564-9443-7ecd07e33d04,2026-07,2,20,1,4
b6724f13-6733-4ba3-98ff-715658d2451e,c60406b2-0de1-4564-9443-7ecd07e33d04,2026-06,3,19,10,3
b397b678-f6be-4716-948c-942aba538ccc,c60406b2-0de1-4564-9443-7ecd07e33d04,2026-05,3,19,6,6
88d4b050-d869-44c4-8f3e-977fc81bb6ac,c60406b2-0de1-4564-9443-7ecd07e33d04,2026-04,1,21,4,9
816f34a4-ec4a-4132-9416-6dde88d54d4b,c60406b2-0de1-4564-9443-7ecd07e33d04,2026-03,1,21,2,8
b22554bb-124a-4d39-a8dd-a6bbbf8cde54,c60406b2-0de1-4564-9443-7ecd07e33d04,2026-02,2,20,8,5
a9f43a0a-4147-4d8b-be7f-ea672051d8f1,01da3475-9b3e-40c4-9572-8c5fb050a3c2,2026-07,1,21,15,7
6b5c1f6c-2562-4f2c-8888-113b37adb131,01da3475-9b3e-40c4-9572-8c5fb050a3c2,2026-06,0,22,7,5
f6ae9ba9-1da2-4f6a-855a-b462f074c4ff,01da3475-9b3e-40c4-9572-8c5fb050a3c2,2026-05,1,21,7,0
d42bb7fd-815a-40fa-b6af-d82e53579e08,01da3475-9b3e-40c4-9572-8c5fb050a3c2,2026-04,0,22,14,6
a47c3486-e137-4053-8bef-f4be6ba06be3,01da3475-9b3e-40c4-9572-8c5fb050a3c2,2026-03,1,21,9,10
45a8f4c4-32df-422d-91ba-fd33d32219bf,01da3475-9b3e-40c4-9572-8c5fb050a3c2,2026-02,0,22,14,8
575fabcd-3de9-4961-be20-d83d15196010,208b0204-f914-4aed-9bec-90e9557f84a1,2026-07,1,21,13,9
d8d2636d-d484-4296-b544-8964ec4bc98a,208b0204-f914-4aed-9bec-90e9557f84a1,2026-06,0,22,5,7
110108a2-15d2-442b-877c-83faa36a73b4,208b0204-f914-4aed-9bec-90e9557f84a1,2026-05,0,22,14,4
c68d2c57-8812-4113-821c-4626dc42b446,208b0204-f914-4aed-9bec-90e9557f84a1,2026-04,1,21,15,8
3ccd78d8-d565-4459-bb15-c0f6b576427c,208b0204-f914-4aed-9bec-90e9557f84a1,2026-03,0,22,5,6
f38b164d-3e63-4a0f-a371-2de45451b257,208b0204-f914-4aed-9bec-90e9557f84a1,2026-02,1,21,13,4
7b1f19d8-f282-4666-b1de-a4ee72f90878,3e1dd2c2-a2ce-46e7-a7e3-5fbdeb1c3110,2026-07,2,20,6,8
beb0fc2b-354a-4d6a-81b1-51fbecf52b54,3e1dd2c2-a2ce-46e7-a7e3-5fbdeb1c3110,2026-06,2,20,10,7
04ca5a18-e4eb-42ac-acfd-7fa7d12c2ea6,3e1dd2c2-a2ce-46e7-a7e3-5fbdeb1c3110,2026-05,1,21,1,10
a71d59b4-884f-415c-b15a-d306cd4bc031,3e1dd2c2-a2ce-46e7-a7e3-5fbdeb1c3110,2026-04,3,19,1,4
f8b79c2a-1204-462f-8b76-65f8a0a57cb9,3e1dd2c2-a2ce-46e7-a7e3-5fbdeb1c3110,2026-03,3,19,5,0
284cb7f0-ce7c-49f1-a9d8-320995c86aed,3e1dd2c2-a2ce-46e7-a7e3-5fbdeb1c3110,2026-02,1,21,8,6
b1856831-c4ef-4d40-83e9-d3d1586d0ec6,c8eeb74d-b2a2-431b-b664-1f25fc58f25b,2026-07,4,18,2,0
3ef7db64-c742-41ff-892d-d0c4caa289db,c8eeb74d-b2a2-431b-b664-1f25fc58f25b,2026-06,3,19,4,6
35936bc3-8679-425a-bc73-ea16d9fdc903,c8eeb74d-b2a2-431b-b664-1f25fc58f25b,2026-05,5,17,1,0
1f7e5ef6-7c80-4bcb-a5f8-a8784845976b,c8eeb74d-b2a2-431b-b664-1f25fc58f25b,2026-04,6,16,2,0
8f0c7209-ab88-44a9-93be-85f288f20091,c8eeb74d-b2a2-431b-b664-1f25fc58f25b,2026-03,3,19,3,6
879944d5-cb9e-4156-815a-f78992efe5f4,c8eeb74d-b2a2-431b-b664-1f25fc58f25b,2026-02,4,18,1,0
e893161f-6f8b-45dc-a026-770ec460948d,e66df9ef-ab0d-43c7-877f-f9a22d38e683,2026-07,0,22,7,7
979fb696-0689-4bd5-ac02-1c640da5f299,e66df9ef-ab0d-43c7-877f-f9a22d38e683,2026-06,1,21,14,3
89c49fc0-5084-4dea-9895-c10fbb607ca6,e66df9ef-ab0d-43c7-877f-f9a22d38e683,2026-05,1,21,15,3
f9ab63bc-e602-46b8-bd4c-d10975d451f3,e66df9ef-ab0d-43c7-877f-f9a22d38e683,2026-04,0,22,6,9
d7173bb4-899c-444e-9af6-7c5222e349b4,e66df9ef-ab0d-43c7-877f-f9a22d38e683,2026-03,0,22,8,0
aecbf046-d635-4b61-b2a5-f72b75389520,e66df9ef-ab0d-43c7-877f-f9a22d38e683,2026-02,0,22,12,3
ebcbac44-5d2e-4865-bdc6-19e29f819b91,4d593cad-711c-4d6a-95cb-bc601930f37a,2026-07,0,22,5,6
1df1ff88-7d44-4d38-8939-b9939cbb11c8,4d593cad-711c-4d6a-95cb-bc601930f37a,2026-06,1,21,13,8
c8691996-691f-40cd-8717-12b10d0788fa,4d593cad-711c-4d6a-95cb-bc601930f37a,2026-05,0,22,6,9
ea3ef9bc-db87-41e6-b192-4dff2898411b,4d593cad-711c-4d6a-95cb-bc601930f37a,2026-04,0,22,13,2
afb799aa-32a3-4abf-b7ea-70a15e78fbc2,4d593cad-711c-4d6a-95cb-bc601930f37a,2026-03,0,22,14,5
2aba93c4-f391-4790-a38a-86f5bb07d988,4d593cad-711c-4d6a-95cb-bc601930f37a,2026-02,1,21,5,4
c39ac7ad-99bd-43ce-88cc-153df8af0725,644e83e1-f668-4f9f-8dfe-7ddd0afbfd5f,2026-07,4,18,5,2
6d5b57bf-6993-4ac3-90b8-28a8025dbc6b,644e83e1-f668-4f9f-8dfe-7ddd0afbfd5f,2026-06,6,16,1,2
a8514dcd-a196-47e9-893d-a35b8832292a,644e83e1-f668-4f9f-8dfe-7ddd0afbfd5f,2026-05,5,17,4,1
b6d766fe-ef41-477d-83b7-ab9258da8b1b,644e83e1-f668-4f9f-8dfe-7ddd0afbfd5f,2026-04,4,18,0,0
23bb787e-bdbe-4660-85d2-e0ba000542bd,644e83e1-f668-4f9f-8dfe-7ddd0afbfd5f,2026-03,6,16,3,7
98cf924b-28bb-4bc6-b8d6-512a48ce991e,644e83e1-f668-4f9f-8dfe-7ddd0afbfd5f,2026-02,5,17,0,10
7dd09382-a1f9-4797-8287-4d1ea58ccdbb,7ac8f072-be3b-4730-aeec-47b438e52aaf,2026-07,1,21,14,10
b986e7a6-89af-4330-b734-f87518348f42,7ac8f072-be3b-4730-aeec-47b438e52aaf,2026-06,0,22,7,9
d87e0b94-bf95-4ae2-a5ed-0065417a8f80,7ac8f072-be3b-4730-aeec-47b438e52aaf,2026-05,0,22,6,0
cfb68a99-96d2-46bc-940f-3235a17b72ad,7ac8f072-be3b-4730-aeec-47b438e52aaf,2026-04,0,22,7,9
5659bdf4-a754-411f-b024-10b5a7ae221d,7ac8f072-be3b-4730-aeec-47b438e52aaf,2026-03,1,21,10,6
9f39de2f-249d-496c-9626-235123f81daa,7ac8f072-be3b-4730-aeec-47b438e52aaf,2026-02,1,21,7,5
129dfb9a-4d96-4af6-ab12-fefe07871a89,67b83bad-c30e-4d93-9736-8b88d07a4f8f,2026-07,2,20,6,5
f0e78ba1-dfb7-43c7-ab09-527957ccf165,67b83bad-c30e-4d93-9736-8b88d07a4f8f,2026-06,1,21,5,2
2c93a5ab-e7d6-45be-977f-8dad463b656f,67b83bad-c30e-4d93-9736-8b88d07a4f8f,2026-05,1,21,6,1
6a17a39c-0bcd-4a4e-b652-4f823f7dc191,67b83bad-c30e-4d93-9736-8b88d07a4f8f,2026-04,1,21,9,6
07534d33-3ae0-43c9-a8ac-7347d8359680,67b83bad-c30e-4d93-9736-8b88d07a4f8f,2026-03,2,20,7,10
f424970e-026e-43a5-8ee5-62c8a3ef98d6,67b83bad-c30e-4d93-9736-8b88d07a4f8f,2026-02,2,20,7,0
b47d27a3-635e-49ae-aa86-12aff661fa49,62c2f25c-48ab-4c66-b75c-89a317727130,2026-07,1,21,0,6
2dbe9e42-4b37-435a-ae5c-2bc57a0f7e27,62c2f25c-48ab-4c66-b75c-89a317727130,2026-06,2,20,0,2
95a53722-7a51-4f9d-a4ac-6b8646b08262,62c2f25c-48ab-4c66-b75c-89a317727130,2026-05,2,20,4,9
7ef706b9-3130-46eb-9de8-4ced79b67853,62c2f25c-48ab-4c66-b75c-89a317727130,2026-04,3,19,8,7
6c4288c5-c3d6-43c7-9c7f-d8db35b79c7a,62c2f25c-48ab-4c66-b75c-89a317727130,2026-03,2,20,8,5
d45f81c1-69fe-432e-b965-76037ba1732b,62c2f25c-48ab-4c66-b75c-89a317727130,2026-02,1,21,8,6
b9bcbaca-42f0-4edb-bfa3-57e07e43383a,91031108-a379-4327-9058-da0a3634b783,2026-07,1,21,12,5
de2ca6ce-ec82-400b-9209-d0310081417a,91031108-a379-4327-9058-da0a3634b783,2026-06,0,22,15,4
b90d0372-d18b-421c-ab20-1d2ef5e1c9e7,91031108-a379-4327-9058-da0a3634b783,2026-05,1,21,11,0
98a8d94b-47a6-4b97-9c64-6bb04787d23a,91031108-a379-4327-9058-da0a3634b783,2026-04,0,22,5,4
567ef5b9-a313-4697-adaf-aaf0aeaef6f4,91031108-a379-4327-9058-da0a3634b783,2026-03,1,21,9,6
05d236e7-d85c-4a21-9485-300f42828a17,91031108-a379-4327-9058-da0a3634b783,2026-02,0,22,8,10
82ac70cb-956e-426d-9b41-0506d036eb47,0cdefe2c-495e-4095-abb8-22f50042e740,2026-07,1,21,12,2
3d59304f-002c-4091-aafc-3ad84b4439a5,0cdefe2c-495e-4095-abb8-22f50042e740,2026-06,1,21,7,7
88e9ba3b-0c0f-4e29-9eec-d18119274ee6,0cdefe2c-495e-4095-abb8-22f50042e740,2026-05,0,22,14,8
28a5c11c-7117-4112-b24a-d141dac10a9d,0cdefe2c-495e-4095-abb8-22f50042e740,2026-04,0,22,6,7
ba28536f-e79f-41d6-9959-1c6240f0f634,0cdefe2c-495e-4095-abb8-22f50042e740,2026-03,1,21,12,3
834172db-a764-42c5-b81a-7346c9db342a,0cdefe2c-495e-4095-abb8-22f50042e740,2026-02,1,21,13,5
5299881e-f2e6-41b0-b803-2879728bd90c,a84ca342-b410-429f-a875-f43a2b5d66d7,2026-07,0,22,9,10
3c9f0d7f-846e-4e3f-806a-c108c5eafa1a,a84ca342-b410-429f-a875-f43a2b5d66d7,2026-06,1,21,13,0
0131da31-c566-453f-99ba-a807d6bf0415,a84ca342-b410-429f-a875-f43a2b5d66d7,2026-05,0,22,10,5
0b9f068c-22fa-46e5-8397-bf1ecf4d864d,a84ca342-b410-429f-a875-f43a2b5d66d7,2026-04,0,22,11,10
1c468251-65fe-4860-9375-54b1ced44cd9,a84ca342-b410-429f-a875-f43a2b5d66d7,2026-03,0,22,5,7
bdee7206-aef8-4d3f-8c2b-e856d0016e15,a84ca342-b410-429f-a875-f43a2b5d66d7,2026-02,1,21,7,7
48ab37e7-002d-47e1-94ef-61064e5be597,ba26fc77-07aa-46cf-992b-be7a8c3ec8cb,2026-07,0,22,8,3
078c33fa-cf0c-408e-9e64-e2212e54f588,ba26fc77-07aa-46cf-992b-be7a8c3ec8cb,2026-06,0,22,7,8
21e7512e-bf70-4855-9d4f-4674eefc7440,ba26fc77-07aa-46cf-992b-be7a8c3ec8cb,2026-05,0,22,14,2
f7a5ced6-c2f4-4360-b694-d19e7d36e12b,ba26fc77-07aa-46cf-992b-be7a8c3ec8cb,2026-04,1,21,5,8
1e7045cb-21e9-46a6-b033-b15c6bac2c4f,ba26fc77-07aa-46cf-992b-be7a8c3ec8cb,2026-03,1,21,13,10
24acaef5-1717-4205-aba1-085278dfb379,ba26fc77-07aa-46cf-992b-be7a8c3ec8cb,2026-02,1,21,9,0
a4649fb5-2595-4ddb-953f-30df09970592,6d00c746-90ac-4831-8b0f-4cf696a631d1,2026-07,1,21,13,10
e925070f-2b87-436f-8d87-5524b959fe41,6d00c746-90ac-4831-8b0f-4cf696a631d1,2026-06,1,21,14,1
104b01d9-d62e-4f11-b6e8-af202339cff7,6d00c746-90ac-4831-8b0f-4cf696a631d1,2026-05,1,21,8,0
c4192546-f9f6-4fda-af9f-a6858fa8a1ad,6d00c746-90ac-4831-8b0f-4cf696a631d1,2026-04,0,22,5,1
abbc5de6-ca40-4a59-9ab7-be987c3977ff,6d00c746-90ac-4831-8b0f-4cf696a631d1,2026-03,1,21,12,2
32c2b6e1-34fb-467a-8b5f-b78db1813c63,6d00c746-90ac-4831-8b0f-4cf696a631d1,2026-02,0,22,13,5
e4c9da11-b4d0-4983-829b-f20f063e1c36,4dfd46e1-2dbb-4917-9471-23b9f4b0817d,2026-07,1,21,12,7
d1685c59-2290-48eb-8989-f337d94237b1,4dfd46e1-2dbb-4917-9471-23b9f4b0817d,2026-06,1,21,11,10
1a421665-1e14-4f14-bf3b-026d2967cb7e,4dfd46e1-2dbb-4917-9471-23b9f4b0817d,2026-05,0,22,10,1
57bb7bb3-e92e-4328-9d53-1fe9d50c8a3b,4dfd46e1-2dbb-4917-9471-23b9f4b0817d,2026-04,1,21,8,7
fcb1bbcf-bd97-4a95-9e63-ff0bd2402582,4dfd46e1-2dbb-4917-9471-23b9f4b0817d,2026-03,0,22,14,6
76fb743f-ef42-4831-9f2a-5c8ec2093f3d,4dfd46e1-2dbb-4917-9471-23b9f4b0817d,2026-02,0,22,7,2
21fd0af5-7ac0-4442-8a59-f1e6179dffaf,02e34fe3-d735-4e46-8518-0afa9bc707b9,2026-07,0,22,9,2
eb401e37-9388-445d-8c8b-59023db324f6,02e34fe3-d735-4e46-8518-0afa9bc707b9,2026-06,0,22,9,1
3169ccc9-dc97-455b-a23c-78b7d7ef7d8c,02e34fe3-d735-4e46-8518-0afa9bc707b9,2026-05,0,22,13,5
be75ce17-b968-4183-9c32-1fe3aeb31b90,02e34fe3-d735-4e46-8518-0afa9bc707b9,2026-04,1,21,5,7
986194fc-8b29-4010-94ce-6a0a26ea5a19,02e34fe3-d735-4e46-8518-0afa9bc707b9,2026-03,1,21,11,9
de30df0d-d879-4e1c-ba2c-d5d6b1f31e94,02e34fe3-d735-4e46-8518-0afa9bc707b9,2026-02,1,21,15,0
ae6f6390-b2c9-4c66-b0ca-3e5fa896411e,56b6b381-f04e-458f-b62d-26cc85af43a8,2026-07,0,22,9,9
8613f95a-ca90-448f-9993-19c09f0f6e88,56b6b381-f04e-458f-b62d-26cc85af43a8,2026-06,0,22,10,2
92ee27a4-173f-48aa-ab1e-624e8c36f180,56b6b381-f04e-458f-b62d-26cc85af43a8,2026-05,0,22,6,5
6f697546-694c-42ec-8088-e46f6b0526a7,56b6b381-f04e-458f-b62d-26cc85af43a8,2026-04,1,21,9,7
b7f8d16d-86c8-44d4-885d-66ec9b445911,56b6b381-f04e-458f-b62d-26cc85af43a8,2026-03,1,21,8,10
e4b6a0db-0c9e-4438-897d-86936a2e2e20,56b6b381-f04e-458f-b62d-26cc85af43a8,2026-02,1,21,10,6
33115ef6-f356-4c47-b180-d6a16bdf6ec8,0122f164-7393-4950-8db9-873ec9c0aaf9,2026-07,0,22,8,2
99237632-025b-4b4e-b02a-b5b776913ddb,0122f164-7393-4950-8db9-873ec9c0aaf9,2026-06,1,21,15,0
10990f24-8026-485a-94e8-3860e78c3829,0122f164-7393-4950-8db9-873ec9c0aaf9,2026-05,1,21,5,3
158d80c3-1af2-4e90-88f0-573d29241b1d,0122f164-7393-4950-8db9-873ec9c0aaf9,2026-04,1,21,14,5
d835a7ab-1cfc-4f80-a01b-8309f00757fa,0122f164-7393-4950-8db9-873ec9c0aaf9,2026-03,1,21,10,4
0af686d5-21d2-475e-ac3e-9b22c63ea855,0122f164-7393-4950-8db9-873ec9c0aaf9,2026-02,0,22,14,10
d947bfe1-e9e4-404a-8a49-5c2ddc29012d,5aa9883b-27a7-466e-a9d9-15e790fafcee,2026-07,6,16,2,0
ba5e5d7e-0c8c-4d59-b4aa-91e5c991cb00,5aa9883b-27a7-466e-a9d9-15e790fafcee,2026-06,4,18,3,1
67d7c9cc-130b-434b-9fde-835c17989eed,5aa9883b-27a7-466e-a9d9-15e790fafcee,2026-05,2,20,0,4
c9aabf5b-3462-43e5-96ba-e0577e1d337b,5aa9883b-27a7-466e-a9d9-15e790fafcee,2026-04,3,19,0,1
74cf406e-2ba5-4b0a-bc19-b0174bef0bc7,5aa9883b-27a7-466e-a9d9-15e790fafcee,2026-03,4,18,5,7
b0d0bade-1d10-43b2-94e7-8e607b2da4ea,5aa9883b-27a7-466e-a9d9-15e790fafcee,2026-02,3,19,5,3
0b79467a-26e5-4532-af12-68a1a4ba02ab,286aa56c-2d2a-4360-ab6a-7af75db36c78,2026-07,4,18,2,6
c039e495-3964-4b83-aa1d-8ba08e8c3c9d,286aa56c-2d2a-4360-ab6a-7af75db36c78,2026-06,4,18,4,1
ec8a1a45-80b0-4c87-8430-3eb7127c0d90,286aa56c-2d2a-4360-ab6a-7af75db36c78,2026-05,5,17,2,8
7a41fb1b-169f-466d-9d37-4b6363ce4f21,286aa56c-2d2a-4360-ab6a-7af75db36c78,2026-04,6,16,3,4
5d74d83d-dcb6-4bea-9c09-9d622f0cbe1e,286aa56c-2d2a-4360-ab6a-7af75db36c78,2026-03,2,20,2,2
3c2c6d89-cba7-4228-869e-6bba6eef5f67,286aa56c-2d2a-4360-ab6a-7af75db36c78,2026-02,4,18,2,6
976adef1-5914-4cfc-a96d-ac31e6f888e0,20027bc6-c876-4238-8314-eeeee912fe4d,2026-07,1,21,6,0
fb7e0547-1dbf-4c0d-a579-21f8c8ee2758,20027bc6-c876-4238-8314-eeeee912fe4d,2026-06,1,21,12,0
1f72f9d4-b3d8-48b2-8e98-faa2ce2ff28d,20027bc6-c876-4238-8314-eeeee912fe4d,2026-05,1,21,5,4
9b0b31cb-a60f-47a4-9c3b-0df8a59dd649,20027bc6-c876-4238-8314-eeeee912fe4d,2026-04,1,21,7,8
9a46f913-f231-42f6-853b-15cfb240732f,20027bc6-c876-4238-8314-eeeee912fe4d,2026-03,0,22,13,0
446484d7-3c24-4623-8ea5-b6069fad08a8,20027bc6-c876-4238-8314-eeeee912fe4d,2026-02,1,21,15,10
018db220-034b-4a41-a8e4-5b5c6ae0c1ee,d4530d84-2aa4-427b-b0c1-e31677adcab7,2026-07,1,21,6,9
4ee17992-120c-49ae-98e1-fad44cc53a06,d4530d84-2aa4-427b-b0c1-e31677adcab7,2026-06,2,20,1,8
ce129894-2eff-4d03-81df-180560d80a2c,d4530d84-2aa4-427b-b0c1-e31677adcab7,2026-05,2,20,4,1
aada5783-5aa3-4e7f-862a-549567b53798,d4530d84-2aa4-427b-b0c1-e31677adcab7,2026-04,1,21,8,7
82dcbaea-2913-4722-8f68-6605c7bfc067,d4530d84-2aa4-427b-b0c1-e31677adcab7,2026-03,3,19,9,3
4e2fb516-4f6d-4be0-84f9-9930f85c2260,d4530d84-2aa4-427b-b0c1-e31677adcab7,2026-02,2,20,6,7
17fff248-ce2f-4d94-8d6a-51959b88f220,fd2eb560-ff18-45d7-8674-3c52943ba503,2026-07,1,21,12,9
abcaefce-8709-4ba6-b17a-97430986985b,fd2eb560-ff18-45d7-8674-3c52943ba503,2026-06,1,21,8,7
ac775fe2-4731-4a09-a3ae-573cd67740c8,fd2eb560-ff18-45d7-8674-3c52943ba503,2026-05,1,21,5,5
20d21514-5ed6-4150-bb00-0e6e840d1fa0,fd2eb560-ff18-45d7-8674-3c52943ba503,2026-04,0,22,13,9
bb4fc6f3-f388-4a1b-bd19-d1b6887f73a8,fd2eb560-ff18-45d7-8674-3c52943ba503,2026-03,0,22,13,7
fb2a7905-09c2-4f58-8c29-4b01b3089f9b,fd2eb560-ff18-45d7-8674-3c52943ba503,2026-02,0,22,8,4
43c3d9ef-b25e-4f2d-a0e6-2314b057cb1c,51f34a02-2bca-4f00-a58e-2180be144498,2026-07,1,21,5,10
bda3f009-5848-4c62-8cf5-0b333c450149,51f34a02-2bca-4f00-a58e-2180be144498,2026-06,0,22,11,5
6f2c3f8e-e8fc-430f-a65b-09f87eb4892e,51f34a02-2bca-4f00-a58e-2180be144498,2026-05,0,22,6,6
aecbf64b-2c87-4a50-a1ec-b54a77cd35d7,51f34a02-2bca-4f00-a58e-2180be144498,2026-04,1,21,13,5
ef227c04-106c-4a83-b43c-f9fda425ec4b,51f34a02-2bca-4f00-a58e-2180be144498,2026-03,0,22,10,10
967c50c2-f8fc-4744-bb52-08323b8875cc,51f34a02-2bca-4f00-a58e-2180be144498,2026-02,0,22,14,7
0d18d389-d2bf-4c4a-8556-29bf9d48b6a7,c33c1495-1ded-46ee-a126-6efbc5e23645,2026-07,0,22,11,1
4f88d071-6f99-4336-92c2-d7a32642c90e,c33c1495-1ded-46ee-a126-6efbc5e23645,2026-06,1,21,12,2
8a78de46-a55a-46f8-87cd-12f7ce6f7a04,c33c1495-1ded-46ee-a126-6efbc5e23645,2026-05,1,21,14,1
da3b55c5-8f92-4b8f-88c0-0f1c5a949504,c33c1495-1ded-46ee-a126-6efbc5e23645,2026-04,1,21,10,10
ebf588f2-7c96-4740-a372-21bf1a5aa324,c33c1495-1ded-46ee-a126-6efbc5e23645,2026-03,1,21,12,3
7a01eb88-af66-4bd3-ad8f-45701a91a3aa,c33c1495-1ded-46ee-a126-6efbc5e23645,2026-02,0,22,12,3
a00df782-9dd8-4776-b089-27781ea76f14,31026c95-2dc2-41c0-a0ce-406ff3a1d06a,2026-07,0,22,8,7
6326472d-fb73-49bc-bb6f-1d8508af21fb,31026c95-2dc2-41c0-a0ce-406ff3a1d06a,2026-06,1,21,13,4
faee8c52-17a1-4bd0-b240-41a92c5b6f27,31026c95-2dc2-41c0-a0ce-406ff3a1d06a,2026-05,0,22,10,8
267b5ec0-5b50-4edb-bb2b-e3d8c62aec51,31026c95-2dc2-41c0-a0ce-406ff3a1d06a,2026-04,0,22,9,3
67d34256-ff05-4845-ab64-1e604ae8fbfd,31026c95-2dc2-41c0-a0ce-406ff3a1d06a,2026-03,0,22,15,0
69b47e71-299b-4628-a9e3-adb55ded74f9,31026c95-2dc2-41c0-a0ce-406ff3a1d06a,2026-02,1,21,15,2
c353b301-11a8-40be-adf7-a398d8354619,011168f7-88fe-40d8-9db6-c860c2bac25f,2026-07,0,22,8,6
736a282d-edd2-401c-b849-ed95c52a572d,011168f7-88fe-40d8-9db6-c860c2bac25f,2026-06,1,21,11,4
83b70d67-8d93-49f2-8723-b6c39a2687d0,011168f7-88fe-40d8-9db6-c860c2bac25f,2026-05,1,21,6,5
aeab5f25-dba8-4802-99cd-32f3eed884cc,011168f7-88fe-40d8-9db6-c860c2bac25f,2026-04,0,22,7,5
8b243cee-094d-4d58-91ed-05251c04a4f7,011168f7-88fe-40d8-9db6-c860c2bac25f,2026-03,1,21,9,10
6d9e19b1-354c-43ca-9c14-38dd22ad81ca,011168f7-88fe-40d8-9db6-c860c2bac25f,2026-02,0,22,12,0
764c122e-d028-411e-9a77-36f43a167ca2,fac0c1cf-2ba9-4ba9-aea3-b44577de5338,2026-07,2,20,2,4
497962f7-034f-4b9b-8d73-9244aae28434,fac0c1cf-2ba9-4ba9-aea3-b44577de5338,2026-06,1,21,0,1
c68e070c-d0e8-4dff-bcd0-c1d7bc652815,fac0c1cf-2ba9-4ba9-aea3-b44577de5338,2026-05,2,20,3,10
545cfdcd-057a-42d8-a04f-c4a6d44e3a8d,fac0c1cf-2ba9-4ba9-aea3-b44577de5338,2026-04,1,21,2,1
787797e5-b284-44c3-904c-ba369bc0d205,fac0c1cf-2ba9-4ba9-aea3-b44577de5338,2026-03,1,21,7,9
0af2fc90-4387-40b4-86f5-6d6449616cd4,fac0c1cf-2ba9-4ba9-aea3-b44577de5338,2026-02,1,21,3,10
fa1958d4-58bd-46e5-a611-915171e687e7,dc206570-0614-4142-9502-c447b1e2b856,2026-07,1,21,6,0
89308a62-12c4-415c-9b29-efcd488bf67e,dc206570-0614-4142-9502-c447b1e2b856,2026-06,0,22,11,2
f38d0bb5-b714-4948-9020-e693b033b4e3,dc206570-0614-4142-9502-c447b1e2b856,2026-05,1,21,7,8
18045d5a-fc7f-4c42-8c6a-1fc5242ffc81,dc206570-0614-4142-9502-c447b1e2b856,2026-04,1,21,9,8
b0982c65-ed25-45a3-bc65-0b924a853c52,dc206570-0614-4142-9502-c447b1e2b856,2026-03,1,21,13,4
575bd483-4bab-4e3c-b86d-0b04b3957905,dc206570-0614-4142-9502-c447b1e2b856,2026-02,1,21,15,8
1a1fcf00-cc60-4d37-8f8d-71cc93100ca8,999bc90a-6031-4d62-bc30-0a515d80f69d,2026-07,0,22,10,6
72a2b0c5-afa6-44f3-bf99-e3a5f190177f,999bc90a-6031-4d62-bc30-0a515d80f69d,2026-06,0,22,10,3
95015585-a7da-4c56-b36d-a01352fa940a,999bc90a-6031-4d62-bc30-0a515d80f69d,2026-05,1,21,7,7
7c4fc678-5e13-4f44-8603-a934b415fc03,999bc90a-6031-4d62-bc30-0a515d80f69d,2026-04,1,21,8,5
197f30da-a832-4d08-8301-2ab2ff979297,999bc90a-6031-4d62-bc30-0a515d80f69d,2026-03,0,22,14,2
4e1cbcd7-5709-47f6-bc03-53e53f0fd34b,999bc90a-6031-4d62-bc30-0a515d80f69d,2026-02,1,21,8,9
4a12652e-52ef-4689-b380-264d9d249453,061f1610-ebef-4fbf-af9e-6690a71f41e3,2026-07,4,18,4,10
8f93608d-ae0d-49b0-a659-59428f0f98fb,061f1610-ebef-4fbf-af9e-6690a71f41e3,2026-06,2,20,2,0
8549d62b-d652-4182-ad80-3cd5b6035fb6,061f1610-ebef-4fbf-af9e-6690a71f41e3,2026-05,6,16,4,6
dbf16084-2d21-43bd-a481-a8ed2c3c29bc,061f1610-ebef-4fbf-af9e-6690a71f41e3,2026-04,5,17,3,1
a2a682e3-fec6-40d4-afcb-a4328108d6a3,061f1610-ebef-4fbf-af9e-6690a71f41e3,2026-03,5,17,5,8
261e3570-cc86-4d73-a448-bf4d5c88ccfe,061f1610-ebef-4fbf-af9e-6690a71f41e3,2026-02,6,16,3,5
a0fb1e75-3b2d-45c4-9fa8-414d581ce3f5,d86053c9-d9cc-43e1-8e4f-947647435782,2026-07,5,17,4,2
aadb4d43-0afb-4f9e-a88b-6270efd6ed40,d86053c9-d9cc-43e1-8e4f-947647435782,2026-06,3,19,3,5
51df14e4-b05d-4e4d-9657-50c0b517e65c,d86053c9-d9cc-43e1-8e4f-947647435782,2026-05,5,17,3,2
71100d7e-44e1-4d23-89ab-8753fbe8adef,d86053c9-d9cc-43e1-8e4f-947647435782,2026-04,2,20,5,0
7d14a166-46ad-49f1-98b8-29c9789e590b,d86053c9-d9cc-43e1-8e4f-947647435782,2026-03,2,20,5,3
ab3cc4a0-c4c0-432c-ae2b-00ccd084ebf7,d86053c9-d9cc-43e1-8e4f-947647435782,2026-02,5,17,3,0
1e934b3b-de57-447d-bc2a-d0e4781de7e9,6dfc699c-2fcb-40f1-8195-9ec3674aa4c1,2026-07,1,21,5,5
d6b6ef8f-4c19-45a9-9014-435087bc4e47,6dfc699c-2fcb-40f1-8195-9ec3674aa4c1,2026-06,1,21,5,2
beb41708-76f2-41a5-9d16-55249ba02d2b,6dfc699c-2fcb-40f1-8195-9ec3674aa4c1,2026-05,1,21,15,8
973b1e3e-12fc-4e75-b94d-ab5e513bdc18,6dfc699c-2fcb-40f1-8195-9ec3674aa4c1,2026-04,1,21,15,0
49b562b5-7966-452f-a6c4-3e1a940bba5b,6dfc699c-2fcb-40f1-8195-9ec3674aa4c1,2026-03,0,22,7,9
e259301c-d0fe-4260-ae47-b488d3d04b83,6dfc699c-2fcb-40f1-8195-9ec3674aa4c1,2026-02,0,22,6,8
23b718e2-96af-4f24-ae37-63f672c1358a,d5ea108e-2290-465f-8fc4-82b456ed7b2d,2026-07,0,22,11,8
334f8663-34be-4522-a393-ce614c142cd3,d5ea108e-2290-465f-8fc4-82b456ed7b2d,2026-06,1,21,6,8
a00331c3-5242-45cf-9d5b-980315b1d211,d5ea108e-2290-465f-8fc4-82b456ed7b2d,2026-05,1,21,14,0
7a2988cc-9981-4a6b-9539-3441890a69df,d5ea108e-2290-465f-8fc4-82b456ed7b2d,2026-04,1,21,10,4
e920d72c-29bd-4aa6-8d3b-24a85ea965f9,d5ea108e-2290-465f-8fc4-82b456ed7b2d,2026-03,0,22,9,7
2ca9b11a-9050-4f4e-bfa2-62e1b89dcb00,d5ea108e-2290-465f-8fc4-82b456ed7b2d,2026-02,0,22,8,3
86b0f3f7-c999-493c-a57a-9774764d219e,19367c0a-eea6-44a8-b4d1-9957489a46e8,2026-07,2,20,0,8
4f4ba9f2-a8b6-405e-9c78-51f8cd158648,19367c0a-eea6-44a8-b4d1-9957489a46e8,2026-06,3,19,0,3
b9efa1fa-6b12-4ce9-b9fd-f7451ee38704,19367c0a-eea6-44a8-b4d1-9957489a46e8,2026-05,1,21,4,4
bdbdf348-76d6-4888-aef2-9b9543214538,19367c0a-eea6-44a8-b4d1-9957489a46e8,2026-04,3,19,0,10
3075dc4a-e212-4156-a192-7b3fcb4689c6,19367c0a-eea6-44a8-b4d1-9957489a46e8,2026-03,2,20,2,9
ebe38643-5c72-4a69-927a-fce01b44ff02,19367c0a-eea6-44a8-b4d1-9957489a46e8,2026-02,2,20,0,5
8974fc61-678b-43cc-8a85-20200fec327c,c73dc60e-aa50-47f2-b5f4-c2ec1e13759a,2026-07,1,21,4,3
a6a3bbe7-5192-45c4-acea-c76114092004,c73dc60e-aa50-47f2-b5f4-c2ec1e13759a,2026-06,3,19,8,6
d422a68c-ed80-4dee-977f-574f570cccee,c73dc60e-aa50-47f2-b5f4-c2ec1e13759a,2026-05,1,21,9,6
0143a1ef-509e-4b69-bebf-6ac1b6a078d2,c73dc60e-aa50-47f2-b5f4-c2ec1e13759a,2026-04,1,21,9,7
3545969c-53c6-46da-888f-f9b4ad9c2462,c73dc60e-aa50-47f2-b5f4-c2ec1e13759a,2026-03,1,21,0,4
5f1e6c2e-95ca-4f7c-b055-a9d21bfbe70e,c73dc60e-aa50-47f2-b5f4-c2ec1e13759a,2026-02,2,20,5,2
c4df47be-9fb3-4164-afda-a37a3a301874,53bcb883-806c-495a-8f3b-40f40d27b37e,2026-07,1,21,8,6
674b39f8-d9cf-4a66-aaaf-8bbdd6926a6e,53bcb883-806c-495a-8f3b-40f40d27b37e,2026-06,1,21,7,10
76936ef6-d77e-42da-965f-0b6f5819e0b3,53bcb883-806c-495a-8f3b-40f40d27b37e,2026-05,0,22,7,0
112d915b-9c82-4434-8c18-50b5a695b083,53bcb883-806c-495a-8f3b-40f40d27b37e,2026-04,0,22,13,10
1ac3a627-5030-41f5-9428-3f1674dc662c,53bcb883-806c-495a-8f3b-40f40d27b37e,2026-03,1,21,8,5
568c6f68-4d36-4b8e-9e89-5393e66b4a9b,53bcb883-806c-495a-8f3b-40f40d27b37e,2026-02,0,22,15,4
3dd95740-0e15-467e-b113-e5e01b3c5bb9,f4320692-5985-49c8-b550-2c529c1ad7bb,2026-07,6,16,4,8
7fe2d6c7-0fc1-479b-b5a2-f3707eee83b3,f4320692-5985-49c8-b550-2c529c1ad7bb,2026-06,5,17,3,0
d7db8ce8-0972-4cc7-8e8a-c1bce58bc21d,f4320692-5985-49c8-b550-2c529c1ad7bb,2026-05,3,19,0,4
bd9e0c58-1de5-4ffe-9071-a3bdaa113a82,f4320692-5985-49c8-b550-2c529c1ad7bb,2026-04,4,18,4,5
7bb3808e-1881-4a3c-902f-95f570e9602f,f4320692-5985-49c8-b550-2c529c1ad7bb,2026-03,3,19,1,2
029d08e4-2ada-435e-806f-218612ad5b2e,f4320692-5985-49c8-b550-2c529c1ad7bb,2026-02,6,16,0,8
c47c2975-69aa-4287-9a93-3e1d1f50ddcf,8931948f-c39a-467d-b796-2d7726fa00c4,2026-07,5,17,1,2
f5fd576f-10a8-44b9-8970-8758dad7bc06,8931948f-c39a-467d-b796-2d7726fa00c4,2026-06,5,17,5,0
2e22fdc3-2e43-4ed7-8d87-3196d7d0021a,8931948f-c39a-467d-b796-2d7726fa00c4,2026-05,6,16,0,6
cbd229df-fc5f-4cfe-8d00-c5ee237b42ca,8931948f-c39a-467d-b796-2d7726fa00c4,2026-04,5,17,5,8
2b05f611-94aa-45df-9c58-b01a4e693376,8931948f-c39a-467d-b796-2d7726fa00c4,2026-03,5,17,2,3
ff7583b7-a417-480e-a3be-4f37e5361bbd,8931948f-c39a-467d-b796-2d7726fa00c4,2026-02,3,19,4,8
a10f43dc-b286-4ca6-b6ab-7f4aaf9565d0,1dee5559-3cd8-4929-99db-eae0e04d3099,2026-07,0,22,12,1
5b0e9be4-9486-4c15-9f06-9c8c9a8325b4,1dee5559-3cd8-4929-99db-eae0e04d3099,2026-06,1,21,9,9
ab32a85f-4a2c-4a2e-b3bc-a23018670e44,1dee5559-3cd8-4929-99db-eae0e04d3099,2026-05,1,21,6,0
53b565d6-ab34-4959-b70d-60ab6e616d23,1dee5559-3cd8-4929-99db-eae0e04d3099,2026-04,0,22,15,2
d67ebd79-b770-4afd-aaf1-297a9f6aa2ea,1dee5559-3cd8-4929-99db-eae0e04d3099,2026-03,1,21,14,9
707fc976-c047-4ce8-a21c-4db55ae8276d,1dee5559-3cd8-4929-99db-eae0e04d3099,2026-02,1,21,10,4
38b583fe-63e7-456b-baa5-ed51276f088c,32883f59-9a74-402b-83fb-7835b62dc743,2026-07,1,21,5,6
b437d486-d67e-449c-9c39-1209b4833c8b,32883f59-9a74-402b-83fb-7835b62dc743,2026-06,0,22,15,7
8e9b11b5-fe16-4063-9049-1f35ba5d6c3c,32883f59-9a74-402b-83fb-7835b62dc743,2026-05,1,21,6,7
1c4a6a70-daba-49d2-9068-006ada99964a,32883f59-9a74-402b-83fb-7835b62dc743,2026-04,0,22,6,8
25349acf-b80a-4113-81e8-dae0e543a70e,32883f59-9a74-402b-83fb-7835b62dc743,2026-03,1,21,14,1
2072708e-7022-483f-aef0-4a70aa45f1ae,32883f59-9a74-402b-83fb-7835b62dc743,2026-02,0,22,13,7
d9e26c49-8184-41ad-ad79-f23561fdff5a,13819ee3-74dd-4111-9c9a-656fa2496760,2026-07,0,22,6,9
050ec159-b810-45ac-91a7-4db0f14d48fd,13819ee3-74dd-4111-9c9a-656fa2496760,2026-06,0,22,11,3
d13e93f4-2e8a-461d-bb55-dae269ecb437,13819ee3-74dd-4111-9c9a-656fa2496760,2026-05,0,22,10,9
e655950f-15a7-48ea-b7d6-b5631e5b66e1,13819ee3-74dd-4111-9c9a-656fa2496760,2026-04,0,22,5,2
06d0fd73-a1af-425e-8e03-89e59bc3f769,13819ee3-74dd-4111-9c9a-656fa2496760,2026-03,0,22,10,6
db7653ad-3652-46cb-9642-b6bbe5772f88,13819ee3-74dd-4111-9c9a-656fa2496760,2026-02,1,21,5,8
020fc8ec-e8c8-4f97-b635-cefffb5fb8a8,c1dc3012-53bb-41fc-b834-a7e6bd2bba74,2026-07,1,21,5,8
0025418b-db31-43af-b8b4-87f428d2999f,c1dc3012-53bb-41fc-b834-a7e6bd2bba74,2026-06,1,21,9,4
44828787-5594-49a7-aafd-36023416d88e,c1dc3012-53bb-41fc-b834-a7e6bd2bba74,2026-05,0,22,8,4
8243dd3c-e6bd-40b4-825c-c7521410fff5,c1dc3012-53bb-41fc-b834-a7e6bd2bba74,2026-04,0,22,6,8
1eb49cd4-be19-4c55-9a49-1ca7d8f15a55,c1dc3012-53bb-41fc-b834-a7e6bd2bba74,2026-03,1,21,11,1
cfba8846-b7fe-45d6-82f8-488b6213688e,c1dc3012-53bb-41fc-b834-a7e6bd2bba74,2026-02,0,22,8,5
68294054-0bd3-434e-a1d0-18bc371b7248,6b0c4e4a-6d70-46a8-9dd6-6ca8d1008168,2026-07,4,18,3,2
694fb909-1770-4f43-9061-8d4d5d4044bd,6b0c4e4a-6d70-46a8-9dd6-6ca8d1008168,2026-06,6,16,5,4
66aed42f-30a1-4136-8176-f0197ca7c273,6b0c4e4a-6d70-46a8-9dd6-6ca8d1008168,2026-05,6,16,3,9
0e6a1004-dc90-4f0a-82dd-489f6e0cf9d9,6b0c4e4a-6d70-46a8-9dd6-6ca8d1008168,2026-04,5,17,0,8
a7980a8e-83ae-47ff-bc41-c154ede1ca8f,6b0c4e4a-6d70-46a8-9dd6-6ca8d1008168,2026-03,6,16,0,2
ebbc03d8-69ee-42e5-8e2c-af44d8857aba,6b0c4e4a-6d70-46a8-9dd6-6ca8d1008168,2026-02,3,19,0,2
6478b44c-9c09-4499-a47b-3adf8d77a68d,d09b4bdf-6e61-4a22-8a31-7b47d83bdc29,2026-07,2,20,8,1
a407b718-d1b3-4d32-9543-9a3c07a00876,d09b4bdf-6e61-4a22-8a31-7b47d83bdc29,2026-06,3,19,2,7
bb9818cf-db07-47e3-8cea-28101aee3be7,d09b4bdf-6e61-4a22-8a31-7b47d83bdc29,2026-05,1,21,8,0
46fcbbf5-6029-427d-82af-e507c1271069,d09b4bdf-6e61-4a22-8a31-7b47d83bdc29,2026-04,3,19,0,9
43a19242-70b2-4a64-a340-a8e842fa7a33,d09b4bdf-6e61-4a22-8a31-7b47d83bdc29,2026-03,2,20,4,10
f2cdfe27-82f4-4539-93cf-dd71612e2c98,d09b4bdf-6e61-4a22-8a31-7b47d83bdc29,2026-02,3,19,0,2
c4ba9624-3f3f-49d0-a4f1-571cc680f1fc,7634ce00-42a9-472c-9ccd-0c4dfea0502b,2026-07,0,22,5,0
9ea93c92-de3a-4b57-b364-f1ffe200fccf,7634ce00-42a9-472c-9ccd-0c4dfea0502b,2026-06,0,22,5,1
651b3448-abca-4094-8881-a1309c439f5a,7634ce00-42a9-472c-9ccd-0c4dfea0502b,2026-05,1,21,13,4
314449ba-e1c0-4a4d-bd04-276834c0e263,7634ce00-42a9-472c-9ccd-0c4dfea0502b,2026-04,1,21,5,2
b1d74aa9-bb4a-413d-9659-b56daac57976,7634ce00-42a9-472c-9ccd-0c4dfea0502b,2026-03,0,22,10,9
17d5fb6f-3499-4a8e-8622-6a20a1a841c8,7634ce00-42a9-472c-9ccd-0c4dfea0502b,2026-02,0,22,6,6
c8a2b3e4-6c07-4759-8df8-98e0a76e8411,edc94d7f-b9aa-4e73-a1fa-7ba3d434f4b0,2026-07,3,19,5,10
07328688-c6d2-49ac-bea3-7465af127efc,edc94d7f-b9aa-4e73-a1fa-7ba3d434f4b0,2026-06,3,19,3,4
dcc6e094-65d7-4aa8-a95a-49ad2c497247,edc94d7f-b9aa-4e73-a1fa-7ba3d434f4b0,2026-05,1,21,2,1
8ceed4ad-79fb-4f58-9734-63b57da2f786,edc94d7f-b9aa-4e73-a1fa-7ba3d434f4b0,2026-04,1,21,8,8
64a41703-1906-4827-8555-63f08c2e493d,edc94d7f-b9aa-4e73-a1fa-7ba3d434f4b0,2026-03,1,21,5,9
0d1a104e-8a13-4e03-ab6a-9c831efe4e25,edc94d7f-b9aa-4e73-a1fa-7ba3d434f4b0,2026-02,1,21,7,10
2412345b-651d-4b71-b5c2-4a7da8846ed5,916d1222-063c-48ba-af92-9f76d7ceb2f3,2026-07,0,22,6,4
e33b33a0-c72f-42c8-a4f8-2445416566ca,916d1222-063c-48ba-af92-9f76d7ceb2f3,2026-06,1,21,14,6
351f7936-99c5-4cf5-a7d4-674728db63c8,916d1222-063c-48ba-af92-9f76d7ceb2f3,2026-05,1,21,8,6
53b6afa0-870a-4494-b015-9056a669186b,916d1222-063c-48ba-af92-9f76d7ceb2f3,2026-04,1,21,6,6
d4a8392e-533a-4f7f-a292-b77e3eaf5bfe,916d1222-063c-48ba-af92-9f76d7ceb2f3,2026-03,0,22,7,4
fb9865dd-b1be-41de-b5a9-c16cb09ea851,916d1222-063c-48ba-af92-9f76d7ceb2f3,2026-02,1,21,12,10
505aff11-2c07-4475-89ca-21d32bced386,6133bd83-4009-4108-9f67-a4b84a8f7b7d,2026-07,1,21,9,5
2ef61af0-5a1b-4630-bb7a-63a9c8b5f7b0,6133bd83-4009-4108-9f67-a4b84a8f7b7d,2026-06,0,22,12,3
672f21cf-a379-47ac-a7ba-0fc47e94f4d8,6133bd83-4009-4108-9f67-a4b84a8f7b7d,2026-05,0,22,7,1
5850d95e-9062-4e5d-836c-0fb6ab2ab1db,6133bd83-4009-4108-9f67-a4b84a8f7b7d,2026-04,0,22,12,5
9a1b0267-9489-4bae-9321-1ec688dde887,6133bd83-4009-4108-9f67-a4b84a8f7b7d,2026-03,1,21,5,1
b64a4c53-5879-42e6-8433-671f84f39919,6133bd83-4009-4108-9f67-a4b84a8f7b7d,2026-02,0,22,15,10
6e5e5bff-6081-477f-a002-c0237bfab375,829dbebd-ea99-481c-b349-ae234eb411bc,2026-07,0,22,11,5
bd451081-4e18-439a-a2da-66eab92c8b0d,829dbebd-ea99-481c-b349-ae234eb411bc,2026-06,1,21,9,5
3b8abf98-11a5-4b16-b629-04170d3d7292,829dbebd-ea99-481c-b349-ae234eb411bc,2026-05,1,21,10,10
a1020562-94bc-4fd6-944d-c2ec484b2cb9,829dbebd-ea99-481c-b349-ae234eb411bc,2026-04,1,21,10,8
0f5a36b1-e6f3-41bf-a5e2-8249534d61fc,829dbebd-ea99-481c-b349-ae234eb411bc,2026-03,1,21,14,1
2623a783-5fe2-483a-a43b-3b653e8d0e36,829dbebd-ea99-481c-b349-ae234eb411bc,2026-02,1,21,11,1
2af00b1e-e0b8-4414-8bf3-7f1791900283,7b7073eb-e380-4013-9531-af0dabaa1e6f,2026-07,1,21,8,9
e5d7b2c9-7154-449d-9b10-2c0bc250ac15,7b7073eb-e380-4013-9531-af0dabaa1e6f,2026-06,3,19,6,9
5ed4be0b-6cc9-4992-8532-f9f66376c56d,7b7073eb-e380-4013-9531-af0dabaa1e6f,2026-05,2,20,2,8
ee537565-9a48-4663-a2ec-c5481714c8c9,7b7073eb-e380-4013-9531-af0dabaa1e6f,2026-04,2,20,6,6
bc923b06-6a48-425f-a9b8-df414ac050ce,7b7073eb-e380-4013-9531-af0dabaa1e6f,2026-03,3,19,10,10
888f4201-82f9-43dc-a2e4-a3dffa01b0bd,7b7073eb-e380-4013-9531-af0dabaa1e6f,2026-02,2,20,10,8
9a59cf57-11b4-44ad-bf15-3021ae7c182c,e766582a-2524-49e6-8722-49d6d167a1a1,2026-07,1,21,9,1
5a6f6f73-4103-408f-b5a8-b008a1870703,e766582a-2524-49e6-8722-49d6d167a1a1,2026-06,1,21,5,0
02bd8d18-b6f9-429c-80bc-e98d1d1503a8,e766582a-2524-49e6-8722-49d6d167a1a1,2026-05,0,22,10,4
b8fa48a0-79dc-4101-9a4f-d1ae584f0559,e766582a-2524-49e6-8722-49d6d167a1a1,2026-04,0,22,13,1
820cb3f4-a814-4a36-a8a5-541564510c42,e766582a-2524-49e6-8722-49d6d167a1a1,2026-03,1,21,13,10
ae884cfe-1ed4-4f22-88c3-3aacfc4dd873,e766582a-2524-49e6-8722-49d6d167a1a1,2026-02,1,21,5,3
752de4eb-baf0-4015-8195-4a5e3a35a404,be0bdbba-5924-4f99-9dea-151c98b7a2be,2026-07,2,20,2,7
f4ce5880-b489-4065-8d82-634f815f8fd2,be0bdbba-5924-4f99-9dea-151c98b7a2be,2026-06,2,20,4,9
320bec69-efa5-4d6b-b6b3-712d64007cbb,be0bdbba-5924-4f99-9dea-151c98b7a2be,2026-05,2,20,3,1
0e6d132f-52bf-4259-8ee1-28354186ab1e,be0bdbba-5924-4f99-9dea-151c98b7a2be,2026-04,3,19,10,7
bd88d5bb-6fd7-4441-9800-f8f4c11297d0,be0bdbba-5924-4f99-9dea-151c98b7a2be,2026-03,1,21,8,8
c57b819d-c99a-48f0-a647-d42fbc3d44e2,be0bdbba-5924-4f99-9dea-151c98b7a2be,2026-02,2,20,2,1
0016edae-acb2-44c3-8abc-0a0a140dfa61,c811708b-ca55-4008-97a2-f746ae3b2c10,2026-07,2,20,5,10
6ee7284e-1323-4c45-939a-c7678de860a1,c811708b-ca55-4008-97a2-f746ae3b2c10,2026-06,5,17,4,10
d1587510-3d35-4b5d-b69d-c8340c795c22,c811708b-ca55-4008-97a2-f746ae3b2c10,2026-05,4,18,3,5
356fcc51-0c2c-45fc-a091-250beb5eb7a8,c811708b-ca55-4008-97a2-f746ae3b2c10,2026-04,5,17,0,2
501fa71a-de8d-47f2-8044-308c51d5b710,c811708b-ca55-4008-97a2-f746ae3b2c10,2026-03,3,19,3,1
0ea55ace-1d55-4cfc-a17d-453f13fba4f8,c811708b-ca55-4008-97a2-f746ae3b2c10,2026-02,3,19,0,2
0aebe8ce-b467-4946-a521-053d96b8603f,f93fdf3f-8f6c-473f-a530-84614977994f,2026-07,1,21,10,2
24525cd6-bdb2-40ed-88f3-fc748adb0891,f93fdf3f-8f6c-473f-a530-84614977994f,2026-06,1,21,9,4
5818486e-a339-445e-9a08-54c3dac5e3cd,f93fdf3f-8f6c-473f-a530-84614977994f,2026-05,1,21,6,8
8900efe3-c524-420b-bb86-c801aad9230c,f93fdf3f-8f6c-473f-a530-84614977994f,2026-04,1,21,15,7
b3f77e9f-6652-4fbc-8ea1-b4ff2c1814ae,f93fdf3f-8f6c-473f-a530-84614977994f,2026-03,1,21,11,5
3e728176-76fb-404d-bef7-be4472ffae76,f93fdf3f-8f6c-473f-a530-84614977994f,2026-02,0,22,9,3
bc49a1d0-13c1-44a4-853b-9dbead65d8ae,fa91359c-c4c9-4218-b72b-69fd129f0de0,2026-07,2,20,5,7
5545212f-ab83-4438-af23-ca7ab15f159b,fa91359c-c4c9-4218-b72b-69fd129f0de0,2026-06,1,21,7,1
bea9b0e3-91bc-474f-aadc-8acda2ac38b6,fa91359c-c4c9-4218-b72b-69fd129f0de0,2026-05,2,20,1,3
9fb5a0ba-a73a-4417-8c92-a7c647cfc133,fa91359c-c4c9-4218-b72b-69fd129f0de0,2026-04,1,21,9,5
bd967485-d950-4175-bc17-8345b97c6f9d,fa91359c-c4c9-4218-b72b-69fd129f0de0,2026-03,2,20,10,5
9f6b1f10-aa72-4bdc-a355-0199ce605b8c,fa91359c-c4c9-4218-b72b-69fd129f0de0,2026-02,1,21,3,4
28b63048-a50b-48b8-bf1f-74f606f075f6,c755a280-c7ca-4208-a1b6-1f0107f1dd36,2026-07,1,21,6,10
003bc87e-fa97-42b1-b750-8d9dd93c8975,c755a280-c7ca-4208-a1b6-1f0107f1dd36,2026-06,0,22,13,9
13ca5f69-6a24-469b-ac01-d597db16c9d2,c755a280-c7ca-4208-a1b6-1f0107f1dd36,2026-05,0,22,6,9
8c391fb3-c224-4002-9128-b650f3b38b4b,c755a280-c7ca-4208-a1b6-1f0107f1dd36,2026-04,1,21,5,10
cf59d539-9973-4d1f-97c1-58f40ae3d977,c755a280-c7ca-4208-a1b6-1f0107f1dd36,2026-03,0,22,8,4
408389a6-973f-425e-b44d-d636de8f18b8,c755a280-c7ca-4208-a1b6-1f0107f1dd36,2026-02,1,21,11,6
bebe8d25-33c9-4b2a-ae7f-c29702c580c3,53ef8ca1-1644-4d68-8dc1-9d5d73df8bf9,2026-07,5,17,2,2
086608c3-6a37-455d-8836-352f23eab230,53ef8ca1-1644-4d68-8dc1-9d5d73df8bf9,2026-06,4,18,2,5
1fd687e7-db36-4764-9715-9020739f3389,53ef8ca1-1644-4d68-8dc1-9d5d73df8bf9,2026-05,2,20,3,1
0a32e611-142b-408a-bb31-8c5626da1e04,53ef8ca1-1644-4d68-8dc1-9d5d73df8bf9,2026-04,3,19,3,1
4d892f8c-8c8e-4d13-b5fa-57888bdccdba,53ef8ca1-1644-4d68-8dc1-9d5d73df8bf9,2026-03,5,17,3,0
fc0fbb12-687d-4b2e-a0e0-cd0eb6869e6d,53ef8ca1-1644-4d68-8dc1-9d5d73df8bf9,2026-02,6,16,2,5
bb8749f4-8ec3-46e4-b5ac-593c39ae5b47,056e5db3-6f38-44ba-96f7-3720357f9de2,2026-07,1,21,13,4
fdae2b5d-f62f-4ba4-a062-0e1ab4d2ac9a,056e5db3-6f38-44ba-96f7-3720357f9de2,2026-06,1,21,9,1
b35f0b68-b03d-48bc-b4a8-aabe3d8ec885,056e5db3-6f38-44ba-96f7-3720357f9de2,2026-05,1,21,10,1
b1892a8b-3f87-4b6d-8c92-813be171b415,056e5db3-6f38-44ba-96f7-3720357f9de2,2026-04,0,22,9,7
967f8541-4c14-42fd-b663-d4945e1c33b7,056e5db3-6f38-44ba-96f7-3720357f9de2,2026-03,0,22,12,2
79bff223-6134-44b0-9b00-8dcf6a772bcc,056e5db3-6f38-44ba-96f7-3720357f9de2,2026-02,1,21,6,8
dfb6c202-6ea2-426e-aba0-ceb80940d136,7ce14528-ca1f-4aae-9740-0343ced48c96,2026-07,0,22,11,1
30c21a4f-94ca-4273-b25e-d5c33bc089a5,7ce14528-ca1f-4aae-9740-0343ced48c96,2026-06,1,21,7,1
f94df32e-6452-4f8d-b918-4c76d2ae12fb,7ce14528-ca1f-4aae-9740-0343ced48c96,2026-05,1,21,14,1
ce5c521b-c608-439d-a2af-d121817c457a,7ce14528-ca1f-4aae-9740-0343ced48c96,2026-04,1,21,9,6
fd31f889-4745-4bcd-8b8c-8c25bd87ed7a,7ce14528-ca1f-4aae-9740-0343ced48c96,2026-03,0,22,10,2
d6f76689-8aff-4bef-b287-abc4fae5cf90,7ce14528-ca1f-4aae-9740-0343ced48c96,2026-02,1,21,5,8
5386e800-31d0-4577-8172-47d1c0a62067,b004433f-55ff-42ee-bad6-d27ec7064fcb,2026-07,2,20,0,3
f4a1c6e7-6f70-4212-910f-5a90da9b6272,b004433f-55ff-42ee-bad6-d27ec7064fcb,2026-06,2,20,3,1
98ebc548-e464-4fb6-b766-eceff3d245f0,b004433f-55ff-42ee-bad6-d27ec7064fcb,2026-05,3,19,2,9
2d86f4f3-329c-4d9e-93ae-2e093d2efdbe,b004433f-55ff-42ee-bad6-d27ec7064fcb,2026-04,6,16,1,0
baa578b4-3ab3-47d8-b0e1-2d3006fb184a,b004433f-55ff-42ee-bad6-d27ec7064fcb,2026-03,4,18,2,2
b8611463-1550-4ef6-89d6-c4b4167e6ebc,b004433f-55ff-42ee-bad6-d27ec7064fcb,2026-02,6,16,3,3
aadd5b39-a4f9-4da4-bf6e-92d6e03f1b30,e11c4eee-e111-4ee9-a729-d538178d7279,2026-07,1,21,8,7
7e96e2f1-318b-45a1-858c-e76c379d103b,e11c4eee-e111-4ee9-a729-d538178d7279,2026-06,2,20,9,1
d629e602-24e4-4245-89c2-67336e5e4114,e11c4eee-e111-4ee9-a729-d538178d7279,2026-05,3,19,5,9
fb2ac1eb-2fa1-42f5-8485-06835fe39ace,e11c4eee-e111-4ee9-a729-d538178d7279,2026-04,1,21,5,3
71144e3e-482f-40a7-bb77-9b07caec8f0e,e11c4eee-e111-4ee9-a729-d538178d7279,2026-03,2,20,9,5
43a92128-573f-4d1e-8ee8-d047413fbbb2,e11c4eee-e111-4ee9-a729-d538178d7279,2026-02,1,21,9,7
4cff49a2-630d-411a-a2a6-cc944772ff69,7eacb4d0-4bf6-4bda-ad75-349043f7c558,2026-07,0,22,11,5
a9fd4057-56d5-480c-bce4-7a0bd2d40e36,7eacb4d0-4bf6-4bda-ad75-349043f7c558,2026-06,1,21,13,0
88287e45-c5f0-44ef-80fc-7db39ade85e0,7eacb4d0-4bf6-4bda-ad75-349043f7c558,2026-05,1,21,11,6
d397794c-31a4-4431-9bf1-9fae68a63b67,7eacb4d0-4bf6-4bda-ad75-349043f7c558,2026-04,0,22,9,10
6b60838b-66a1-4ba6-b1e0-59bfbf903694,7eacb4d0-4bf6-4bda-ad75-349043f7c558,2026-03,0,22,7,6
4f70222a-4980-465a-ab13-cd5663b0071f,7eacb4d0-4bf6-4bda-ad75-349043f7c558,2026-02,1,21,8,5
c6dc8f49-08f9-4563-8bc3-874bb60a19b7,5e32ce9d-77e4-4a3f-a895-362cf31c2e2d,2026-07,1,21,5,5
a8d66331-75b5-4ebb-b52b-a0fd73428bcb,5e32ce9d-77e4-4a3f-a895-362cf31c2e2d,2026-06,1,21,11,5
00209dec-4e94-4dda-a64d-68e17568cd85,5e32ce9d-77e4-4a3f-a895-362cf31c2e2d,2026-05,0,22,7,5
264c5108-7bd7-4c82-af2f-0bebddaeebcb,5e32ce9d-77e4-4a3f-a895-362cf31c2e2d,2026-04,0,22,14,10
f160026f-b403-41af-9789-a9d0a047ca34,5e32ce9d-77e4-4a3f-a895-362cf31c2e2d,2026-03,1,21,8,9
13febec8-3d63-4ad0-8c4a-3eadd95cb40b,5e32ce9d-77e4-4a3f-a895-362cf31c2e2d,2026-02,0,22,12,5
a4ab2c4a-d764-4c90-9073-5beae91c3ca8,ae57c921-d9de-49f8-b1f9-96f7ffc7c49c,2026-07,1,21,12,8
7d44f095-78c7-42d6-846e-e2434d5170b8,ae57c921-d9de-49f8-b1f9-96f7ffc7c49c,2026-06,1,21,6,4
d13415c1-8656-48c3-a5e5-46255044ae25,ae57c921-d9de-49f8-b1f9-96f7ffc7c49c,2026-05,0,22,12,5
9d493c42-f7c7-4e2a-8b2f-bc33fd23c91f,ae57c921-d9de-49f8-b1f9-96f7ffc7c49c,2026-04,1,21,15,8
fe8b22a1-7189-4d1c-a937-a0b9212a690e,ae57c921-d9de-49f8-b1f9-96f7ffc7c49c,2026-03,1,21,11,6
70eff92a-693e-4403-94ec-f1eafa24750a,ae57c921-d9de-49f8-b1f9-96f7ffc7c49c,2026-02,1,21,7,6
6491068c-69a3-4628-affe-104d00a7b594,be66fda1-20e3-4c70-ad47-78b7e4193a1a,2026-07,0,22,6,3
1195633d-941f-4dd5-ab71-93167489cd45,be66fda1-20e3-4c70-ad47-78b7e4193a1a,2026-06,0,22,12,8
3dee1888-a877-4ef1-83b3-15d5b28ec0c6,be66fda1-20e3-4c70-ad47-78b7e4193a1a,2026-05,1,21,11,2
e309b7ae-d526-4b49-9bd9-44a7d9f2d6fd,be66fda1-20e3-4c70-ad47-78b7e4193a1a,2026-04,0,22,11,3
5436e0e7-899c-48fa-8c71-f1b509bee95c,be66fda1-20e3-4c70-ad47-78b7e4193a1a,2026-03,1,21,13,10
7a928d76-8a66-49ab-9287-3ad98de5904c,be66fda1-20e3-4c70-ad47-78b7e4193a1a,2026-02,0,22,5,9
0b4ee533-c3d5-4f7e-925b-08f3d7186a20,a8c31cfb-7def-43ba-a37b-c330d42514fd,2026-07,0,22,8,10
f0c7db0d-78c3-4019-ab18-af0e136ee1fb,a8c31cfb-7def-43ba-a37b-c330d42514fd,2026-06,0,22,11,7
b789433c-0007-479e-8d85-c09f0570e04c,a8c31cfb-7def-43ba-a37b-c330d42514fd,2026-05,0,22,11,5
bcdaf268-c9ea-4a9c-923a-88d5288989cc,a8c31cfb-7def-43ba-a37b-c330d42514fd,2026-04,0,22,9,5
82ef5a66-a510-40c9-a046-f1ddb6cc146a,a8c31cfb-7def-43ba-a37b-c330d42514fd,2026-03,1,21,12,4
3ad51515-45a2-4041-a5e2-a260266fd64a,a8c31cfb-7def-43ba-a37b-c330d42514fd,2026-02,1,21,14,4
d3e29586-71de-4108-a4ec-ae1516984d32,a7ba7e59-ad90-4ac5-8c0b-2df086f9ce7e,2026-07,3,19,5,6
a284f43a-8759-4b27-9c7d-510d9be1d55c,a7ba7e59-ad90-4ac5-8c0b-2df086f9ce7e,2026-06,1,21,0,5
b2ac1822-14c6-4cc9-be54-53e1dfd5579e,a7ba7e59-ad90-4ac5-8c0b-2df086f9ce7e,2026-05,1,21,9,6
cc4f67a7-8cc4-442d-94ba-1821d2e2e7e4,a7ba7e59-ad90-4ac5-8c0b-2df086f9ce7e,2026-04,3,19,2,3
70bb064f-19ad-43fb-a3ca-bf162728ca85,a7ba7e59-ad90-4ac5-8c0b-2df086f9ce7e,2026-03,2,20,6,10
9a50cbf1-a623-4a03-8278-e5200a2d0091,a7ba7e59-ad90-4ac5-8c0b-2df086f9ce7e,2026-02,2,20,4,5
77a6a86c-32a6-45a9-939d-957d6b1d44f8,0490c516-8827-4276-8125-5bef8cb776bd,2026-07,0,22,6,5
4a223f97-19b1-45ee-aca0-b5ff7bf05d19,0490c516-8827-4276-8125-5bef8cb776bd,2026-06,1,21,12,10
b7b84096-158b-4c82-91a8-42ee0d0546f5,0490c516-8827-4276-8125-5bef8cb776bd,2026-05,1,21,5,2
f4754f79-5f8d-439c-966a-1a60c8a9c4a4,0490c516-8827-4276-8125-5bef8cb776bd,2026-04,1,21,7,1
2fdededf-d1f5-4372-84fc-e0d052edb36e,0490c516-8827-4276-8125-5bef8cb776bd,2026-03,1,21,14,7
3889c8f4-4547-42d6-89e6-b49fc886f5da,0490c516-8827-4276-8125-5bef8cb776bd,2026-02,0,22,12,3
236efebd-9ae2-4b5b-9e0d-ae9957f71dea,f5b363c2-afd7-497b-a151-6c3d9278da01,2026-07,0,22,11,7
ce371a16-6c52-43e6-8570-63143892f7dc,f5b363c2-afd7-497b-a151-6c3d9278da01,2026-06,1,21,14,9
99c7e818-a0f1-41ae-8d7e-2db2aedbdbc7,f5b363c2-afd7-497b-a151-6c3d9278da01,2026-05,0,22,14,0
b7d6c47f-c94e-4343-b875-fcbb613e39ce,f5b363c2-afd7-497b-a151-6c3d9278da01,2026-04,0,22,12,0
6e45f821-c486-4039-8917-6b1386dfbed1,f5b363c2-afd7-497b-a151-6c3d9278da01,2026-03,1,21,7,6
37378276-eaeb-4159-afb9-501c27f9337f,f5b363c2-afd7-497b-a151-6c3d9278da01,2026-02,0,22,14,5
de0e8fb0-c969-4da8-98fd-86bf6ed161f5,78bece57-9e3b-4e61-8cc6-3d088c9dd217,2026-07,0,22,12,10
0f4807c6-af06-4b5f-a16d-cc46b7e7b392,78bece57-9e3b-4e61-8cc6-3d088c9dd217,2026-06,0,22,11,7
864418b3-debc-4f5b-80f0-ae5542bd6919,78bece57-9e3b-4e61-8cc6-3d088c9dd217,2026-05,1,21,8,7
c48e0f0b-0f56-4404-842e-79c74f539d9f,78bece57-9e3b-4e61-8cc6-3d088c9dd217,2026-04,1,21,14,8
a6f1391f-2084-42b7-9581-269fc3a17f1f,78bece57-9e3b-4e61-8cc6-3d088c9dd217,2026-03,0,22,8,6
01676e56-93c1-4f77-bca2-09894b2df50c,78bece57-9e3b-4e61-8cc6-3d088c9dd217,2026-02,0,22,10,3
5b4e4bc3-fc56-4a20-9419-7b240cd482ec,88d4b059-e245-4002-adbb-cbf5da7f34e5,2026-07,0,22,10,6
c0de9048-59db-4e85-9d3c-1bdfd91d8f93,88d4b059-e245-4002-adbb-cbf5da7f34e5,2026-06,1,21,7,6
1d5af6d3-15a7-4df5-82e5-984f24800cf4,88d4b059-e245-4002-adbb-cbf5da7f34e5,2026-05,0,22,8,6
865daed1-2764-481f-9182-8c03b3b976bd,88d4b059-e245-4002-adbb-cbf5da7f34e5,2026-04,0,22,6,9
c6ad1f1f-f61f-4c35-8d63-b23f543c997f,88d4b059-e245-4002-adbb-cbf5da7f34e5,2026-03,0,22,8,5
89ffa4a4-6ea7-4cb9-a596-6dfdfc8988da,88d4b059-e245-4002-adbb-cbf5da7f34e5,2026-02,0,22,14,7
bba1411a-07bf-40e3-a13c-41e13250277b,96bcd71e-d55d-4178-a6c1-f3e000f53c14,2026-07,1,21,8,1
b6353ca1-60c0-4e35-a5a0-30a0ab8b63b3,96bcd71e-d55d-4178-a6c1-f3e000f53c14,2026-06,1,21,14,4
e96058ae-5205-4695-b10d-d3aa786bdcbb,96bcd71e-d55d-4178-a6c1-f3e000f53c14,2026-05,0,22,8,1
de1c3f8f-6cd5-4a21-a5e2-f43e7aeffb2b,96bcd71e-d55d-4178-a6c1-f3e000f53c14,2026-04,0,22,9,3
cf6b0a67-5764-4f3e-8960-838919b0e452,96bcd71e-d55d-4178-a6c1-f3e000f53c14,2026-03,0,22,8,8
a718beb4-63d4-4ff2-923d-df50954ff5bb,96bcd71e-d55d-4178-a6c1-f3e000f53c14,2026-02,1,21,5,2
0d1bbbae-47f3-48d7-84f7-0588380e89e7,2c2f7ddf-f6b0-46fe-8de4-4d6847669570,2026-07,1,21,15,5
daa457fa-8e4f-47d1-833d-5e0c0f0eabc3,2c2f7ddf-f6b0-46fe-8de4-4d6847669570,2026-06,1,21,8,5
76c7eadb-9a52-4af6-884c-917f12b4331a,2c2f7ddf-f6b0-46fe-8de4-4d6847669570,2026-05,0,22,14,4
79faabb1-5aed-4f2d-9d78-2b3cf0d5a7db,2c2f7ddf-f6b0-46fe-8de4-4d6847669570,2026-04,1,21,12,8
d55510e4-3dc4-4b4c-b381-56dba88ce78c,2c2f7ddf-f6b0-46fe-8de4-4d6847669570,2026-03,0,22,13,2
b7ed5fe1-35f1-4b8a-abaf-b7b85269a44e,2c2f7ddf-f6b0-46fe-8de4-4d6847669570,2026-02,0,22,5,9
b0a616d3-7b63-4dfb-b547-14e6401abb7c,0f26efee-2218-4e67-90d8-b7961a5d6082,2026-07,3,19,6,4
e72b4260-970e-44f0-b575-494e57b3bdd9,0f26efee-2218-4e67-90d8-b7961a5d6082,2026-06,1,21,10,2
ac433a9c-856b-4c47-9b74-8e2ffdc5d395,0f26efee-2218-4e67-90d8-b7961a5d6082,2026-05,2,20,5,10
80991de7-b044-4f9d-9f14-c846c66f315e,0f26efee-2218-4e67-90d8-b7961a5d6082,2026-04,1,21,10,10
3ee9c0d5-4941-49ad-8b12-d5f13bdd901d,0f26efee-2218-4e67-90d8-b7961a5d6082,2026-03,3,19,2,4
a23425d5-98c8-4a3b-b0bf-b432f4ff4cbe,0f26efee-2218-4e67-90d8-b7961a5d6082,2026-02,2,20,10,5
4dd66674-e0d6-4f24-88bf-593961473719,ac262dd4-3e8c-40af-bfb8-d1cf57dd944a,2026-07,1,21,12,8
a94a3b37-e39e-4c64-a306-2d236c4429c9,ac262dd4-3e8c-40af-bfb8-d1cf57dd944a,2026-06,1,21,13,6
8af78d4e-46e9-4727-bf4b-34b02682f31b,ac262dd4-3e8c-40af-bfb8-d1cf57dd944a,2026-05,0,22,13,8
9e452403-d51e-42c4-b705-164e0d8c4977,ac262dd4-3e8c-40af-bfb8-d1cf57dd944a,2026-04,0,22,14,8
6ce9693c-a79c-4441-b36a-31769108a517,ac262dd4-3e8c-40af-bfb8-d1cf57dd944a,2026-03,0,22,10,4
173f3846-d22b-4889-a93f-4325e0b58b2f,ac262dd4-3e8c-40af-bfb8-d1cf57dd944a,2026-02,0,22,9,2
d39fdaf3-5bc9-489e-8693-25443e45fd27,b9c9cfbc-25f2-4579-afe5-fde8c7b33016,2026-07,1,21,6,3
d0606d47-85dd-4e27-b657-05ceaa78499f,b9c9cfbc-25f2-4579-afe5-fde8c7b33016,2026-06,1,21,10,8
06796a3d-0d5b-42a4-8259-b416c511c68a,b9c9cfbc-25f2-4579-afe5-fde8c7b33016,2026-05,0,22,10,1
00bbdcab-e1ca-437a-8923-2f063f881e12,b9c9cfbc-25f2-4579-afe5-fde8c7b33016,2026-04,0,22,15,9
07999fd9-c82d-4ae7-ba96-00f84dcc6dc9,b9c9cfbc-25f2-4579-afe5-fde8c7b33016,2026-03,0,22,5,1
843a9da2-8a8c-41a6-9033-fda561f1af82,b9c9cfbc-25f2-4579-afe5-fde8c7b33016,2026-02,1,21,12,8
54da95d4-173a-44df-b35b-f81a272715b0,58738fd4-61d1-486a-b4f5-77e98edafd96,2026-07,0,22,15,2
9edaae9c-f6c8-4f0c-af49-d663c0e0343d,58738fd4-61d1-486a-b4f5-77e98edafd96,2026-06,1,21,10,7
63cdb778-2077-4de8-8f60-a9a16674a99d,58738fd4-61d1-486a-b4f5-77e98edafd96,2026-05,1,21,6,1
a4aa9f10-db02-47b0-847d-215f04e366b5,58738fd4-61d1-486a-b4f5-77e98edafd96,2026-04,1,21,12,6
8b354fec-cf01-4b06-86ed-69d0ddc88c5f,58738fd4-61d1-486a-b4f5-77e98edafd96,2026-03,1,21,14,3
af2e7857-4e38-4e27-b6c9-6446a2dbf1c2,58738fd4-61d1-486a-b4f5-77e98edafd96,2026-02,0,22,8,0
248d7199-b71e-4afa-a1ae-6611a9f79045,9e5cd86e-6354-4655-ace0-5452f2bd11b1,2026-07,1,21,11,7
61880380-db67-42af-9d9e-1f037e9dcf41,9e5cd86e-6354-4655-ace0-5452f2bd11b1,2026-06,1,21,14,0
389bd0d7-fdef-48cc-8999-17a11e944d76,9e5cd86e-6354-4655-ace0-5452f2bd11b1,2026-05,0,22,10,6
b2b53ae5-646a-42f8-bad8-d2319e6b2f48,9e5cd86e-6354-4655-ace0-5452f2bd11b1,2026-04,1,21,9,8
f9396ecc-2370-41f2-ab5b-59a23c6b5079,9e5cd86e-6354-4655-ace0-5452f2bd11b1,2026-03,1,21,14,7
bf9dd27f-de0a-43ff-8437-f962caa041b0,9e5cd86e-6354-4655-ace0-5452f2bd11b1,2026-02,0,22,9,7
173ccbbe-f948-48a0-8257-a203b05ec7fe,8d43854b-5ef1-4a80-9860-6f0240aa9e76,2026-07,0,22,14,0
c7b94d76-27c1-4d33-9232-e04cbb5d3d8d,8d43854b-5ef1-4a80-9860-6f0240aa9e76,2026-06,1,21,10,7
537db003-187d-417c-91a2-6d75490540f0,8d43854b-5ef1-4a80-9860-6f0240aa9e76,2026-05,0,22,13,3
dd095f54-5c16-4bae-82e8-a0d11d8b7b92,8d43854b-5ef1-4a80-9860-6f0240aa9e76,2026-04,0,22,7,6
21f00385-5048-461e-9151-330301b1c8b4,8d43854b-5ef1-4a80-9860-6f0240aa9e76,2026-03,1,21,12,6
6456c6ff-50f7-4070-bd28-fc2c46fc8201,8d43854b-5ef1-4a80-9860-6f0240aa9e76,2026-02,1,21,7,4
68aab45b-d2c1-45e4-bf97-d0a668db0d87,9c120512-7932-4ad9-98b4-5d5c9e98e7f3,2026-07,1,21,10,2
fda20234-d650-456d-9c19-30b5f1fe36c4,9c120512-7932-4ad9-98b4-5d5c9e98e7f3,2026-06,0,22,9,9
43714409-54d2-41d5-a456-09ed1846782c,9c120512-7932-4ad9-98b4-5d5c9e98e7f3,2026-05,0,22,9,1
ba64e68a-e67e-4323-bbf2-cb0c2a73462d,9c120512-7932-4ad9-98b4-5d5c9e98e7f3,2026-04,0,22,11,0
f8e86e61-8f26-44e2-a8d8-09278da79067,9c120512-7932-4ad9-98b4-5d5c9e98e7f3,2026-03,1,21,7,1
ec4de87a-df5c-40cd-9405-14602fc96bfb,9c120512-7932-4ad9-98b4-5d5c9e98e7f3,2026-02,1,21,5,8
1932c2b5-745e-49cc-8317-c83844bf4dc2,5d31bdd0-d67c-4501-b33e-f57126534951,2026-07,1,21,14,3
4e535f90-e2cc-4ea4-8b83-c7e1203adb51,5d31bdd0-d67c-4501-b33e-f57126534951,2026-06,1,21,6,10
43992879-bc17-448c-8b61-c75e7591dfa3,0e7d3bd7-4e30-4da4-b182-4a64aff8f675,2026-07,1,21,6,5
c4fc9561-0e98-4994-ba0a-a89d57629ab0,0e7d3bd7-4e30-4da4-b182-4a64aff8f675,2026-06,0,22,9,2
f3ff4584-f239-4534-8e84-82596aa0234d,0e7d3bd7-4e30-4da4-b182-4a64aff8f675,2026-05,1,21,10,3
9b917aeb-9257-4de2-aca5-2513ae7eca19,0e7d3bd7-4e30-4da4-b182-4a64aff8f675,2026-04,0,22,7,7
e87e786c-46bd-45a6-b1cb-89ee739d48a2,0e7d3bd7-4e30-4da4-b182-4a64aff8f675,2026-03,1,21,7,3
2ee14f92-c86b-49d5-beed-0f0a4ec16738,0e7d3bd7-4e30-4da4-b182-4a64aff8f675,2026-02,0,22,6,4
73c1fa2e-8d5d-4cab-a9d2-11161478ddd7,fe68531f-d0fc-41b8-bbf7-5cd8b077cb14,2026-07,0,22,14,3
7a97b79e-bc2b-4199-946f-2719294aa194,fe68531f-d0fc-41b8-bbf7-5cd8b077cb14,2026-06,1,21,13,1
c7b758e7-42d1-45e6-b6e6-d15e9d853702,fe68531f-d0fc-41b8-bbf7-5cd8b077cb14,2026-05,1,21,7,7
b00cdb7e-cac6-4a10-93b6-0f83f2cfb627,fe68531f-d0fc-41b8-bbf7-5cd8b077cb14,2026-04,0,22,5,0
25ae1d0d-854c-495f-b1b1-c8e8c3c42c34,fe68531f-d0fc-41b8-bbf7-5cd8b077cb14,2026-03,0,22,11,9
c50b7df6-63dd-48f1-9b9a-71fa0c4acecf,fe68531f-d0fc-41b8-bbf7-5cd8b077cb14,2026-02,1,21,12,1
43828f36-4165-46c5-886d-a405fafda1c8,b8b015cf-03bf-4bcd-bd42-d294427de41f,2026-07,2,20,10,7
1c0335ad-f9f5-4079-a8ab-80bbfec4b58b,b8b015cf-03bf-4bcd-bd42-d294427de41f,2026-06,3,19,1,0
9809327d-ae22-49e8-845d-58a82cadb411,b8b015cf-03bf-4bcd-bd42-d294427de41f,2026-05,2,20,8,8
2d5779ec-03fc-4a2e-ac12-58464373666d,b8b015cf-03bf-4bcd-bd42-d294427de41f,2026-04,3,19,6,0
0dfc9be5-4421-4444-9572-2bdc9e7da98a,b8b015cf-03bf-4bcd-bd42-d294427de41f,2026-03,3,19,4,2
075e4c5d-7fcc-48fc-814a-2613d6f809e2,b8b015cf-03bf-4bcd-bd42-d294427de41f,2026-02,1,21,2,5
658a71ec-2d05-40db-8a4c-810f494ccfef,acc35cdb-6d42-4140-a3fc-8c9299cef06e,2026-07,0,22,8,10
ab479f46-a153-4f3c-9c10-aa08153392c7,acc35cdb-6d42-4140-a3fc-8c9299cef06e,2026-06,1,21,14,3
7cab0783-d85b-4a8c-b058-f9f43501b03c,acc35cdb-6d42-4140-a3fc-8c9299cef06e,2026-05,0,22,7,3
9532c0bd-aa94-4ac5-bb0d-198f96ee94ea,acc35cdb-6d42-4140-a3fc-8c9299cef06e,2026-04,1,21,7,10
b6300c5f-0e8a-4935-9d75-4a019bab99a6,acc35cdb-6d42-4140-a3fc-8c9299cef06e,2026-03,0,22,5,10
eeebb6b9-fa95-4e98-aba7-d2e71717fca9,acc35cdb-6d42-4140-a3fc-8c9299cef06e,2026-02,1,21,5,0
d300ba41-3d43-4a62-b3b6-25eae9070408,cbb5474c-3919-4396-8526-1b5ef18f4dcd,2026-07,6,16,5,8
cc55925b-5f6b-448e-8be8-e9502bd96655,cbb5474c-3919-4396-8526-1b5ef18f4dcd,2026-06,2,20,2,9
637f36ae-abda-4a54-a6b9-7a7c482fbe70,cbb5474c-3919-4396-8526-1b5ef18f4dcd,2026-05,5,17,2,5
f8cfd837-595a-430e-b7f0-e8c3230adfb3,cbb5474c-3919-4396-8526-1b5ef18f4dcd,2026-04,5,17,4,10
fab763c7-7b79-4e36-99e6-be49e9ebfc2c,cbb5474c-3919-4396-8526-1b5ef18f4dcd,2026-03,5,17,2,6
edbe1b3a-075a-4278-babb-87eb2290a5be,cbb5474c-3919-4396-8526-1b5ef18f4dcd,2026-02,2,20,2,2
a54d3f01-8f0c-4dde-9e1e-076c96f60b73,275cfec0-3ac1-46f5-8fb3-7e8926a9162c,2026-07,1,21,8,1
7f53405d-95d4-4c38-a9b1-7d1c8efacd98,275cfec0-3ac1-46f5-8fb3-7e8926a9162c,2026-06,1,21,9,10
c3929f9b-ccbd-4281-90e6-41f01fd2cc2e,275cfec0-3ac1-46f5-8fb3-7e8926a9162c,2026-05,0,22,5,2
e7896907-bbf5-405f-a397-e12153159768,275cfec0-3ac1-46f5-8fb3-7e8926a9162c,2026-04,0,22,10,7
2fdc12b0-aad0-4860-a77a-e08329c14743,275cfec0-3ac1-46f5-8fb3-7e8926a9162c,2026-03,1,21,13,4
665b7fe3-b551-4f66-b986-b1384fe56776,275cfec0-3ac1-46f5-8fb3-7e8926a9162c,2026-02,0,22,13,5
23639558-b2bb-4dc0-a1cf-ff1ace166d45,7e1d8e45-bdd4-4165-bdff-135f6d4bbbf5,2026-07,0,22,6,9
708981f6-01ee-4b2b-95cd-59743fb94d8f,7e1d8e45-bdd4-4165-bdff-135f6d4bbbf5,2026-06,1,21,9,2
9521eced-2c32-4c3f-a9c3-f35232e9f961,7e1d8e45-bdd4-4165-bdff-135f6d4bbbf5,2026-05,1,21,6,6
19d80dbe-de5e-4c41-8325-b6fc1b28b8e0,7e1d8e45-bdd4-4165-bdff-135f6d4bbbf5,2026-04,1,21,8,8
bfa4f72f-7dfc-458c-ba33-651681e2b556,7e1d8e45-bdd4-4165-bdff-135f6d4bbbf5,2026-03,0,22,11,2
52550165-9ca3-4497-ad61-9b909589d55a,7e1d8e45-bdd4-4165-bdff-135f6d4bbbf5,2026-02,0,22,6,5
4980ebf4-a710-4bae-8206-202b124bd214,8d9ef4d9-703e-4982-96bd-f8ef47180cfa,2026-07,1,21,13,7
07243233-038e-495f-9968-454113de7ccb,8d9ef4d9-703e-4982-96bd-f8ef47180cfa,2026-06,1,21,15,9
81a5ecfc-67a4-4b45-8fa3-78e564bab29d,8d9ef4d9-703e-4982-96bd-f8ef47180cfa,2026-05,1,21,8,2
634ec0e6-105d-431c-92a9-f2258e0787b7,8d9ef4d9-703e-4982-96bd-f8ef47180cfa,2026-04,0,22,10,1
158f6615-91e7-45b2-98ac-6439da5099ae,8d9ef4d9-703e-4982-96bd-f8ef47180cfa,2026-03,1,21,13,10
81df9945-ee89-4a0f-a8ab-285832c21b96,8d9ef4d9-703e-4982-96bd-f8ef47180cfa,2026-02,0,22,9,4
5f24beb3-938d-45fc-a068-02a80aa182e1,e25fcc21-2c90-4df4-9327-805060eefb38,2026-07,1,21,6,8
c9d8e84b-68e2-4f5a-bb63-94d436f52c8c,e25fcc21-2c90-4df4-9327-805060eefb38,2026-06,3,19,10,8
9856217f-7558-42d4-9d17-298f3f53335a,e25fcc21-2c90-4df4-9327-805060eefb38,2026-05,2,20,1,6
d5f29202-b6af-4e49-86a4-1be21cc9f9bd,e25fcc21-2c90-4df4-9327-805060eefb38,2026-04,1,21,9,9
b1398fb5-b749-4e1c-95b8-687905b70eed,e25fcc21-2c90-4df4-9327-805060eefb38,2026-03,2,20,9,7
ae55f50d-4f81-4178-b5a2-e54f8cf421b5,e25fcc21-2c90-4df4-9327-805060eefb38,2026-02,3,19,7,9
5394ed37-3f88-4ea0-838a-52a5fe4c49f4,83cd71af-5486-4dea-8fbd-21279e0b1337,2026-07,0,22,8,5
5a37b29c-d023-4894-9660-651683423e73,83cd71af-5486-4dea-8fbd-21279e0b1337,2026-06,0,22,5,4
9bd190e2-863b-44ab-aa19-3894c4210c2f,83cd71af-5486-4dea-8fbd-21279e0b1337,2026-05,0,22,10,9
5e64db8a-b588-4c74-bea6-e28cf15a4467,83cd71af-5486-4dea-8fbd-21279e0b1337,2026-04,1,21,13,5
af832e57-e72d-4245-9e91-9b935abca425,83cd71af-5486-4dea-8fbd-21279e0b1337,2026-03,1,21,12,6
52a43974-c2db-4cd3-b1a4-ab830954afb5,83cd71af-5486-4dea-8fbd-21279e0b1337,2026-02,0,22,5,10
326a3664-39af-42d7-a863-49600ea7816f,cfc8f1c7-d54a-442e-b5ca-3cf52005311c,2026-07,1,21,12,10
ca4ce5b7-3c1b-4246-8128-37b5e46aaf4a,cfc8f1c7-d54a-442e-b5ca-3cf52005311c,2026-06,0,22,15,2
27cf44e9-dea8-4f77-a21f-e92d29008299,cfc8f1c7-d54a-442e-b5ca-3cf52005311c,2026-05,0,22,11,3
06e0f17d-cb6a-4b5c-a51f-5f57d27d35c4,cfc8f1c7-d54a-442e-b5ca-3cf52005311c,2026-04,0,22,7,10
1bbfdf7d-a0ea-4a57-a21a-619fc2af4a23,cfc8f1c7-d54a-442e-b5ca-3cf52005311c,2026-03,0,22,10,4
58f45ddc-07da-4aad-a949-72773039ccdf,cfc8f1c7-d54a-442e-b5ca-3cf52005311c,2026-02,0,22,5,0
fb245f0f-affc-4b10-b76b-ebc055ca9959,29014431-6fae-49c0-ab0a-e429b2075f07,2026-07,0,22,11,2
80ae05f6-44cf-492c-8f6b-d8d974ae9fd1,29014431-6fae-49c0-ab0a-e429b2075f07,2026-06,1,21,9,0
0598aba5-877f-43d0-b116-9d038f87b127,29014431-6fae-49c0-ab0a-e429b2075f07,2026-05,1,21,5,3
d7983f9e-d433-4aa3-9ec2-b8e726c30eeb,29014431-6fae-49c0-ab0a-e429b2075f07,2026-04,0,22,15,6
40b48b75-69a2-4f24-881a-477db2a53d17,29014431-6fae-49c0-ab0a-e429b2075f07,2026-03,1,21,10,2
ac1cd1cb-6d96-48ed-ad19-5f697328e27e,29014431-6fae-49c0-ab0a-e429b2075f07,2026-02,1,21,9,10
882a7a48-24de-41ae-8c0d-6698fc71d843,09aa3abb-a394-4796-b3e6-ee41b6705ba1,2026-07,0,22,6,7
44ff6992-1679-4174-9b3b-f495419b13c9,09aa3abb-a394-4796-b3e6-ee41b6705ba1,2026-06,1,21,8,5
0f6806bb-ff44-4185-b889-bc99efeed417,09aa3abb-a394-4796-b3e6-ee41b6705ba1,2026-05,0,22,15,0
109ffd1d-f6ab-4c0e-b96a-45fa3aa510ef,09aa3abb-a394-4796-b3e6-ee41b6705ba1,2026-04,1,21,10,0
86632e09-2281-4a53-b071-41cc5cd7569e,09aa3abb-a394-4796-b3e6-ee41b6705ba1,2026-03,0,22,11,8
0feba873-d1bf-4c0b-95a9-bfb9093a3686,09aa3abb-a394-4796-b3e6-ee41b6705ba1,2026-02,1,21,10,3
817470bf-1ec7-4dff-bd80-c3d357e30009,3281be07-2911-467d-b211-72279f21897f,2026-07,0,22,6,4
e96dee6c-3818-41cb-b355-d9efb9f54f03,3281be07-2911-467d-b211-72279f21897f,2026-06,0,22,8,2
cce138a5-481b-48ea-ab32-c0b3aefec0d4,3281be07-2911-467d-b211-72279f21897f,2026-05,1,21,5,2
53e46e52-aeb5-41cd-84e8-cb88540f241e,3281be07-2911-467d-b211-72279f21897f,2026-04,1,21,10,1
279d2568-3a30-4351-9b82-77c109f64264,3281be07-2911-467d-b211-72279f21897f,2026-03,1,21,14,3
fdc2fa67-8470-48ee-9f61-3aa7fb8c03e7,3281be07-2911-467d-b211-72279f21897f,2026-02,0,22,5,9
720f4fe3-4266-43b6-adea-b8dcdef05e37,7e7abf70-b4ef-4477-96d9-83361a8ec5ef,2026-07,2,20,7,9
a9a3c564-58c2-4d7a-b6d7-57cb2c47b468,7e7abf70-b4ef-4477-96d9-83361a8ec5ef,2026-06,1,21,7,3
0b70d651-63d9-43de-b5bb-29c723190ae9,7e7abf70-b4ef-4477-96d9-83361a8ec5ef,2026-05,2,20,5,5
69d1e846-0e4f-466a-9a8b-4c8f1f2b79fc,7e7abf70-b4ef-4477-96d9-83361a8ec5ef,2026-04,2,20,10,3
991711e5-3c95-46dd-afa1-3b4bd141fa23,7e7abf70-b4ef-4477-96d9-83361a8ec5ef,2026-03,3,19,0,7
4f7ba525-c004-47ff-b5fa-1323a435dce1,7e7abf70-b4ef-4477-96d9-83361a8ec5ef,2026-02,3,19,10,5
356f0f77-bf8c-4156-b06b-1f432f0f4277,6b083b89-4529-4863-8c76-4a724b18eac3,2026-07,1,21,5,10
50eb4396-2fc9-4046-a4e6-b5f146a3ef11,6b083b89-4529-4863-8c76-4a724b18eac3,2026-06,1,21,15,1
52c5cfb9-50f0-4bf4-bde0-f854e7f87c72,6b083b89-4529-4863-8c76-4a724b18eac3,2026-05,0,22,6,5
a118156e-a812-40e9-9a44-b35b6aa46177,6b083b89-4529-4863-8c76-4a724b18eac3,2026-04,1,21,12,3
224f66cb-20fc-4ea9-81a6-c12217210629,6b083b89-4529-4863-8c76-4a724b18eac3,2026-03,1,21,10,0
c360d393-f2c9-4aa9-bd3c-5f157b0b8a24,6b083b89-4529-4863-8c76-4a724b18eac3,2026-02,0,22,13,0
e92e4b64-9219-413c-860a-d456ef643203,52d4d9d4-288f-4ab2-a4cf-1f1e671b41ed,2026-07,3,19,8,1
99f57381-dc47-4525-aa95-b19865bfb6af,52d4d9d4-288f-4ab2-a4cf-1f1e671b41ed,2026-06,3,19,9,4
dba4d72f-cf9e-4332-9a81-b9ed61ffa9d6,52d4d9d4-288f-4ab2-a4cf-1f1e671b41ed,2026-05,1,21,4,9
199332e9-cab5-425d-a5bc-26fd32434977,52d4d9d4-288f-4ab2-a4cf-1f1e671b41ed,2026-04,1,21,4,2
fd8b7043-16dd-48a0-b07c-ee4cf93953f4,52d4d9d4-288f-4ab2-a4cf-1f1e671b41ed,2026-03,1,21,1,3
8b640349-d13d-4623-887d-857e6d9b51e2,52d4d9d4-288f-4ab2-a4cf-1f1e671b41ed,2026-02,1,21,3,4
082d3042-0ef0-46b5-b1dc-a1a49ceb9b58,191c01f7-5cfc-4b26-b082-1852903bd3fe,2026-07,2,20,3,3
131bc00e-3f14-4895-9889-f3501613fab8,191c01f7-5cfc-4b26-b082-1852903bd3fe,2026-06,2,20,3,1
14378fca-4b10-430e-80ac-fad3b27d45cf,191c01f7-5cfc-4b26-b082-1852903bd3fe,2026-05,3,19,3,7
6d50770a-206a-4232-96c8-cbcf398e58fb,191c01f7-5cfc-4b26-b082-1852903bd3fe,2026-04,6,16,2,8
bdaa2c14-df96-4843-a1b2-ad66354f0eaf,191c01f7-5cfc-4b26-b082-1852903bd3fe,2026-03,5,17,5,7
a4f7baa7-bfc7-4a58-a19e-7cc354d81b1e,191c01f7-5cfc-4b26-b082-1852903bd3fe,2026-02,6,16,4,8
8d1e2192-b923-48e2-a8d1-5ab42fc8fadb,4d2bcc3b-fb0b-40a1-9d38-38a538841fb8,2026-07,1,21,10,10
6cd3f722-35a1-435e-b619-451a7ac7cd55,4d2bcc3b-fb0b-40a1-9d38-38a538841fb8,2026-06,0,22,11,10
df750a6e-777a-444c-8354-46019aa006ad,4d2bcc3b-fb0b-40a1-9d38-38a538841fb8,2026-05,1,21,10,2
58d1d208-0c93-4bbc-8226-02661501299b,4d2bcc3b-fb0b-40a1-9d38-38a538841fb8,2026-04,1,21,10,9
ceee96b7-e404-4fc1-9bec-32130fc702ae,4d2bcc3b-fb0b-40a1-9d38-38a538841fb8,2026-03,0,22,15,10
6048e260-1826-40c3-98c1-b294eaf57601,4d2bcc3b-fb0b-40a1-9d38-38a538841fb8,2026-02,0,22,6,10
7cf25537-f020-42ff-9a2e-eaffd4f46968,bfc6287a-3543-4c1a-9d0a-4561ccfa3c9a,2026-07,0,22,11,9
63efe8eb-e44a-4267-becd-d4efe51208f3,bfc6287a-3543-4c1a-9d0a-4561ccfa3c9a,2026-06,1,21,12,9
0144e8a9-e2eb-4548-95a1-a1b0b15dc12f,bfc6287a-3543-4c1a-9d0a-4561ccfa3c9a,2026-05,1,21,14,8
e3de449b-3134-41ef-9dea-6a0ba31952e9,bfc6287a-3543-4c1a-9d0a-4561ccfa3c9a,2026-04,0,22,7,10
6a58940c-7288-434b-a9ae-2fe1e618a2bc,bfc6287a-3543-4c1a-9d0a-4561ccfa3c9a,2026-03,1,21,6,0
77db3ed6-92a3-4958-88ef-0552261166ee,bfc6287a-3543-4c1a-9d0a-4561ccfa3c9a,2026-02,0,22,12,0
84a3d74c-418a-4b8b-a91c-7b60940c373b,146ca6bd-7c39-4fb6-b9c3-0d13f6157ab8,2026-07,0,22,9,7
adc7c0de-ebbc-45f1-85ea-bef7952fa9fd,146ca6bd-7c39-4fb6-b9c3-0d13f6157ab8,2026-06,0,22,10,8
336accba-df26-4756-a934-3e51b5b638d0,146ca6bd-7c39-4fb6-b9c3-0d13f6157ab8,2026-05,1,21,8,9
67a566a0-89b5-49ee-9e26-8ede4ead0cd8,146ca6bd-7c39-4fb6-b9c3-0d13f6157ab8,2026-04,1,21,12,1
555515f0-4d1b-4d1f-8b17-51d5e5740b7c,146ca6bd-7c39-4fb6-b9c3-0d13f6157ab8,2026-03,1,21,11,6
9ac5a9ee-7cee-47ae-aa06-5ebb3d7343e9,146ca6bd-7c39-4fb6-b9c3-0d13f6157ab8,2026-02,1,21,12,10
868a1998-701d-4dcb-a0f5-e31965dc93d3,2a17b4fb-bf60-400b-9a5a-92976b046a22,2026-07,0,22,7,1
720b2425-4b65-4a69-b5c1-5fc458fcc833,2a17b4fb-bf60-400b-9a5a-92976b046a22,2026-06,1,21,7,1
4bfcace1-6c8b-4f69-9e8d-3888ca00ec65,2a17b4fb-bf60-400b-9a5a-92976b046a22,2026-05,0,22,10,9
7fff4398-2db0-4458-a991-1d90d2bdefc2,2a17b4fb-bf60-400b-9a5a-92976b046a22,2026-04,0,22,6,10
2dd28316-b68d-4bc2-9f0c-5c9708ebcb4b,2a17b4fb-bf60-400b-9a5a-92976b046a22,2026-03,1,21,13,0
2ecab157-c1aa-40a4-91bf-4630693b163c,2a17b4fb-bf60-400b-9a5a-92976b046a22,2026-02,1,21,15,5
f230621e-573b-4661-b4ab-10bfa4cdbcb3,19990549-597c-4764-9220-f264aca32878,2026-07,0,22,14,1
bc8f6dae-bbd8-4cd1-8cf9-c901aeecc7b0,19990549-597c-4764-9220-f264aca32878,2026-06,1,21,7,0
f8d52abc-7e94-4877-99cc-3af5fc84a633,19990549-597c-4764-9220-f264aca32878,2026-05,1,21,5,1
c984f30d-9b14-42a7-96b0-e4ac674f56d2,19990549-597c-4764-9220-f264aca32878,2026-04,0,22,11,9
82bdc6c9-f2c8-4a35-aebc-81e230c1e85b,19990549-597c-4764-9220-f264aca32878,2026-03,0,22,6,10
e97d571a-c377-4d3a-9451-43f478d9ea1f,19990549-597c-4764-9220-f264aca32878,2026-02,0,22,8,4
1a65486f-7e31-420b-a6a0-5e1653e36f9b,e16587dc-749a-4485-8273-481a169a0e9a,2026-07,0,22,9,3
b6172e9d-e590-4533-b105-86746730d2a0,e16587dc-749a-4485-8273-481a169a0e9a,2026-06,0,22,7,8
14db7419-8574-4120-adb7-ff12bcea0ed5,e16587dc-749a-4485-8273-481a169a0e9a,2026-05,1,21,14,5
1782b6a7-1552-420a-a7d9-0b5cd0fdf032,e16587dc-749a-4485-8273-481a169a0e9a,2026-04,0,22,7,9
dd7fbaca-d1be-4dab-be0e-396c6e857250,e16587dc-749a-4485-8273-481a169a0e9a,2026-03,0,22,11,7
4119feb1-0c9a-431c-95dc-68d39db00ac4,e16587dc-749a-4485-8273-481a169a0e9a,2026-02,0,22,13,2
977da6e6-1915-4cba-a686-9bdcfef1d471,a28a313b-ecd8-4c87-8f94-63866cb1d434,2026-07,2,20,3,6
ce1f3ccf-8004-4885-acc1-45cc3d35250d,a28a313b-ecd8-4c87-8f94-63866cb1d434,2026-06,3,19,0,2
3cdf03c7-ff36-4f79-b066-06516ccf0fc8,a28a313b-ecd8-4c87-8f94-63866cb1d434,2026-05,2,20,4,1
4d427581-aa23-46d0-8cef-da66449068f0,a28a313b-ecd8-4c87-8f94-63866cb1d434,2026-04,2,20,1,9
2a1c8d78-1456-49d3-a9c3-1b10021113a8,a28a313b-ecd8-4c87-8f94-63866cb1d434,2026-03,3,19,6,0
4b40274d-e770-493c-a7d5-1364e41ecb31,a28a313b-ecd8-4c87-8f94-63866cb1d434,2026-02,2,20,3,10
6adc1fff-462e-4115-bb72-42c9979662e5,8ff28551-a22d-4654-b397-b1fefab19613,2026-07,1,21,4,7
86b564cb-5dfc-4fb0-99c2-a4d8defac157,8ff28551-a22d-4654-b397-b1fefab19613,2026-06,3,19,1,10
6f047db6-94a5-486f-a3fc-c5a852789086,8ff28551-a22d-4654-b397-b1fefab19613,2026-05,1,21,10,5
ab4a01c1-95a6-4198-89f8-c0f7233e36f2,8ff28551-a22d-4654-b397-b1fefab19613,2026-04,2,20,0,3
b4229fb5-2a73-4d70-a4cc-9f98f8b2c2f8,8ff28551-a22d-4654-b397-b1fefab19613,2026-03,3,19,10,10
0b00f1c6-a949-4caa-860f-19be342698c7,8ff28551-a22d-4654-b397-b1fefab19613,2026-02,3,19,4,8
d269b0ab-914d-4af0-825c-b0d1933895cf,cc6727fd-d4c2-4e16-b121-5976965ad709,2026-07,1,21,7,10
cc7eebe8-3362-4442-8f04-e8179efc8edd,cc6727fd-d4c2-4e16-b121-5976965ad709,2026-06,1,21,7,4
7a872cc9-8765-4779-8745-d451eb5a0431,cc6727fd-d4c2-4e16-b121-5976965ad709,2026-05,1,21,8,7
6d84dc44-416d-4ba0-81bd-b2fed1ffa3b2,cc6727fd-d4c2-4e16-b121-5976965ad709,2026-04,0,22,14,0
e61d6639-8372-4b47-88be-57381c6c2600,cc6727fd-d4c2-4e16-b121-5976965ad709,2026-03,1,21,15,6
c9ff362b-fada-49b7-9c02-48bd59bf82cd,cc6727fd-d4c2-4e16-b121-5976965ad709,2026-02,1,21,5,10
26088999-1adc-4d16-baec-484644aa83c2,0da49405-2868-4132-9e10-09f396edcbae,2026-07,1,21,12,1
c9f59b9d-933d-4f48-b5ba-9dd637081987,0da49405-2868-4132-9e10-09f396edcbae,2026-06,1,21,12,2
1bfb1db4-685c-419f-8a6c-4204841ec6aa,0da49405-2868-4132-9e10-09f396edcbae,2026-05,0,22,12,2
e48e1a3c-15f7-4563-b387-ea2f9ef11241,0da49405-2868-4132-9e10-09f396edcbae,2026-04,0,22,6,10
0a85d19b-f3f1-4022-9e0e-d5076495667f,0da49405-2868-4132-9e10-09f396edcbae,2026-03,0,22,13,3
dd1191c3-176d-4216-a8c4-703a9b6bebba,0da49405-2868-4132-9e10-09f396edcbae,2026-02,1,21,13,3
f27521d7-74de-49cd-9ec8-c3eea6078207,b1f0ac63-0845-431c-b6f1-008ca39dff4f,2026-07,1,21,2,2
980b6e01-5edb-47c8-984a-4a358471f328,b1f0ac63-0845-431c-b6f1-008ca39dff4f,2026-06,2,20,1,10
61c29f64-93f0-4421-987b-7f6d2b0c08a1,b1f0ac63-0845-431c-b6f1-008ca39dff4f,2026-05,2,20,1,0
11fcdf85-6626-4bc6-8c58-89887426b54f,b1f0ac63-0845-431c-b6f1-008ca39dff4f,2026-04,1,21,1,0
c5ba0807-47bd-49e8-b452-dd0d6e1eb204,b1f0ac63-0845-431c-b6f1-008ca39dff4f,2026-03,2,20,6,2
f6af7b24-170b-4e09-86b0-c38403dde1e4,536b713f-830d-4ea2-914e-b7fc4b2872ed,2026-07,3,19,10,10
6b25997c-0628-46da-80b8-76f6d789d42a,536b713f-830d-4ea2-914e-b7fc4b2872ed,2026-06,2,20,0,7
02d92b99-e2f4-4978-b1b7-157d3e21d94b,536b713f-830d-4ea2-914e-b7fc4b2872ed,2026-05,3,19,8,8
8690dfe8-57a4-4084-b580-1f938bcfe26a,536b713f-830d-4ea2-914e-b7fc4b2872ed,2026-04,2,20,1,8
761ccb96-0dd3-4f6d-826a-b161ea61f047,536b713f-830d-4ea2-914e-b7fc4b2872ed,2026-03,1,21,10,4
ff0d4f42-6236-44fb-92c8-b694083f8e5c,536b713f-830d-4ea2-914e-b7fc4b2872ed,2026-02,1,21,1,2
9b793aa7-ee7f-4fd3-bc0b-938101203747,cd494ebb-2ae7-445c-b8d6-3bc4b4edf2bd,2026-07,1,21,8,9
2778f42c-6caf-4e84-96ca-c95a1df3a950,cd494ebb-2ae7-445c-b8d6-3bc4b4edf2bd,2026-06,1,21,12,1
6ce1555f-f3f6-4514-abd2-fc9b0a689ed0,cd494ebb-2ae7-445c-b8d6-3bc4b4edf2bd,2026-05,1,21,14,5
a7b8263e-f25e-42da-ae5c-28701c705c48,cd494ebb-2ae7-445c-b8d6-3bc4b4edf2bd,2026-04,0,22,10,3
1280f691-e1ee-491c-a996-43770b8ee76e,cd494ebb-2ae7-445c-b8d6-3bc4b4edf2bd,2026-03,0,22,5,5
96e46fe3-1205-4429-9235-32023e1d59ce,cd494ebb-2ae7-445c-b8d6-3bc4b4edf2bd,2026-02,0,22,9,3
2d4e51dd-13ef-4c79-970a-751f39e31754,a7446ab4-7102-423f-9fba-04a947ef8f77,2026-07,1,21,2,8
bea9c73e-6dab-452b-ad28-a727c4a0e494,a7446ab4-7102-423f-9fba-04a947ef8f77,2026-06,3,19,9,2
3ecd2a72-5096-419d-947d-1b0b06ca458d,a7446ab4-7102-423f-9fba-04a947ef8f77,2026-05,1,21,4,5
1a40bf81-8642-4fd0-8e25-c53bcd604676,a7446ab4-7102-423f-9fba-04a947ef8f77,2026-04,3,19,3,7
bc57031f-b737-458b-9aaf-8ddb66b36510,a7446ab4-7102-423f-9fba-04a947ef8f77,2026-03,2,20,8,10
5f3b3d0d-8cf0-43eb-8239-5a51b5cb5b51,a7446ab4-7102-423f-9fba-04a947ef8f77,2026-02,2,20,8,4
8fa8e402-d671-4992-9591-bce4c477a960,d515e15c-23f9-4830-a716-37945599ff64,2026-07,0,22,12,5
a1fafa2b-f633-414b-abe0-c49e279f6b03,d515e15c-23f9-4830-a716-37945599ff64,2026-06,1,21,8,0
0f6911b6-f07b-4375-a37e-7ce24ae0e464,d515e15c-23f9-4830-a716-37945599ff64,2026-05,1,21,8,2
774c2101-b602-4150-ad67-f988709d17da,d515e15c-23f9-4830-a716-37945599ff64,2026-04,1,21,9,2
5985c2c3-63b7-465b-ae6b-7fea9edee0a3,d515e15c-23f9-4830-a716-37945599ff64,2026-03,1,21,14,2
1e3451c9-9afe-4966-bb41-b6a50bcb46f3,d515e15c-23f9-4830-a716-37945599ff64,2026-02,0,22,14,2
ccdf3e54-f9df-4b46-8eab-489048b0277c,9c713cec-b034-4143-a6b6-169268504551,2026-07,1,21,2,2
96356cc9-4aba-4da2-bd34-42fa244adff4,9c713cec-b034-4143-a6b6-169268504551,2026-06,3,19,7,10
c6410672-a21a-4025-a5a9-ea68263ca3d2,9c713cec-b034-4143-a6b6-169268504551,2026-05,3,19,8,8
7038edf6-70f6-40c1-9cd7-2db294360532,9c713cec-b034-4143-a6b6-169268504551,2026-04,2,20,7,2
22c57577-4630-428d-b6f3-1856052e86eb,9c713cec-b034-4143-a6b6-169268504551,2026-03,3,19,3,0
5be03eab-6c79-4df9-b107-e570210e3110,9c713cec-b034-4143-a6b6-169268504551,2026-02,3,19,2,0
4f28ecc1-0edc-430b-b896-fb3c31c30289,285609e8-8174-44a3-9399-c8f481a96f48,2026-07,0,22,15,1
469addd3-e8d2-4c9d-b0d7-de85ad915006,285609e8-8174-44a3-9399-c8f481a96f48,2026-06,1,21,5,10
d054b1fa-144c-40c6-98c9-40cca6a8b6ee,285609e8-8174-44a3-9399-c8f481a96f48,2026-05,1,21,13,8
3ecaefd8-1066-4889-a118-8912a27f3f27,285609e8-8174-44a3-9399-c8f481a96f48,2026-04,1,21,8,3
fe65b688-da8c-4e67-9369-e12cfee8ba96,285609e8-8174-44a3-9399-c8f481a96f48,2026-03,1,21,6,9
bdcaa227-93b2-42b4-b2fd-09ecf2df2643,285609e8-8174-44a3-9399-c8f481a96f48,2026-02,0,22,12,4
a1c5ebf3-a234-4788-bb8c-4fc21d4b1c5e,b2f3980e-5c87-495e-84ac-6b945462e7aa,2026-07,0,22,13,9
e79ca7c8-97ff-43a8-a28b-0d984ce9c8a4,b2f3980e-5c87-495e-84ac-6b945462e7aa,2026-06,0,22,15,0
792b87f3-6230-4957-898c-9832dad9f9cd,b2f3980e-5c87-495e-84ac-6b945462e7aa,2026-05,1,21,10,3
265ac0ea-d8af-4a07-9e6e-b9ee63993cb5,b2f3980e-5c87-495e-84ac-6b945462e7aa,2026-04,1,21,7,3
e886a84e-bc60-4e9c-a2e6-9949035a2660,b2f3980e-5c87-495e-84ac-6b945462e7aa,2026-03,0,22,6,3
08d5de66-53d4-41d0-b910-f3b0e4de0f79,b2f3980e-5c87-495e-84ac-6b945462e7aa,2026-02,0,22,8,8
2bd6dd0e-a5ac-4089-83f0-9a17127bda1b,1c5c9a8e-80a3-4f6b-9cec-2c3e401188ac,2026-07,1,21,8,8
db68bea8-1550-4cd4-bc9c-763a88b29c3c,1c5c9a8e-80a3-4f6b-9cec-2c3e401188ac,2026-06,1,21,8,6
93beaf4b-a175-4b01-9b33-9beec2e38d3e,1c5c9a8e-80a3-4f6b-9cec-2c3e401188ac,2026-05,0,22,8,6
af12cbcb-36b9-4818-9dd0-2d1e15a95957,1c5c9a8e-80a3-4f6b-9cec-2c3e401188ac,2026-04,0,22,9,1
e3940055-3174-4663-97f7-896733a2efbc,1c5c9a8e-80a3-4f6b-9cec-2c3e401188ac,2026-03,0,22,6,10
583641cc-4cad-4ef3-a052-2574286a0663,1c5c9a8e-80a3-4f6b-9cec-2c3e401188ac,2026-02,0,22,5,9
eb1a21c8-72f8-47f1-bb31-58ddc4bcce49,8ce91700-6356-4375-9073-fe670bc1be80,2026-07,1,21,6,2
729924ac-5f98-4287-bc7b-1e7b7143f29f,8ce91700-6356-4375-9073-fe670bc1be80,2026-06,0,22,5,3
04504cd4-7109-4376-bb7f-b7bccc4cc070,8ce91700-6356-4375-9073-fe670bc1be80,2026-05,1,21,8,0
d457dac9-4580-4e97-98bb-f73b82abffcd,8ce91700-6356-4375-9073-fe670bc1be80,2026-04,1,21,9,0
6d73f537-0d5a-4641-aacb-67144580f576,8ce91700-6356-4375-9073-fe670bc1be80,2026-03,1,21,8,9
e9cea3e2-bfaf-465d-8ad3-5bc4d9265eb3,8ce91700-6356-4375-9073-fe670bc1be80,2026-02,1,21,5,2
e5084df1-073e-41d6-bea0-c1fd02b959a0,8605af7a-e2ab-4b55-ad5b-d181b54a510e,2026-07,1,21,15,1
3fe62be6-0fb6-4294-956a-9e2a40b8ea1b,8605af7a-e2ab-4b55-ad5b-d181b54a510e,2026-06,1,21,11,8
d8b791cc-8fdb-4b8a-86cb-e22220526ac4,8605af7a-e2ab-4b55-ad5b-d181b54a510e,2026-05,1,21,15,3
598dcc89-e580-4802-9f5f-47a0b296248f,8605af7a-e2ab-4b55-ad5b-d181b54a510e,2026-04,1,21,6,7
c06f99dd-a1c0-4aa3-961a-41ecc582514e,8605af7a-e2ab-4b55-ad5b-d181b54a510e,2026-03,1,21,12,3
413b8cc6-bf1d-4bdd-b7a4-801c73983e98,8605af7a-e2ab-4b55-ad5b-d181b54a510e,2026-02,1,21,8,1
10a15848-1901-465a-8ce9-3116b3511e40,dda511f7-aed2-4089-b70e-9c39df9af11e,2026-07,0,22,8,7
46ebc37c-b553-41aa-afd7-3558d4340298,dda511f7-aed2-4089-b70e-9c39df9af11e,2026-06,1,21,14,5
bca918e7-327b-4665-a96a-05673f72c3da,dda511f7-aed2-4089-b70e-9c39df9af11e,2026-05,1,21,11,3
5246eeb6-a6aa-481e-a485-dd243d351f99,dda511f7-aed2-4089-b70e-9c39df9af11e,2026-04,0,22,7,10
f22958ad-8d85-42c2-b4ca-c49d9a2aabea,dda511f7-aed2-4089-b70e-9c39df9af11e,2026-03,1,21,9,1
66d24338-0cce-453f-9ffa-0b9d94f4dd58,dda511f7-aed2-4089-b70e-9c39df9af11e,2026-02,0,22,6,9
e4e51b83-d725-466c-b9ea-6b6467b241c7,40eef62f-e8bf-4228-bbbd-37142c1c062e,2026-07,1,21,15,1
abe1efb6-e8db-4d55-b41a-451fac22e112,40eef62f-e8bf-4228-bbbd-37142c1c062e,2026-06,0,22,13,2
9b36ae76-5c28-4a48-8f6e-5166e1475aea,40eef62f-e8bf-4228-bbbd-37142c1c062e,2026-05,0,22,9,6
e81ccc9f-cb65-4160-8517-1fb695118741,40eef62f-e8bf-4228-bbbd-37142c1c062e,2026-04,1,21,10,5
edac1147-5a46-4d20-a465-27afcd152188,40eef62f-e8bf-4228-bbbd-37142c1c062e,2026-03,1,21,12,0
fe155f88-b693-41ea-ad52-aed5511725d4,40eef62f-e8bf-4228-bbbd-37142c1c062e,2026-02,1,21,7,9
43710ad3-81b6-4b26-a26f-3a6b75bcb3f2,fd417534-f6ef-4ef9-b022-9e680f544c49,2026-07,1,21,7,7
c5f86cef-2968-41f1-a6d0-9eb7729823b4,fd417534-f6ef-4ef9-b022-9e680f544c49,2026-06,3,19,6,2
1487bbb1-194a-467f-ab55-e154e4a22f91,fd417534-f6ef-4ef9-b022-9e680f544c49,2026-05,2,20,2,1
8ea67aa2-91ab-4c59-8d16-5bf1355b8669,fd417534-f6ef-4ef9-b022-9e680f544c49,2026-04,1,21,5,3
30a0fda8-e7b1-46bd-9014-d280ae2ea3dd,fd417534-f6ef-4ef9-b022-9e680f544c49,2026-03,3,19,1,7
95d1f85c-a499-42a0-9dd4-9e7561b5f6e2,fd417534-f6ef-4ef9-b022-9e680f544c49,2026-02,3,19,6,8
08ea27d4-2b1d-4c66-91e5-9dc51cf41e72,5e6adabc-c67c-4c10-af34-451987e77d02,2026-07,2,20,3,6
033d5337-6c20-4cca-a49c-0035e4f6ccf7,5e6adabc-c67c-4c10-af34-451987e77d02,2026-06,2,20,4,9
9aea8b3d-7e4e-4800-9af5-2ca0f9dc5327,5e6adabc-c67c-4c10-af34-451987e77d02,2026-05,3,19,5,4
668612dc-f826-440a-b8ee-3414f65ad43e,5e6adabc-c67c-4c10-af34-451987e77d02,2026-04,6,16,3,5
a6ea0ee5-e5b8-432a-8300-f79c30f0645c,5e6adabc-c67c-4c10-af34-451987e77d02,2026-03,5,17,0,9
22e52c45-231a-43b8-a0d8-d4581e874ce0,5e6adabc-c67c-4c10-af34-451987e77d02,2026-02,5,17,4,9
3d6cd2a1-3db9-4aba-8b05-23db8cfd778a,81760ea4-c439-48e9-8c91-7f0334f64bc2,2026-07,0,22,10,0
382b0a84-3d36-48e3-bedf-5018e39768a7,81760ea4-c439-48e9-8c91-7f0334f64bc2,2026-06,1,21,10,10
5498ea1b-007e-41c5-8526-4cdd14700072,81760ea4-c439-48e9-8c91-7f0334f64bc2,2026-05,1,21,9,2
72fe03af-5fbd-4839-8589-327fcfba8316,81760ea4-c439-48e9-8c91-7f0334f64bc2,2026-04,1,21,6,0
e375a140-a5b9-4acc-af34-912a7c6690e4,81760ea4-c439-48e9-8c91-7f0334f64bc2,2026-03,0,22,8,1
7e5d06d0-7b78-472c-b826-ae415470e03b,81760ea4-c439-48e9-8c91-7f0334f64bc2,2026-02,0,22,8,7
226c29fb-4cdc-4b4f-bd1d-b393c809e556,0f0635c1-4892-4d16-b2a7-ebb091613e24,2026-07,0,22,10,0
e880315c-bc01-404c-bc96-badde1f29995,0f0635c1-4892-4d16-b2a7-ebb091613e24,2026-06,1,21,14,6
161ce1f2-d558-4ded-9c6d-eefbdc636092,0f0635c1-4892-4d16-b2a7-ebb091613e24,2026-05,1,21,6,2
bfc982a7-8dc4-4678-9276-e8081123045f,0f0635c1-4892-4d16-b2a7-ebb091613e24,2026-04,1,21,15,2
4d888a31-6a94-46b5-825d-e2b7f2f92ee6,0f0635c1-4892-4d16-b2a7-ebb091613e24,2026-03,0,22,11,6
7db645b7-8397-443a-ab8a-d0f42a6abbb7,0f0635c1-4892-4d16-b2a7-ebb091613e24,2026-02,1,21,15,0
401b9527-ca8d-4844-b09c-6d4df8be1d68,adef98ff-891d-4b4e-939c-2ef63e3073f3,2026-07,0,22,7,5
00faffdf-b256-4a14-a646-8a6df26444a2,adef98ff-891d-4b4e-939c-2ef63e3073f3,2026-06,1,21,9,9
bd38851e-ca01-421b-98ab-da388b50b0ff,adef98ff-891d-4b4e-939c-2ef63e3073f3,2026-05,0,22,8,4
a6160e41-b5f1-44ba-8d5f-0bfab88c024a,adef98ff-891d-4b4e-939c-2ef63e3073f3,2026-04,0,22,7,1
d7b8b2cd-c8b1-40b2-a072-e7debeb8e9bc,adef98ff-891d-4b4e-939c-2ef63e3073f3,2026-03,0,22,5,0
42c8dce4-2921-4769-9cab-2af1c04194fe,adef98ff-891d-4b4e-939c-2ef63e3073f3,2026-02,0,22,5,6
54edf81f-4317-4336-bdca-4c479b5d86c9,f087892e-e6ea-44f3-91e8-da44918ea61e,2026-07,0,22,14,7
384b1eab-d40d-48b4-978b-14030ebfb4db,f087892e-e6ea-44f3-91e8-da44918ea61e,2026-06,1,21,6,9
257fc518-ad74-4114-9cd2-dfad0b18cdde,f087892e-e6ea-44f3-91e8-da44918ea61e,2026-05,1,21,13,6
c2142c30-1245-4dcd-93c2-88459a1349af,f087892e-e6ea-44f3-91e8-da44918ea61e,2026-04,1,21,6,8
8abbf281-9b35-4c8b-aa6e-53e0415aa0d7,f087892e-e6ea-44f3-91e8-da44918ea61e,2026-03,0,22,6,8
e02ed83f-f795-4fb8-9c17-fa7966d4376a,f087892e-e6ea-44f3-91e8-da44918ea61e,2026-02,1,21,7,9
ce9d3695-3679-4e84-9914-ace5c3b6d6ae,f605098a-8ae2-4b53-b433-2964fb8ee3ed,2026-07,3,19,4,7
bfe7b32e-6020-4bec-9867-ec9878593a1d,f605098a-8ae2-4b53-b433-2964fb8ee3ed,2026-06,3,19,8,9
6c4911cd-9349-4d5a-843b-b352a1fa01c7,f605098a-8ae2-4b53-b433-2964fb8ee3ed,2026-05,1,21,8,10
c0b5bd7e-e4f9-4879-aac8-d58b3bf26d1a,f605098a-8ae2-4b53-b433-2964fb8ee3ed,2026-04,3,19,10,5
823be32d-eee7-40a5-ab36-3ea3b58d3da9,f605098a-8ae2-4b53-b433-2964fb8ee3ed,2026-03,3,19,9,10
41c3ee6a-aeb9-4fac-a2ec-9d07a974748a,f605098a-8ae2-4b53-b433-2964fb8ee3ed,2026-02,3,19,5,7
e4b27f09-579b-43cf-af9a-027a7ad321cd,ef9c038e-0d72-44c2-bcdb-0f2656894b01,2026-07,1,21,7,0
e2da410a-5451-4f20-8f74-07bda6b0bd72,ef9c038e-0d72-44c2-bcdb-0f2656894b01,2026-06,0,22,15,8
0351ed5d-3f1b-4a46-9b4e-0d9a891921ac,ef9c038e-0d72-44c2-bcdb-0f2656894b01,2026-05,1,21,14,0
6b5f8105-5e22-4d0d-a967-d2f1180a68b5,ef9c038e-0d72-44c2-bcdb-0f2656894b01,2026-04,1,21,6,9
b7cb6d91-fbf2-4858-a69f-9c9b0b8f44d3,ef9c038e-0d72-44c2-bcdb-0f2656894b01,2026-03,1,21,9,7
f16b88e6-09bd-4200-a3af-d5f817ea11b5,ef9c038e-0d72-44c2-bcdb-0f2656894b01,2026-02,0,22,12,3
c1097f9d-f970-4757-9d19-70404b0d26d5,624c8f6b-bf5b-46e0-9813-1d131ae22257,2026-07,1,21,14,10
9271bccf-e35d-4d69-94c6-0c46f771bbc8,624c8f6b-bf5b-46e0-9813-1d131ae22257,2026-06,0,22,11,5
a1ce85f8-2487-4327-8dc2-2772b5e9f9fb,624c8f6b-bf5b-46e0-9813-1d131ae22257,2026-05,0,22,11,1
376b7cea-e5d2-40f1-8ae7-29fc901c9fb4,624c8f6b-bf5b-46e0-9813-1d131ae22257,2026-04,0,22,5,3
4d831ab7-ab1c-4a01-93a8-45cc40e9de46,624c8f6b-bf5b-46e0-9813-1d131ae22257,2026-03,0,22,12,6
610b1218-7af5-453c-a480-6bcce64490da,624c8f6b-bf5b-46e0-9813-1d131ae22257,2026-02,0,22,5,5
5660f4e1-aa42-440d-9d58-bd5344fa99bb,c14ee28d-fe26-41d9-9467-d7dd09d2b7c9,2026-07,1,21,6,8
31f2712b-5abc-4472-87cb-6ede76b1d2ff,c14ee28d-fe26-41d9-9467-d7dd09d2b7c9,2026-06,1,21,12,5
0c0f0a8e-7bbd-4962-ad41-b0470733a54e,c14ee28d-fe26-41d9-9467-d7dd09d2b7c9,2026-05,1,21,12,8
4477a147-aca0-4a38-b0a3-03612b681fba,c14ee28d-fe26-41d9-9467-d7dd09d2b7c9,2026-04,1,21,12,2
2670e505-29e5-4001-a6fd-8e9f87ef9330,c14ee28d-fe26-41d9-9467-d7dd09d2b7c9,2026-03,0,22,6,5
9952e302-676c-4524-a4ca-3f981b204999,c14ee28d-fe26-41d9-9467-d7dd09d2b7c9,2026-02,0,22,14,10
4556a052-5bd8-4300-8350-ba4812cf161c,adeba690-c7dc-4045-adeb-edc1b0e077c8,2026-07,0,22,11,7
f46e37c8-1aeb-4801-beb8-471d93458024,adeba690-c7dc-4045-adeb-edc1b0e077c8,2026-06,0,22,7,7
ab8559d1-e305-4f26-abc3-89913ee239de,adeba690-c7dc-4045-adeb-edc1b0e077c8,2026-05,1,21,14,0
194f0f5b-089b-46c2-8192-5cd6119d5690,adeba690-c7dc-4045-adeb-edc1b0e077c8,2026-04,0,22,6,8
a216849f-61d0-409e-b614-893e3c1a0cbb,adeba690-c7dc-4045-adeb-edc1b0e077c8,2026-03,0,22,12,9
e4e202ab-ecad-4219-aa4b-5c4bc3ce00a7,adeba690-c7dc-4045-adeb-edc1b0e077c8,2026-02,1,21,14,9
05414a6f-5ddb-4c83-a2d3-1382de3cf40a,1c88d131-db06-442b-8a52-9915dbc7544b,2026-07,1,21,11,7
b6c08089-f724-4212-ae23-e1296e26ba83,1c88d131-db06-442b-8a52-9915dbc7544b,2026-06,0,22,6,4
40678fc3-16bc-493b-9e48-b9d523bc9d2a,1c88d131-db06-442b-8a52-9915dbc7544b,2026-05,1,21,12,0
b80b78b1-9a60-452f-8293-f7b3e8d95996,1c88d131-db06-442b-8a52-9915dbc7544b,2026-04,1,21,9,4
8cc926c2-47e8-41e4-845f-6629eaa58642,1c88d131-db06-442b-8a52-9915dbc7544b,2026-03,0,22,12,2
2e7e6c5b-9e31-4994-b250-0f8eef16b859,1c88d131-db06-442b-8a52-9915dbc7544b,2026-02,0,22,13,2
6a92d08d-0993-43f2-884f-5a294302d4cd,b62f8ff9-acd8-4dc7-9cd1-a8810769f4da,2026-07,2,20,9,0
e71cecc5-b8e6-42bb-8bcc-186daba39a57,b62f8ff9-acd8-4dc7-9cd1-a8810769f4da,2026-06,2,20,7,0
eeba33db-7f15-43ab-8782-6641634a48cd,b62f8ff9-acd8-4dc7-9cd1-a8810769f4da,2026-05,2,20,9,8
1c70e5da-ad3d-4e0e-9744-724283dc5f42,b62f8ff9-acd8-4dc7-9cd1-a8810769f4da,2026-04,1,21,9,6
a3353566-5d79-4269-ae44-a74b1adc79d5,b62f8ff9-acd8-4dc7-9cd1-a8810769f4da,2026-03,3,19,0,9
3f4e17ed-1bed-485a-954f-69bf50238e8c,b62f8ff9-acd8-4dc7-9cd1-a8810769f4da,2026-02,2,20,4,9
7af17c73-437d-46ed-9a56-14ce221a44db,7ddad57e-823b-4821-86cc-d79693529898,2026-07,1,21,13,3
c210ef68-4723-4c6c-8b70-6a843389e459,7ddad57e-823b-4821-86cc-d79693529898,2026-06,1,21,14,2
2f43d30c-1a90-4460-88ec-651722f6c4ed,7ddad57e-823b-4821-86cc-d79693529898,2026-05,1,21,15,1
2c9b2317-ab7f-4152-93b7-13f1f1fa660b,7ddad57e-823b-4821-86cc-d79693529898,2026-04,1,21,13,8
f0ea8dfc-acb8-4da2-8389-9881cadbadbc,7ddad57e-823b-4821-86cc-d79693529898,2026-03,0,22,9,9
288243dd-b2e9-4d7c-93f0-d25fa8903011,7ddad57e-823b-4821-86cc-d79693529898,2026-02,1,21,6,6
db646b14-d8b3-4de8-b6ef-87f45bfc55d8,7969975c-c1d0-4009-81b3-1e2018929b2a,2026-07,0,22,12,6
f97049cf-5488-46b1-b47b-c5bba7d90e25,7969975c-c1d0-4009-81b3-1e2018929b2a,2026-06,0,22,14,0
820994cc-024a-4501-8285-67af10ea7309,7969975c-c1d0-4009-81b3-1e2018929b2a,2026-05,1,21,14,8
6017e425-110b-4092-958f-68ac7e168d93,7969975c-c1d0-4009-81b3-1e2018929b2a,2026-04,0,22,13,10
be58b20b-d899-41f8-a2ea-2004180a48d6,7969975c-c1d0-4009-81b3-1e2018929b2a,2026-03,1,21,10,10
f317c234-12bc-46f6-a123-6ca33da59d0f,7969975c-c1d0-4009-81b3-1e2018929b2a,2026-02,0,22,6,7
c3307d31-57f4-46d4-9cb9-fc358f64f817,37fe32f1-7d1b-4103-844b-7d57cf1a2eeb,2026-07,1,21,6,8
70a58c25-dab9-4b2e-b359-9ad9e6608598,37fe32f1-7d1b-4103-844b-7d57cf1a2eeb,2026-06,1,21,11,3
4a0de109-2b49-42c5-82a3-a04a821e4ae9,37fe32f1-7d1b-4103-844b-7d57cf1a2eeb,2026-05,0,22,5,10
9a01bbea-4447-4e4c-b759-dc1523e0b39b,37fe32f1-7d1b-4103-844b-7d57cf1a2eeb,2026-04,0,22,7,1
737e7ec0-5bc7-4ce4-80a1-acf078111444,37fe32f1-7d1b-4103-844b-7d57cf1a2eeb,2026-03,0,22,6,3
541dacdd-e4db-4b2c-b7f7-12bf61c7c128,37fe32f1-7d1b-4103-844b-7d57cf1a2eeb,2026-02,1,21,11,1
07282219-c32a-4110-af02-f530e21e7844,e09062e5-8328-4920-a097-4c3f39ee4f82,2026-07,0,22,7,3
4f716512-34a1-4985-95dd-52f36f0fea4e,e09062e5-8328-4920-a097-4c3f39ee4f82,2026-06,0,22,7,10
625c0b4a-cb5a-460f-b74c-2fc00fe5f894,e09062e5-8328-4920-a097-4c3f39ee4f82,2026-05,1,21,6,0
d668e910-769c-468f-8964-162faffee7c1,e09062e5-8328-4920-a097-4c3f39ee4f82,2026-04,1,21,12,0
9dcf40ee-0d26-4482-a1a1-45ce1adf4dde,e09062e5-8328-4920-a097-4c3f39ee4f82,2026-03,1,21,13,2
c0089117-2086-499a-853e-d6d6896f2d04,e09062e5-8328-4920-a097-4c3f39ee4f82,2026-02,1,21,13,2
89a8f914-28c9-423f-b0d3-1b6fc2387c43,5f31c788-787f-4ecb-8553-addbf650bc83,2026-07,6,16,3,0
d076cced-8b93-4bb7-9682-0b96a40bdd2b,5f31c788-787f-4ecb-8553-addbf650bc83,2026-06,2,20,5,6
729eea81-bff1-4963-9deb-7c69883ec870,5f31c788-787f-4ecb-8553-addbf650bc83,2026-05,3,19,3,5
218c36bd-bfa9-4294-bf5a-f654cce118d8,5f31c788-787f-4ecb-8553-addbf650bc83,2026-04,4,18,3,7
f4b6b585-1523-4e83-8d54-e1566f358e11,5f31c788-787f-4ecb-8553-addbf650bc83,2026-03,2,20,3,2
5a9f9521-b2c8-42e1-87c9-ce44a8446cfe,5f31c788-787f-4ecb-8553-addbf650bc83,2026-02,4,18,5,8
fdee568d-bd32-451e-a538-ad3e6220bb55,0127052a-f096-4894-a079-54d215f9672d,2026-07,2,20,9,0
48790df3-1ae7-4382-ac94-cb1799ea0a25,0127052a-f096-4894-a079-54d215f9672d,2026-06,2,20,2,3
2dad6bc3-7a57-4d89-851b-89fa2a3270fd,0127052a-f096-4894-a079-54d215f9672d,2026-05,3,19,2,6
3204e51d-d696-4ec1-a8f9-9e8e7ed73f08,0127052a-f096-4894-a079-54d215f9672d,2026-04,1,21,4,9
f9fb6def-2463-4852-b3ed-6312ae014bd7,0127052a-f096-4894-a079-54d215f9672d,2026-03,2,20,1,3
296b7802-bb5f-4e98-9690-c9ca9936185a,0127052a-f096-4894-a079-54d215f9672d,2026-02,2,20,2,9
c40286ed-707a-49ef-b163-bad8a6c111ee,069ebd8f-3be5-403d-9ed1-79857e077af0,2026-07,1,21,10,0
d89e4797-4660-48ca-b286-e966570929fe,069ebd8f-3be5-403d-9ed1-79857e077af0,2026-06,1,21,14,8
ef5f05d6-991a-4e96-992f-9b47adbdec4c,069ebd8f-3be5-403d-9ed1-79857e077af0,2026-05,1,21,13,0
7d1bdf43-e5db-40bf-881a-e04889eb75ae,069ebd8f-3be5-403d-9ed1-79857e077af0,2026-04,1,21,13,6
beb61ca0-113f-4ab0-9649-d1d767675820,069ebd8f-3be5-403d-9ed1-79857e077af0,2026-03,1,21,15,9
56ce91e4-fd0d-43c7-bca6-455618923e9a,069ebd8f-3be5-403d-9ed1-79857e077af0,2026-02,1,21,8,4
76c07e10-44f5-439f-87b4-58ec4e7a43cd,937cabbf-0a2b-43b8-a68b-9693caddfb1b,2026-07,1,21,5,4
16a349bd-2b17-49d5-8f24-a709df3423e2,937cabbf-0a2b-43b8-a68b-9693caddfb1b,2026-06,2,20,10,8
b245adce-0e84-4788-a397-a66100fd1615,937cabbf-0a2b-43b8-a68b-9693caddfb1b,2026-05,1,21,8,4
9b0372db-5c64-4f50-8df7-d27cdd2531ca,937cabbf-0a2b-43b8-a68b-9693caddfb1b,2026-04,2,20,6,2
472fa4e8-96e4-41ec-81b1-e7efb3bfa46c,937cabbf-0a2b-43b8-a68b-9693caddfb1b,2026-03,1,21,9,9
896838f7-9a94-4641-afe6-5917eb62cbe7,937cabbf-0a2b-43b8-a68b-9693caddfb1b,2026-02,1,21,3,3
fd0a7f61-d31c-46c5-bdde-69a4c3494b2b,088ae012-affc-47d5-8559-acf10ca12c76,2026-07,0,22,12,10
c2267e10-1e89-4102-8d89-2b87d3d98217,088ae012-affc-47d5-8559-acf10ca12c76,2026-06,1,21,12,10
24428eac-3369-44b1-8f9b-d6ce608a1379,088ae012-affc-47d5-8559-acf10ca12c76,2026-05,1,21,10,2
bcfb4e03-3c46-4e96-b89c-7e78032028c5,088ae012-affc-47d5-8559-acf10ca12c76,2026-04,1,21,7,1
362df15e-de30-48a0-9843-2aa7417d3c05,088ae012-affc-47d5-8559-acf10ca12c76,2026-03,1,21,8,0
c824994b-5b47-4db9-a2d2-969728d88069,088ae012-affc-47d5-8559-acf10ca12c76,2026-02,1,21,8,2
b45995d8-31b8-4cdd-9a51-3db8821fd204,96e7e382-845a-409f-bff7-5d69bd2a2324,2026-07,2,20,3,1
e1555588-fa01-4d87-be34-2385714e616a,96e7e382-845a-409f-bff7-5d69bd2a2324,2026-06,2,20,5,10
680ea7d6-bac1-4776-8827-c1eca7eb7375,96e7e382-845a-409f-bff7-5d69bd2a2324,2026-05,1,21,8,10
8d1b32d6-d0bd-47ee-84de-8d9805208819,96e7e382-845a-409f-bff7-5d69bd2a2324,2026-04,2,20,2,9
6bf16a04-4d9f-4c4f-9277-c54136e9ac05,96e7e382-845a-409f-bff7-5d69bd2a2324,2026-03,1,21,3,1
040d7a12-3b0a-4ad6-8841-3cf55d3c7067,96e7e382-845a-409f-bff7-5d69bd2a2324,2026-02,2,20,6,9
7498c223-7acd-4ba2-8675-94ffb306fecd,868026f7-3834-47ee-b79b-c348f576bf3c,2026-07,0,22,7,1
771e935e-5746-4905-91c7-f336182b3442,868026f7-3834-47ee-b79b-c348f576bf3c,2026-06,0,22,7,3
bb565d90-a341-427b-9f11-a4c6db3e26b5,868026f7-3834-47ee-b79b-c348f576bf3c,2026-05,1,21,14,4
2c718d7d-5a8d-4ff0-bd08-376a048a12c2,868026f7-3834-47ee-b79b-c348f576bf3c,2026-04,0,22,10,4
6118fb2c-c885-49fb-8b4f-d7d352eeea3d,868026f7-3834-47ee-b79b-c348f576bf3c,2026-03,1,21,9,1
1869cec5-0612-464a-a2fe-64357da8b4a3,868026f7-3834-47ee-b79b-c348f576bf3c,2026-02,1,21,14,4
0440af05-429d-474f-b69f-b234bbbc994e,5418c9ed-bd49-4560-8cdd-013490d6ed61,2026-07,1,21,12,3
14c56932-fbc6-47aa-ae6b-0843dece9998,5418c9ed-bd49-4560-8cdd-013490d6ed61,2026-06,1,21,13,6
af7b15f4-6a89-4458-8e93-1c0e5b317dc7,5418c9ed-bd49-4560-8cdd-013490d6ed61,2026-05,0,22,6,8
add03ba1-4612-4816-bf85-f67132c27e9e,5418c9ed-bd49-4560-8cdd-013490d6ed61,2026-04,1,21,15,6
fba0fd4f-59db-4e9d-a161-a49039a52487,5418c9ed-bd49-4560-8cdd-013490d6ed61,2026-03,0,22,11,9
8fac9d86-1c7e-4de4-8d33-f1bd6c3ce4da,5418c9ed-bd49-4560-8cdd-013490d6ed61,2026-02,0,22,12,5
e8fb242c-6f57-419d-9a55-20276a0acc3e,c15b9258-b2b0-4e68-8ef8-8b7bbc49d127,2026-07,0,22,15,2
8a5ddf58-302f-44d3-8200-072f58b898a9,c15b9258-b2b0-4e68-8ef8-8b7bbc49d127,2026-06,0,22,11,0
670a4725-65bb-464f-bcb8-57a9852df0cb,c15b9258-b2b0-4e68-8ef8-8b7bbc49d127,2026-05,0,22,10,0
3e9fb68d-fd79-4168-89d5-290c314b1edd,c15b9258-b2b0-4e68-8ef8-8b7bbc49d127,2026-04,0,22,12,4
0d7a4654-f7c9-4a0a-a124-2d2cae41cfde,c15b9258-b2b0-4e68-8ef8-8b7bbc49d127,2026-03,0,22,14,4
e6499beb-e08f-4d9f-994d-931fe81867c6,c15b9258-b2b0-4e68-8ef8-8b7bbc49d127,2026-02,0,22,6,10
e570d754-4479-407a-a728-e6cc51b6413a,89df571a-4771-4bb0-8178-0f09cb2c1bb8,2026-07,1,21,7,5
6fdd0701-3baa-478c-955a-f24ca1b48921,89df571a-4771-4bb0-8178-0f09cb2c1bb8,2026-06,0,22,7,8
c2cdc039-127f-4772-8e04-5bb9cbeb8269,89df571a-4771-4bb0-8178-0f09cb2c1bb8,2026-05,1,21,15,2
c6b0618a-b03c-4f55-a5c7-847f4c42be9b,89df571a-4771-4bb0-8178-0f09cb2c1bb8,2026-04,1,21,7,0
1b83f694-9f3f-4966-bf87-345b47754b05,89df571a-4771-4bb0-8178-0f09cb2c1bb8,2026-03,1,21,11,10
b2c4e4e4-87c1-4cf5-b7d9-dbd9b217acf6,89df571a-4771-4bb0-8178-0f09cb2c1bb8,2026-02,0,22,9,10
8186254b-a505-4cb9-b35c-90cab9bd9c41,56d01613-77f0-4cb8-94b9-adfa4264546e,2026-07,0,22,6,9
24f38d02-d306-473d-825c-dd7db1e0e8db,56d01613-77f0-4cb8-94b9-adfa4264546e,2026-06,1,21,5,9
87f82a0e-21dc-417f-8149-2b63cc77c9d3,56d01613-77f0-4cb8-94b9-adfa4264546e,2026-05,0,22,11,7
e9fe30da-8d40-4689-980e-1fa778add615,56d01613-77f0-4cb8-94b9-adfa4264546e,2026-04,0,22,6,0
78d1650f-8221-4240-a8e2-3888a2889e2e,56d01613-77f0-4cb8-94b9-adfa4264546e,2026-03,1,21,14,7
a58ac7aa-6bb8-4771-8eaa-1d02d3dee503,56d01613-77f0-4cb8-94b9-adfa4264546e,2026-02,0,22,6,4
64480f71-087b-4c35-ba28-ad7305ec7a3e,46a4843c-e136-46e3-9b80-fa4628675d82,2026-07,3,19,4,0
60a1f7b6-9343-425b-9f9b-0679739c32cc,46a4843c-e136-46e3-9b80-fa4628675d82,2026-06,3,19,6,0
644e119c-dcef-4078-bb0b-952ed2e90b50,46a4843c-e136-46e3-9b80-fa4628675d82,2026-05,3,19,8,1
1ae24d5f-7cfe-44bc-920c-f1145d12452f,46a4843c-e136-46e3-9b80-fa4628675d82,2026-04,1,21,1,9
ece10596-b9be-444f-923c-b2ecc098175d,46a4843c-e136-46e3-9b80-fa4628675d82,2026-03,1,21,7,3
cceac1ff-fe8a-45d4-9784-341f029f37f6,46a4843c-e136-46e3-9b80-fa4628675d82,2026-02,1,21,1,7
504ac142-6497-435e-bb05-6a6550de293e,37a6c0be-8654-4eb4-b5b7-c213c3d2e0e1,2026-07,0,22,15,8
c975b70d-0483-40ac-af83-faf041f1dfd1,37a6c0be-8654-4eb4-b5b7-c213c3d2e0e1,2026-06,1,21,12,4
01f873fd-0841-4563-be2e-33861d8a7cfe,37a6c0be-8654-4eb4-b5b7-c213c3d2e0e1,2026-05,1,21,11,7
cc8373ea-dc65-4854-b47c-ac545b3c5c88,37a6c0be-8654-4eb4-b5b7-c213c3d2e0e1,2026-04,1,21,11,0
4e3fb649-a214-4d6d-b38a-41209088ac35,37a6c0be-8654-4eb4-b5b7-c213c3d2e0e1,2026-03,0,22,15,6
dfb68681-3e88-4701-9c85-d0f1a16fa094,37a6c0be-8654-4eb4-b5b7-c213c3d2e0e1,2026-02,0,22,13,3
2648b234-ffaa-4001-9dcc-640bfd02bcfb,6c87975b-7e5b-4ca6-a513-66a23630182b,2026-07,0,22,6,1
b7a80943-b0ee-4d01-a841-0cb01393d625,6c87975b-7e5b-4ca6-a513-66a23630182b,2026-06,0,22,6,2
8abe470c-41f3-4e6f-ac8e-9c61596bf379,6c87975b-7e5b-4ca6-a513-66a23630182b,2026-05,0,22,14,7
2d88abdb-2496-4dc0-8019-c23c2808899d,6c87975b-7e5b-4ca6-a513-66a23630182b,2026-04,0,22,6,0
0f429431-cb6a-4107-a55a-0a53533bb2fb,6c87975b-7e5b-4ca6-a513-66a23630182b,2026-03,0,22,14,8
7c243220-8d7b-4bc7-8866-3a50e05de02d,6c87975b-7e5b-4ca6-a513-66a23630182b,2026-02,0,22,10,10
9d8963f3-4b12-4608-9936-043080ba6a4b,47af4a90-e529-4e30-95c5-63e2d9dd7f3b,2026-07,2,20,4,5
dabcbd74-4976-4852-b24b-d1fa54d2493e,47af4a90-e529-4e30-95c5-63e2d9dd7f3b,2026-06,2,20,1,6
96666587-f21e-4d38-8161-ae4f4da88adf,47af4a90-e529-4e30-95c5-63e2d9dd7f3b,2026-05,5,17,2,9
f1edbb7f-6950-41b0-bb24-4b504e5a74e4,47af4a90-e529-4e30-95c5-63e2d9dd7f3b,2026-04,2,20,5,8
ee802da3-a8f6-4230-be9d-e06994aba2b2,47af4a90-e529-4e30-95c5-63e2d9dd7f3b,2026-03,4,18,0,7
ca8d8258-673c-4e2f-a3fe-d4fcddd2e224,47af4a90-e529-4e30-95c5-63e2d9dd7f3b,2026-02,3,19,0,7
7a1cc5f6-f69c-4ca3-ad33-2ca944814efb,90d9dea0-91ff-43d2-a13f-d2d274002dcb,2026-07,1,21,13,9
f086155c-b867-4e43-bd15-9a0f2c7d947a,90d9dea0-91ff-43d2-a13f-d2d274002dcb,2026-06,0,22,9,9
deb2b804-b4fd-4a2b-8e7a-62049192b488,90d9dea0-91ff-43d2-a13f-d2d274002dcb,2026-05,0,22,12,0
82786fad-998e-4924-aa79-eba916a3d469,90d9dea0-91ff-43d2-a13f-d2d274002dcb,2026-04,1,21,15,3
34ef1c11-0425-4c77-a0f9-a307e979565d,90d9dea0-91ff-43d2-a13f-d2d274002dcb,2026-03,0,22,5,0
b610275b-1b93-4859-8094-e94e51c388d4,90d9dea0-91ff-43d2-a13f-d2d274002dcb,2026-02,1,21,12,4
f6a7ecb0-2f73-41c2-ad3a-bc7844af30c0,30d075c8-4fbd-4ba1-8417-840a3ef88269,2026-07,0,22,6,5
0ec928e2-7331-434c-b5fc-79523a814b60,30d075c8-4fbd-4ba1-8417-840a3ef88269,2026-06,1,21,15,8
dc946dde-354c-4f44-aa09-269e920e375b,30d075c8-4fbd-4ba1-8417-840a3ef88269,2026-05,1,21,11,7
3981c099-4dce-4bea-b86b-ded912328da5,4378f3dd-9cc1-4923-ad4b-ff5514ac864a,2026-07,0,22,12,7
7f546d0e-f972-46e1-b4f9-971da35a3e7d,4378f3dd-9cc1-4923-ad4b-ff5514ac864a,2026-06,1,21,9,10
2131bd36-f646-4055-b43a-2c85e81271a1,4378f3dd-9cc1-4923-ad4b-ff5514ac864a,2026-05,0,22,6,3
97ad051f-7dab-46a7-a1af-d7bd4fff82e4,4378f3dd-9cc1-4923-ad4b-ff5514ac864a,2026-04,0,22,13,2
33b340bf-59b8-442a-9594-df12a4c52072,4378f3dd-9cc1-4923-ad4b-ff5514ac864a,2026-03,1,21,7,5
36c6932c-0da5-48ea-898f-60c6fe6390d5,4378f3dd-9cc1-4923-ad4b-ff5514ac864a,2026-02,0,22,13,10
e9be826c-4d21-4217-8d8d-bd76d6f0c99c,aabe383e-8452-4eac-940f-49b281e27b3b,2026-07,1,21,11,5
46ab9333-e4a5-44f6-ab63-4406932f32df,aabe383e-8452-4eac-940f-49b281e27b3b,2026-06,1,21,6,7
dc9fa935-0178-4f02-aca4-1ce18da1aef1,aabe383e-8452-4eac-940f-49b281e27b3b,2026-05,0,22,5,4
2c87e6fc-3abf-44f4-9615-8fc85bb7af9b,aabe383e-8452-4eac-940f-49b281e27b3b,2026-04,1,21,13,3
822269c0-417d-4b39-b58a-d3e2ce20e019,aabe383e-8452-4eac-940f-49b281e27b3b,2026-03,0,22,8,8
e9060dd0-9a0d-4cfb-9862-875297d7d927,aabe383e-8452-4eac-940f-49b281e27b3b,2026-02,1,21,6,8
ddbe00bf-a95c-48f3-ba47-72a8a771c4b7,be9ac348-bfe4-4c3a-b577-f4d502256b8c,2026-07,1,21,7,10
ab2c6a38-d8b0-4bd2-b6ee-6574c7e3f336,be9ac348-bfe4-4c3a-b577-f4d502256b8c,2026-06,0,22,8,0
722226aa-5d31-45fa-a38b-4e2ee9af6ad1,be9ac348-bfe4-4c3a-b577-f4d502256b8c,2026-05,1,21,14,3
34e050c8-91fb-40dc-881e-0bc26bae6ec6,be9ac348-bfe4-4c3a-b577-f4d502256b8c,2026-04,0,22,6,8
28ff5133-1433-4373-b0c6-fd6dc6735864,be9ac348-bfe4-4c3a-b577-f4d502256b8c,2026-03,0,22,6,10
60ae8abd-a74a-49f5-8129-2a595762bb48,be9ac348-bfe4-4c3a-b577-f4d502256b8c,2026-02,1,21,10,8
8692b92d-8dcd-47b7-abf8-e6241d97bc3f,7f0d57cd-9054-49da-9b9c-a873aa435bc9,2026-07,1,21,13,9
9e359be0-068a-494d-bcf5-4140ecbaea81,7f0d57cd-9054-49da-9b9c-a873aa435bc9,2026-06,0,22,6,0
0aa71027-1988-45af-b061-59e1e0fed256,7f0d57cd-9054-49da-9b9c-a873aa435bc9,2026-05,1,21,12,7
33a3a00b-324d-40e7-b71a-29fa4fdd269d,7f0d57cd-9054-49da-9b9c-a873aa435bc9,2026-04,0,22,11,6
7f55fff8-e132-4926-a5ab-34376dac6299,7f0d57cd-9054-49da-9b9c-a873aa435bc9,2026-03,0,22,13,4
9fa9faee-19ec-4177-b212-61a8e9844867,7f0d57cd-9054-49da-9b9c-a873aa435bc9,2026-02,1,21,9,4
acd256a5-a779-4497-bcab-8413f50356a4,1f6b1a9e-67d2-4b45-9497-2a06540ca811,2026-07,3,19,8,10
a9593bc2-4caf-49c3-8a22-254a03ce1a4d,1f6b1a9e-67d2-4b45-9497-2a06540ca811,2026-06,1,21,10,10
6b51bd3c-783c-453d-8412-44ce98cbc79f,1f6b1a9e-67d2-4b45-9497-2a06540ca811,2026-05,1,21,5,10
17ab0c28-77f4-49a9-9a51-f989909511ba,1f6b1a9e-67d2-4b45-9497-2a06540ca811,2026-04,3,19,4,2
76370198-112b-4608-9ed5-13f4d3b47889,1f6b1a9e-67d2-4b45-9497-2a06540ca811,2026-03,1,21,8,4
d3985b2c-5c2d-4f88-8900-7be140774f91,1f6b1a9e-67d2-4b45-9497-2a06540ca811,2026-02,1,21,1,7
9405737a-2c00-427f-9721-f95076b7bbee,343a844d-4465-4444-a46c-af0d2fe97c97,2026-07,2,20,1,6
14fee5fd-28ae-42cc-b94d-5cc2048d4387,343a844d-4465-4444-a46c-af0d2fe97c97,2026-06,3,19,10,2
764e9448-7709-4787-87ba-125e920efcfc,343a844d-4465-4444-a46c-af0d2fe97c97,2026-05,3,19,10,4
d9b61610-da79-43fb-a0cf-d8098dbffae8,343a844d-4465-4444-a46c-af0d2fe97c97,2026-04,3,19,4,0
40146a51-0d1f-4979-a93e-f31faf6c36e6,343a844d-4465-4444-a46c-af0d2fe97c97,2026-03,3,19,3,8
34c44565-76b5-40d4-b9c2-5aa7be0f016b,343a844d-4465-4444-a46c-af0d2fe97c97,2026-02,3,19,0,9
5a908fdc-f5a0-485f-a8ea-6badf2f5d325,7e406db6-f1be-4581-8bee-8fe970b55838,2026-07,1,21,6,6
d2dc71c5-a1a9-4bfc-90e6-54a295689567,7e406db6-f1be-4581-8bee-8fe970b55838,2026-06,0,22,13,3
34ed4ab6-2b74-45c7-9715-77455c57793b,7e406db6-f1be-4581-8bee-8fe970b55838,2026-05,1,21,15,8
03c540bd-0ba1-47f1-b03c-c6f45e1ce924,7e406db6-f1be-4581-8bee-8fe970b55838,2026-04,0,22,15,9
78986f0b-da16-4b09-9486-ec3218b24437,7e406db6-f1be-4581-8bee-8fe970b55838,2026-03,1,21,10,9
a1a42ed2-a445-42dd-a2d9-7e163fcef509,7e406db6-f1be-4581-8bee-8fe970b55838,2026-02,0,22,6,7
e1e99093-489a-415e-a4a1-c1ab4acda694,cea2eebc-2eda-4606-bd0b-0c03b4646b60,2026-07,0,22,7,0
24115900-6548-41ef-964d-e7b98738581e,cea2eebc-2eda-4606-bd0b-0c03b4646b60,2026-06,0,22,14,10
1b928bce-b2de-491d-a782-a4790fe23644,cea2eebc-2eda-4606-bd0b-0c03b4646b60,2026-05,1,21,5,10
358c55c5-3049-4f79-b30c-cc3026265718,cea2eebc-2eda-4606-bd0b-0c03b4646b60,2026-04,0,22,13,7
d6d61d28-7652-4f37-8226-22f0652650d9,cea2eebc-2eda-4606-bd0b-0c03b4646b60,2026-03,0,22,9,4
7e2bfa77-f8af-4932-84da-033a9cc1054b,cea2eebc-2eda-4606-bd0b-0c03b4646b60,2026-02,1,21,5,2
dde5a4fe-1f5f-4dfa-b935-277cd8b0ae58,6a6e3ab4-49d2-4fda-81a4-dfb6b54e103c,2026-07,0,22,6,7
f984992a-67e8-4a9e-b711-81770e9442df,6a6e3ab4-49d2-4fda-81a4-dfb6b54e103c,2026-06,0,22,13,3
11444aad-9835-4977-830b-c6e402f5e583,6a6e3ab4-49d2-4fda-81a4-dfb6b54e103c,2026-05,1,21,10,10
aeb02581-0613-464e-91c2-0d8f67c4f8d4,6a6e3ab4-49d2-4fda-81a4-dfb6b54e103c,2026-04,1,21,9,8
7a05a1e1-7bba-4101-9086-b643307e3e99,5c2adc45-f245-4e3d-b652-99a2294e506d,2026-07,5,17,1,4
55d7b3a4-dbeb-4b75-8c5e-79cae9317c58,5c2adc45-f245-4e3d-b652-99a2294e506d,2026-06,2,20,0,4
65d46aff-ee26-4f6e-acaf-05607a5701dd,5c2adc45-f245-4e3d-b652-99a2294e506d,2026-05,5,17,5,9
cf1b0a48-7358-4d96-bf95-aa03693f384b,5c2adc45-f245-4e3d-b652-99a2294e506d,2026-04,2,20,3,1
543d1f04-29bb-4141-b730-47e88ff86585,5c2adc45-f245-4e3d-b652-99a2294e506d,2026-03,5,17,5,3
d3e0ff92-65e0-4f47-bab6-efec4d6a441f,5c2adc45-f245-4e3d-b652-99a2294e506d,2026-02,3,19,2,10
a68c0283-7b0d-47e3-9b44-c6c5538e6216,aa79934b-cb38-4551-ad1d-123b4fc0d84a,2026-07,1,21,8,8
8afe835c-6691-44f1-bfca-00eb6bb52211,aa79934b-cb38-4551-ad1d-123b4fc0d84a,2026-06,1,21,6,8
f492b94f-b6af-4661-9671-c9b46ec2ba6d,aa79934b-cb38-4551-ad1d-123b4fc0d84a,2026-05,0,22,9,7
9e559731-9bbb-404f-8cd8-db56ec4298a7,aa79934b-cb38-4551-ad1d-123b4fc0d84a,2026-04,1,21,7,1
bdaea22b-49f1-4414-9846-dd880ae618e4,aa79934b-cb38-4551-ad1d-123b4fc0d84a,2026-03,1,21,6,0
d063b88f-43f2-40a9-bd88-8d9ae93037bf,aa79934b-cb38-4551-ad1d-123b4fc0d84a,2026-02,1,21,11,9
30a02c22-0c55-47a0-91a1-f646160b717f,5a62fe7d-fe8f-4c9c-a01d-77f55b4982d2,2026-07,6,16,2,8
95344cde-c041-4bcc-ade2-a07afa4605a6,5a62fe7d-fe8f-4c9c-a01d-77f55b4982d2,2026-06,3,19,5,0
df344d83-b79f-415b-a3a8-5a858b8e9406,5a62fe7d-fe8f-4c9c-a01d-77f55b4982d2,2026-05,5,17,5,9
d56af2a0-3997-4d4b-91a2-fcfe2b3cf309,5a62fe7d-fe8f-4c9c-a01d-77f55b4982d2,2026-04,6,16,1,6
897a69b9-50af-4a5e-ae97-1a64bd069420,5a62fe7d-fe8f-4c9c-a01d-77f55b4982d2,2026-03,3,19,2,4
1e9d5968-6b16-4449-92f0-d6171625455c,5a62fe7d-fe8f-4c9c-a01d-77f55b4982d2,2026-02,2,20,2,3
dd1d8aa5-363d-4cc1-a896-fdfa17d1b8e0,2dd42de6-52f6-494f-b3b1-f22dbd7abbdb,2026-07,0,22,5,0
eb17414e-8277-4d79-a6ad-445a9663d0ba,2dd42de6-52f6-494f-b3b1-f22dbd7abbdb,2026-06,1,21,6,0
d022d2f2-e86a-4a1c-bf0a-0a069dc9578e,2dd42de6-52f6-494f-b3b1-f22dbd7abbdb,2026-05,1,21,5,7
e8efa863-ed46-4cc3-a6b9-ad906876af84,2dd42de6-52f6-494f-b3b1-f22dbd7abbdb,2026-04,0,22,12,4
cf674d1c-042a-4782-b17c-93e3bddbe498,2dd42de6-52f6-494f-b3b1-f22dbd7abbdb,2026-03,0,22,5,5
cdfed379-3104-40e1-97df-2a4aac1c893d,2dd42de6-52f6-494f-b3b1-f22dbd7abbdb,2026-02,1,21,12,0
0bc27ba2-25bb-49f3-9432-5c25135b31d3,cb350cea-0614-46d2-9fd5-cce839cb892a,2026-07,2,20,3,9
fbf6990b-79d4-459e-9312-d46af560f442,cb350cea-0614-46d2-9fd5-cce839cb892a,2026-06,6,16,2,0
7589effb-c018-406e-835b-557e228b32c9,cb350cea-0614-46d2-9fd5-cce839cb892a,2026-05,3,19,5,0
344df340-d164-4a35-8831-c03a3541adbc,cb350cea-0614-46d2-9fd5-cce839cb892a,2026-04,3,19,5,3
021e36d3-a637-41f1-8002-3a95b931638d,cb350cea-0614-46d2-9fd5-cce839cb892a,2026-03,5,17,2,4
e241514e-b97e-44b5-be38-4044846b5aec,cb350cea-0614-46d2-9fd5-cce839cb892a,2026-02,6,16,1,3
86001d2f-9ef4-4795-9dc1-0ea347315e26,03050702-32e9-4de6-921d-7a9d597dd202,2026-07,3,19,4,3
52fc93db-ae89-42ac-8948-6999cae03e18,03050702-32e9-4de6-921d-7a9d597dd202,2026-06,1,21,1,2
07ed2875-bdfb-4ccb-bb76-52838bf32e36,03050702-32e9-4de6-921d-7a9d597dd202,2026-05,2,20,0,10
c1bc609a-89c2-4a4e-8188-f229437797e4,03050702-32e9-4de6-921d-7a9d597dd202,2026-04,2,20,3,7
82e34fdd-9b1f-4e19-a5ca-909305b4df67,03050702-32e9-4de6-921d-7a9d597dd202,2026-03,2,20,4,10
7252a8b3-7627-447a-a5e9-788ff55bcc8e,03050702-32e9-4de6-921d-7a9d597dd202,2026-02,3,19,5,8
6e7afdee-46fa-45dc-bf15-695c4f84336f,249c6ea7-cc10-4ec3-93a0-48ddeefa532a,2026-07,3,19,8,10
2d096313-0c3c-441c-b6ab-0bcf409e6daf,249c6ea7-cc10-4ec3-93a0-48ddeefa532a,2026-06,3,19,7,4
5bfc5a6c-2a5c-4683-aced-9739b232570b,249c6ea7-cc10-4ec3-93a0-48ddeefa532a,2026-05,1,21,2,9
8907290c-bd32-4a20-91cd-5791abb82731,249c6ea7-cc10-4ec3-93a0-48ddeefa532a,2026-04,1,21,8,5
08fb9e59-d657-4b9d-b777-870ab2884321,249c6ea7-cc10-4ec3-93a0-48ddeefa532a,2026-03,3,19,0,7
dcc51aee-3c1a-43ff-ab1e-7819dde44e8e,249c6ea7-cc10-4ec3-93a0-48ddeefa532a,2026-02,2,20,3,1
f1636cb0-de4f-4711-a9bd-18a84c183963,1e1c3236-b91d-48fc-9ad2-738c2a2b2e69,2026-07,1,21,8,6
36cfa84c-9a8a-40b9-b236-9e8e8d59a268,1e1c3236-b91d-48fc-9ad2-738c2a2b2e69,2026-06,3,19,4,6
b5cfce7c-3a69-4dd8-8c0e-9fa9113700ea,1e1c3236-b91d-48fc-9ad2-738c2a2b2e69,2026-05,2,20,8,0
4c0edbc8-1be9-4834-a95d-299de2eae0e8,1e1c3236-b91d-48fc-9ad2-738c2a2b2e69,2026-04,3,19,3,7
60d7a828-787e-4c05-be21-3943f24fd166,1e1c3236-b91d-48fc-9ad2-738c2a2b2e69,2026-03,1,21,10,1
d7060d14-59c9-4a6d-bab6-be3bbb703d4c,1e1c3236-b91d-48fc-9ad2-738c2a2b2e69,2026-02,3,19,6,8
2b5849a4-6e49-4155-902b-99624f3e040f,07ca2091-62e1-4477-bfc0-5987e69a9e19,2026-07,1,21,13,6
b5dfe87a-8fcb-4cfb-bb41-d606e69115d9,07ca2091-62e1-4477-bfc0-5987e69a9e19,2026-06,0,22,13,1
25bf0b4a-d431-471c-9d16-dac2652c1edb,07ca2091-62e1-4477-bfc0-5987e69a9e19,2026-05,0,22,7,4
8bc09d2d-8447-447f-aaae-89e43a11808a,07ca2091-62e1-4477-bfc0-5987e69a9e19,2026-04,1,21,12,4
57601a8c-82b6-4add-9740-dc8e7a5790f1,07ca2091-62e1-4477-bfc0-5987e69a9e19,2026-03,0,22,9,1
914589d0-d531-445a-87ce-56ef1992614e,07ca2091-62e1-4477-bfc0-5987e69a9e19,2026-02,0,22,8,0
b8294567-8a08-4095-bd3f-96071ec16381,cfb6203e-4529-4a7b-8656-3bb53768ab4e,2026-07,2,20,3,1
25e6dcb3-48cc-4458-89be-b726b9278bc3,cfb6203e-4529-4a7b-8656-3bb53768ab4e,2026-06,3,19,7,9
7ab0daa9-afe7-4338-b179-20b7ec921710,cfb6203e-4529-4a7b-8656-3bb53768ab4e,2026-05,2,20,2,0
1d733aa9-7c76-4226-910c-1348607a8cdf,cfb6203e-4529-4a7b-8656-3bb53768ab4e,2026-04,2,20,10,6
8a6575b4-9662-4b8e-a711-46f5d33b70a5,cfb6203e-4529-4a7b-8656-3bb53768ab4e,2026-03,3,19,7,0
c15696f7-f996-408c-8921-bba9f4a98740,cfb6203e-4529-4a7b-8656-3bb53768ab4e,2026-02,2,20,10,4
19814a3b-6771-4181-b8df-202d9908ac6e,b3663891-6ab9-42ec-96f9-d755e9c7dd4c,2026-07,6,16,3,8
1e549f11-957a-4582-b61c-309e38ab70c4,b3663891-6ab9-42ec-96f9-d755e9c7dd4c,2026-06,3,19,2,6
9e646a28-859c-4ac5-a18e-8b4a436858fd,b3663891-6ab9-42ec-96f9-d755e9c7dd4c,2026-05,4,18,0,6
fe9e6b9e-0b43-4eec-b5ae-180a79328788,b3663891-6ab9-42ec-96f9-d755e9c7dd4c,2026-04,3,19,4,2
a9c2ac6c-deec-4fe4-a488-a57fc69f0b49,b3663891-6ab9-42ec-96f9-d755e9c7dd4c,2026-03,6,16,2,8
c3c9eb60-2f92-4e34-98f1-f7bed7f4fabe,b3663891-6ab9-42ec-96f9-d755e9c7dd4c,2026-02,2,20,1,6
bbaec634-d25f-4a3f-927a-834f942ee33b,4186c1e7-e3ab-4cd8-a778-d4202da1548e,2026-07,3,19,7,6
9fb233bd-ca95-4c3b-b2d9-bebff445fd74,4186c1e7-e3ab-4cd8-a778-d4202da1548e,2026-06,3,19,0,3
9858a604-d89b-467c-9aa0-0242ccb29191,4186c1e7-e3ab-4cd8-a778-d4202da1548e,2026-05,2,20,4,4
4d424522-4aa4-4a9d-8c14-1ea336ccfd01,4186c1e7-e3ab-4cd8-a778-d4202da1548e,2026-04,2,20,8,0
0f4d4a01-5836-40a2-8adc-5f653e8ae838,4186c1e7-e3ab-4cd8-a778-d4202da1548e,2026-03,2,20,1,4
a00adb4d-b469-4b60-9cde-9884da577706,4186c1e7-e3ab-4cd8-a778-d4202da1548e,2026-02,3,19,6,4
e771fb81-ddf8-4a96-b056-a1bb0433279b,4894a8a3-fc87-40c3-b2c8-97701d5abcf1,2026-07,1,21,13,5
f850aa85-1baf-46ae-a93f-9f3f8aec71c2,4894a8a3-fc87-40c3-b2c8-97701d5abcf1,2026-06,1,21,11,2
2810b9bc-8e85-45ef-bc58-0fd1a569b32d,4894a8a3-fc87-40c3-b2c8-97701d5abcf1,2026-05,0,22,11,7
415e54e3-87ff-4ec5-9c1b-edf53aa5fc2c,825b247d-4364-4737-9b18-74bdf3c03c03,2026-07,1,21,3,3
c9ce7ab5-6630-4d29-a557-c8772160aa7b,825b247d-4364-4737-9b18-74bdf3c03c03,2026-06,3,19,3,1
d4872c7c-4a4a-43b6-9a91-0a092105e7d6,825b247d-4364-4737-9b18-74bdf3c03c03,2026-05,1,21,6,7
aa84701f-c275-4e74-9af6-d2c4929db10e,825b247d-4364-4737-9b18-74bdf3c03c03,2026-04,1,21,8,8
c93aba41-faa9-446f-8cc6-61aa6b10db8c,825b247d-4364-4737-9b18-74bdf3c03c03,2026-03,3,19,10,3
e0604aa6-6bd8-4729-9f38-a7a8d9428a2a,825b247d-4364-4737-9b18-74bdf3c03c03,2026-02,1,21,0,4
fc14f97d-d070-4913-b158-dece95b46d80,e15a58f5-b608-4bc8-93f8-d9e848934639,2026-07,3,19,2,1
55640af4-b32b-429a-acd1-68b80ab61a4d,e15a58f5-b608-4bc8-93f8-d9e848934639,2026-06,3,19,9,8
bc485fbe-b583-4972-865e-60d62e796411,e15a58f5-b608-4bc8-93f8-d9e848934639,2026-05,1,21,10,4
efdf70ac-2000-49d4-b0c5-9b59e71c095a,e15a58f5-b608-4bc8-93f8-d9e848934639,2026-04,2,20,2,0
2d846f03-8237-475c-83b9-b894e112ce5b,e15a58f5-b608-4bc8-93f8-d9e848934639,2026-03,2,20,5,7
bbf74b90-2b3b-4e16-8523-5214bc9c7243,e15a58f5-b608-4bc8-93f8-d9e848934639,2026-02,1,21,4,8
edb09400-5aeb-4e57-a441-4255f20b49af,47173be0-9f93-4177-b414-2f95e44162b1,2026-07,3,19,3,0
6d213f1c-a924-4388-8bbc-145dec91b2de,47173be0-9f93-4177-b414-2f95e44162b1,2026-06,3,19,0,1
3fcc7936-b99e-4c8d-9463-b1ac6a3cad18,47173be0-9f93-4177-b414-2f95e44162b1,2026-05,2,20,2,10
09087100-8b04-4efa-9271-cf88e8402c11,47173be0-9f93-4177-b414-2f95e44162b1,2026-04,6,16,2,1
9750f6ec-12e3-484e-ba84-1c7f799cef3e,47173be0-9f93-4177-b414-2f95e44162b1,2026-03,2,20,2,2
b390f2a9-e04f-4dcb-8223-479bfbceef5b,47173be0-9f93-4177-b414-2f95e44162b1,2026-02,6,16,3,5
e2689277-06a9-473d-b074-c217dcd6c3bc,979dfd4f-7a35-474b-a08d-53eb505bca1f,2026-07,1,21,15,6
f4234838-8754-410b-b988-2e5745c216ee,979dfd4f-7a35-474b-a08d-53eb505bca1f,2026-06,0,22,13,1
fd953e9a-b964-4a8a-a002-5efd3f678f89,979dfd4f-7a35-474b-a08d-53eb505bca1f,2026-05,1,21,12,1
69d7e447-2cf0-4e5e-ba65-0c1a617cb928,979dfd4f-7a35-474b-a08d-53eb505bca1f,2026-04,0,22,7,4
0425ebcb-7dae-4af3-b55b-c80a4e138c4b,979dfd4f-7a35-474b-a08d-53eb505bca1f,2026-03,0,22,15,3
c3d5117d-6a65-4d4a-9b48-b929a57aefb7,979dfd4f-7a35-474b-a08d-53eb505bca1f,2026-02,0,22,14,9
a935162b-8238-4d2b-9a90-338848faa1e1,daf2b43a-e08b-41ff-b3f5-f7d5cb5e11b7,2026-07,2,20,1,3
6e702a72-67f4-471d-a54d-5b5092c33ffb,daf2b43a-e08b-41ff-b3f5-f7d5cb5e11b7,2026-06,1,21,5,7
024db72e-914e-49fe-b552-8dd97c25306d,daf2b43a-e08b-41ff-b3f5-f7d5cb5e11b7,2026-05,2,20,8,1
f380107f-8e5a-4dac-8b75-0d1c27692e48,daf2b43a-e08b-41ff-b3f5-f7d5cb5e11b7,2026-04,1,21,9,1
f4e33247-ea4b-4e7d-8bb6-f46b22c11f36,daf2b43a-e08b-41ff-b3f5-f7d5cb5e11b7,2026-03,2,20,4,10
c8fd346e-6070-41ff-bef6-f316f2193134,daf2b43a-e08b-41ff-b3f5-f7d5cb5e11b7,2026-02,1,21,3,8
f43795ec-b870-4cc4-bd21-c37538776f86,678d7d64-ab4a-487f-be35-ebefef26f8fb,2026-07,4,18,4,6
fad1118c-3315-4257-ac47-92faa5f550a6,678d7d64-ab4a-487f-be35-ebefef26f8fb,2026-06,2,20,2,4
e6776547-3dab-4f3f-b8e7-33b7d1bf3d3c,678d7d64-ab4a-487f-be35-ebefef26f8fb,2026-05,5,17,2,5
174fcff3-dda5-4eee-a289-31939044ca53,678d7d64-ab4a-487f-be35-ebefef26f8fb,2026-04,2,20,2,5
3344aaf7-6095-4e4c-988e-8278fd5dca9a,678d7d64-ab4a-487f-be35-ebefef26f8fb,2026-03,5,17,3,0
3b4b864b-f118-4fe7-b4b3-1fe84949d96b,678d7d64-ab4a-487f-be35-ebefef26f8fb,2026-02,6,16,3,3
d14aeee0-0eb6-44e2-8968-e0af9a3c4cee,b024efda-4700-47c4-be43-193cf8762f9b,2026-07,2,20,6,8
5cde1f04-52ab-4b9a-88d1-e7d786f999cd,b024efda-4700-47c4-be43-193cf8762f9b,2026-06,1,21,9,5
ddda5cef-240a-4f35-9f30-a2f6737a106a,b024efda-4700-47c4-be43-193cf8762f9b,2026-05,1,21,0,4
1282efd2-268e-4666-b05a-18a0f6e469c7,f72e2e39-f288-4bcf-b1fc-b3926b61e7a0,2026-07,3,19,5,5
6596709e-3ad9-48ae-a800-44523336eecc,f72e2e39-f288-4bcf-b1fc-b3926b61e7a0,2026-06,1,21,4,5
04a50fff-ba52-4392-abd7-dfbc3eda4bda,f72e2e39-f288-4bcf-b1fc-b3926b61e7a0,2026-05,3,19,8,10
9a59f319-925b-4395-b07a-be267a84f54e,f72e2e39-f288-4bcf-b1fc-b3926b61e7a0,2026-04,1,21,2,9
14969260-96e6-4ea0-b05b-eb1cbe470e4a,f72e2e39-f288-4bcf-b1fc-b3926b61e7a0,2026-03,1,21,0,6
78dc9bf8-dc81-4387-a418-905fb4c6d2cb,f72e2e39-f288-4bcf-b1fc-b3926b61e7a0,2026-02,3,19,2,8
3423806d-e648-46d7-ae49-aedcc09873c3,3468031c-5ae6-4384-9660-19ac14697b4f,2026-07,1,21,6,1
3f4b8ab9-ef62-4051-956b-75601ed8df1a,3468031c-5ae6-4384-9660-19ac14697b4f,2026-06,0,22,9,3
5476021d-ca72-4f9a-84b1-1e4350a1e599,3468031c-5ae6-4384-9660-19ac14697b4f,2026-05,1,21,9,9
f66b4b61-419c-4175-9767-f22ddaf8a1b9,3468031c-5ae6-4384-9660-19ac14697b4f,2026-04,0,22,6,6
77963189-be0e-4d39-9606-a249e37eb997,3468031c-5ae6-4384-9660-19ac14697b4f,2026-03,1,21,8,2
1e1386d7-3b3d-4531-b353-9d6eaeb385eb,3468031c-5ae6-4384-9660-19ac14697b4f,2026-02,1,21,10,9
cbe3c063-be5d-4c9b-a75d-04a0bbe82c1d,63927b69-0379-4ea5-a4ad-837479fd3fa7,2026-07,1,21,13,4
33168d7e-6c06-4cce-810d-c98f6cdd1db9,63927b69-0379-4ea5-a4ad-837479fd3fa7,2026-06,1,21,5,3
fef687b7-df42-4dc7-9662-e52c9d256914,63927b69-0379-4ea5-a4ad-837479fd3fa7,2026-05,1,21,12,0
88837695-a484-440d-a6a0-cd1939c839ba,63927b69-0379-4ea5-a4ad-837479fd3fa7,2026-04,1,21,13,0
ebb344ff-1e6b-4aa6-a423-7f46b8269dd2,63927b69-0379-4ea5-a4ad-837479fd3fa7,2026-03,0,22,15,6
ba6b3694-2b6e-4581-b0c2-7bc755b74538,c38e1a3e-0f34-487b-9809-8aeacce6d48e,2026-07,1,21,10,10
fb7a5558-3101-4a10-854c-ca490f126988,c38e1a3e-0f34-487b-9809-8aeacce6d48e,2026-06,1,21,3,4
8079c3f4-bbde-4983-8c10-39966d35316a,c38e1a3e-0f34-487b-9809-8aeacce6d48e,2026-05,2,20,0,9
cf8eae6c-3536-4d29-9728-87f694830d14,c38e1a3e-0f34-487b-9809-8aeacce6d48e,2026-04,3,19,5,1
11844f80-8059-4c26-8430-cda93716ce63,c38e1a3e-0f34-487b-9809-8aeacce6d48e,2026-03,2,20,4,4
d9e7ec49-0ca2-4a62-bb36-9b0e96801993,c38e1a3e-0f34-487b-9809-8aeacce6d48e,2026-02,1,21,10,1
d9400e29-5fec-4c02-8318-1618940135a0,1ecbca75-dae5-468f-9bf3-f89bd6eb8187,2026-07,0,22,12,6
757635c7-d8f6-4af3-be4b-83a91935e7dc,1ecbca75-dae5-468f-9bf3-f89bd6eb8187,2026-06,0,22,10,7
8c51f6bd-74a6-48f3-acdd-3e8e124364e8,1ecbca75-dae5-468f-9bf3-f89bd6eb8187,2026-05,0,22,6,7
943808fd-61cf-4d1a-9371-208323374cda,1ecbca75-dae5-468f-9bf3-f89bd6eb8187,2026-04,0,22,11,1
aa12cc27-d7be-43e1-8d3a-4fa7ed0040bb,1ecbca75-dae5-468f-9bf3-f89bd6eb8187,2026-03,1,21,7,7
b1ab2bcb-c43e-42b3-9292-5cb2314e28c2,1ecbca75-dae5-468f-9bf3-f89bd6eb8187,2026-02,0,22,14,8
e9d7933d-c14e-440a-8773-984f5799b801,ec3b260f-abb4-49e2-adb6-689effd80023,2026-07,2,20,5,4
c28f63b2-5102-4959-9d3d-4d44280a9687,ec3b260f-abb4-49e2-adb6-689effd80023,2026-06,2,20,8,3
b7c083d3-67e2-43fa-8dd6-100116841842,ec3b260f-abb4-49e2-adb6-689effd80023,2026-05,1,21,6,0
0700ebe0-e509-4855-9470-2a11240805fb,ec3b260f-abb4-49e2-adb6-689effd80023,2026-04,3,19,9,0
f2d409ad-dbcd-4ec8-8dde-46e3d4531ac7,ec3b260f-abb4-49e2-adb6-689effd80023,2026-03,1,21,10,2
b2931283-1f32-4863-aece-4309e0e36e28,ec3b260f-abb4-49e2-adb6-689effd80023,2026-02,1,21,8,6
5e5e9736-b2e7-47cb-8bf1-12d4dd14e233,2d091cf2-0ad5-4444-98a8-4ed7bdbed977,2026-07,3,19,8,6
57b702e2-38c0-45b8-9de3-dda07d67dafa,2d091cf2-0ad5-4444-98a8-4ed7bdbed977,2026-06,2,20,0,1
42b2f078-6fef-4863-8331-cdb43d0c511a,2d091cf2-0ad5-4444-98a8-4ed7bdbed977,2026-05,2,20,9,1
a85ae26f-7088-4fc7-961d-3cbaffc2a299,2d091cf2-0ad5-4444-98a8-4ed7bdbed977,2026-04,1,21,5,2
fea6ef35-0603-46ae-bc56-87f54184c577,2d091cf2-0ad5-4444-98a8-4ed7bdbed977,2026-03,3,19,3,0
f2dcfc0b-ff81-40cc-811e-8882f1d5eec8,2d091cf2-0ad5-4444-98a8-4ed7bdbed977,2026-02,2,20,2,2
18bc942d-b393-4fb6-b908-0b9ea741b0c8,c3a674a4-e305-4c2a-a198-8f31857a4562,2026-07,1,21,10,2
3a99a249-afc6-4a58-8b33-67fa7894f39b,c3a674a4-e305-4c2a-a198-8f31857a4562,2026-06,0,22,11,2
9e3adbf5-cfbb-454d-86a7-27311b44257f,c3a674a4-e305-4c2a-a198-8f31857a4562,2026-05,0,22,6,0
4a7ab1bf-8052-405d-ab4e-5be0766cb63e,c3a674a4-e305-4c2a-a198-8f31857a4562,2026-04,0,22,15,5
5c074db8-30b9-4634-b967-10c4660de151,c3a674a4-e305-4c2a-a198-8f31857a4562,2026-03,0,22,8,5
9d713ad8-e9f3-462c-a924-d178279e780e,c3a674a4-e305-4c2a-a198-8f31857a4562,2026-02,1,21,5,10
745ceb8c-e1cb-4612-9cb9-31c645b6d8bc,a82da437-50f0-4521-b6aa-ee2dcfb9f80e,2026-07,0,22,9,6
4a047bcb-a2e3-4a3b-b448-ad60406a5fd6,a82da437-50f0-4521-b6aa-ee2dcfb9f80e,2026-06,1,21,10,9
e71eba0f-1262-473c-915f-5d8c0d5bd372,a82da437-50f0-4521-b6aa-ee2dcfb9f80e,2026-05,1,21,12,8
d61c3689-f03e-4bb9-b024-521031446437,a82da437-50f0-4521-b6aa-ee2dcfb9f80e,2026-04,1,21,12,10
9aa725dd-8e7e-4a3c-bd8e-dbfd53daacfa,a82da437-50f0-4521-b6aa-ee2dcfb9f80e,2026-03,0,22,13,5
4c026476-c096-43d0-89ff-403620f59f35,a82da437-50f0-4521-b6aa-ee2dcfb9f80e,2026-02,1,21,10,1
09842657-4e25-4c7a-9989-8d8337d757de,97aa3c2a-41e6-4df7-8d1b-4b55270f141a,2026-07,0,22,8,2
03d6b6e7-daf1-4725-b00a-070d6f8c8b47,97aa3c2a-41e6-4df7-8d1b-4b55270f141a,2026-06,0,22,15,0
23201e6b-90d9-43aa-9c8e-7f18c1da57a9,97aa3c2a-41e6-4df7-8d1b-4b55270f141a,2026-05,0,22,9,5
d8c925eb-7a8b-4913-bb17-194167a782cc,97aa3c2a-41e6-4df7-8d1b-4b55270f141a,2026-04,0,22,5,8
38b4d7f1-b911-4e87-b859-10fb30758d20,97aa3c2a-41e6-4df7-8d1b-4b55270f141a,2026-03,0,22,6,1
d0bcbf2d-133b-4153-bf2c-961ab6e589ef,97aa3c2a-41e6-4df7-8d1b-4b55270f141a,2026-02,0,22,11,0
163139dd-927b-4a3e-89ce-4cb3ed49de87,55a83463-a9ca-4df2-ba6c-109647adbc4e,2026-07,2,20,1,9
033e6ea4-a63b-400d-b10b-5c26ce183313,55a83463-a9ca-4df2-ba6c-109647adbc4e,2026-06,1,21,10,5
2deac5a1-e6f3-4cef-9e06-31182635f0e2,55a83463-a9ca-4df2-ba6c-109647adbc4e,2026-05,2,20,2,4
34711489-20ff-42f0-9521-59daa89d51de,55a83463-a9ca-4df2-ba6c-109647adbc4e,2026-04,1,21,2,8
4888e064-6058-4383-907c-f5b5bd72d6ee,55a83463-a9ca-4df2-ba6c-109647adbc4e,2026-03,3,19,5,8
f390dbd5-e74f-44da-bb83-1576e74eed42,55a83463-a9ca-4df2-ba6c-109647adbc4e,2026-02,3,19,4,6
48e1f9d8-e59e-4933-9793-4a8001f1a06c,0d78e902-c72a-4677-958f-4dde41205961,2026-07,1,21,11,10
b91f92ed-dfd2-49e8-adec-ec9119b22f5b,0d78e902-c72a-4677-958f-4dde41205961,2026-06,0,22,13,9
0e6590ef-59e3-438c-9cff-1cce9b9fd57c,0d78e902-c72a-4677-958f-4dde41205961,2026-05,1,21,10,8
f26f702a-2f7f-462c-86a5-7d3885583fec,0d78e902-c72a-4677-958f-4dde41205961,2026-04,1,21,8,8
08340dc8-d9dc-4e55-9850-8fa5da458d10,0d78e902-c72a-4677-958f-4dde41205961,2026-03,1,21,15,1
805244c0-d079-486c-b7fe-3ea8fd64b9be,8b0f8226-6bb3-4b2e-b0cf-838f2e123578,2026-07,4,18,1,8
000560b4-6f8b-4dd6-a716-64ea696f1665,8b0f8226-6bb3-4b2e-b0cf-838f2e123578,2026-06,5,17,2,3
61f4b8a3-b563-491f-b4d6-dce71b407088,8b0f8226-6bb3-4b2e-b0cf-838f2e123578,2026-05,3,19,1,6
1846f978-647b-4c8a-ba54-d3c5b90760f7,8b0f8226-6bb3-4b2e-b0cf-838f2e123578,2026-04,6,16,2,0
9b1c9e60-960e-4cad-acb5-c53cf9991257,8b0f8226-6bb3-4b2e-b0cf-838f2e123578,2026-03,5,17,4,6
35f76775-9f82-46bc-a981-1ae6464cd945,8b0f8226-6bb3-4b2e-b0cf-838f2e123578,2026-02,5,17,0,7
227dfe83-a801-4119-a3c0-9b23d9841e81,f02e33b8-8bcb-477e-9a03-3bbd37ef8fdf,2026-07,3,19,7,6
55853e50-2f48-4bf0-b95a-96f5f6f8a105,f02e33b8-8bcb-477e-9a03-3bbd37ef8fdf,2026-06,3,19,5,10
4d881f4a-7339-495c-aaa8-e0101aa64d8f,f02e33b8-8bcb-477e-9a03-3bbd37ef8fdf,2026-05,1,21,0,3
38b00088-e83e-4b81-aa65-e6c3ff640b7e,f02e33b8-8bcb-477e-9a03-3bbd37ef8fdf,2026-04,3,19,1,8
ee2f338d-afc5-494a-be14-74ea62c0f025,f02e33b8-8bcb-477e-9a03-3bbd37ef8fdf,2026-03,1,21,8,2
50c3ac9b-d07f-4b97-8e58-291d3de12ac6,f02e33b8-8bcb-477e-9a03-3bbd37ef8fdf,2026-02,2,20,7,3
23313dd6-c97f-41c8-bed7-72cd80ea015f,d7134183-e243-4f4a-af18-c50a3842a7e8,2026-07,3,19,0,7
7b255d64-1bc7-4ebc-b400-6854971f3be7,d7134183-e243-4f4a-af18-c50a3842a7e8,2026-06,4,18,0,9
90f1648c-155b-4030-b6ae-e8be66b92864,d7134183-e243-4f4a-af18-c50a3842a7e8,2026-05,4,18,5,9
de7956f3-2fa1-4351-8057-198c25efae0f,d7134183-e243-4f4a-af18-c50a3842a7e8,2026-04,5,17,3,2
6448dda5-0c27-4f74-8a52-085ca6cc9b89,d7134183-e243-4f4a-af18-c50a3842a7e8,2026-03,6,16,3,9
6e4fbcab-9fd2-466b-86e9-56ae4b02d390,d7134183-e243-4f4a-af18-c50a3842a7e8,2026-02,4,18,3,9
beae5436-5a18-4919-b5dc-289b5e4eb8e4,a9f566c2-a9a4-4b0e-afb2-4c4125f4ba08,2026-07,2,20,8,9
c45b04ad-a998-481b-a260-bfe04d64f024,a9f566c2-a9a4-4b0e-afb2-4c4125f4ba08,2026-06,2,20,7,9
d6e5ffdb-6eec-4327-8113-c912e6339d51,a9f566c2-a9a4-4b0e-afb2-4c4125f4ba08,2026-05,2,20,3,8
7d31f347-f292-456c-8bc1-f6beade36460,a9f566c2-a9a4-4b0e-afb2-4c4125f4ba08,2026-04,1,21,4,9
9c1bbc0c-0ff1-40c5-a08d-02a140cd9771,a9f566c2-a9a4-4b0e-afb2-4c4125f4ba08,2026-03,2,20,0,1
5913bff4-2076-4f51-b2ab-d1a933e05bba,a9f566c2-a9a4-4b0e-afb2-4c4125f4ba08,2026-02,1,21,10,2
a27f7122-0097-4a61-92f0-8c340adb8b2a,8d8cb1c6-1f6a-4815-a11d-3baec4df1695,2026-07,3,19,8,1
4958e45c-257e-4321-81fc-f95cb8fbe9ac,8d8cb1c6-1f6a-4815-a11d-3baec4df1695,2026-06,2,20,0,1
8a56ffd0-70f1-41e2-be7e-99f188468f58,8d8cb1c6-1f6a-4815-a11d-3baec4df1695,2026-05,1,21,2,7
f9b4ef28-e5e6-47a9-b87b-890f27cfe670,8d8cb1c6-1f6a-4815-a11d-3baec4df1695,2026-04,2,20,5,6
b9f39c7d-1e04-470a-97d5-775cb8661da1,8d8cb1c6-1f6a-4815-a11d-3baec4df1695,2026-03,3,19,5,10
1648a90c-18a2-4a64-a287-3179804c6ba6,8d8cb1c6-1f6a-4815-a11d-3baec4df1695,2026-02,2,20,6,7
d4d9caa7-a3ed-4a2d-9b43-7f24eb1caa1e,dc2f2071-afe8-4f69-9459-a079dd79b881,2026-07,0,22,14,10
eff3c02c-b70b-4650-9bc3-c014d2381082,dc2f2071-afe8-4f69-9459-a079dd79b881,2026-06,1,21,12,4
6326bfff-edac-41eb-9916-b050cb094b62,dc2f2071-afe8-4f69-9459-a079dd79b881,2026-05,1,21,14,9
9d511db8-b41a-44e2-bee2-7a941e67eb2c,dc2f2071-afe8-4f69-9459-a079dd79b881,2026-04,0,22,11,6
f94a6945-876b-4118-8ae1-3a70f16b4170,dc2f2071-afe8-4f69-9459-a079dd79b881,2026-03,1,21,13,6
d1d4a413-8d27-4e5b-8c00-cc1f79b3a07b,dc2f2071-afe8-4f69-9459-a079dd79b881,2026-02,0,22,8,7
5f8e5e09-cf48-47a6-8a01-80ba30f85652,f02d236c-e2a9-46b5-b653-568971ce26f6,2026-07,2,20,3,1
0dd79e47-e587-439c-866b-e8ecf75d05cd,f02d236c-e2a9-46b5-b653-568971ce26f6,2026-06,1,21,0,4
9fcab8f2-faa8-4635-ac66-d552493d560f,f02d236c-e2a9-46b5-b653-568971ce26f6,2026-05,2,20,6,7
0444c99f-93b7-4638-ad29-7a71f8ceb30a,f02d236c-e2a9-46b5-b653-568971ce26f6,2026-04,3,19,7,4
ef8bdbb7-a596-416e-95e3-6bf364d088d1,f02d236c-e2a9-46b5-b653-568971ce26f6,2026-03,2,20,9,9
b77d1bdf-7bbf-427a-908d-19154d20c51b,f02d236c-e2a9-46b5-b653-568971ce26f6,2026-02,2,20,1,6
85cc7135-f0f4-47b4-95cd-e845da48671c,046e35af-6ab1-4222-b895-20ed1a9a0929,2026-07,2,20,8,9
176488ae-ef41-46f6-999b-3f06ba34e35c,046e35af-6ab1-4222-b895-20ed1a9a0929,2026-06,1,21,4,10
2363560f-8419-4aa8-b6c3-b0da40961a5b,046e35af-6ab1-4222-b895-20ed1a9a0929,2026-05,2,20,2,7
3fae26a2-4704-411d-bc13-07da5c10b487,046e35af-6ab1-4222-b895-20ed1a9a0929,2026-04,2,20,3,8
65daf1be-54e5-4fff-b6f1-1b9fd7ab5902,046e35af-6ab1-4222-b895-20ed1a9a0929,2026-03,3,19,7,0
af110fc6-60fa-441b-a269-f15350a5bb43,046e35af-6ab1-4222-b895-20ed1a9a0929,2026-02,1,21,5,1
d5118995-8d72-47da-a748-3e41f2cf8cbf,9131cb47-86da-419b-91f1-52d7a19ba080,2026-07,2,20,7,5
78bd7a45-5e66-4e90-a970-a6cab1ad5461,9131cb47-86da-419b-91f1-52d7a19ba080,2026-06,3,19,9,5
68f30602-e24f-4fe1-9ea4-a777c9ed6ace,9131cb47-86da-419b-91f1-52d7a19ba080,2026-05,2,20,9,10
07cdb761-9fb0-4ca6-9a4c-d314c0b10cab,9131cb47-86da-419b-91f1-52d7a19ba080,2026-04,1,21,7,4
a58f3ce5-3739-4477-82fa-155520410038,9131cb47-86da-419b-91f1-52d7a19ba080,2026-03,1,21,1,1
d25207c3-a5b8-4512-9589-d55621f3aeab,9131cb47-86da-419b-91f1-52d7a19ba080,2026-02,3,19,0,8
4155522c-cb6c-4539-b7e9-09b9181f477c,2a6b5956-5714-4011-af94-c006d7ae0691,2026-07,1,21,10,9
d9110f17-8cf1-40ee-bbe3-aff0877caaf1,2a6b5956-5714-4011-af94-c006d7ae0691,2026-06,1,21,14,3
ef0d519e-ece2-415d-9741-c6d75cc55dcf,2a6b5956-5714-4011-af94-c006d7ae0691,2026-05,1,21,6,9
3cf9a723-18b0-44c2-9a07-c01b353c3f2e,2a6b5956-5714-4011-af94-c006d7ae0691,2026-04,1,21,15,1
a88cf028-f781-455a-a817-540bf43ac3cc,2a6b5956-5714-4011-af94-c006d7ae0691,2026-03,1,21,5,0
2779d5bc-b295-4099-badb-4ef9c666454a,2a6b5956-5714-4011-af94-c006d7ae0691,2026-02,1,21,12,1
6fab5de5-c2a8-419f-8fd6-946528a947da,447b7c9e-220d-431f-a81e-1c6354ee6230,2026-07,0,22,9,2
a588e714-c0ec-4dd5-94d6-721345772d0f,447b7c9e-220d-431f-a81e-1c6354ee6230,2026-06,1,21,5,6
de032833-88fa-457d-bae7-381c477c2709,447b7c9e-220d-431f-a81e-1c6354ee6230,2026-05,1,21,6,3
ab44f23e-86f4-4fc2-860b-005c749104e9,447b7c9e-220d-431f-a81e-1c6354ee6230,2026-04,0,22,15,1
e356b476-083d-4c96-964f-8acb85f810d2,447b7c9e-220d-431f-a81e-1c6354ee6230,2026-03,1,21,6,5
a27d09be-0701-43b8-a9e0-dfa380aeca6a,447b7c9e-220d-431f-a81e-1c6354ee6230,2026-02,0,22,10,7
7958867e-d6c4-47be-b68f-dd2df151f043,016f284a-3d20-4647-92ea-b6c3b0bc6b87,2026-07,2,20,2,2
23b6e9ad-0e3e-4bac-86e9-2666947b90c2,016f284a-3d20-4647-92ea-b6c3b0bc6b87,2026-06,2,20,3,3
23da013c-864a-43bf-8f82-4b8ebb2875a7,016f284a-3d20-4647-92ea-b6c3b0bc6b87,2026-05,3,19,2,6
498d4083-c35f-4579-9d05-5281d4c86b3c,016f284a-3d20-4647-92ea-b6c3b0bc6b87,2026-04,6,16,2,0
27dfba26-c908-4e45-856c-b02941a9123a,016f284a-3d20-4647-92ea-b6c3b0bc6b87,2026-03,3,19,4,8
4f4b0580-2e0d-4f69-962c-d65d77d5bf35,016f284a-3d20-4647-92ea-b6c3b0bc6b87,2026-02,2,20,5,8
389474ea-d371-495b-ab8c-aabeccc497d8,ebab6662-070a-419b-80c3-f194ddd1606d,2026-07,6,16,2,1
86b12593-f41d-49b8-8d68-46bc137cd01c,ebab6662-070a-419b-80c3-f194ddd1606d,2026-06,6,16,5,3
3072d346-ea71-480c-9834-9c317a310984,ebab6662-070a-419b-80c3-f194ddd1606d,2026-05,2,20,0,4
d521033c-1b44-4cae-b0e7-24b5d1d5441c,ebab6662-070a-419b-80c3-f194ddd1606d,2026-04,2,20,3,8
c72d471e-1aec-4a00-9964-0726d05624af,ebab6662-070a-419b-80c3-f194ddd1606d,2026-03,3,19,4,0
756d3cb0-d60b-4cca-8c2b-c639d3dac6be,ebab6662-070a-419b-80c3-f194ddd1606d,2026-02,2,20,2,3
3f4b9892-0a42-4b3f-a8c9-b703417252ec,7fcedad5-94b0-40a8-8de2-b161e5f4d014,2026-07,1,21,11,1
cb16c9ec-e742-414f-9e14-482080ba91cc,7fcedad5-94b0-40a8-8de2-b161e5f4d014,2026-06,1,21,13,4
deaed2b4-d04a-4e7a-9fc6-ba622e3cbb59,7fcedad5-94b0-40a8-8de2-b161e5f4d014,2026-05,1,21,5,9
59483d46-07b0-452d-a6db-bb78381b5859,7fcedad5-94b0-40a8-8de2-b161e5f4d014,2026-04,1,21,10,0
1f65f8a4-17f0-4cd6-9c44-18cc314d3fc9,7fcedad5-94b0-40a8-8de2-b161e5f4d014,2026-03,1,21,13,4
0ac97444-0c22-47f5-a296-74946ce89e1d,7fcedad5-94b0-40a8-8de2-b161e5f4d014,2026-02,1,21,8,6
c117381f-9c25-4e49-a961-bed72049c363,503ae7cb-cdd6-4e41-a27a-3107bcb0ae91,2026-07,2,20,5,4
085641ad-0bb9-463d-8bd6-706098feceb3,503ae7cb-cdd6-4e41-a27a-3107bcb0ae91,2026-06,2,20,10,4
ae3ac2f8-79bc-498f-8d00-8ed6718660ed,503ae7cb-cdd6-4e41-a27a-3107bcb0ae91,2026-05,3,19,2,10
a443eb1e-be41-4410-942b-e34d04f768ee,503ae7cb-cdd6-4e41-a27a-3107bcb0ae91,2026-04,3,19,4,4
5269de6c-b2b0-4574-b2e3-fa82e45f00c9,503ae7cb-cdd6-4e41-a27a-3107bcb0ae91,2026-03,2,20,2,10
4c2f0468-6b7f-4e60-a085-315f8828caa6,503ae7cb-cdd6-4e41-a27a-3107bcb0ae91,2026-02,3,19,9,10
3d1837a1-2e55-4b79-959c-f620a1e6f4e0,0a66f92a-039d-42b4-abef-c527a3f1157c,2026-07,1,21,13,4
d38651a6-66a0-42c9-b85a-0131377f6a4b,0a66f92a-039d-42b4-abef-c527a3f1157c,2026-06,1,21,14,7
7968166e-84d7-41af-83de-781d56f0b3cb,0a66f92a-039d-42b4-abef-c527a3f1157c,2026-05,1,21,12,4
44e3086b-7fc5-46a3-a580-4dc7dd8c1c03,0a66f92a-039d-42b4-abef-c527a3f1157c,2026-04,1,21,10,1
c4971c78-ad1d-48c3-96da-c014bb697068,0a66f92a-039d-42b4-abef-c527a3f1157c,2026-03,1,21,8,4
2dcd9113-6268-427b-8ae3-8ef7346f47ba,0a66f92a-039d-42b4-abef-c527a3f1157c,2026-02,1,21,11,9
dac32980-95e5-4671-8873-2660d60543f5,aeef3b46-7c4a-41c2-8655-dacda1d4c92f,2026-07,0,22,13,6
a3680a0d-90ab-4a05-bf4e-175f2b26a353,aeef3b46-7c4a-41c2-8655-dacda1d4c92f,2026-06,1,21,5,3
3ef4a6b3-ca5f-4317-9263-f94de1b4cdff,aeef3b46-7c4a-41c2-8655-dacda1d4c92f,2026-05,0,22,9,3
1b2c99f0-e435-4217-8cf0-afef36c36dec,aeef3b46-7c4a-41c2-8655-dacda1d4c92f,2026-04,0,22,5,9
7b91c708-2a51-442c-8ffd-876b476495ca,aeef3b46-7c4a-41c2-8655-dacda1d4c92f,2026-03,0,22,5,2
3d1e1dab-2c6d-47c7-a988-4660fe9c38fc,aeef3b46-7c4a-41c2-8655-dacda1d4c92f,2026-02,0,22,5,9
d5f21143-266c-4b9d-b5f2-79e68d92f9e2,74d41aa4-3b21-401c-a924-87fedaacb0a9,2026-07,1,21,6,10
0dff2059-2708-42b5-be66-de2b15a36419,74d41aa4-3b21-401c-a924-87fedaacb0a9,2026-06,1,21,7,1
13b70455-e724-4dcb-9f88-c86d1cb45037,74d41aa4-3b21-401c-a924-87fedaacb0a9,2026-05,1,21,7,8
cebd3835-ef71-423b-a609-8c8bc44ad786,74d41aa4-3b21-401c-a924-87fedaacb0a9,2026-04,0,22,12,9
4986abea-ec36-4a47-bd32-ec3a42258331,74d41aa4-3b21-401c-a924-87fedaacb0a9,2026-03,1,21,8,1
2035103c-938f-4bdf-a696-f9340d3b5727,74d41aa4-3b21-401c-a924-87fedaacb0a9,2026-02,0,22,12,6
9dbc2c9e-424c-4842-8b5c-a2a958d087f9,3414631f-ae1b-49cc-afab-39b96b9779ab,2026-07,0,22,14,9
f1b876c8-0caf-46b8-a5d2-8883e3579814,3414631f-ae1b-49cc-afab-39b96b9779ab,2026-06,1,21,14,10
22d7d398-6147-4721-98cb-6d19b4460465,3414631f-ae1b-49cc-afab-39b96b9779ab,2026-05,1,21,10,10
bfce2865-68ad-4099-aaa3-1c8ee2f803ac,3414631f-ae1b-49cc-afab-39b96b9779ab,2026-04,1,21,8,8
ffc19289-aab0-41b7-8849-e3375ced1126,3414631f-ae1b-49cc-afab-39b96b9779ab,2026-03,0,22,12,1
43e10463-f474-45a7-b183-2a63daa428d4,3414631f-ae1b-49cc-afab-39b96b9779ab,2026-02,0,22,6,7
fef11fc3-fef3-4b11-b461-4471d355789b,58ce0f3c-6201-4a45-b875-e5eff56a6ade,2026-07,1,21,13,6
7c9eb771-30d8-490a-88f3-dc5c06f0ee3b,58ce0f3c-6201-4a45-b875-e5eff56a6ade,2026-06,0,22,9,10
2cb5a2da-9fa9-4a29-bd74-773c6b080537,58ce0f3c-6201-4a45-b875-e5eff56a6ade,2026-05,0,22,5,1
a6c9d3cc-d993-4ded-aae3-3b1c0aefcc4a,58ce0f3c-6201-4a45-b875-e5eff56a6ade,2026-04,1,21,11,7
47b76578-cd72-428b-8735-2580b970ecee,58ce0f3c-6201-4a45-b875-e5eff56a6ade,2026-03,1,21,12,2
67a0519e-08df-40f5-8579-98607e8a4602,58ce0f3c-6201-4a45-b875-e5eff56a6ade,2026-02,1,21,7,5
9d92cdf5-ca66-4c1b-8844-d84c8745dd19,0f979152-581c-4fd6-be6d-42353b9c85f6,2026-07,0,22,10,7
e059265e-f245-4546-a4e9-cc9ea370998a,0f979152-581c-4fd6-be6d-42353b9c85f6,2026-06,1,21,14,4
ede45ce5-b9fb-4384-b506-1935466b30d1,0f979152-581c-4fd6-be6d-42353b9c85f6,2026-05,0,22,11,4
cdda3b42-9ba1-481e-9bb8-17b65097e15e,0f979152-581c-4fd6-be6d-42353b9c85f6,2026-04,1,21,12,1
52e94eb0-ead1-4370-8a37-5ae566468e86,0f979152-581c-4fd6-be6d-42353b9c85f6,2026-03,0,22,11,3
f3ed745a-0514-4c73-9347-c95a044d20fa,0f979152-581c-4fd6-be6d-42353b9c85f6,2026-02,1,21,11,6
7f613e4a-fddd-43ef-9e36-977d9c6d1c77,8407ad97-7a16-4a8d-87af-4071369e1796,2026-07,1,21,7,8
d7f6b17a-6193-4b34-9fc0-10e08ecfde42,8407ad97-7a16-4a8d-87af-4071369e1796,2026-06,1,21,5,6
186288d8-8bef-4c6d-b09d-884025460167,8407ad97-7a16-4a8d-87af-4071369e1796,2026-05,2,20,0,5
2547b494-1c1c-431c-95a4-43675cec6d7c,8407ad97-7a16-4a8d-87af-4071369e1796,2026-04,3,19,10,4
8c7fbcef-c27e-4587-a4b8-5e39eb6120b6,8407ad97-7a16-4a8d-87af-4071369e1796,2026-03,3,19,2,8
bf6222ca-9cfe-41c1-a83c-93a87bdcefb4,8407ad97-7a16-4a8d-87af-4071369e1796,2026-02,2,20,10,7
0b77d251-a181-4751-b4f7-5601924a4deb,54a9fc92-b79c-4f87-a0ee-0e34da505d66,2026-07,0,22,14,1
51478cfd-f7f3-49cf-bf7d-a6a313bc02ca,54a9fc92-b79c-4f87-a0ee-0e34da505d66,2026-06,0,22,8,8
17e30cb9-e91c-4689-bfa0-5dae4dcfb8b5,54a9fc92-b79c-4f87-a0ee-0e34da505d66,2026-05,1,21,14,9
375eda4b-fc00-462d-a09f-78df5beb08c0,54a9fc92-b79c-4f87-a0ee-0e34da505d66,2026-04,1,21,10,10
22ca8b46-97ab-41eb-9e81-72618321ef4a,79e1dc34-5e53-496b-9f4f-29f75c9e0a43,2026-07,3,19,5,1
5078c704-fb9b-4fe3-9a21-b2145ca033cc,79e1dc34-5e53-496b-9f4f-29f75c9e0a43,2026-06,2,20,9,6
878284aa-0086-40cc-ad35-3907283c156d,79e1dc34-5e53-496b-9f4f-29f75c9e0a43,2026-05,3,19,5,0
dbcba0c2-a4a5-4c28-98dd-97b323d195e5,79e1dc34-5e53-496b-9f4f-29f75c9e0a43,2026-04,2,20,1,1
dccfcad2-f494-4053-970d-f87165296fd3,79e1dc34-5e53-496b-9f4f-29f75c9e0a43,2026-03,1,21,8,1
2cfbcb0c-ee43-4021-bf0f-860500190fc8,79e1dc34-5e53-496b-9f4f-29f75c9e0a43,2026-02,1,21,3,0
5d21ae06-4475-4aab-947d-db2860532ac4,8808d0d9-7b90-4482-8b99-e50164b8f1ca,2026-07,1,21,12,1
4bec09c4-2379-4684-b017-325c9f97ea7d,8808d0d9-7b90-4482-8b99-e50164b8f1ca,2026-06,1,21,11,0
4789f919-cf6d-4999-ae1c-fafc9ec1e617,8808d0d9-7b90-4482-8b99-e50164b8f1ca,2026-05,1,21,11,8
cca47159-547d-45f9-8c83-9e83ddcefd4f,8808d0d9-7b90-4482-8b99-e50164b8f1ca,2026-04,0,22,10,4
3cea74e9-04e3-4344-a064-744c4afcbafc,8808d0d9-7b90-4482-8b99-e50164b8f1ca,2026-03,0,22,8,5
5eeff5fa-428a-4510-9cb3-e29880300670,8808d0d9-7b90-4482-8b99-e50164b8f1ca,2026-02,1,21,10,0
91fc6ce1-4e4d-497d-bb27-e8690f32a121,a24f9987-1898-49ad-af10-29a8f40a92be,2026-07,0,22,15,7
59321b9f-27d0-49a2-ae32-0efe06b897b2,a24f9987-1898-49ad-af10-29a8f40a92be,2026-06,1,21,11,0
cb3b4111-5429-4a27-9364-6913961819a4,a24f9987-1898-49ad-af10-29a8f40a92be,2026-05,0,22,10,3
857f046d-a899-4da7-81b4-8e9ce8d5daf5,a24f9987-1898-49ad-af10-29a8f40a92be,2026-04,0,22,15,5
d3c6a080-4529-467e-8dab-c385bc62c68a,a24f9987-1898-49ad-af10-29a8f40a92be,2026-03,0,22,5,4
9901dc90-4d45-419a-a944-05d8422eba18,a24f9987-1898-49ad-af10-29a8f40a92be,2026-02,1,21,5,7
be8eb2f3-2ada-4364-8af6-ea2251df29d0,1cf45958-68fd-4f04-8f79-b0756ad19915,2026-07,1,21,6,7
74ff0026-6fda-426b-9501-062f2fdfe8af,1cf45958-68fd-4f04-8f79-b0756ad19915,2026-06,0,22,5,4
52000811-b6da-44a6-940e-da998fb9b126,1cf45958-68fd-4f04-8f79-b0756ad19915,2026-05,1,21,14,9
34a9192f-7d88-4972-8023-49a1011f8f73,1cf45958-68fd-4f04-8f79-b0756ad19915,2026-04,1,21,12,5
7f19a15f-71bd-4d37-8f10-b2c24a4a6724,1cf45958-68fd-4f04-8f79-b0756ad19915,2026-03,0,22,5,5
1f91f4ef-0341-4940-9504-184fe654dc5c,1cf45958-68fd-4f04-8f79-b0756ad19915,2026-02,1,21,10,5
b08e00c6-2cc0-432f-be4b-32318780e02d,0d05e1f9-c392-4164-8b03-1eebf9d8713c,2026-07,6,16,0,10
95f1ca06-c150-49e8-af56-8eff80ec93af,0d05e1f9-c392-4164-8b03-1eebf9d8713c,2026-06,3,19,0,0
a5f055f0-41ad-48cd-b405-4318b4d3a607,0d05e1f9-c392-4164-8b03-1eebf9d8713c,2026-05,5,17,1,1
3c14877f-21b4-4aab-8826-89aa551a6778,0d05e1f9-c392-4164-8b03-1eebf9d8713c,2026-04,5,17,5,5
54933d61-74d4-4c31-a6fe-5544dddc2170,0d05e1f9-c392-4164-8b03-1eebf9d8713c,2026-03,5,17,3,9
73c48913-d4f2-4da2-8715-d8828dc9ac42,0d05e1f9-c392-4164-8b03-1eebf9d8713c,2026-02,5,17,1,9
a1d7ed47-9209-40d2-be02-fcfbcaa2b927,c14d22eb-8000-4ea6-8b9a-f6b553849931,2026-07,0,22,14,9
20dc0466-ddd3-484b-9f3e-b0c465307618,c14d22eb-8000-4ea6-8b9a-f6b553849931,2026-06,1,21,15,9
77a3b09e-fbc7-4dec-aaaf-f82d1dadb52a,c14d22eb-8000-4ea6-8b9a-f6b553849931,2026-05,0,22,9,10
8ec757dc-c048-47e4-ba35-574c54f73bdd,c14d22eb-8000-4ea6-8b9a-f6b553849931,2026-04,0,22,5,4
919d1a85-c965-4604-b87a-38ea19ec4eee,c14d22eb-8000-4ea6-8b9a-f6b553849931,2026-03,1,21,9,1
f941bcb0-5ddf-4f99-a7c3-8a23bb59b9f5,c14d22eb-8000-4ea6-8b9a-f6b553849931,2026-02,1,21,9,0
86e95a7f-ca1c-4ff5-b4df-b4cd27c3255a,f414b8c5-935d-4617-9c96-beaf04dad2ac,2026-07,0,22,13,6
2ae713b6-0141-427e-beb3-f4335a4949a1,f414b8c5-935d-4617-9c96-beaf04dad2ac,2026-06,1,21,11,9
c3818794-595e-4544-abaf-f5cfa0dc3e23,f414b8c5-935d-4617-9c96-beaf04dad2ac,2026-05,0,22,9,10
6bd3f15f-a6c0-49fa-9399-1e602cfdb75b,f414b8c5-935d-4617-9c96-beaf04dad2ac,2026-04,0,22,12,1
6d9f831d-1cf6-41ea-b536-01018aa285ee,f414b8c5-935d-4617-9c96-beaf04dad2ac,2026-03,1,21,10,7
7dd6f19f-d576-4800-a4f2-c64eaa94b51b,f414b8c5-935d-4617-9c96-beaf04dad2ac,2026-02,1,21,8,6
415902a9-7fca-476a-b999-f7bb3fcbbafc,5fb10d36-f557-4dde-a1d2-0080bfa17fb4,2026-07,1,21,12,10
03d1f036-f927-494a-b819-e62983557724,5fb10d36-f557-4dde-a1d2-0080bfa17fb4,2026-06,1,21,5,0
2bff89f7-c66d-43dc-8be0-ec8b41bab679,5fb10d36-f557-4dde-a1d2-0080bfa17fb4,2026-05,0,22,11,7
b7614c7f-99c9-4ace-b0dd-441051556455,5fb10d36-f557-4dde-a1d2-0080bfa17fb4,2026-04,0,22,7,4
170bc1cb-03da-4616-b3d5-fe01d6ffe6f9,5fb10d36-f557-4dde-a1d2-0080bfa17fb4,2026-03,1,21,13,10
1ec20b85-c733-46be-b2af-a056c8202fac,5fb10d36-f557-4dde-a1d2-0080bfa17fb4,2026-02,0,22,9,0
9c32125f-42af-4ce4-8b00-da354e2d031d,0109d323-4161-4e28-bf83-7c563194813e,2026-07,0,22,11,1
c30d3579-2c2d-4e87-a3ea-ec089e92012d,0109d323-4161-4e28-bf83-7c563194813e,2026-06,0,22,10,7
77c866f6-643a-4a42-82ee-c10d8df8e070,0109d323-4161-4e28-bf83-7c563194813e,2026-05,1,21,11,9
d07c533c-20eb-495f-9022-42463a66b946,0109d323-4161-4e28-bf83-7c563194813e,2026-04,1,21,12,6
d9595f6f-fcb2-4a0d-b644-600dd08d961c,0109d323-4161-4e28-bf83-7c563194813e,2026-03,0,22,5,7
9fd10331-9f41-46a5-8d1d-597e6147aaf7,0109d323-4161-4e28-bf83-7c563194813e,2026-02,1,21,5,7
4132a827-9f05-452a-a951-911b2baf48ac,59216969-7653-4665-9dd5-6e3a57979169,2026-07,1,21,6,0
3d769f24-485b-4462-9a10-7cefdf814419,59216969-7653-4665-9dd5-6e3a57979169,2026-06,1,21,8,3
a2f3ca42-cc48-4174-a586-5fc5966fded3,59216969-7653-4665-9dd5-6e3a57979169,2026-05,1,21,13,9
272f949a-b152-4e54-9701-1da9bfcf6f8c,59216969-7653-4665-9dd5-6e3a57979169,2026-04,1,21,13,8
a1631c5b-a2dd-4c97-8acd-bfafc6609786,59216969-7653-4665-9dd5-6e3a57979169,2026-03,0,22,8,0
0411d1ca-939a-454e-aa8d-8307c5abc5d4,59216969-7653-4665-9dd5-6e3a57979169,2026-02,1,21,5,10
61719248-40e9-498d-a62f-fded9262ca21,dda36fe2-c32a-4cc2-89e6-a41fd9ac199c,2026-07,0,22,8,6
d422ce89-bcd6-4215-8170-4280517ddfd9,dda36fe2-c32a-4cc2-89e6-a41fd9ac199c,2026-06,0,22,15,0
c15c5e62-522d-4a32-941a-5aa3e36663ab,dda36fe2-c32a-4cc2-89e6-a41fd9ac199c,2026-05,1,21,12,0
037a03e8-e5fd-409a-a386-b1bf7cf4c888,dda36fe2-c32a-4cc2-89e6-a41fd9ac199c,2026-04,0,22,12,1
f4a2e34b-3f28-4ea5-8c1d-a42a82579ca7,dda36fe2-c32a-4cc2-89e6-a41fd9ac199c,2026-03,0,22,10,2
12a638e7-9d78-4b7f-a4e0-9746e7c3673d,dda36fe2-c32a-4cc2-89e6-a41fd9ac199c,2026-02,0,22,13,3
0ab6d608-aabc-4e39-8cc7-6f49ef6019e9,6ee03486-2af8-4fbf-98ab-16affaa26892,2026-07,1,21,13,2
169fbbf7-20b6-4d98-804a-192ac75f16bd,6ee03486-2af8-4fbf-98ab-16affaa26892,2026-06,1,21,14,5
7b7867dc-2766-4084-a2bb-a0a014574458,6ee03486-2af8-4fbf-98ab-16affaa26892,2026-05,1,21,6,0
b38f8a05-6c43-4f81-8736-ad6b7ca1fb81,6ee03486-2af8-4fbf-98ab-16affaa26892,2026-04,1,21,8,6
7421d71e-2461-4144-a782-4d0f6dbaa4f3,6ee03486-2af8-4fbf-98ab-16affaa26892,2026-03,0,22,5,8
011dad14-1884-4c96-ba2e-c473fb376a25,6ee03486-2af8-4fbf-98ab-16affaa26892,2026-02,0,22,11,6
f0c6aea6-50af-42a7-8fcc-481bfaab84e9,7d7f1c90-59d0-4f5c-b861-463d64ae44d4,2026-07,6,16,0,6
2bd06b12-7f68-4d7f-b5ac-e09ff2e34211,7d7f1c90-59d0-4f5c-b861-463d64ae44d4,2026-06,5,17,2,10
e81ce341-392e-4553-b87a-ebc2eb9cb8fc,7d7f1c90-59d0-4f5c-b861-463d64ae44d4,2026-05,2,20,4,10
231b5d5c-686f-4a0f-a47f-fa19d3fdf90e,7d7f1c90-59d0-4f5c-b861-463d64ae44d4,2026-04,5,17,0,9
bef9cc10-2ff7-4630-90a3-f054d851b4d7,7d7f1c90-59d0-4f5c-b861-463d64ae44d4,2026-03,3,19,2,3
4d6e9662-4807-4b2a-a46c-2957dac78243,7d7f1c90-59d0-4f5c-b861-463d64ae44d4,2026-02,4,18,5,4
36e1b845-1f8e-427d-ac65-8b7fc69895b9,f35713e7-6b72-4672-afa6-7e7266e0b9f2,2026-07,2,20,7,9
6d93838c-594e-4599-8e92-95f0db63624a,f35713e7-6b72-4672-afa6-7e7266e0b9f2,2026-06,1,21,9,9
f68d45aa-f748-453e-84a7-23f30fba553e,f35713e7-6b72-4672-afa6-7e7266e0b9f2,2026-05,1,21,4,10
f12ac292-b372-4542-b720-9c6563e1e6af,f35713e7-6b72-4672-afa6-7e7266e0b9f2,2026-04,3,19,9,6
abff40a9-7366-440f-9294-fc9632808eb3,f35713e7-6b72-4672-afa6-7e7266e0b9f2,2026-03,3,19,2,6
7bbbec35-e05f-4549-9c71-5ac9f82ec1a5,f35713e7-6b72-4672-afa6-7e7266e0b9f2,2026-02,2,20,8,10
bcccfa0b-ab89-45c3-9db8-db081a42660f,55162126-9506-490e-94cb-3287f4a3d450,2026-07,0,22,15,4
94a72f9b-9aa7-45de-bb61-d6710a132e68,55162126-9506-490e-94cb-3287f4a3d450,2026-06,1,21,13,10
fb90515c-9a1e-4b9c-8eea-c4607a05e83a,55162126-9506-490e-94cb-3287f4a3d450,2026-05,0,22,14,10
0937a2b7-b271-4157-8d5c-d93a4b77542a,55162126-9506-490e-94cb-3287f4a3d450,2026-04,1,21,14,3
7af23f19-bcf1-4ff2-a36d-c99faa58199d,55162126-9506-490e-94cb-3287f4a3d450,2026-03,1,21,6,3
0e5ae09e-4afc-4776-88a9-77132e087a4e,55162126-9506-490e-94cb-3287f4a3d450,2026-02,1,21,11,4
d36cc383-8e72-4bf4-83fe-46ba60c60b25,87c433b2-be5d-4884-ba5b-ca1d22f62d29,2026-07,1,21,6,0
6df62896-e572-4aaf-9b4c-8b152c67d59e,87c433b2-be5d-4884-ba5b-ca1d22f62d29,2026-06,1,21,12,0
cc08d2a6-364d-4292-b92c-0685dbfe0d8b,87c433b2-be5d-4884-ba5b-ca1d22f62d29,2026-05,1,21,6,5
92d1bee6-30d0-4717-9684-c7a482570d49,87c433b2-be5d-4884-ba5b-ca1d22f62d29,2026-04,0,22,14,4
e53bbd2a-33d9-418f-a27d-443e5e4ac944,87c433b2-be5d-4884-ba5b-ca1d22f62d29,2026-03,1,21,6,2
47162dd6-b6fe-4662-94f3-42cf659e8577,87c433b2-be5d-4884-ba5b-ca1d22f62d29,2026-02,1,21,13,4
070eaa24-c95c-47a0-8df2-135c645ba319,16be0ce7-92a6-44c9-abf8-69e090239e1c,2026-07,3,19,9,0
de45e1c5-5806-4227-a22e-ea51b641bffb,16be0ce7-92a6-44c9-abf8-69e090239e1c,2026-06,3,19,8,2
0e5b7332-618b-4234-99f4-ea19398e71d8,16be0ce7-92a6-44c9-abf8-69e090239e1c,2026-05,1,21,2,8
8393457d-7e3c-4f75-96d0-3d52e6b17a3f,16be0ce7-92a6-44c9-abf8-69e090239e1c,2026-04,1,21,3,7
c4461cd7-69bd-4b32-956b-43365878eabf,16be0ce7-92a6-44c9-abf8-69e090239e1c,2026-03,1,21,3,7
94adec5e-8f25-46d3-99c9-b3b22d3542a0,16be0ce7-92a6-44c9-abf8-69e090239e1c,2026-02,2,20,0,4
e75e4689-7d3c-4bb9-bea8-0803c9f083d8,d9884cf9-07aa-47b6-8cb4-bec397be7d49,2026-07,2,20,2,5
eb4270f0-4ece-41f6-a760-8d9ae3b788ac,d9884cf9-07aa-47b6-8cb4-bec397be7d49,2026-06,1,21,2,4
b53b4df0-f054-402c-83d6-18884632a7e8,d9884cf9-07aa-47b6-8cb4-bec397be7d49,2026-05,2,20,10,2
548865da-c966-45da-bbc9-c58e667f7620,d9884cf9-07aa-47b6-8cb4-bec397be7d49,2026-04,1,21,8,10
d10b412f-336f-4b9b-8926-e68a28be3fa6,d9884cf9-07aa-47b6-8cb4-bec397be7d49,2026-03,2,20,2,2
e7bcd289-2e5c-4846-b58d-73e0ae7b8bc1,d9884cf9-07aa-47b6-8cb4-bec397be7d49,2026-02,2,20,5,2
e315de26-8675-4b5e-80d6-47e61d5cdeb1,2e80c806-da33-43ff-bdf8-c4f43f30b9ad,2026-07,1,21,10,9
de72ce35-c739-437a-acd2-efe5d55786dc,2e80c806-da33-43ff-bdf8-c4f43f30b9ad,2026-06,0,22,11,10
b2947ea1-69f3-4454-9b59-73ad20dcb722,2e80c806-da33-43ff-bdf8-c4f43f30b9ad,2026-05,0,22,8,8
69091b34-3d12-4de2-b5a1-8f0cbef75bf4,2e80c806-da33-43ff-bdf8-c4f43f30b9ad,2026-04,0,22,8,5
eb8eabd2-c866-427c-be70-5feeb3defc0f,2e80c806-da33-43ff-bdf8-c4f43f30b9ad,2026-03,1,21,5,2
d9c6c7fb-f751-460d-aa5d-b9f7a75a1181,2e80c806-da33-43ff-bdf8-c4f43f30b9ad,2026-02,1,21,12,4
81ce6aa3-d03d-40e4-9a71-f60c21d5be5c,589e3d5b-f608-44f8-aa82-0c9c2238abb5,2026-07,6,16,4,1
2d1b15da-d5b1-481b-8b8b-d2e037b4a30e,589e3d5b-f608-44f8-aa82-0c9c2238abb5,2026-06,6,16,1,4
77fdac3f-2e93-4278-8a43-031af6536f9b,589e3d5b-f608-44f8-aa82-0c9c2238abb5,2026-05,2,20,2,3
a3dcece1-b74b-44d0-8a21-4d47d46e394f,589e3d5b-f608-44f8-aa82-0c9c2238abb5,2026-04,6,16,2,6
d672a74a-b2ed-4043-a898-19194b30319f,589e3d5b-f608-44f8-aa82-0c9c2238abb5,2026-03,2,20,0,10
e1037629-1e87-4fc9-8d1c-3b61ebe49400,589e3d5b-f608-44f8-aa82-0c9c2238abb5,2026-02,5,17,2,10
cf7c9f1f-ec20-47e6-8922-1fe76fcaffaa,c00d5da4-bc6b-47cd-b7d9-69cccf1dc78b,2026-07,0,22,8,9
60032e34-41f2-48ed-ae4a-6c78a94b06a6,c00d5da4-bc6b-47cd-b7d9-69cccf1dc78b,2026-06,1,21,11,6
fb9e39cf-96bf-4b8e-9829-7a05e4087468,c00d5da4-bc6b-47cd-b7d9-69cccf1dc78b,2026-05,1,21,8,1
45823896-bac7-4c77-8667-a48888b12252,c00d5da4-bc6b-47cd-b7d9-69cccf1dc78b,2026-04,1,21,12,2
c89ed5bf-ad5a-4c42-8806-6ef687996d36,c00d5da4-bc6b-47cd-b7d9-69cccf1dc78b,2026-03,1,21,6,2
a2916de9-6c07-4024-a8bb-3985eddc3090,c00d5da4-bc6b-47cd-b7d9-69cccf1dc78b,2026-02,1,21,12,8
d3f6ceb5-d5b1-4be2-a708-bf130164cc9b,97abfefc-be61-4a18-8f02-9808dadf85a1,2026-07,0,22,12,9
00ffc33d-cbbf-4c84-99c8-1f28e6a09d5c,97abfefc-be61-4a18-8f02-9808dadf85a1,2026-06,0,22,11,4
353cc104-f52c-4f1b-aaa2-4454c7f2e6a1,97abfefc-be61-4a18-8f02-9808dadf85a1,2026-05,1,21,7,0
3dc8955e-e8bc-4cdb-81ca-943bf9dc8137,97abfefc-be61-4a18-8f02-9808dadf85a1,2026-04,0,22,12,3
645eca7b-8a0b-440a-b355-735ca105e98b,97abfefc-be61-4a18-8f02-9808dadf85a1,2026-03,0,22,5,9
1183d8d4-d7d3-43ea-bd83-8c503b115c8b,97abfefc-be61-4a18-8f02-9808dadf85a1,2026-02,1,21,11,4
4591122a-4c62-441c-ac4c-c77904187a84,3ea381de-26bc-44e5-a2bc-980fa5d8d0e9,2026-07,0,22,12,8
e0c17d15-9b39-4c33-ba12-c677f3dafbe9,3ea381de-26bc-44e5-a2bc-980fa5d8d0e9,2026-06,0,22,15,0
85730fc3-48bf-4ce2-934f-bb7a6cd4fd99,3ea381de-26bc-44e5-a2bc-980fa5d8d0e9,2026-05,1,21,15,3
26e6e3d7-0ec7-4d15-845c-c519d393669c,3ea381de-26bc-44e5-a2bc-980fa5d8d0e9,2026-04,0,22,14,2
95b3256e-10cb-4fcb-9eab-9f62d8ffb310,3ea381de-26bc-44e5-a2bc-980fa5d8d0e9,2026-03,1,21,11,9
d48aec8d-2e16-49cc-b322-ebacf1c89d06,3ea381de-26bc-44e5-a2bc-980fa5d8d0e9,2026-02,0,22,5,10
4875f18e-dd78-4dc7-ba28-ee600d2a18a2,ddaa2e49-da63-4c05-88b5-f27cebbc40a6,2026-07,0,22,11,9
45cb463b-f157-4d63-8f4c-acf9f2c76ba3,ddaa2e49-da63-4c05-88b5-f27cebbc40a6,2026-06,1,21,12,10
3d38f76e-77f1-433b-89e7-56e8bed76b48,ddaa2e49-da63-4c05-88b5-f27cebbc40a6,2026-05,0,22,8,9
15a7dfe4-3352-4e3d-8b71-4f0a7d07912b,ddaa2e49-da63-4c05-88b5-f27cebbc40a6,2026-04,0,22,6,0
023880cb-78f6-462e-b5d3-c3f0e9c93561,ddaa2e49-da63-4c05-88b5-f27cebbc40a6,2026-03,1,21,5,7
b1abc9fc-7eb8-4299-a051-5829cef8bf02,ddaa2e49-da63-4c05-88b5-f27cebbc40a6,2026-02,0,22,9,8
b09be419-a99f-4881-b91e-44ac287d7d7a,70112751-bcfc-463c-a5b5-29f52ebe9011,2026-07,0,22,8,3
401358a7-0991-4a4e-a65e-15f9f1ea9fd8,70112751-bcfc-463c-a5b5-29f52ebe9011,2026-06,0,22,12,4
c1e1a902-4e8f-4ad4-bf00-a79ba5324401,70112751-bcfc-463c-a5b5-29f52ebe9011,2026-05,0,22,13,5
ffbf693c-577d-4207-8fbd-2f2e4f7fbc85,70112751-bcfc-463c-a5b5-29f52ebe9011,2026-04,0,22,11,5
f6889e7c-6c4d-4983-bb7c-af422e45275d,70112751-bcfc-463c-a5b5-29f52ebe9011,2026-03,0,22,11,8
11a5f4c3-8ec8-4f1b-95d8-3c1b21471ab5,70112751-bcfc-463c-a5b5-29f52ebe9011,2026-02,0,22,11,5
57f0713d-731b-4997-9479-5e0f3020ec26,0257d09f-3104-4f33-9d2a-fabf02ff775a,2026-07,0,22,9,9
e4e7fb6f-b5c8-4d17-83e4-77bea8ccc0c2,0257d09f-3104-4f33-9d2a-fabf02ff775a,2026-06,0,22,14,6
f29a1fca-e000-44fb-814d-c76410da36b6,0257d09f-3104-4f33-9d2a-fabf02ff775a,2026-05,0,22,8,2
e6295856-e01b-40b8-ae9a-5840312f6790,0257d09f-3104-4f33-9d2a-fabf02ff775a,2026-04,0,22,9,6
40af5e65-b3d8-4fd0-ab16-24ccb9d883ea,0257d09f-3104-4f33-9d2a-fabf02ff775a,2026-03,1,21,10,6
81690806-36bb-48c9-9bd7-b8102fa953ec,0257d09f-3104-4f33-9d2a-fabf02ff775a,2026-02,0,22,7,0
adde8f93-26da-4338-b6ce-a0e19f5bfdeb,037d99b9-d6ed-48d8-84f3-d574cb4181cd,2026-07,0,22,13,0
f6cfd7e6-4e99-42e7-a07a-6fa59f0b89df,037d99b9-d6ed-48d8-84f3-d574cb4181cd,2026-06,1,21,14,0
42a23788-f7bc-430f-9e5d-e412e44324b7,037d99b9-d6ed-48d8-84f3-d574cb4181cd,2026-05,0,22,12,8
f26e437e-dce2-4eef-a2cb-ff985b9bd99b,037d99b9-d6ed-48d8-84f3-d574cb4181cd,2026-04,0,22,5,4
c8272932-190f-4e9d-bde6-4041c799253d,037d99b9-d6ed-48d8-84f3-d574cb4181cd,2026-03,0,22,14,3
0fd52959-7ffa-4d71-93ce-3d76beb1bd7d,037d99b9-d6ed-48d8-84f3-d574cb4181cd,2026-02,1,21,5,0
577ebcb1-3473-4abe-af3d-1a0270b4d2a5,69b97502-74b9-4a32-9d20-bef5da97a0f5,2026-07,1,21,0,5
f44aa2c6-7a9d-4950-84f5-d56ddb00e298,69b97502-74b9-4a32-9d20-bef5da97a0f5,2026-06,3,19,5,4
76b15999-7e21-40fe-a712-c9f0c788e61e,69b97502-74b9-4a32-9d20-bef5da97a0f5,2026-05,3,19,0,3
577852ab-fd7d-457f-bdd8-3df7e5fdc4b5,69b97502-74b9-4a32-9d20-bef5da97a0f5,2026-04,3,19,6,8
9e1f3865-c312-4607-bc7f-1dc8c79cbe98,69b97502-74b9-4a32-9d20-bef5da97a0f5,2026-03,3,19,4,0
b0287fbf-4060-4482-90ef-aa6cbc7860ab,69b97502-74b9-4a32-9d20-bef5da97a0f5,2026-02,3,19,4,9
df622893-85ce-4081-8091-d67a96b7a7f2,08a7cda2-e579-4162-9c9c-33978da5bbba,2026-07,0,22,5,6
547350f0-7abe-43ac-91c8-d1b7b91311ad,08a7cda2-e579-4162-9c9c-33978da5bbba,2026-06,0,22,8,3
0749ae1f-7628-4d28-be53-18b0ed51a0e4,08a7cda2-e579-4162-9c9c-33978da5bbba,2026-05,0,22,5,8
69e7fe8e-914f-462f-8575-77ab33c92081,08a7cda2-e579-4162-9c9c-33978da5bbba,2026-04,0,22,5,8
93645a33-68dd-41a8-8602-ad8ed0cf6f50,08a7cda2-e579-4162-9c9c-33978da5bbba,2026-03,1,21,7,5
0fa2d3e4-be54-4fa6-90ea-961c7ea04a9d,08a7cda2-e579-4162-9c9c-33978da5bbba,2026-02,1,21,11,0
c67b2edd-ff52-4fb8-ac92-404c5c327367,07175cad-6ef8-4e22-9520-8384bd845e43,2026-07,1,21,12,5
8c4113b3-06be-422f-9044-86f2b20bbf41,07175cad-6ef8-4e22-9520-8384bd845e43,2026-06,1,21,8,5
bfa560d4-194c-4fe8-9419-56d0741b63a5,07175cad-6ef8-4e22-9520-8384bd845e43,2026-05,0,22,14,3
f2e20e27-7c4e-4915-b6b7-73033b8fce09,07175cad-6ef8-4e22-9520-8384bd845e43,2026-04,0,22,15,4
7d3bca8f-92e2-4ac6-9c9f-6c5b53bec6a3,07175cad-6ef8-4e22-9520-8384bd845e43,2026-03,0,22,9,9
72c83f1e-9575-49d2-87c7-a2dc7d29a5f2,07175cad-6ef8-4e22-9520-8384bd845e43,2026-02,0,22,14,7
0f4b463a-0f7b-40aa-8eec-9536e0604739,890e4121-29a8-40af-be09-14938bb3d3b4,2026-07,1,21,12,6
0229a80e-d640-4e27-8944-27755550e1a6,890e4121-29a8-40af-be09-14938bb3d3b4,2026-06,1,21,7,7
46b59625-3403-445c-8a08-7a276829b1a4,890e4121-29a8-40af-be09-14938bb3d3b4,2026-05,1,21,5,2
9a4d07fb-9b70-49ff-85bd-c4cbb1e4f5ae,890e4121-29a8-40af-be09-14938bb3d3b4,2026-04,0,22,10,2
ae601254-8933-4c4f-95a7-2ef8e1f1ddb3,890e4121-29a8-40af-be09-14938bb3d3b4,2026-03,1,21,8,1
4bc89f37-80b5-4726-b535-6f8b647e71ae,890e4121-29a8-40af-be09-14938bb3d3b4,2026-02,0,22,10,0
b56ff30f-de0f-4834-993f-41b91952da99,d74dda28-3516-4966-a0f4-14cf6144b912,2026-07,5,17,0,8
2bad2cc2-ccfc-4eb7-84f4-8c3c7ea7da89,d74dda28-3516-4966-a0f4-14cf6144b912,2026-06,6,16,1,2
b47f066f-4d3a-4ebf-8b7f-4807496add42,d74dda28-3516-4966-a0f4-14cf6144b912,2026-05,5,17,4,7
2eb1b86c-bd6b-4884-a3ac-34a01922641e,d74dda28-3516-4966-a0f4-14cf6144b912,2026-04,4,18,5,5
6c28c8f3-abb8-4cf6-870a-13f1807473c1,d74dda28-3516-4966-a0f4-14cf6144b912,2026-03,3,19,5,2
f26147a6-3c09-4e87-8f24-b47509b041cd,d74dda28-3516-4966-a0f4-14cf6144b912,2026-02,5,17,2,9
18a0b670-43bc-4c22-9463-258f40d4b432,2442a6b9-f1af-48fb-8407-5b3e921c8fda,2026-07,1,21,5,2
7c46145c-10e9-40e8-994d-a76d400f8930,2442a6b9-f1af-48fb-8407-5b3e921c8fda,2026-06,1,21,15,3
454d572a-3bcb-4d33-b28b-74c80288bf72,2442a6b9-f1af-48fb-8407-5b3e921c8fda,2026-05,0,22,5,0
e4703689-0d7e-4a5e-b344-379e0648b728,2442a6b9-f1af-48fb-8407-5b3e921c8fda,2026-04,0,22,7,8
514c7efb-158b-457b-b71c-26a9d1f00f93,2442a6b9-f1af-48fb-8407-5b3e921c8fda,2026-03,0,22,5,8
6ce341be-6cfc-4857-9167-d0c4d1151ec1,2442a6b9-f1af-48fb-8407-5b3e921c8fda,2026-02,1,21,6,0
1dadc12a-e579-4eaf-8b14-e79bf5c2010b,e36500dc-1424-4a1d-b278-18f3d921302c,2026-07,0,22,5,0
646328c9-ff9b-402c-8aab-3a2f55a43ef9,e36500dc-1424-4a1d-b278-18f3d921302c,2026-06,0,22,14,6
896b5cbb-b7d3-49fa-8737-c53e60ece508,e36500dc-1424-4a1d-b278-18f3d921302c,2026-05,0,22,6,10
ab712363-568a-4a36-a045-0c931e26812e,e36500dc-1424-4a1d-b278-18f3d921302c,2026-04,0,22,8,5
257c0490-9af0-40d7-8c61-9209f2449dd9,e36500dc-1424-4a1d-b278-18f3d921302c,2026-03,1,21,7,9
4ff6bd61-dbc0-4e2c-a091-f9b242ccb197,e36500dc-1424-4a1d-b278-18f3d921302c,2026-02,0,22,14,6
2fe5ff86-e9b9-483d-8cd0-56ca79f5b5a4,e390b1f4-3c9f-4a82-87cb-8a2f18710f42,2026-07,1,21,15,3
e1996741-56bc-42ea-b2e9-09ecb1b22289,e390b1f4-3c9f-4a82-87cb-8a2f18710f42,2026-06,0,22,13,1
fb1350be-d2ab-4f22-8845-4df11dc43c4c,e390b1f4-3c9f-4a82-87cb-8a2f18710f42,2026-05,0,22,8,6
e157f17f-c3a1-4834-bf09-d598c6a56fb7,e390b1f4-3c9f-4a82-87cb-8a2f18710f42,2026-04,1,21,13,9
e93d5525-b6b3-4790-af04-910fc7b766f4,e390b1f4-3c9f-4a82-87cb-8a2f18710f42,2026-03,0,22,12,7
6a754c49-b8bd-4e8b-b0c2-a8816ea918b1,e390b1f4-3c9f-4a82-87cb-8a2f18710f42,2026-02,1,21,8,2
d046c2c2-5a64-4284-9ba7-68dfa1300edd,5497aa38-7bb2-4741-a8e0-60b866a80f0b,2026-07,0,22,5,2
1744deb1-9d72-438d-a4de-ae279890e5f3,5497aa38-7bb2-4741-a8e0-60b866a80f0b,2026-06,0,22,13,3
0692d57d-3100-4612-8e3b-283e167310dc,5497aa38-7bb2-4741-a8e0-60b866a80f0b,2026-05,0,22,7,1
75bf821a-fde1-4577-ad08-21f4ca9b96df,5497aa38-7bb2-4741-a8e0-60b866a80f0b,2026-04,1,21,10,3
fd47f6cd-32f2-4a90-a3d6-65d936f9522a,5497aa38-7bb2-4741-a8e0-60b866a80f0b,2026-03,1,21,15,0
088bd111-3f06-46e4-a1cd-e915cc7d5fad,5497aa38-7bb2-4741-a8e0-60b866a80f0b,2026-02,1,21,8,0
1ef6cb9d-4c36-4b23-9455-aadd92a5d632,df96ed8a-99c7-4186-b153-18d095adc6ea,2026-07,0,22,15,9
6256a0ba-0aad-4aab-b532-1a66a0c60ade,df96ed8a-99c7-4186-b153-18d095adc6ea,2026-06,1,21,8,6
e46d1577-19ec-413c-8ce3-b113b1b1d06f,df96ed8a-99c7-4186-b153-18d095adc6ea,2026-05,1,21,15,7
b7a93a41-97b1-4566-aaad-cb3150541de2,df96ed8a-99c7-4186-b153-18d095adc6ea,2026-04,0,22,6,9
c5a963fb-2a5d-4121-b6e6-8b97e11cfff2,df96ed8a-99c7-4186-b153-18d095adc6ea,2026-03,0,22,12,0
a72f5cd6-c1cd-4e5e-847e-89bd37b238b3,df96ed8a-99c7-4186-b153-18d095adc6ea,2026-02,0,22,9,8
b0d879a7-bab9-45d5-b8a1-759ec915c48d,253a8c43-5955-4509-9be4-ce79c6fb9fb8,2026-07,1,21,15,10
687066fa-ddad-48c3-a493-1579c44adf57,253a8c43-5955-4509-9be4-ce79c6fb9fb8,2026-06,1,21,7,7
60f1be57-5380-4895-ac6f-c37175976a8d,253a8c43-5955-4509-9be4-ce79c6fb9fb8,2026-05,0,22,7,10
9b669cc5-8154-4fc5-940b-d686817d9819,253a8c43-5955-4509-9be4-ce79c6fb9fb8,2026-04,1,21,7,2
ba6382c5-d65c-492c-8b5c-2401bca62bf7,253a8c43-5955-4509-9be4-ce79c6fb9fb8,2026-03,0,22,10,8
eefbe4aa-ac39-487e-8405-fa470d48b079,253a8c43-5955-4509-9be4-ce79c6fb9fb8,2026-02,1,21,7,0
d8741731-976b-4474-9d37-ee35fa30ed7a,3512e4b7-9720-45a6-bb9c-f0a8ffdab228,2026-07,0,22,12,6
18407293-20f7-41be-8349-a6a37234abfb,3512e4b7-9720-45a6-bb9c-f0a8ffdab228,2026-06,1,21,5,0
f3717e2c-a1de-4d97-b041-b3f2a8bb60cd,3512e4b7-9720-45a6-bb9c-f0a8ffdab228,2026-05,1,21,8,10
a2840cf5-65a1-4efc-86cd-ae237b19bb48,3512e4b7-9720-45a6-bb9c-f0a8ffdab228,2026-04,0,22,7,10
dbad4a3f-4d96-4a1c-acc5-c9da25743530,3512e4b7-9720-45a6-bb9c-f0a8ffdab228,2026-03,0,22,11,7
f81db210-e521-47ee-9ef8-08293063194a,3512e4b7-9720-45a6-bb9c-f0a8ffdab228,2026-02,0,22,7,10
c9d6c7fb-f39e-4a5e-8d0c-59707b5d945a,3f91b2b7-025c-4157-8493-e8226acdb09f,2026-07,1,21,6,0
7ffc7c49-a53e-41e6-b101-9cf8bd816530,3f91b2b7-025c-4157-8493-e8226acdb09f,2026-06,3,19,4,1
9728f007-e236-46c4-bc88-1ab3d011de91,3f91b2b7-025c-4157-8493-e8226acdb09f,2026-05,2,20,8,7
f89c14eb-26f8-43ee-be4b-b0b90049a445,3f91b2b7-025c-4157-8493-e8226acdb09f,2026-04,2,20,6,8
dd297c4f-8a06-4db9-976f-6f510c88f887,3f91b2b7-025c-4157-8493-e8226acdb09f,2026-03,1,21,0,1
602d82b0-e5f4-41c1-bef1-be42985caf58,3f91b2b7-025c-4157-8493-e8226acdb09f,2026-02,2,20,10,1
88f65f93-6735-488d-9009-8768b567a47a,5b1bcb5f-785b-4b1f-9af1-33af37434b49,2026-07,1,21,13,7
ba466301-4f6f-42ed-a654-1d1995936fd9,5b1bcb5f-785b-4b1f-9af1-33af37434b49,2026-06,1,21,8,8
7ff99abc-9b9f-4398-8a32-ac3031e1421f,5b1bcb5f-785b-4b1f-9af1-33af37434b49,2026-05,1,21,15,6
cfc69b1c-526a-49d2-bb1f-a376191d0ce5,5b1bcb5f-785b-4b1f-9af1-33af37434b49,2026-04,0,22,12,4
5ff83024-f25b-40a9-a72d-9a3eac0b0a98,5b1bcb5f-785b-4b1f-9af1-33af37434b49,2026-03,0,22,10,0
91b3fb98-09e1-413f-828f-9c84908d5b8a,5b1bcb5f-785b-4b1f-9af1-33af37434b49,2026-02,0,22,9,6
88fc1ffd-949e-4a57-a503-5a966d320536,5864f214-bd67-4c85-adaf-525b230f7695,2026-07,1,21,11,9
8d9feebe-d35e-466f-9924-fc8fa693aba1,5864f214-bd67-4c85-adaf-525b230f7695,2026-06,0,22,12,0
909ea6d3-809e-4de1-8ea5-28703099fe88,5864f214-bd67-4c85-adaf-525b230f7695,2026-05,1,21,15,4
6ca32a72-6566-4260-80fd-754db2004d50,5864f214-bd67-4c85-adaf-525b230f7695,2026-04,0,22,10,7
d8236b2c-7915-4d0a-bb1f-5237570543e8,5864f214-bd67-4c85-adaf-525b230f7695,2026-03,0,22,7,9
5361d3cb-5034-40a4-837c-4bad0c2d3bae,5864f214-bd67-4c85-adaf-525b230f7695,2026-02,1,21,10,10
983c3623-7c82-4ca1-98ac-65e2d80080c4,4b6e8772-2736-40db-9bfb-e433ed3ce2dd,2026-07,3,19,7,1
dbb7b0cd-4fcc-41e1-88a0-d5674896a4a7,74484eb3-008e-4205-9794-e3c4812da5c4,2026-07,0,22,12,4
33e415b8-1f0c-4fc2-9f5a-d68ef7a8c2f8,74484eb3-008e-4205-9794-e3c4812da5c4,2026-06,1,21,14,0
734e994c-8b72-4d17-846d-a6f74688aa16,74484eb3-008e-4205-9794-e3c4812da5c4,2026-05,1,21,9,2
e1b7634b-d51b-435c-ae36-fe186ec5b4f6,74484eb3-008e-4205-9794-e3c4812da5c4,2026-04,1,21,15,2
0930cc11-9455-48be-9afd-d37a23657228,74484eb3-008e-4205-9794-e3c4812da5c4,2026-03,0,22,6,9
34a173b6-2cbf-416a-9e21-a8b27dd5edb4,74484eb3-008e-4205-9794-e3c4812da5c4,2026-02,1,21,11,0
d7463d41-6b81-4ca8-af5f-8c8738959c37,a9e19fee-2c87-4521-b4f0-ccee72963123,2026-07,1,21,12,7
2bf12ac0-dae7-47ba-9a16-ae71db3c67e2,a9e19fee-2c87-4521-b4f0-ccee72963123,2026-06,1,21,14,8
9428d78c-f7de-4e5f-8ae3-39dc5cfa91b9,a9e19fee-2c87-4521-b4f0-ccee72963123,2026-05,1,21,9,5
0582b02d-efd8-49ed-bab4-e03b71847b57,a9e19fee-2c87-4521-b4f0-ccee72963123,2026-04,0,22,5,10
5b7ce1b5-2fd2-488a-ae37-dea9dc682df5,a9e19fee-2c87-4521-b4f0-ccee72963123,2026-03,1,21,10,5
83af31c2-27b8-4698-94ac-8c0594658cfe,a9e19fee-2c87-4521-b4f0-ccee72963123,2026-02,1,21,13,9
b500f6d8-2371-4f18-9647-aeb937267c60,74f277ad-882f-44ab-bd8a-49915a7554d4,2026-07,0,22,9,1
7f71d4d2-5b10-4a53-a713-55be753afd23,74f277ad-882f-44ab-bd8a-49915a7554d4,2026-06,1,21,7,3
c9bf86d2-d2b5-429a-a9d9-a70b0fc41410,74f277ad-882f-44ab-bd8a-49915a7554d4,2026-05,1,21,14,8
3c13aac1-e0d3-4d29-99f4-0e33221418d3,74f277ad-882f-44ab-bd8a-49915a7554d4,2026-04,0,22,14,8
896f85a0-6a78-4528-9a7d-1279fd4cb67a,74f277ad-882f-44ab-bd8a-49915a7554d4,2026-03,0,22,15,10
7f8e589c-3537-4d50-b9e7-c1ee35c85304,74f277ad-882f-44ab-bd8a-49915a7554d4,2026-02,1,21,12,8
0470c536-7ea8-48d0-9167-9798ecb6f87e,4177ef66-633c-47fa-bab3-e82fd01e57c1,2026-07,3,19,1,1
0ee69f3e-8359-418c-b0d6-70a0b276d337,4177ef66-633c-47fa-bab3-e82fd01e57c1,2026-06,2,20,10,5
47bc524d-e12a-43c2-a47c-e7a343c60093,4177ef66-633c-47fa-bab3-e82fd01e57c1,2026-05,1,21,4,2
e5f9367c-fd9f-4ad0-8e9c-7f3110f86bec,4177ef66-633c-47fa-bab3-e82fd01e57c1,2026-04,2,20,0,9
490b8f4f-9660-425a-839b-b292ab275ee0,6fbc7052-7d9d-4191-b697-57b23536e423,2026-07,1,21,12,0
87defe49-1636-4fbd-b561-f736f78ec364,6fbc7052-7d9d-4191-b697-57b23536e423,2026-06,0,22,9,6
2d483a59-5129-46a3-af31-e4cf976470a2,6fbc7052-7d9d-4191-b697-57b23536e423,2026-05,1,21,14,10
4a7624d1-f43d-4c67-aebf-c322cdd4a117,6fbc7052-7d9d-4191-b697-57b23536e423,2026-04,1,21,9,2
f7e22ade-576c-4c20-89e7-bc24336fd20a,6fbc7052-7d9d-4191-b697-57b23536e423,2026-03,1,21,13,10
de15ab52-4bc5-4cb9-878f-dc688b0dd6be,6fbc7052-7d9d-4191-b697-57b23536e423,2026-02,1,21,14,8
c1620be7-ac25-4eb9-a6cd-eacf24a3ae88,8042e115-f293-4d84-a3be-b9c143a94c75,2026-07,0,22,6,3
a1a2a8d8-f776-4fb6-b62c-7d1902482ea8,8042e115-f293-4d84-a3be-b9c143a94c75,2026-06,1,21,12,6
fde26db0-11a9-4b0b-9e71-d3ad4d70f1f5,8042e115-f293-4d84-a3be-b9c143a94c75,2026-05,0,22,5,9
c33536c9-ee46-469e-b078-3be7e210d547,8042e115-f293-4d84-a3be-b9c143a94c75,2026-04,1,21,8,8
9eec7663-4233-4ae8-91f8-a86fa5ffe66f,8042e115-f293-4d84-a3be-b9c143a94c75,2026-03,1,21,14,7
726362f4-2dd6-496b-a317-bf578550b099,8042e115-f293-4d84-a3be-b9c143a94c75,2026-02,0,22,15,9
3ce0adef-8dff-48bf-9166-03c67924f3fc,20a1548d-dd08-4a7c-90a7-089d991d8c37,2026-07,1,21,8,4
ca44a05d-8973-4349-8657-ef4c5a343498,20a1548d-dd08-4a7c-90a7-089d991d8c37,2026-06,0,22,13,3
4871c7be-a0c5-4c92-8cee-6b2a9b4adaf4,20a1548d-dd08-4a7c-90a7-089d991d8c37,2026-05,0,22,9,4
fa05d7c8-d721-4567-afb5-dd8066d8ee96,20a1548d-dd08-4a7c-90a7-089d991d8c37,2026-04,1,21,9,1
17afba1e-e771-418c-ae09-9c809a5170de,20a1548d-dd08-4a7c-90a7-089d991d8c37,2026-03,1,21,12,7
358d907e-a692-494f-a906-e12de8961a21,20a1548d-dd08-4a7c-90a7-089d991d8c37,2026-02,1,21,8,0
54325092-d209-40a3-807d-3a7a39427ea6,8250408b-88d4-412a-9ad8-9c63dcc6a920,2026-07,2,20,0,2
d35091f4-8d75-4e3a-8785-79df82944afe,8250408b-88d4-412a-9ad8-9c63dcc6a920,2026-06,1,21,6,7
7951ce62-7502-48f5-9943-0f6c13df3250,8250408b-88d4-412a-9ad8-9c63dcc6a920,2026-05,1,21,4,8
49fda72c-e2c0-4493-b6d6-2fec05dda0fc,8250408b-88d4-412a-9ad8-9c63dcc6a920,2026-04,1,21,7,8
7515ea1f-e481-47fa-a89b-f5c0d02a3ec8,8250408b-88d4-412a-9ad8-9c63dcc6a920,2026-03,2,20,6,0
41dbec09-bb84-4258-a583-33a75e8f8c94,8250408b-88d4-412a-9ad8-9c63dcc6a920,2026-02,2,20,2,1
473a1d56-fe7e-40eb-905b-83d294c0762e,b3deabad-d6c4-4cf4-8485-aa7d5eb6bf5c,2026-07,1,21,14,10
ec044065-e3a4-4f1d-9db5-6ec5afd0e9f7,b3deabad-d6c4-4cf4-8485-aa7d5eb6bf5c,2026-06,1,21,8,2
7a213055-5f51-4563-965e-1079d01a14cf,b3deabad-d6c4-4cf4-8485-aa7d5eb6bf5c,2026-05,0,22,5,4
c9e19a4d-e682-478f-b325-08ffc00bff9d,b3deabad-d6c4-4cf4-8485-aa7d5eb6bf5c,2026-04,1,21,14,7
2528c147-0ed0-45b2-b8d2-f0d220f90325,b3deabad-d6c4-4cf4-8485-aa7d5eb6bf5c,2026-03,1,21,6,8
08a73240-6f38-4ba5-a616-09d2712eeb3f,b3deabad-d6c4-4cf4-8485-aa7d5eb6bf5c,2026-02,0,22,11,10
12978271-9040-4bc0-b251-f85b090d35e2,a6fc367a-6616-4e03-a472-45d9373414fc,2026-07,2,20,10,5
7d24407e-fa8e-469e-8ac0-121a24027e58,a6fc367a-6616-4e03-a472-45d9373414fc,2026-06,3,19,5,7
195b4447-76b7-4af1-9c38-2b0ed0064faa,a6fc367a-6616-4e03-a472-45d9373414fc,2026-05,2,20,5,4
ae3f3d71-c26a-4b70-a3d7-0081b4b7afb5,a6fc367a-6616-4e03-a472-45d9373414fc,2026-04,3,19,2,4
444cb68b-f362-4340-a2c3-958b335145ff,a6fc367a-6616-4e03-a472-45d9373414fc,2026-03,1,21,5,5
09e988e5-b54b-43ac-90d7-cb10d15029b9,a6fc367a-6616-4e03-a472-45d9373414fc,2026-02,3,19,5,8
5401757a-aaa7-4c9c-9190-ff576aaf835c,fe30f2a1-6b0f-4904-8d3f-3f8e3210e9aa,2026-07,1,21,11,10
ca04663e-5b6e-407f-bdaf-3c1c93c8c0c6,fe30f2a1-6b0f-4904-8d3f-3f8e3210e9aa,2026-06,1,21,13,10
118a8561-4ad4-42cb-b6f6-0d2ac4976eeb,fe30f2a1-6b0f-4904-8d3f-3f8e3210e9aa,2026-05,0,22,5,10
61712c73-e5ac-40c6-b9b0-865233f19f44,fe30f2a1-6b0f-4904-8d3f-3f8e3210e9aa,2026-04,1,21,12,3
59635476-6b31-460d-a65d-c1a65bb52853,fe30f2a1-6b0f-4904-8d3f-3f8e3210e9aa,2026-03,1,21,12,5
c7ca0b6a-87fb-4fbf-a2d3-f846d5819dbd,fe30f2a1-6b0f-4904-8d3f-3f8e3210e9aa,2026-02,0,22,5,0
d14aa5fc-b44e-41c8-ad92-066dc0fc8572,b8778e8e-6df6-48b8-81b7-d8bfeed50620,2026-07,1,21,8,10
c57ca925-02b2-475b-b516-18d1e96bcb2f,b8778e8e-6df6-48b8-81b7-d8bfeed50620,2026-06,1,21,15,10
f8eab114-6ac6-4102-a76a-d6cd1deb58b8,b8778e8e-6df6-48b8-81b7-d8bfeed50620,2026-05,1,21,14,5
e06ed177-a487-4b94-94e6-6966dd9265c1,b8778e8e-6df6-48b8-81b7-d8bfeed50620,2026-04,1,21,10,1
17cf8537-a91a-43fb-a3b7-a47af72253b9,b8778e8e-6df6-48b8-81b7-d8bfeed50620,2026-03,0,22,15,2
c1ce144b-272b-430d-b743-4d3b7ef2f8fc,b8778e8e-6df6-48b8-81b7-d8bfeed50620,2026-02,0,22,10,5
e62a7182-ad52-4008-93b2-8ecb4b2a28f2,57d83a62-d893-459e-998f-2c7ad992da6f,2026-07,2,20,0,2
f07e84cd-66cd-4f74-8fa0-46de933a4f22,57d83a62-d893-459e-998f-2c7ad992da6f,2026-06,1,21,8,5
e74ec329-1ac9-40cd-b11e-161d49bce0cb,57d83a62-d893-459e-998f-2c7ad992da6f,2026-05,2,20,6,6
85f2d7f6-85bd-4115-aae6-c098b9b27c5a,57d83a62-d893-459e-998f-2c7ad992da6f,2026-04,2,20,3,8
32fb8350-f9e5-418e-a9f7-501ccb53fcaa,57d83a62-d893-459e-998f-2c7ad992da6f,2026-03,2,20,5,0
78354aaf-7f54-4f1a-beed-5688cb51ada4,57d83a62-d893-459e-998f-2c7ad992da6f,2026-02,3,19,8,6
9404cedf-b71f-4f8c-9dbb-78d89455f001,3a5ac978-f1f5-4ec8-b1e4-8f2e09361d7d,2026-07,0,22,14,9
8b5f95ed-f41f-4e4a-a575-e4330db276c4,3a5ac978-f1f5-4ec8-b1e4-8f2e09361d7d,2026-06,0,22,15,3
1fc65961-3dd0-44d2-a91e-f14f7ea44ec2,3a5ac978-f1f5-4ec8-b1e4-8f2e09361d7d,2026-05,1,21,12,6
b131023a-caac-4a97-9e5a-b9dba4897330,3a5ac978-f1f5-4ec8-b1e4-8f2e09361d7d,2026-04,1,21,11,2
a8e657dd-b2a8-41c1-9bf4-cff0b1368cd7,3a5ac978-f1f5-4ec8-b1e4-8f2e09361d7d,2026-03,0,22,14,1
63d50bea-7066-4662-ac04-b2801a6c3085,3a5ac978-f1f5-4ec8-b1e4-8f2e09361d7d,2026-02,1,21,5,3
e2031135-0b0a-4472-a2b1-d6d22c620ff9,8fb060d9-6ef7-4ebc-9c5e-40c6f25a41f4,2026-07,2,20,1,6
71a9edc6-babf-4367-b04a-e71b51a53252,8fb060d9-6ef7-4ebc-9c5e-40c6f25a41f4,2026-06,3,19,0,1
5357e821-3727-43a5-a804-9b2d42046715,8fb060d9-6ef7-4ebc-9c5e-40c6f25a41f4,2026-05,2,20,1,8
3430a26d-201d-4bb1-8816-c20296d08818,8fb060d9-6ef7-4ebc-9c5e-40c6f25a41f4,2026-04,4,18,0,0
ac0b3ad3-fefb-46d3-b017-12c50503528a,8fb060d9-6ef7-4ebc-9c5e-40c6f25a41f4,2026-03,4,18,1,4
d7ef0b18-620e-431c-934f-c0b785b38186,8fb060d9-6ef7-4ebc-9c5e-40c6f25a41f4,2026-02,2,20,2,6
f4392038-393b-48ec-a3c5-943b9dac1bd2,aeb942b7-d0f3-4c4c-bbfe-b0ac96effcbb,2026-07,0,22,14,10
97ee8482-5b63-4774-8fa3-9e802e4f7c3b,aeb942b7-d0f3-4c4c-bbfe-b0ac96effcbb,2026-06,1,21,7,1
ce3b90cd-7dda-40be-b932-5835d7ce2280,aeb942b7-d0f3-4c4c-bbfe-b0ac96effcbb,2026-05,1,21,9,8
d2e26e82-c917-4d42-b440-4ca799ffbd3f,aeb942b7-d0f3-4c4c-bbfe-b0ac96effcbb,2026-04,1,21,11,8
7fd271b6-c719-4eed-b8f3-ab8b1fa14965,aeb942b7-d0f3-4c4c-bbfe-b0ac96effcbb,2026-03,1,21,12,2
b6d3e272-6701-4d56-bf73-16b2bd81289a,aeb942b7-d0f3-4c4c-bbfe-b0ac96effcbb,2026-02,1,21,11,1
0f6ac624-be2b-449a-bfbc-49faa1d2aa47,110861bf-b09d-4198-9f1a-24daae3f31c1,2026-07,1,21,10,8
19f553f4-c93f-4de4-94ca-863409197bf7,110861bf-b09d-4198-9f1a-24daae3f31c1,2026-06,0,22,5,5
5505a02c-2429-4414-9cd3-c7e2e08036a3,110861bf-b09d-4198-9f1a-24daae3f31c1,2026-05,1,21,15,3
42d96e4a-0cba-4aa1-a3d7-59d9bb456bf5,110861bf-b09d-4198-9f1a-24daae3f31c1,2026-04,0,22,8,7
90902714-c505-4294-a78d-6bee8e8cc7e5,110861bf-b09d-4198-9f1a-24daae3f31c1,2026-03,0,22,9,3
4b240696-e4f1-4d49-bd17-ce438d575fc7,110861bf-b09d-4198-9f1a-24daae3f31c1,2026-02,0,22,6,7
c8ff1160-9293-4ea1-8f6a-82b0228d40ff,550758cf-6f5f-4e32-b42d-640ffd9f6ac3,2026-07,0,22,11,5
2fe41acc-930d-4793-96f7-155af59cfa74,550758cf-6f5f-4e32-b42d-640ffd9f6ac3,2026-06,1,21,14,2
e1b29255-7615-445d-bd6c-8198db47cfc1,550758cf-6f5f-4e32-b42d-640ffd9f6ac3,2026-05,1,21,10,1
0fc5a88e-db5b-4033-9987-e357eb7781a9,550758cf-6f5f-4e32-b42d-640ffd9f6ac3,2026-04,0,22,9,10
a73734fc-b796-4104-ae67-e06ba34680c6,550758cf-6f5f-4e32-b42d-640ffd9f6ac3,2026-03,0,22,7,1
95b081ce-9edf-4e40-82f4-79c73d3d28c7,550758cf-6f5f-4e32-b42d-640ffd9f6ac3,2026-02,0,22,11,2
42348d92-09b0-4a1e-b843-d1716ddd64da,5673ebe7-bdf4-48c7-9937-e9875012e628,2026-07,1,21,10,4
368f4938-b690-4e32-bb71-2502dd4cd53a,5673ebe7-bdf4-48c7-9937-e9875012e628,2026-06,1,21,10,9
8360e8a2-eacb-4aea-8623-7f54f8652f5a,5673ebe7-bdf4-48c7-9937-e9875012e628,2026-05,1,21,14,9
a9af4535-810d-4742-98aa-5949f7a539e5,5673ebe7-bdf4-48c7-9937-e9875012e628,2026-04,0,22,12,3
3b034d24-0cd8-45de-826d-9b0953f80971,5673ebe7-bdf4-48c7-9937-e9875012e628,2026-03,0,22,8,6
015a102b-0b3e-49d5-ae5e-48f2a68db8a6,5673ebe7-bdf4-48c7-9937-e9875012e628,2026-02,0,22,5,2
f80c4053-c027-4cfc-bf4f-1d92357c8966,698422ab-59b8-4b33-b9cf-af9dfe7bf128,2026-07,1,21,6,7
339eff88-5262-409d-81cc-9fe94ccc8d16,698422ab-59b8-4b33-b9cf-af9dfe7bf128,2026-06,3,19,6,6
5ec52d24-8ed3-4f75-a595-42cbd55477ef,698422ab-59b8-4b33-b9cf-af9dfe7bf128,2026-05,3,19,8,7
56365b0c-c0f1-4beb-bedc-320aaab111d5,698422ab-59b8-4b33-b9cf-af9dfe7bf128,2026-04,1,21,10,2
15dcd180-1e09-4cd0-a291-a6d450291f77,698422ab-59b8-4b33-b9cf-af9dfe7bf128,2026-03,3,19,7,1
53d26f78-f51e-479d-bd28-c6ba451b1ea5,698422ab-59b8-4b33-b9cf-af9dfe7bf128,2026-02,3,19,9,3
afbff580-2e3a-40d0-a94d-396eaa3817ea,0e3d50b0-9f6d-4027-944f-eb939f49d418,2026-07,5,17,0,7
a7715b7d-f52d-408a-a6f5-161c2d4e629d,0e3d50b0-9f6d-4027-944f-eb939f49d418,2026-06,3,19,0,3
30d49da1-9c18-41a6-97f8-a71fc9a24516,0e3d50b0-9f6d-4027-944f-eb939f49d418,2026-05,6,16,3,7
a29af70f-10e1-4e03-a12d-f0cf64f9d4cd,0e3d50b0-9f6d-4027-944f-eb939f49d418,2026-04,4,18,5,10
8e426714-7ef1-4acf-acaf-45a0e22fb9c6,0e3d50b0-9f6d-4027-944f-eb939f49d418,2026-03,4,18,3,1
3b3f1517-0838-48ad-a178-caae069523ca,0e3d50b0-9f6d-4027-944f-eb939f49d418,2026-02,2,20,1,5
162c7d99-9c02-4be7-a907-0d1c13e6444f,f2bdf4b4-cad7-4890-a8c2-571c3c5f3c5b,2026-07,0,22,8,1
62620c61-548f-423e-99d5-a8d137317ce0,f2bdf4b4-cad7-4890-a8c2-571c3c5f3c5b,2026-06,1,21,9,5
236be383-a86c-40d9-aa5d-46c088f6e15b,f2bdf4b4-cad7-4890-a8c2-571c3c5f3c5b,2026-05,0,22,10,3
fc1df33e-5b99-4f7c-897b-06cee0491dde,f2bdf4b4-cad7-4890-a8c2-571c3c5f3c5b,2026-04,0,22,10,5
ef861855-0941-4b92-a707-d342d3984cbf,f2bdf4b4-cad7-4890-a8c2-571c3c5f3c5b,2026-03,0,22,13,8
77d0e12a-e0ad-40d8-971b-bcd8ece2e438,f2bdf4b4-cad7-4890-a8c2-571c3c5f3c5b,2026-02,0,22,13,10
cd544d08-053b-4abc-80ba-ce9c57d72efb,9cbd56bb-a752-41ee-9183-80a1cbb27b38,2026-07,1,21,8,10
61385e11-d471-4f44-9b2e-67640e1f35d5,9cbd56bb-a752-41ee-9183-80a1cbb27b38,2026-06,0,22,12,10
6b39416f-0019-45de-b7df-169bbfb99391,9cbd56bb-a752-41ee-9183-80a1cbb27b38,2026-05,0,22,10,2
74144c34-28f1-4962-844a-ca8f87cff434,9cbd56bb-a752-41ee-9183-80a1cbb27b38,2026-04,0,22,13,9
55aed040-5971-49e5-afdc-fa43855a0a4b,9cbd56bb-a752-41ee-9183-80a1cbb27b38,2026-03,1,21,8,5
0329e640-1f76-4cb4-b86c-5fa3ca9cc3b3,9cbd56bb-a752-41ee-9183-80a1cbb27b38,2026-02,0,22,15,2
7fb10bd4-02bd-4a46-949d-f94643c0e75d,7e1754bc-e414-4c0d-b369-2e192a560019,2026-07,0,22,12,2
33ed4233-a249-4292-a4c2-6e0a67026add,7e1754bc-e414-4c0d-b369-2e192a560019,2026-06,0,22,12,7
4959dce6-f4f9-4aff-a0fd-83817f58bd52,7e1754bc-e414-4c0d-b369-2e192a560019,2026-05,0,22,9,10
a67701ac-83be-40cf-93b4-05fc1955c747,7e1754bc-e414-4c0d-b369-2e192a560019,2026-04,1,21,14,10
5014a62d-5062-49d8-a6d5-a2c4ee144b6a,7e1754bc-e414-4c0d-b369-2e192a560019,2026-03,1,21,11,9
815424b2-cfd8-4cd8-a712-a74fdb1fe142,7e1754bc-e414-4c0d-b369-2e192a560019,2026-02,1,21,12,3
132d7f1f-a8b0-494d-aac7-e6b32f6d65d1,4d23052d-c019-4a6c-ba23-db32ec0e3943,2026-07,3,19,2,4
4cc46872-6f37-47a0-8ab4-05578c09aeaf,4d23052d-c019-4a6c-ba23-db32ec0e3943,2026-06,2,20,3,9
e454372a-0fde-439c-9662-cb2478a7fb08,4d23052d-c019-4a6c-ba23-db32ec0e3943,2026-05,2,20,2,3
61e13b10-20dc-4133-9d8a-3538e45cebee,4d23052d-c019-4a6c-ba23-db32ec0e3943,2026-04,2,20,1,6
f9ee5601-8db8-41ec-8ae7-0d7cb8636427,4d23052d-c019-4a6c-ba23-db32ec0e3943,2026-03,1,21,0,0
638ccffa-00e6-44cd-8574-57482fcf3cbe,4d23052d-c019-4a6c-ba23-db32ec0e3943,2026-02,3,19,6,6
91248d53-9b7a-4904-8d2b-64578ffb912e,0cbeae72-6e5c-4985-98e3-1aa23488844c,2026-07,0,22,10,6
2a7f9ace-fa16-4a35-89ad-ad13c813528f,0cbeae72-6e5c-4985-98e3-1aa23488844c,2026-06,1,21,7,0
8729437a-4595-4903-9d11-df63b4ca644b,0cbeae72-6e5c-4985-98e3-1aa23488844c,2026-05,0,22,5,8
1ce74dba-6da1-4742-a923-ec5efd121620,0cbeae72-6e5c-4985-98e3-1aa23488844c,2026-04,1,21,15,3
9519cb3c-69de-4040-8065-b8da86a7187d,0cbeae72-6e5c-4985-98e3-1aa23488844c,2026-03,1,21,13,1
c0423fba-755f-42c2-9bd1-5fc1495c6908,0cbeae72-6e5c-4985-98e3-1aa23488844c,2026-02,0,22,5,6
3d3ae6a5-1dc6-4e67-8d6b-f061b3675510,098baf1c-1f33-4a85-b7fb-bca8560ce4be,2026-07,0,22,14,1
92387894-9bd1-43d6-9948-df851b5b5b20,098baf1c-1f33-4a85-b7fb-bca8560ce4be,2026-06,1,21,10,4
9381f413-9699-4367-a789-7c97c0bb5473,098baf1c-1f33-4a85-b7fb-bca8560ce4be,2026-05,1,21,6,6
d1f0a07a-1a43-4a75-a936-8d80706707c5,098baf1c-1f33-4a85-b7fb-bca8560ce4be,2026-04,0,22,13,3
cfcc40a4-e7f7-49e6-8045-4802a03ef97a,098baf1c-1f33-4a85-b7fb-bca8560ce4be,2026-03,0,22,9,0
bc50932e-ce25-4811-9978-3356f901d3e9,098baf1c-1f33-4a85-b7fb-bca8560ce4be,2026-02,0,22,12,7
00d3e480-a453-4b69-96f7-c522750bb575,30856394-b0aa-4633-9317-892b13aa9bc9,2026-07,1,21,12,3
f6e1d9fc-b664-4e96-a92c-2deb2fe751f6,30856394-b0aa-4633-9317-892b13aa9bc9,2026-06,1,21,11,9
38e7a713-bccc-4960-a08f-2da99ea44aa3,30856394-b0aa-4633-9317-892b13aa9bc9,2026-05,0,22,15,6
1f992d2c-a9ed-4f10-aaf2-3cf90e4e2070,30856394-b0aa-4633-9317-892b13aa9bc9,2026-04,1,21,8,7
3a22ad07-ffa5-4649-b529-711846942e32,30856394-b0aa-4633-9317-892b13aa9bc9,2026-03,0,22,14,3
2ad0de54-df69-4f08-a741-8b941baa3e0a,30856394-b0aa-4633-9317-892b13aa9bc9,2026-02,0,22,5,9
346ee102-f992-416a-9b10-1534ec71a094,b3a5dfd4-0f02-4acc-9c24-0d304cde358a,2026-07,0,22,13,5
a43359bb-cffe-4e3d-b4de-8f7b9c574f3a,b3a5dfd4-0f02-4acc-9c24-0d304cde358a,2026-06,1,21,5,1
de62a1bd-565e-468d-9853-84973fced9e3,b3a5dfd4-0f02-4acc-9c24-0d304cde358a,2026-05,1,21,8,8
a68d6617-9730-4f50-8768-5565e59662e5,b3a5dfd4-0f02-4acc-9c24-0d304cde358a,2026-04,0,22,14,5
cf6e820b-87a1-4397-be9e-117aa798ce1f,b3a5dfd4-0f02-4acc-9c24-0d304cde358a,2026-03,0,22,7,8
91529089-98a9-45f6-bf9b-e606e8ae9780,b3a5dfd4-0f02-4acc-9c24-0d304cde358a,2026-02,0,22,15,0
f2c8418e-e12b-4680-8ed5-2ce44998fc69,862ac4e8-dbb1-49a4-8710-4dbd4bd44a03,2026-07,1,21,11,1
436e62ed-b222-4bf5-ba43-ad1fb629f571,862ac4e8-dbb1-49a4-8710-4dbd4bd44a03,2026-06,0,22,10,0
1f15272b-9d7f-4d5a-8f9c-01c27b8c1a7e,862ac4e8-dbb1-49a4-8710-4dbd4bd44a03,2026-05,1,21,9,1
d4eb01c8-063d-4a28-a690-819b660ee642,862ac4e8-dbb1-49a4-8710-4dbd4bd44a03,2026-04,1,21,13,8
ebf44e0d-aa1e-4275-a987-dd9417c9cf6a,862ac4e8-dbb1-49a4-8710-4dbd4bd44a03,2026-03,1,21,6,7
cc247305-76d5-4c98-a8de-a809b33b51d8,862ac4e8-dbb1-49a4-8710-4dbd4bd44a03,2026-02,1,21,13,8
8f50f713-75bc-41d8-ad55-acdac53a14a7,27436aea-1e7d-4808-ac2d-ec95efb13c32,2026-07,1,21,10,2
a083ce8e-7ee2-4a65-adb2-071b28c26474,27436aea-1e7d-4808-ac2d-ec95efb13c32,2026-06,1,21,10,5
bf881acc-3dfb-44ec-a20d-e9673ec26917,27436aea-1e7d-4808-ac2d-ec95efb13c32,2026-05,1,21,7,10
bb87911b-ea7f-4b4f-9280-d5d6f775f81e,27436aea-1e7d-4808-ac2d-ec95efb13c32,2026-04,1,21,13,0
fc52d8cc-efa8-4a36-84ac-8f092bbc2414,27436aea-1e7d-4808-ac2d-ec95efb13c32,2026-03,0,22,8,3
73ee9f56-a42d-47e8-bc55-2b02808760fc,27436aea-1e7d-4808-ac2d-ec95efb13c32,2026-02,0,22,15,1
1c56bfeb-c8c2-4192-b5c3-c719ae5b3449,bcb5d6e5-8ce5-4cba-a76d-2daa09746619,2026-07,1,21,11,1
f492acef-0ed6-4462-8d4e-5562a3106b29,bcb5d6e5-8ce5-4cba-a76d-2daa09746619,2026-06,0,22,5,4
4a3c6db0-a862-425e-b492-e9f6cc0d5762,bcb5d6e5-8ce5-4cba-a76d-2daa09746619,2026-05,1,21,8,9
fb0b2116-bba5-477d-ae37-4f6f6d8a469b,bcb5d6e5-8ce5-4cba-a76d-2daa09746619,2026-04,0,22,12,10
60c3bb67-72ba-4d55-b52d-019d4a2c5bc4,bcb5d6e5-8ce5-4cba-a76d-2daa09746619,2026-03,0,22,13,1
03d3a692-3dba-4af3-8d68-3db6772d2c3a,bcb5d6e5-8ce5-4cba-a76d-2daa09746619,2026-02,1,21,12,8
b7d3823b-0f4c-4184-95d8-49080c985023,43178cb0-940a-4410-acf8-94df38642e42,2026-07,1,21,6,8
776ea5c8-78d7-447c-aed6-85de6fbe6dc0,43178cb0-940a-4410-acf8-94df38642e42,2026-06,1,21,8,9
0119b83c-23bc-4e2b-ad40-216d4d987f33,43178cb0-940a-4410-acf8-94df38642e42,2026-05,1,21,8,5
1d082170-7e44-4210-8bc5-83c21972913e,43178cb0-940a-4410-acf8-94df38642e42,2026-04,0,22,7,0
efbbf2b8-ba1e-4537-9ff6-0380cf8a6cea,43178cb0-940a-4410-acf8-94df38642e42,2026-03,0,22,5,5
fdc7fcb0-d8a7-4e83-ab9a-323bc7523908,43178cb0-940a-4410-acf8-94df38642e42,2026-02,0,22,9,4
94be0139-d3cb-4b63-a84c-44c4a33a10ec,354c0cd2-675d-465b-9f52-ff6c9d0d6bbd,2026-07,3,19,4,2
0070804c-5c84-4002-b522-e2b7515f6a62,354c0cd2-675d-465b-9f52-ff6c9d0d6bbd,2026-06,3,19,4,4
11eb0c21-780c-45e8-b144-776ac91de955,354c0cd2-675d-465b-9f52-ff6c9d0d6bbd,2026-05,3,19,1,7
765d1eb7-1692-471d-b714-ce6a31fc0a3a,354c0cd2-675d-465b-9f52-ff6c9d0d6bbd,2026-04,2,20,2,3
190c3cf1-6269-4e49-9ad0-5c7f4277e25f,354c0cd2-675d-465b-9f52-ff6c9d0d6bbd,2026-03,4,18,5,5
a5a94e01-31e1-4155-8e05-e333ec6cd175,354c0cd2-675d-465b-9f52-ff6c9d0d6bbd,2026-02,3,19,4,5
4e7493c2-0313-4038-aa3f-7db074a2488a,9bcd4f89-f228-49ed-8ca6-df0a12ecf206,2026-07,0,22,9,0
29947464-0206-4eac-900b-e4dfae3506c2,9bcd4f89-f228-49ed-8ca6-df0a12ecf206,2026-06,1,21,10,10
65171dfb-5999-4f97-ae96-06808f86b0e9,9bcd4f89-f228-49ed-8ca6-df0a12ecf206,2026-05,1,21,9,7
49a81070-7285-466f-9fc7-c1417f7fa59f,9bcd4f89-f228-49ed-8ca6-df0a12ecf206,2026-04,0,22,13,4
46f8414b-4937-41b0-bf8f-801e8fa97ed6,9bcd4f89-f228-49ed-8ca6-df0a12ecf206,2026-03,0,22,14,3
1ff41c0b-05aa-422b-920f-6f070b8bcc3d,9bcd4f89-f228-49ed-8ca6-df0a12ecf206,2026-02,0,22,13,3
3a4d3c85-b326-48be-970c-71ac31ef8582,6ce7acb7-5ada-46af-82ee-420413dd90f2,2026-07,1,21,11,1
fe6c0623-2324-4d93-a997-5767a8815a98,6ce7acb7-5ada-46af-82ee-420413dd90f2,2026-06,0,22,9,7
d01fb680-232b-4e34-9463-cadaa9ebed4b,6ce7acb7-5ada-46af-82ee-420413dd90f2,2026-05,0,22,6,4
5d8aa546-462a-461d-816a-0163cf2daeb3,6ce7acb7-5ada-46af-82ee-420413dd90f2,2026-04,1,21,8,2
4952fe7e-5a0e-446b-b4a6-e3ed3449b384,6ce7acb7-5ada-46af-82ee-420413dd90f2,2026-03,0,22,5,2
befdd318-4f20-4af2-90c1-76900dfd76f7,6ce7acb7-5ada-46af-82ee-420413dd90f2,2026-02,1,21,14,4
a3e64d6f-cb9a-4172-acce-c2661a87d9ab,89d7da94-6e41-41a6-acb8-936dfc48c802,2026-07,0,22,7,6
27025b9c-4922-4228-ad6f-f7cc6e0c8491,89d7da94-6e41-41a6-acb8-936dfc48c802,2026-06,0,22,13,5
777d6f3b-cfc8-40c1-be5b-86dcec6a8afd,89d7da94-6e41-41a6-acb8-936dfc48c802,2026-05,1,21,7,4
453cc0da-c7eb-4182-a02c-fb42e513823c,89d7da94-6e41-41a6-acb8-936dfc48c802,2026-04,0,22,15,1
1ac82365-9316-4d82-9602-24e36fb0d3e9,89d7da94-6e41-41a6-acb8-936dfc48c802,2026-03,1,21,9,10
24415ccd-fa4f-4481-bf8a-272b9998ee62,89d7da94-6e41-41a6-acb8-936dfc48c802,2026-02,1,21,8,3
6cd285f2-b165-4536-b612-26e512759468,8c819dbf-da8e-493c-87d0-370d69ebab04,2026-07,1,21,13,7
7e3c87c8-2134-499a-9d0b-13736f378029,8c819dbf-da8e-493c-87d0-370d69ebab04,2026-06,0,22,8,5
f43a839a-ea19-42a4-ab6d-77960b3ff552,8c819dbf-da8e-493c-87d0-370d69ebab04,2026-05,1,21,10,1
0858ef92-e03e-459f-9e66-04f1490051cc,8c819dbf-da8e-493c-87d0-370d69ebab04,2026-04,1,21,10,7
864260cd-a55f-4e58-be6e-fc7c9b2f9f80,8c819dbf-da8e-493c-87d0-370d69ebab04,2026-03,0,22,5,5
f3686107-7cb3-4fec-9a80-5eb687dec86f,8c819dbf-da8e-493c-87d0-370d69ebab04,2026-02,0,22,14,8
58b4863e-e667-4f8a-8f87-dbd1936ffca0,52c5b2c0-171b-4cf5-b5da-49ddcfe09b36,2026-07,0,22,7,2
16f102aa-09d1-4a7b-b73d-d45cf48d5325,52c5b2c0-171b-4cf5-b5da-49ddcfe09b36,2026-06,0,22,6,9
39f7cecf-cf84-4cde-a9a4-4c6b6e29819e,52c5b2c0-171b-4cf5-b5da-49ddcfe09b36,2026-05,1,21,13,4
90335511-ac99-4c3c-99ae-66d8871a01cd,52c5b2c0-171b-4cf5-b5da-49ddcfe09b36,2026-04,1,21,7,3
98f4db9a-b760-4205-ad42-a2f473ef7f56,52c5b2c0-171b-4cf5-b5da-49ddcfe09b36,2026-03,0,22,10,2
01bb2151-5a4a-4317-8afb-b3654527b9a6,52c5b2c0-171b-4cf5-b5da-49ddcfe09b36,2026-02,0,22,12,9
94fe473c-69ea-4bd6-8c73-1bce7211f1df,c1011fa9-5bd8-41fe-b247-83b33758b3f8,2026-07,3,19,4,10
7645837b-c2c1-4e9d-ba29-fa59da4b882c,c1011fa9-5bd8-41fe-b247-83b33758b3f8,2026-06,2,20,1,3
2cb5335f-d834-417e-9f92-cd114df0e36f,c1011fa9-5bd8-41fe-b247-83b33758b3f8,2026-05,3,19,5,1
4527d059-1c3e-427b-bcf9-757807d3f2ff,c1011fa9-5bd8-41fe-b247-83b33758b3f8,2026-04,6,16,4,8
300ea6e6-e27b-4562-a67e-090c2e2c7090,c1011fa9-5bd8-41fe-b247-83b33758b3f8,2026-03,2,20,4,0
982a19a2-7b6a-403f-849c-4e1822cb3b94,c1011fa9-5bd8-41fe-b247-83b33758b3f8,2026-02,3,19,5,4
571016f9-9e2e-4ce2-97be-61d9a311d845,52a1acf9-924e-49bf-a020-90c29a37835d,2026-07,1,21,7,9
b7b26451-ec57-4d78-81b3-c71ff3e200e7,52a1acf9-924e-49bf-a020-90c29a37835d,2026-06,0,22,14,3
b4e3e653-e5ba-4958-bfc0-93e26ccb92d0,52a1acf9-924e-49bf-a020-90c29a37835d,2026-05,0,22,6,1
2c18b7fd-617e-44b0-b90b-c529857473c3,52a1acf9-924e-49bf-a020-90c29a37835d,2026-04,1,21,15,2
435a3622-8fb1-451b-887a-da201d798f31,52a1acf9-924e-49bf-a020-90c29a37835d,2026-03,1,21,13,1
71c9a5d3-a899-42e3-9d91-45f8b69a07ab,52a1acf9-924e-49bf-a020-90c29a37835d,2026-02,1,21,6,3
611dc807-1b2e-472a-80ec-758bb9a5a413,4bdf25ba-e979-4111-9b2c-b86ec0431a63,2026-07,2,20,2,7
7ab0b1db-a1b5-4c90-a290-7ba6057e4209,4bdf25ba-e979-4111-9b2c-b86ec0431a63,2026-06,2,20,4,2
df4a2b96-aac0-435a-8928-341d3c101c98,4bdf25ba-e979-4111-9b2c-b86ec0431a63,2026-05,1,21,2,0
2f3ab962-5461-4f72-acca-967c2a698cdc,4bdf25ba-e979-4111-9b2c-b86ec0431a63,2026-04,1,21,2,4
a0d7271e-d155-44fe-bd59-80c019342c16,4bdf25ba-e979-4111-9b2c-b86ec0431a63,2026-03,1,21,0,9
f604bd23-b712-496b-9559-90af904dd282,4bdf25ba-e979-4111-9b2c-b86ec0431a63,2026-02,1,21,2,9
5dfb22cf-919b-420f-a99a-df7e9caf3a14,4af8911a-e7a1-476a-b31d-cfd11f4264a4,2026-07,1,21,7,7
5adef42f-dc0a-4bd7-8880-eb535179f0ae,4af8911a-e7a1-476a-b31d-cfd11f4264a4,2026-06,1,21,14,3
90e113fe-12d0-4c91-b238-9a8f26ef0147,4af8911a-e7a1-476a-b31d-cfd11f4264a4,2026-05,1,21,7,1
fec2d302-011d-49dd-96ca-a02606ec2688,4af8911a-e7a1-476a-b31d-cfd11f4264a4,2026-04,1,21,15,8
bd667923-6755-4ca2-9cf6-c5067e838edc,4af8911a-e7a1-476a-b31d-cfd11f4264a4,2026-03,0,22,9,1
3df8f8b2-e3d0-4695-8db7-4cfec4b8c92c,4af8911a-e7a1-476a-b31d-cfd11f4264a4,2026-02,1,21,11,10
172da37d-235a-4f40-8707-5cd6b74e9b22,2b5a4332-2d72-47db-862a-ac862e49884a,2026-07,1,21,8,9
703ae4b7-1185-4470-9253-b2c974d6da64,2b5a4332-2d72-47db-862a-ac862e49884a,2026-06,3,19,9,4
540a454e-4947-40c8-8218-75cb6e45b767,2b5a4332-2d72-47db-862a-ac862e49884a,2026-05,3,19,2,3
84b8f26f-5342-4f8e-bcf6-e8fbf1c7f1c1,2b5a4332-2d72-47db-862a-ac862e49884a,2026-04,3,19,2,10
9341c631-e4f1-4cac-b277-81442dad5f12,2b5a4332-2d72-47db-862a-ac862e49884a,2026-03,2,20,3,2
cf990fa1-986a-4a50-ad68-53f14124fe3f,2b5a4332-2d72-47db-862a-ac862e49884a,2026-02,1,21,4,6
d8ff1d74-2b62-42d1-b1cf-987200bfa678,6c93d1d3-dc9f-4d3d-b345-a21e3161771d,2026-07,1,21,11,7
bd1bde2f-970d-4db5-a7eb-555393521e4a,6c93d1d3-dc9f-4d3d-b345-a21e3161771d,2026-06,1,21,7,5
fde53465-0981-42e8-a205-889a922c5004,6c93d1d3-dc9f-4d3d-b345-a21e3161771d,2026-05,0,22,13,8
c67e0bf2-c3ec-410d-83d1-00f21ed387f8,6c93d1d3-dc9f-4d3d-b345-a21e3161771d,2026-04,0,22,8,10
57d97785-ad5a-4ff4-a392-432a1f4ff7f1,6c93d1d3-dc9f-4d3d-b345-a21e3161771d,2026-03,1,21,5,1
d9ac4cb6-decf-451a-b1f0-fbedefef357e,6c93d1d3-dc9f-4d3d-b345-a21e3161771d,2026-02,0,22,5,0
69aa1c6c-f5d8-4b6f-838b-82255f463cb0,dd1a9955-925f-4c36-89cf-4561e9a486b0,2026-07,0,22,14,0
24ecf39b-e1f7-4bae-9c60-3915363dfc2b,dd1a9955-925f-4c36-89cf-4561e9a486b0,2026-06,1,21,11,8
a300678d-5cae-486f-8e7a-000e1cb72478,dd1a9955-925f-4c36-89cf-4561e9a486b0,2026-05,1,21,11,4
c01bc684-50ee-4c96-b7af-04d98df08ae9,dd1a9955-925f-4c36-89cf-4561e9a486b0,2026-04,1,21,14,8
41f70275-097d-4a59-9bfd-18c11fe7e0ce,dd1a9955-925f-4c36-89cf-4561e9a486b0,2026-03,1,21,6,0
c7fc7843-506a-46e9-b633-486aad2e7090,dd1a9955-925f-4c36-89cf-4561e9a486b0,2026-02,0,22,7,6
02b2129a-80ec-424a-a223-862e92b0795b,a349958f-9995-4ebd-8a9a-ffcddeba301e,2026-07,1,21,12,2
e05379ae-8d0f-4c51-8525-cfbcfcb43467,a349958f-9995-4ebd-8a9a-ffcddeba301e,2026-06,0,22,12,3
4170f45e-f991-471e-bcd7-cd1691180a82,a349958f-9995-4ebd-8a9a-ffcddeba301e,2026-05,0,22,10,10
d3f59b9c-74e3-46d0-aade-f1e042791227,a349958f-9995-4ebd-8a9a-ffcddeba301e,2026-04,1,21,12,2
d34f1660-7443-4eb5-b547-066510749b43,a349958f-9995-4ebd-8a9a-ffcddeba301e,2026-03,1,21,13,0
c9b9c68e-e461-432b-ac5a-ca58091198ae,a349958f-9995-4ebd-8a9a-ffcddeba301e,2026-02,1,21,5,2
78258cc7-1e83-4df1-b8ef-785776c68303,87e1ccb0-ba54-4e25-ad4d-311b146c3a3a,2026-07,2,20,2,8
67a495a3-9b4a-4bd4-92b9-31d6ec280f7f,87e1ccb0-ba54-4e25-ad4d-311b146c3a3a,2026-06,1,21,6,7
b1b0ebb2-0468-47c8-9f6b-ebfad86c741c,87e1ccb0-ba54-4e25-ad4d-311b146c3a3a,2026-05,1,21,1,5
03e5fbb9-61e6-4b4b-9cc4-1dedfbe2569f,87e1ccb0-ba54-4e25-ad4d-311b146c3a3a,2026-04,2,20,7,6
058d8010-806b-47b7-95bc-2bc641a3caa2,87e1ccb0-ba54-4e25-ad4d-311b146c3a3a,2026-03,3,19,10,1
4b81a0ba-e5e6-4f4d-9cab-d4b6ea761aca,87e1ccb0-ba54-4e25-ad4d-311b146c3a3a,2026-02,3,19,0,2
bc3fa1b6-02a6-483d-95f6-d4f981a3fc14,4a50b556-ad7a-4e4b-babc-44df194b99df,2026-07,1,21,5,1
48ad3a6b-8271-4540-a116-7de74f62c678,4a50b556-ad7a-4e4b-babc-44df194b99df,2026-06,0,22,11,9
d4cb644c-ea41-48c3-90ac-042d682fd363,4a50b556-ad7a-4e4b-babc-44df194b99df,2026-05,0,22,12,8
c924b5b1-2967-4631-86d0-e1ca9e0f189b,4a50b556-ad7a-4e4b-babc-44df194b99df,2026-04,0,22,7,4
47347097-5211-4ac6-b1f2-c93721a4b72e,4a50b556-ad7a-4e4b-babc-44df194b99df,2026-03,0,22,11,6
9d553e4a-23b1-49fd-81d5-cc75ac4497b2,4a50b556-ad7a-4e4b-babc-44df194b99df,2026-02,0,22,15,7
3898b878-e82a-44ea-ac26-15e73e585325,3daa4c72-3d41-4276-a5a7-21c6eda6cffe,2026-07,5,17,5,3
00a7fe65-08ba-41b5-ad1f-6f1ba88ffbce,3daa4c72-3d41-4276-a5a7-21c6eda6cffe,2026-06,4,18,3,4
82ca86c6-e31e-4654-8723-f408b9ecebc9,3daa4c72-3d41-4276-a5a7-21c6eda6cffe,2026-05,3,19,2,7
5966a7ac-edbb-449c-a2fb-7a2c6684c819,3daa4c72-3d41-4276-a5a7-21c6eda6cffe,2026-04,4,18,1,6
4e8fe51a-5e6d-48cb-8b26-5e9ba2a98f7f,3daa4c72-3d41-4276-a5a7-21c6eda6cffe,2026-03,4,18,4,1
e3e1de0b-e197-4ff0-ad17-6d2530d2266d,3daa4c72-3d41-4276-a5a7-21c6eda6cffe,2026-02,4,18,4,7
1a58c5ab-9b27-4d2f-a7d3-702698ce9bd2,d030a013-cc6a-476a-8d24-e757a1a7dc67,2026-07,0,22,10,5
2f761ecc-2f7b-436a-a3cf-91d4d9ed46fb,d030a013-cc6a-476a-8d24-e757a1a7dc67,2026-06,0,22,11,8
45e2a7c6-6546-459d-ba97-e818ad373926,d030a013-cc6a-476a-8d24-e757a1a7dc67,2026-05,1,21,14,6
2fea6e3f-d214-4e53-84cc-865d3c1c44b3,d030a013-cc6a-476a-8d24-e757a1a7dc67,2026-04,1,21,14,6
71fce32f-6692-47f2-9892-d546414e0ea6,d030a013-cc6a-476a-8d24-e757a1a7dc67,2026-03,1,21,9,9
11af9785-a81f-4696-9498-24ce31360fb4,d030a013-cc6a-476a-8d24-e757a1a7dc67,2026-02,1,21,7,3
51dcac8d-8fc6-492f-a06a-28ec14524261,ffa96281-c391-4f28-ac27-c6fa8aae27d9,2026-07,0,22,10,2
95d70f47-8142-4437-861c-74af3d1cdb95,ffa96281-c391-4f28-ac27-c6fa8aae27d9,2026-06,0,22,13,7
ac55ac7f-04ca-4b67-8fd6-473d26ddb6ee,ffa96281-c391-4f28-ac27-c6fa8aae27d9,2026-05,0,22,6,1
d19cd5d2-341d-44c1-8e26-8dbd9c9b0a25,ffa96281-c391-4f28-ac27-c6fa8aae27d9,2026-04,0,22,14,5
db1e50a5-2fd9-4af8-9216-2caff78df090,ffa96281-c391-4f28-ac27-c6fa8aae27d9,2026-03,0,22,8,4
3874834c-7dd9-40a3-915f-ab44dc7b9df0,ffa96281-c391-4f28-ac27-c6fa8aae27d9,2026-02,1,21,10,9
07074358-64af-4014-92e2-7c5405626543,8e7a1f6e-f5cc-41a2-befd-38b6e47516e8,2026-07,1,21,12,10
7141ab12-3ab1-437b-aa54-2a6cb6f8d2b6,8e7a1f6e-f5cc-41a2-befd-38b6e47516e8,2026-06,0,22,10,4
d509b5b8-b7d1-41f9-8b9a-d81bfc328ae6,8e7a1f6e-f5cc-41a2-befd-38b6e47516e8,2026-05,0,22,6,3
67c7cfba-7666-4c54-9409-de99ab8ae20a,8e7a1f6e-f5cc-41a2-befd-38b6e47516e8,2026-04,0,22,10,9
0c7f9f7f-d2b6-4f88-a58b-da1c6edbbdf6,8e7a1f6e-f5cc-41a2-befd-38b6e47516e8,2026-03,0,22,6,8
bedd2cb5-93d0-46a8-b9cf-49e5bc89d16a,8e7a1f6e-f5cc-41a2-befd-38b6e47516e8,2026-02,1,21,7,5
81e2c3bf-736e-4595-9278-cb0f828d83f1,8ca3eba9-316c-4027-a5ad-0ba0ce4e42a8,2026-07,1,21,9,2
f68f4559-fb99-4de3-bc34-6af324aaddc0,8ca3eba9-316c-4027-a5ad-0ba0ce4e42a8,2026-06,0,22,11,10
52fc575b-f520-41c8-ace4-0838b43d7a7e,8ca3eba9-316c-4027-a5ad-0ba0ce4e42a8,2026-05,1,21,8,9
8447505c-b491-4a6b-abef-b0bb072b8461,8ca3eba9-316c-4027-a5ad-0ba0ce4e42a8,2026-04,0,22,6,10
1defe51c-1d66-4303-9589-52fc444c45c1,8ca3eba9-316c-4027-a5ad-0ba0ce4e42a8,2026-03,1,21,15,5
dd3ee5e6-89be-45cd-80cf-d7111c6c6b10,8ca3eba9-316c-4027-a5ad-0ba0ce4e42a8,2026-02,0,22,7,5
cc4645e6-2917-4083-9829-ad5401c4a2c7,a9446d58-c4dc-4cee-afde-5d85d663e9d3,2026-07,0,22,15,8
cbd39d3a-505d-48b3-a259-0d4ce2476618,a9446d58-c4dc-4cee-afde-5d85d663e9d3,2026-06,0,22,11,4
3c9470a7-fa26-4ade-a072-68b7b8567793,a9446d58-c4dc-4cee-afde-5d85d663e9d3,2026-05,1,21,13,1
a7ac1734-c136-4eac-9db2-ca5813f4e33a,a9446d58-c4dc-4cee-afde-5d85d663e9d3,2026-04,1,21,8,5
58224862-9fe3-4b91-82c8-c248f4cc6473,a9446d58-c4dc-4cee-afde-5d85d663e9d3,2026-03,0,22,11,0
015e2124-f20a-4dd5-ae5d-ddd8a72a63cc,a9446d58-c4dc-4cee-afde-5d85d663e9d3,2026-02,0,22,11,2
dbcf791c-59db-4b04-9c78-ca28301683aa,3b3e8c20-735f-4539-a33e-4ebf50191aaa,2026-07,3,19,4,4
0832f186-449a-41f8-b329-3b062d94365b,3b3e8c20-735f-4539-a33e-4ebf50191aaa,2026-06,2,20,0,0
e5448b68-4ed6-4143-9aae-1d29eac35811,3b3e8c20-735f-4539-a33e-4ebf50191aaa,2026-05,6,16,4,5
6189c872-fe28-42e9-bf16-2e7edfb4404c,3b3e8c20-735f-4539-a33e-4ebf50191aaa,2026-04,2,20,1,7
6c49f886-6df8-4c23-a40a-c3f605d7e8c6,3b3e8c20-735f-4539-a33e-4ebf50191aaa,2026-03,6,16,0,9
37ac98d3-da20-4a32-a6d5-b004628acbe6,3b3e8c20-735f-4539-a33e-4ebf50191aaa,2026-02,3,19,3,7
f598ef44-a796-44db-bfa6-88b547a1e12d,5ab92a63-9337-4866-ab82-8506f79299fd,2026-07,1,21,14,5
d2830c56-7084-4565-86c3-59d37b9bd93c,5ab92a63-9337-4866-ab82-8506f79299fd,2026-06,0,22,10,2
6051a7f1-42e9-4ed7-bf03-ba4c781b906c,5ab92a63-9337-4866-ab82-8506f79299fd,2026-05,0,22,8,6
fc7338a3-9bfd-4b91-80a9-68cbfaa23a6c,5ab92a63-9337-4866-ab82-8506f79299fd,2026-04,0,22,12,0
f7d04bdc-760a-4edf-9cc5-c796b85f3108,5ab92a63-9337-4866-ab82-8506f79299fd,2026-03,1,21,9,9
ab0e56ff-95a6-44a7-88b7-0e851eba3bc6,5ab92a63-9337-4866-ab82-8506f79299fd,2026-02,1,21,12,8
e11ca3d2-aac9-4f19-aac4-6dad5e35bc5c,5db818af-461a-49e1-9ad2-53844f8c5020,2026-07,0,22,7,5
d05d7c31-6fba-43d5-9fcf-8e176c2ccfa1,5db818af-461a-49e1-9ad2-53844f8c5020,2026-06,1,21,13,8
b0ed1551-a82d-4d38-beb4-968afcf42975,da7ffe0c-d0b6-4b66-bbea-ca3261e1cf87,2026-07,1,21,5,0
64682789-3303-45c7-ae69-77aa0dadfd5c,da7ffe0c-d0b6-4b66-bbea-ca3261e1cf87,2026-06,1,21,12,0
70fb89b1-ad93-47ca-b25d-a42ee2c198a1,da7ffe0c-d0b6-4b66-bbea-ca3261e1cf87,2026-05,0,22,14,7
e8b561d2-598d-4248-8f5b-7a69f2d23bed,da7ffe0c-d0b6-4b66-bbea-ca3261e1cf87,2026-04,1,21,7,5
5a55138d-c866-453d-b172-744fee7b3a7e,da7ffe0c-d0b6-4b66-bbea-ca3261e1cf87,2026-03,1,21,13,5
b88a2090-6752-47a7-8217-f671f25c5b0b,da7ffe0c-d0b6-4b66-bbea-ca3261e1cf87,2026-02,0,22,14,9
db4bc9b8-4058-46e6-bf5c-7bac1fa45b62,65eeaf2e-ccb8-4d27-960a-435841bb786f,2026-07,1,21,6,6
e4847566-ec1e-4e74-8a15-3a882b5e9354,65eeaf2e-ccb8-4d27-960a-435841bb786f,2026-06,0,22,9,5
aca760dd-0091-4e5c-9442-1c4479e3814b,65eeaf2e-ccb8-4d27-960a-435841bb786f,2026-05,0,22,6,4
f69f03f6-56ef-4abe-8da6-54b5ba9c2fc8,65eeaf2e-ccb8-4d27-960a-435841bb786f,2026-04,0,22,11,7
920f15bb-f106-421b-97df-322e14f2e594,65eeaf2e-ccb8-4d27-960a-435841bb786f,2026-03,0,22,5,3
9157b5b1-7431-4235-b3b9-5497f7ff6504,65eeaf2e-ccb8-4d27-960a-435841bb786f,2026-02,1,21,13,9
05a2a7b1-521c-4137-8de0-9137e06a2c62,38ccb3e3-de72-4954-8d3f-281fd95790c9,2026-07,1,21,5,6
e593a7c8-ca1b-48c4-92bc-42a9ef29bcec,38ccb3e3-de72-4954-8d3f-281fd95790c9,2026-06,0,22,9,4
9d84b775-bfdc-4272-ba80-d061f68a6fe4,38ccb3e3-de72-4954-8d3f-281fd95790c9,2026-05,0,22,7,4
8332303f-ad0b-4e36-a166-f33bb4dc9e6d,38ccb3e3-de72-4954-8d3f-281fd95790c9,2026-04,1,21,8,3
998d610e-5741-4ac4-a8de-6c5ac79616b0,38ccb3e3-de72-4954-8d3f-281fd95790c9,2026-03,0,22,10,6
94e2a15b-405a-4d29-a034-c468592b92a3,38ccb3e3-de72-4954-8d3f-281fd95790c9,2026-02,1,21,7,2
993c128c-ee16-4f3a-a7fd-1e334360667c,8866cbb3-d703-4d0f-bd06-80490a70b4e3,2026-07,0,22,10,5
72bce396-8fe9-42e4-aa07-0b848eb84e66,8866cbb3-d703-4d0f-bd06-80490a70b4e3,2026-06,1,21,13,9
3fc19936-4934-4175-83cf-addfd1d3dbb1,8866cbb3-d703-4d0f-bd06-80490a70b4e3,2026-05,1,21,5,2
a227f27a-660d-4855-b2c0-a86a5c2d1f5b,8866cbb3-d703-4d0f-bd06-80490a70b4e3,2026-04,0,22,6,8
16436828-fbbc-486b-bf3c-23778de75891,8866cbb3-d703-4d0f-bd06-80490a70b4e3,2026-03,0,22,12,10
cd7b87e4-70c5-49da-a2e8-79885491a524,8866cbb3-d703-4d0f-bd06-80490a70b4e3,2026-02,0,22,6,3
1aa9a909-0bb4-41a8-8007-7ee6120525ef,947198b7-2986-4829-8eab-15262ce6c062,2026-07,1,21,6,8
b76a764c-2383-4e66-91bd-07da5a04767f,947198b7-2986-4829-8eab-15262ce6c062,2026-06,2,20,0,2
04996d29-d7e9-4cbe-bc98-a9c0d8bcbdba,947198b7-2986-4829-8eab-15262ce6c062,2026-05,3,19,0,10
007b2fba-a002-480c-acda-1a00d221a738,947198b7-2986-4829-8eab-15262ce6c062,2026-04,3,19,4,10
18b1e052-931e-4e48-9710-96a3f7bf2497,947198b7-2986-4829-8eab-15262ce6c062,2026-03,3,19,2,7
59cf3c6e-06cc-4bef-9ae3-833176781438,947198b7-2986-4829-8eab-15262ce6c062,2026-02,1,21,2,9
0e1eced6-4c97-4109-b1fe-866455f2bad8,5909711d-7a37-43ac-a5d7-33cfc365c1ae,2026-07,1,21,5,1
ea0cb741-7dc7-4a0e-bf35-f144b24d373f,5909711d-7a37-43ac-a5d7-33cfc365c1ae,2026-06,0,22,8,4
833a0721-41cb-4c44-9d5d-2142b7bc3ea0,5909711d-7a37-43ac-a5d7-33cfc365c1ae,2026-05,0,22,14,8
353d2751-94c1-4c53-8e86-54031293c4ca,5909711d-7a37-43ac-a5d7-33cfc365c1ae,2026-04,0,22,9,9
b9e9bb55-30a6-41e6-b469-98e26f5ea32a,5909711d-7a37-43ac-a5d7-33cfc365c1ae,2026-03,0,22,6,9
c6f91a85-9654-425c-9c4d-930b7ad8435e,5909711d-7a37-43ac-a5d7-33cfc365c1ae,2026-02,0,22,10,2
87502cf2-85ad-406e-ace5-448764d3d93d,15297c5c-d692-454f-b625-2ccfaff1f62a,2026-07,0,22,9,8
f5156bee-272d-49c3-bd97-116406cf37db,15297c5c-d692-454f-b625-2ccfaff1f62a,2026-06,1,21,5,8
669370bf-f65e-432f-a0ef-a68d69e4106e,15297c5c-d692-454f-b625-2ccfaff1f62a,2026-05,0,22,15,10
e3c394b9-b4a9-4a68-9a51-ca1517c0d1e1,15297c5c-d692-454f-b625-2ccfaff1f62a,2026-04,0,22,13,10
8e61498c-a048-459c-b019-3a51aad7bd15,15297c5c-d692-454f-b625-2ccfaff1f62a,2026-03,0,22,15,0
59d4a249-75db-4206-8d99-eb3601b11039,15297c5c-d692-454f-b625-2ccfaff1f62a,2026-02,1,21,6,1
6ca63153-507b-4bb7-8d17-fe568098fd08,6c016a8a-80fe-4e9e-9846-ff0d10722b43,2026-07,0,22,15,2
4816a292-4d02-460a-ae87-2dd5e1ae405d,6c016a8a-80fe-4e9e-9846-ff0d10722b43,2026-06,0,22,9,9
a6fac554-01c4-473e-8f54-c6637cfa3bd9,6c016a8a-80fe-4e9e-9846-ff0d10722b43,2026-05,1,21,14,3
6552ef9a-a503-463c-a7f1-df1ddea54442,6c016a8a-80fe-4e9e-9846-ff0d10722b43,2026-04,1,21,9,8
44275d6d-b0a2-4313-9b20-83a957f29435,6c016a8a-80fe-4e9e-9846-ff0d10722b43,2026-03,0,22,12,2
9642d07f-bdc0-4a96-bb12-2ce21f640758,6c016a8a-80fe-4e9e-9846-ff0d10722b43,2026-02,0,22,11,1
42fd6eb8-84cb-4654-9f52-739310f2f8fb,ccd3136b-a8b0-4e40-a9fb-2366fc97eadb,2026-07,1,21,8,6
00aab695-8198-4d98-b700-435cc70d4ab4,ccd3136b-a8b0-4e40-a9fb-2366fc97eadb,2026-06,1,21,15,8
c94e79d5-3222-43f1-8863-cf98dbd522bd,ccd3136b-a8b0-4e40-a9fb-2366fc97eadb,2026-05,0,22,12,7
c7bb03d1-48ad-4b01-9153-a950c0c2d375,ccd3136b-a8b0-4e40-a9fb-2366fc97eadb,2026-04,0,22,7,3
58649505-5e95-4056-ba33-3d032fa82778,ccd3136b-a8b0-4e40-a9fb-2366fc97eadb,2026-03,0,22,10,8
d49f975b-a99c-4b3f-bf28-1b15c9d9b5bb,ccd3136b-a8b0-4e40-a9fb-2366fc97eadb,2026-02,1,21,5,8
c1e47048-9b34-471e-a622-888a1a9a9aa2,391506e2-9b53-495a-906c-552b05e2b84f,2026-07,1,21,5,3
80eb4e26-3cb6-4a67-87cc-4a9169aa3071,391506e2-9b53-495a-906c-552b05e2b84f,2026-06,0,22,6,8
bb8b245c-c496-4017-bfab-0fab3878284b,391506e2-9b53-495a-906c-552b05e2b84f,2026-05,0,22,12,5
e851ead3-0266-47c4-a78c-a476b1bb9be3,391506e2-9b53-495a-906c-552b05e2b84f,2026-04,1,21,5,7
d0e053a8-b884-4881-a473-f3846ec62233,391506e2-9b53-495a-906c-552b05e2b84f,2026-03,1,21,6,9
5b09ba8d-db55-4359-a16e-96e2f978d054,391506e2-9b53-495a-906c-552b05e2b84f,2026-02,0,22,10,4
8773b916-2197-4e7c-bb0e-ec649e6643f1,25d7caf9-9bec-4061-895c-741789c2a487,2026-07,1,21,9,9
2c0466c2-651b-40a3-9e6e-8e0845425f87,25d7caf9-9bec-4061-895c-741789c2a487,2026-06,1,21,15,2
67db674b-949e-43a6-851d-2a40ac3c4594,25d7caf9-9bec-4061-895c-741789c2a487,2026-05,1,21,12,8
5e3480de-9695-4229-bba4-b48bbe318393,25d7caf9-9bec-4061-895c-741789c2a487,2026-04,0,22,6,10
5b129795-41eb-46c2-8092-4400892f8a34,25d7caf9-9bec-4061-895c-741789c2a487,2026-03,1,21,9,7
91931b86-a415-4521-83e9-9fec44b52930,25d7caf9-9bec-4061-895c-741789c2a487,2026-02,0,22,12,0
1ae0ea12-f026-4b2e-b821-a478d5121b03,796e0429-995b-450c-adab-1b28cafc3025,2026-07,0,22,15,6
ffb8a889-df53-4c15-a499-874b7f6271c0,796e0429-995b-450c-adab-1b28cafc3025,2026-06,1,21,6,5
753861b8-278d-4d23-87d9-8a1786af1def,796e0429-995b-450c-adab-1b28cafc3025,2026-05,1,21,5,5
6cf79870-4041-4797-9487-b3146716585a,796e0429-995b-450c-adab-1b28cafc3025,2026-04,0,22,15,6
24025a45-483b-4440-afe2-6ead1af725e1,796e0429-995b-450c-adab-1b28cafc3025,2026-03,1,21,12,6
eb61a4bd-d483-4135-b00b-38ad0b2c5b24,796e0429-995b-450c-adab-1b28cafc3025,2026-02,1,21,15,3
cdd644b0-e3b3-43c9-8ad8-0a99bdbcb0c8,18f82e30-63ee-49c7-8ea4-b6713c249b73,2026-07,6,16,5,10
7af96c4b-9fef-4700-bd61-57c06b8f9fb6,18f82e30-63ee-49c7-8ea4-b6713c249b73,2026-06,3,19,2,2
be67ca1c-50f8-4777-8eff-a89023e5ac57,18f82e30-63ee-49c7-8ea4-b6713c249b73,2026-05,2,20,5,5
8c7b580d-9566-4b97-9846-9486b68043e5,18f82e30-63ee-49c7-8ea4-b6713c249b73,2026-04,3,19,2,9
f278d4ad-92f2-4c64-a83b-1ed938e89084,18f82e30-63ee-49c7-8ea4-b6713c249b73,2026-03,4,18,3,1
2812b44a-552a-478b-8b6b-20cd71c76c09,18f82e30-63ee-49c7-8ea4-b6713c249b73,2026-02,2,20,2,7
1153146a-4e78-47fe-a254-46faf31f0114,dca44805-44b0-4a77-aaf7-0737e193bc50,2026-07,3,19,9,9
c6dd5c52-c384-4430-98a6-4a36bf6e545c,dca44805-44b0-4a77-aaf7-0737e193bc50,2026-06,3,19,2,1
c8072fba-f998-4597-ab5f-6f2fe200d27e,dca44805-44b0-4a77-aaf7-0737e193bc50,2026-05,2,20,3,1
ae4597ff-74f4-41fe-8623-5eb88f0fff46,dca44805-44b0-4a77-aaf7-0737e193bc50,2026-04,3,19,5,5
5c487f38-7fc7-4cd7-ab2d-eb5e14942002,dca44805-44b0-4a77-aaf7-0737e193bc50,2026-03,2,20,7,2
9c0d1c91-96ca-48b1-87cc-d7480ea9b1eb,dca44805-44b0-4a77-aaf7-0737e193bc50,2026-02,3,19,7,3
97e8c06f-c6fd-45a0-b202-0a9d1d858b44,e51631cf-9308-4ea8-b472-c767c11e3cfb,2026-07,2,20,3,0
9110701d-b829-44dd-8912-dc73e854c27a,e51631cf-9308-4ea8-b472-c767c11e3cfb,2026-06,6,16,1,9
43d2ddc1-2bac-49bb-8086-61bef25373be,e51631cf-9308-4ea8-b472-c767c11e3cfb,2026-05,6,16,3,1
4329ed9a-2022-453d-b20d-7a2fdb0be942,e51631cf-9308-4ea8-b472-c767c11e3cfb,2026-04,5,17,5,9
7914313d-a429-4bd9-be46-d4c5215cb703,e51631cf-9308-4ea8-b472-c767c11e3cfb,2026-03,5,17,0,2
0fce2a03-275c-4832-8f81-391511a539dd,e51631cf-9308-4ea8-b472-c767c11e3cfb,2026-02,5,17,4,5
80f98a5b-f98d-4d52-a37e-3d6119e8eea0,bde3608e-5ea2-440d-95d5-fd9a115055e9,2026-07,3,19,4,8
1f4797b8-63e8-4c4f-bf00-a75d02116c22,bde3608e-5ea2-440d-95d5-fd9a115055e9,2026-06,2,20,6,5
fba27653-4b0d-40fb-bf21-8a9f57f23975,bde3608e-5ea2-440d-95d5-fd9a115055e9,2026-05,1,21,6,10
dbb4f32e-139b-4a38-a218-a1b2d1ee7409,bde3608e-5ea2-440d-95d5-fd9a115055e9,2026-04,1,21,2,10
865fb6cf-9756-4af8-a52a-e4bce7627519,bde3608e-5ea2-440d-95d5-fd9a115055e9,2026-03,3,19,6,4
dff97c28-459f-4ad9-8eca-e6811bc64acd,bde3608e-5ea2-440d-95d5-fd9a115055e9,2026-02,1,21,4,6
b6b93bfd-37e2-4dd7-bb73-912f3759240d,9986cd52-64b0-45eb-9fc3-61918b9944cf,2026-07,0,22,10,2
ee30e74b-dfc6-4b06-9790-5df71792123f,9986cd52-64b0-45eb-9fc3-61918b9944cf,2026-06,0,22,7,2
550e34c8-8dc2-4f77-853a-e14d529f3639,9986cd52-64b0-45eb-9fc3-61918b9944cf,2026-05,0,22,8,5
d0b4bc10-d6bf-4346-934f-6005d46323ef,9986cd52-64b0-45eb-9fc3-61918b9944cf,2026-04,0,22,14,0
c52db251-811b-4e18-9671-3455cd8e34e4,9986cd52-64b0-45eb-9fc3-61918b9944cf,2026-03,0,22,5,10
242743f4-c66b-4a98-a711-5dbbf39cfaa1,9986cd52-64b0-45eb-9fc3-61918b9944cf,2026-02,1,21,13,8
a48d9567-fdc1-43b3-8d20-2088eb8cb2a0,92a986d1-6f50-4af5-ba9f-6fdf282ed3c9,2026-07,0,22,8,2
a32811fe-f232-4681-a3a7-c7868a721f26,92a986d1-6f50-4af5-ba9f-6fdf282ed3c9,2026-06,1,21,8,4
b7866a07-3f4b-49c8-9726-2d56e2882a05,92a986d1-6f50-4af5-ba9f-6fdf282ed3c9,2026-05,1,21,7,6
5a930084-12f4-439f-8dab-3dc6bce805b4,92a986d1-6f50-4af5-ba9f-6fdf282ed3c9,2026-04,1,21,7,0
7d9949de-a36e-469f-b5e3-584b635c65b9,92a986d1-6f50-4af5-ba9f-6fdf282ed3c9,2026-03,1,21,5,6
e496e329-34c0-483d-ab07-3a9d20f8f7cb,92a986d1-6f50-4af5-ba9f-6fdf282ed3c9,2026-02,0,22,7,6
5faa89bb-a3b9-4523-8736-8d00a494731f,0c75ba51-d93c-4a81-ac06-b659c33d008f,2026-07,3,19,10,10
ca0db890-31e9-438c-93f1-d06e4ab74686,0c75ba51-d93c-4a81-ac06-b659c33d008f,2026-06,3,19,8,10
c0e3c2a2-87a9-45d7-9580-7b22a18d0bd7,0c75ba51-d93c-4a81-ac06-b659c33d008f,2026-05,2,20,5,7
8cf1bffa-0635-41dc-a8de-13838ab8db80,0c75ba51-d93c-4a81-ac06-b659c33d008f,2026-04,2,20,10,10
067eaf4a-7862-45c7-bb1d-869b48ee635f,0c75ba51-d93c-4a81-ac06-b659c33d008f,2026-03,2,20,0,5
35395637-943a-4015-b5c0-f4ff06c1218a,0c75ba51-d93c-4a81-ac06-b659c33d008f,2026-02,1,21,0,9
241b39b0-a3cf-4359-9370-827e1de923ad,d5bbae0b-f39f-4e92-8297-a44e20bbf5a2,2026-07,1,21,9,0
8157ccb9-cac4-4cd9-ae64-94aabfb952cf,d5bbae0b-f39f-4e92-8297-a44e20bbf5a2,2026-06,1,21,13,9
94996f4c-79f1-45a5-a003-8dc9a0e5351d,d5bbae0b-f39f-4e92-8297-a44e20bbf5a2,2026-05,1,21,8,1
aab5dac8-f153-4853-84ca-f2050ffe164b,d5bbae0b-f39f-4e92-8297-a44e20bbf5a2,2026-04,0,22,7,5
452a735f-2faf-46c8-9afb-aaa3661cc3da,d5bbae0b-f39f-4e92-8297-a44e20bbf5a2,2026-03,0,22,12,10
fcfb22b1-bb96-46f4-93fe-16e66600e7b3,d5bbae0b-f39f-4e92-8297-a44e20bbf5a2,2026-02,1,21,10,0
96d12062-ed3e-48cc-b73a-f35937f70e1e,7f2cc4eb-dbed-4a9c-806c-13c0f57a8ad2,2026-07,1,21,13,9
c1636760-1305-4c44-96bc-170a561f1f5a,7f2cc4eb-dbed-4a9c-806c-13c0f57a8ad2,2026-06,1,21,15,0
bc3a1b60-70a8-4937-b35f-af7a06e4db3c,7f2cc4eb-dbed-4a9c-806c-13c0f57a8ad2,2026-05,0,22,5,7
06bdbb11-16fd-4252-b62f-ce6d89933fc5,7f2cc4eb-dbed-4a9c-806c-13c0f57a8ad2,2026-04,1,21,9,4
9d8dc411-b759-4e56-8bb1-2f739a48b203,7f2cc4eb-dbed-4a9c-806c-13c0f57a8ad2,2026-03,1,21,5,10
68e8465f-ff61-4423-a043-81fa4c50cf8e,7f2cc4eb-dbed-4a9c-806c-13c0f57a8ad2,2026-02,0,22,13,6
2a7a5151-a104-40e4-9782-f280df956479,ddf3eb62-90b6-4c34-8f84-324b19df8299,2026-07,1,21,4,4
4ac3a46a-a017-4a49-81cd-4885da119cf1,ddf3eb62-90b6-4c34-8f84-324b19df8299,2026-06,1,21,1,7
8df6495b-2df7-4451-b411-b02644ef1c0f,ddf3eb62-90b6-4c34-8f84-324b19df8299,2026-05,3,19,2,4
8bdef50e-0507-4d29-ad53-f87e7a0bf1a6,ddf3eb62-90b6-4c34-8f84-324b19df8299,2026-04,2,20,4,10
4758caa4-408c-4abe-954a-d15b58537d19,ddf3eb62-90b6-4c34-8f84-324b19df8299,2026-03,3,19,6,4
bb86bc87-427f-4d3e-8485-e440496487ae,ddf3eb62-90b6-4c34-8f84-324b19df8299,2026-02,2,20,2,2
6b5f2bda-27e5-49b7-8a16-c6ad4cbb2906,3affac3e-2578-4ba1-ac36-5bd590a07648,2026-07,0,22,6,3
4cf18fdc-c441-4329-9f7f-f96acd633986,3affac3e-2578-4ba1-ac36-5bd590a07648,2026-06,0,22,12,0
43058f04-eb84-4424-bdd2-713cb891d9d8,3affac3e-2578-4ba1-ac36-5bd590a07648,2026-05,0,22,14,9
a5ef2a1f-ba56-4de0-8453-46de97180807,3affac3e-2578-4ba1-ac36-5bd590a07648,2026-04,1,21,13,2
42e5e71b-d28e-4125-b7c9-aa9c9429190c,3affac3e-2578-4ba1-ac36-5bd590a07648,2026-03,1,21,13,4
aeb5da43-e9eb-44ae-8ba8-571ad137dff2,3affac3e-2578-4ba1-ac36-5bd590a07648,2026-02,1,21,6,10
d5584545-a544-428d-96fd-0e9bb7412a28,6a30e75a-f20b-478f-b545-2b401ca8b3df,2026-07,0,22,13,1
9655a85a-eb87-4446-9c54-52aca58d8c1e,6a30e75a-f20b-478f-b545-2b401ca8b3df,2026-06,0,22,11,0
35057b25-018e-4f13-8d58-b845bb64afc7,6a30e75a-f20b-478f-b545-2b401ca8b3df,2026-05,1,21,15,5
842919bc-9a81-41c0-a580-4ec382c6d8b9,6a30e75a-f20b-478f-b545-2b401ca8b3df,2026-04,1,21,6,8
4d33b0bf-7cee-42f2-b929-55ee52241cee,6a30e75a-f20b-478f-b545-2b401ca8b3df,2026-03,1,21,10,0
1b9292ad-f327-48c8-b7c2-1f1c669da56c,6a30e75a-f20b-478f-b545-2b401ca8b3df,2026-02,1,21,8,3
0dd215bd-88c2-4201-99b0-533be214d96a,4cd8d076-abe5-4dbe-b262-bbf448175144,2026-07,1,21,15,10
7b1d8524-3278-4891-a640-2870dec4777c,4cd8d076-abe5-4dbe-b262-bbf448175144,2026-06,1,21,5,9
7646f902-6e2e-4035-8529-6477a75660fb,4cd8d076-abe5-4dbe-b262-bbf448175144,2026-05,1,21,7,10
e08b70c4-d710-4954-bc85-d84dd5035178,4cd8d076-abe5-4dbe-b262-bbf448175144,2026-04,1,21,9,4
e5d8b118-582d-498b-bba1-5c4b21b256f7,4cd8d076-abe5-4dbe-b262-bbf448175144,2026-03,1,21,14,8
8872b279-80d1-47f4-8cd8-58621d6ad29d,4cd8d076-abe5-4dbe-b262-bbf448175144,2026-02,1,21,11,2
abc05c36-6df4-4e73-91dd-7d6a725806bd,801b2cfb-4bcd-491f-a149-9bacae60561c,2026-07,0,22,5,8
8f30fb6b-4666-4751-9d1b-9ab50635d58f,801b2cfb-4bcd-491f-a149-9bacae60561c,2026-06,0,22,10,4
1e31970d-989b-42d7-b47c-ef9b4dfd3abb,801b2cfb-4bcd-491f-a149-9bacae60561c,2026-05,1,21,12,6
9e10dde8-9813-4467-8f3b-1b363c939a33,801b2cfb-4bcd-491f-a149-9bacae60561c,2026-04,0,22,12,5
d5ab6e0d-e5aa-41d9-a027-dabb2ed1778c,801b2cfb-4bcd-491f-a149-9bacae60561c,2026-03,0,22,12,6
750eaaaa-1d99-40a1-ade5-66cb5766f269,801b2cfb-4bcd-491f-a149-9bacae60561c,2026-02,0,22,11,2
0c56bd1d-2dbd-4f41-a153-6e9d96298f84,0485a9cc-c4c4-4738-bb60-b6639ad97c66,2026-07,1,21,12,5
74017bc5-9805-4a26-ba6f-7057acabbae7,0485a9cc-c4c4-4738-bb60-b6639ad97c66,2026-06,1,21,5,10
e465e670-cfe5-4178-8468-5dcb7e035a55,0485a9cc-c4c4-4738-bb60-b6639ad97c66,2026-05,0,22,14,9
f4683ca4-16d7-4866-af9d-01ba4b40c28b,0485a9cc-c4c4-4738-bb60-b6639ad97c66,2026-04,0,22,8,7
608093cc-b375-4d75-9603-99cd0fc897d0,0485a9cc-c4c4-4738-bb60-b6639ad97c66,2026-03,1,21,14,5
bbafe48a-8b25-4813-879a-488e92dc30c4,0485a9cc-c4c4-4738-bb60-b6639ad97c66,2026-02,0,22,5,7
bccc2ee1-2fd2-4fdf-bc40-84a01d4e2f47,4f5a3934-b6fd-47eb-ab9a-f3abbf415dc5,2026-07,1,21,15,2
7ffa88e1-ddf2-4d40-adb1-d0ae98f06a0f,4f5a3934-b6fd-47eb-ab9a-f3abbf415dc5,2026-06,0,22,5,10
a3910906-bf6b-4e14-8a02-acabdf0fb59b,4f5a3934-b6fd-47eb-ab9a-f3abbf415dc5,2026-05,1,21,7,0
12a6d3a1-5b30-400d-bd63-e54b928b2b46,4f5a3934-b6fd-47eb-ab9a-f3abbf415dc5,2026-04,0,22,12,7
0889a605-e612-47d9-a971-151ebf73d95e,4f5a3934-b6fd-47eb-ab9a-f3abbf415dc5,2026-03,0,22,10,2
20ef3460-8063-4813-bb47-8999d6916e73,4f5a3934-b6fd-47eb-ab9a-f3abbf415dc5,2026-02,1,21,13,8
9c950956-164c-42ee-a61c-b9bc30824b62,14d62a82-1f69-4bd0-972d-5171ee409ca9,2026-07,0,22,14,10
d1ae0327-635b-44ea-b007-807a50ac2aa1,14d62a82-1f69-4bd0-972d-5171ee409ca9,2026-06,0,22,13,6
1faa0b20-d1d8-426a-845f-5f10d17d344a,14d62a82-1f69-4bd0-972d-5171ee409ca9,2026-05,1,21,6,2
cbe0c28f-0fb2-4fd4-befe-4c9f1845a1a8,14d62a82-1f69-4bd0-972d-5171ee409ca9,2026-04,0,22,6,8
40a8686b-c50a-4da0-b888-4ee2f9582d55,14d62a82-1f69-4bd0-972d-5171ee409ca9,2026-03,0,22,12,4
a5ab2a39-4c39-48fc-91f2-d622e2f6bf93,14d62a82-1f69-4bd0-972d-5171ee409ca9,2026-02,0,22,7,2
b0511c38-cfab-42da-9334-7d89a051ff7c,5f571e5c-3906-4785-9056-cff3151f260d,2026-07,0,22,9,7
a9dd46c9-5318-4b0f-b04a-f5cdb0a9b377,5f571e5c-3906-4785-9056-cff3151f260d,2026-06,0,22,14,1
fada1ef2-096a-4df0-8185-03bb59e527f8,5f571e5c-3906-4785-9056-cff3151f260d,2026-05,1,21,5,9
4b49d8e1-9153-491a-8cb5-0277aa2959fd,5f571e5c-3906-4785-9056-cff3151f260d,2026-04,0,22,14,0
5f072ae7-b0fe-4422-bf3a-e623bcdafecb,5f571e5c-3906-4785-9056-cff3151f260d,2026-03,0,22,5,5
2519fae8-7542-41b4-bc11-3228df45c161,5f571e5c-3906-4785-9056-cff3151f260d,2026-02,1,21,10,8
bb2eb4a0-70ae-4bfc-9b18-4b63ca459b33,03797b76-30cb-4436-adb7-3ffe929f9f7c,2026-07,0,22,5,0
7ad9c1d7-4a57-412c-b8d4-1da899713bab,03797b76-30cb-4436-adb7-3ffe929f9f7c,2026-06,0,22,7,5
1b29b866-759b-4328-b826-2dd0018120a3,03797b76-30cb-4436-adb7-3ffe929f9f7c,2026-05,1,21,6,5
e20546ef-b9e1-42b3-a89c-5d742fa9be39,03797b76-30cb-4436-adb7-3ffe929f9f7c,2026-04,0,22,11,0
e98bb444-bff3-4441-89c1-b9158191865c,03797b76-30cb-4436-adb7-3ffe929f9f7c,2026-03,0,22,15,8
006c1314-70d3-43a2-91e5-dbddd4a7de18,03797b76-30cb-4436-adb7-3ffe929f9f7c,2026-02,1,21,12,7
8ce7c5b4-b5d5-41b8-8129-dae4c3d30cb0,a1318682-7d4c-439b-ac05-3df33d1f6ec5,2026-07,0,22,14,10
5a6685d5-e906-445c-844b-4548b9a5bc99,a1318682-7d4c-439b-ac05-3df33d1f6ec5,2026-06,1,21,9,0
3f21651a-87c9-461b-9e3b-12cb3c8d750a,a1318682-7d4c-439b-ac05-3df33d1f6ec5,2026-05,0,22,6,3
f42091de-2326-4845-8e83-c4ea61366d72,a1318682-7d4c-439b-ac05-3df33d1f6ec5,2026-04,0,22,5,3
202215f3-f810-41c3-bb73-31a8c8cbdf91,a1318682-7d4c-439b-ac05-3df33d1f6ec5,2026-03,1,21,13,9
bfb505fe-5177-4b82-a984-ae3f06d37a7b,a1318682-7d4c-439b-ac05-3df33d1f6ec5,2026-02,1,21,14,6
8dbcdb5b-6cf9-4452-b175-c5889bacdb0f,7c4c6f56-fd94-46b1-b573-ebdad9fdb6ed,2026-07,1,21,5,3
1d4a3524-1306-4f8a-ae5b-6b1abfb44f13,7c4c6f56-fd94-46b1-b573-ebdad9fdb6ed,2026-06,3,19,10,0
fabe9868-6693-4536-b2f3-38ff76ba0dda,7c4c6f56-fd94-46b1-b573-ebdad9fdb6ed,2026-05,2,20,10,9
a69f9235-b914-4645-b207-7d2db160f521,7c4c6f56-fd94-46b1-b573-ebdad9fdb6ed,2026-04,1,21,9,10
2a034f47-862a-4a4a-b765-9becc3bfdb4f,7c4c6f56-fd94-46b1-b573-ebdad9fdb6ed,2026-03,1,21,1,0
f85b3405-3ef7-40e2-a435-2c376cf48b39,7c4c6f56-fd94-46b1-b573-ebdad9fdb6ed,2026-02,2,20,8,5
528c16ed-3df3-42df-89e8-8a870d9d8ace,2bc5c1c7-f8c8-4dd3-8cb4-0d495800cf4f,2026-07,5,17,3,8
16a06edf-e8fa-406c-aefc-a1050039071a,2bc5c1c7-f8c8-4dd3-8cb4-0d495800cf4f,2026-06,4,18,5,10
ad471a7d-91a4-4f18-91ba-4693f76f4c33,2bc5c1c7-f8c8-4dd3-8cb4-0d495800cf4f,2026-05,6,16,1,2
2d4a937f-38cb-49e0-a6d1-5e3c17883777,2bc5c1c7-f8c8-4dd3-8cb4-0d495800cf4f,2026-04,2,20,5,1
a47ed694-27a5-4c96-9ab0-6f343097b777,2bc5c1c7-f8c8-4dd3-8cb4-0d495800cf4f,2026-03,6,16,2,0
d181e3d0-8ed4-48bc-96f7-768b53c01700,2bc5c1c7-f8c8-4dd3-8cb4-0d495800cf4f,2026-02,2,20,4,4
17422993-510f-4d77-a186-6bf070563bcf,13a67177-e073-46d4-8e76-dfb4db0dad81,2026-07,1,21,13,5
5c1ffa9b-c724-4af3-b306-6bdeafd49ad0,13a67177-e073-46d4-8e76-dfb4db0dad81,2026-06,1,21,9,3
658fa6a6-180c-4957-b4fc-1b37c00c2f45,13a67177-e073-46d4-8e76-dfb4db0dad81,2026-05,0,22,13,1
bc9c67bc-fd0d-44fa-b11f-3852885d299a,13a67177-e073-46d4-8e76-dfb4db0dad81,2026-04,0,22,9,5
2f49ba48-92f1-4290-87fe-703a19a6ea38,13a67177-e073-46d4-8e76-dfb4db0dad81,2026-03,1,21,6,9
995d8403-fd6b-400c-bdff-bb31388e70ff,13a67177-e073-46d4-8e76-dfb4db0dad81,2026-02,0,22,8,1
dacb3b83-ea27-452d-afd5-9c473e8112b5,17d812af-66f7-4302-800a-b2ace260ac4d,2026-07,1,21,11,3
f71d9bff-0051-4bad-8957-532956d936cb,17d812af-66f7-4302-800a-b2ace260ac4d,2026-06,1,21,15,1
3b34a0c8-0215-4e5b-91bb-08e705655075,17d812af-66f7-4302-800a-b2ace260ac4d,2026-05,1,21,11,1
306179c2-4c38-41b3-9605-afed4457345d,17d812af-66f7-4302-800a-b2ace260ac4d,2026-04,0,22,10,2
5013e9fc-2496-41a0-9c8c-6639d4b7eb68,17d812af-66f7-4302-800a-b2ace260ac4d,2026-03,0,22,11,9
22f0ebde-717e-4490-9ba8-76a58c438836,17d812af-66f7-4302-800a-b2ace260ac4d,2026-02,1,21,9,6
1f80062e-e89d-439c-9c58-9c142b479d1b,93d662b6-4ca5-4de1-82a9-735d1dda3c60,2026-07,0,22,9,5
a9408a64-f712-4b2f-ac07-83de34294c8b,93d662b6-4ca5-4de1-82a9-735d1dda3c60,2026-06,1,21,11,9
c0173761-a282-4b13-9bf9-f941f634452e,93d662b6-4ca5-4de1-82a9-735d1dda3c60,2026-05,0,22,10,9
fabf4b0d-3705-4492-89ef-2272f24b6a96,93d662b6-4ca5-4de1-82a9-735d1dda3c60,2026-04,0,22,8,4
34b1c74e-da23-496e-9f8a-fc03ec382917,93d662b6-4ca5-4de1-82a9-735d1dda3c60,2026-03,0,22,15,2
ff4e1947-77fe-439d-bab1-5fc00284ecca,93d662b6-4ca5-4de1-82a9-735d1dda3c60,2026-02,0,22,13,10
bcaba387-d65b-4228-842d-6bc573fe3e0c,2012b0de-fb43-49a5-8afb-1f88f45cb098,2026-07,0,22,15,4
16ccc01a-d88f-4af2-b505-4200ae0c29d3,2012b0de-fb43-49a5-8afb-1f88f45cb098,2026-06,0,22,8,4
8f99ecaa-2b25-49ab-8d8e-f4bd704a3a41,2012b0de-fb43-49a5-8afb-1f88f45cb098,2026-05,1,21,15,5
5255e82b-47f1-4c32-9d6e-55d46bee8ebe,2012b0de-fb43-49a5-8afb-1f88f45cb098,2026-04,1,21,5,6
a7f93b0e-6620-46db-9a53-63381a543186,2012b0de-fb43-49a5-8afb-1f88f45cb098,2026-03,1,21,14,5
724899a0-369e-48f8-9da3-79281a9319e7,2012b0de-fb43-49a5-8afb-1f88f45cb098,2026-02,0,22,11,5
57698771-defe-4b69-baf6-48a82637e1f0,2862e575-02a4-4a54-b3e9-708ba50c7772,2026-07,0,22,9,5
845498e7-ed44-4879-8847-54aa9ff8f04b,2862e575-02a4-4a54-b3e9-708ba50c7772,2026-06,0,22,5,1
11b2c68d-9139-4512-8d14-076798810bcc,2862e575-02a4-4a54-b3e9-708ba50c7772,2026-05,0,22,10,9
2c0b42ad-6d76-458c-9449-231e7b3fd554,2862e575-02a4-4a54-b3e9-708ba50c7772,2026-04,1,21,13,2
faeef7a6-2e0a-4d71-9ba8-32eec4e1a886,2862e575-02a4-4a54-b3e9-708ba50c7772,2026-03,1,21,5,6
a615893e-a2ac-4717-be13-9444f4baedea,2862e575-02a4-4a54-b3e9-708ba50c7772,2026-02,0,22,14,1
aab97ac0-5b08-49f8-a737-1568a2ea7d44,3dd364a4-5734-4dcd-9a0b-607de8475acd,2026-07,0,22,9,0
5bd3a0a5-9f4b-4c6c-8590-1db30167eb67,3dd364a4-5734-4dcd-9a0b-607de8475acd,2026-06,0,22,14,1
0126f82e-873c-4c5e-9ae9-a323abbf9173,3dd364a4-5734-4dcd-9a0b-607de8475acd,2026-05,1,21,5,4
f7a2b9f0-50d2-499c-bf02-71fa652b8cf8,3dd364a4-5734-4dcd-9a0b-607de8475acd,2026-04,1,21,11,2
42617737-eac0-4ee6-84a8-0473002f109a,3dd364a4-5734-4dcd-9a0b-607de8475acd,2026-03,0,22,8,8
58f7496c-8254-4b0d-92c7-023980ee8962,3dd364a4-5734-4dcd-9a0b-607de8475acd,2026-02,1,21,10,7
68b7f525-3182-45f0-a363-1fe76fb4a361,4449119f-286a-4ffe-95b0-0e05059bf99d,2026-07,0,22,6,8
f4929a46-5ce7-420d-9c60-1a065e28ead3,4449119f-286a-4ffe-95b0-0e05059bf99d,2026-06,0,22,15,3
a31b1d11-7473-47c3-96e9-b611c4c36e24,4449119f-286a-4ffe-95b0-0e05059bf99d,2026-05,1,21,6,3
86447bbf-1015-49af-8670-75ebdfff9281,4449119f-286a-4ffe-95b0-0e05059bf99d,2026-04,0,22,6,2
ac2fe058-2254-470b-aea8-3f953371c6ee,4449119f-286a-4ffe-95b0-0e05059bf99d,2026-03,0,22,11,5
32620acb-3ff4-4fd6-8cc5-71b12d3b3f8d,4449119f-286a-4ffe-95b0-0e05059bf99d,2026-02,1,21,7,2
d159a2ab-3b5b-43d1-b078-9d6af38efbcc,be509138-3163-4944-9803-301834141007,2026-07,2,20,4,4
09ea4fe4-cee9-45b5-bd59-a21a5ede5698,be509138-3163-4944-9803-301834141007,2026-06,1,21,2,9
bd15cb60-838e-4c10-a216-9520260267da,be509138-3163-4944-9803-301834141007,2026-05,3,19,7,5
c46a08af-ff8e-4a05-a44e-53fbc002dbd2,be509138-3163-4944-9803-301834141007,2026-04,3,19,9,0
bce70e03-0520-427b-bd9f-c57bcacabe9e,be509138-3163-4944-9803-301834141007,2026-03,3,19,7,3
a5018a25-ac39-409b-baa7-a1d44643ed1b,be509138-3163-4944-9803-301834141007,2026-02,1,21,0,6
242b4e4e-4c1c-441d-bb6c-57af0581f9c5,06fb6a9e-35be-4e0b-89eb-4f9c6cfccc24,2026-07,3,19,6,0
5d2ab3e2-74f7-4e9a-b3c3-4cb25e5234ec,06fb6a9e-35be-4e0b-89eb-4f9c6cfccc24,2026-06,2,20,10,10
24e9e6b1-115d-4698-885a-f889bddb101e,06fb6a9e-35be-4e0b-89eb-4f9c6cfccc24,2026-05,1,21,3,6
9b1d4935-7c01-4392-9d8a-608359152d0d,06fb6a9e-35be-4e0b-89eb-4f9c6cfccc24,2026-04,2,20,1,6
c5fbc872-57cb-44c3-b6c5-2ea1e42f67fd,06fb6a9e-35be-4e0b-89eb-4f9c6cfccc24,2026-03,2,20,5,3
c19c6296-5693-4029-ad58-735a2e0853e2,06fb6a9e-35be-4e0b-89eb-4f9c6cfccc24,2026-02,1,21,3,8
de604ee0-9c94-4a73-9a80-815fe1ecac69,08db2da4-e542-4ee4-94eb-3a93c37bb289,2026-07,6,16,4,7
b5e18acc-51d1-4832-832f-8a9b2250e37e,08db2da4-e542-4ee4-94eb-3a93c37bb289,2026-06,6,16,0,3
c6e20e0c-f906-487d-9689-c1abe4813d59,08db2da4-e542-4ee4-94eb-3a93c37bb289,2026-05,6,16,4,1
a5349138-91f1-4df6-8cc4-4b409c996433,08db2da4-e542-4ee4-94eb-3a93c37bb289,2026-04,5,17,4,6
5c724339-29d6-4e62-80de-38a58b0af7c1,08db2da4-e542-4ee4-94eb-3a93c37bb289,2026-03,5,17,1,1
73720b39-12ea-472c-8fd9-a83c9f23bdca,08db2da4-e542-4ee4-94eb-3a93c37bb289,2026-02,5,17,5,8
785b0b38-5e07-42d6-82fe-4282c4c50e26,1ba05307-5caf-443a-a581-a70f88a6364d,2026-07,1,21,13,9
56d51b6b-d111-423e-bd37-dfd8245e663b,1ba05307-5caf-443a-a581-a70f88a6364d,2026-06,1,21,14,7
1e73c9fc-5765-4cca-8165-5eae5c7b29b4,1ba05307-5caf-443a-a581-a70f88a6364d,2026-05,0,22,12,7
0697b6a1-3e6a-45e4-833d-2552e133ef78,1ba05307-5caf-443a-a581-a70f88a6364d,2026-04,1,21,13,8
2bc33f2d-fec5-42cb-839d-e922f1ae77f7,1ba05307-5caf-443a-a581-a70f88a6364d,2026-03,0,22,10,2
74c2b6c5-466f-4d26-9c78-cbd9c82628f7,1ba05307-5caf-443a-a581-a70f88a6364d,2026-02,0,22,10,10
bd50b340-a92f-4a6e-ba52-ad66a1f520ce,a69c137e-c9e7-4afa-9a37-49a160f5bdb4,2026-07,1,21,13,4
c62bfb79-6607-4cfa-bf3c-86a2897b3883,a69c137e-c9e7-4afa-9a37-49a160f5bdb4,2026-06,0,22,8,8
26fc7f20-4b7e-4f6a-bc41-995bdc062dd2,a69c137e-c9e7-4afa-9a37-49a160f5bdb4,2026-05,0,22,11,10
32eb7330-00ac-410a-aacc-5c7b4e167832,a69c137e-c9e7-4afa-9a37-49a160f5bdb4,2026-04,1,21,14,3
5128e6a2-6052-42f8-952e-8fd805204d58,a69c137e-c9e7-4afa-9a37-49a160f5bdb4,2026-03,1,21,5,3
ad058afb-2688-4fe5-aa4b-167d467e6569,a69c137e-c9e7-4afa-9a37-49a160f5bdb4,2026-02,0,22,7,8
249861cf-9138-482a-846e-cfe7906b3df1,6ca9ad67-edae-4731-adc1-0d6444722d3d,2026-07,2,20,5,2
f9753a69-9ca1-473c-868b-8fa872831e80,6ca9ad67-edae-4731-adc1-0d6444722d3d,2026-06,3,19,8,9
11a1ff95-fcaa-4a89-9502-61448a936565,6ca9ad67-edae-4731-adc1-0d6444722d3d,2026-05,3,19,6,9
2cbf145b-02d9-4536-8513-dacef5328fa1,6ca9ad67-edae-4731-adc1-0d6444722d3d,2026-04,1,21,3,0
a59f4c68-3ab4-4144-b166-a2365d67983e,6ca9ad67-edae-4731-adc1-0d6444722d3d,2026-03,2,20,7,4
1e3f80b1-d00e-470e-9030-ed54e6fdf991,6ca9ad67-edae-4731-adc1-0d6444722d3d,2026-02,3,19,6,1
77d4f7f6-5095-493f-af80-d52e6635658e,86ebe00b-bac8-421a-a841-f00b6404acb7,2026-07,1,21,5,8
3d7353b3-32d7-48a8-8101-5b2433726c59,86ebe00b-bac8-421a-a841-f00b6404acb7,2026-06,2,20,3,8
f374069c-9489-4c70-86b2-27257b6007b9,86ebe00b-bac8-421a-a841-f00b6404acb7,2026-05,2,20,3,10
654eccf9-a75b-41f9-8f33-cee4be134178,86ebe00b-bac8-421a-a841-f00b6404acb7,2026-04,3,19,1,1
31697c2f-6f7e-4b3c-a15a-5a7030e05fb2,86ebe00b-bac8-421a-a841-f00b6404acb7,2026-03,3,19,9,3
0897c257-e281-40e9-a62c-6a14c355e461,86ebe00b-bac8-421a-a841-f00b6404acb7,2026-02,3,19,1,8
91888bc5-f4fe-4c04-95d8-5941d8eb782e,5cb6e36a-4371-4bc3-99bb-f239c1fbce3e,2026-07,3,19,2,9
aef71db1-efa4-41ca-8363-39c0b042f6b9,5cb6e36a-4371-4bc3-99bb-f239c1fbce3e,2026-06,4,18,3,9
f5da19ef-ee4f-4683-8d3c-c1102178073d,5cb6e36a-4371-4bc3-99bb-f239c1fbce3e,2026-05,4,18,2,2
8ef963e2-0cdc-48d7-802c-d3d37c4d049a,5cb6e36a-4371-4bc3-99bb-f239c1fbce3e,2026-04,3,19,4,6
e35f0cf2-62d7-4245-ba13-a80282fa91b1,5cb6e36a-4371-4bc3-99bb-f239c1fbce3e,2026-03,4,18,0,0
d61e2696-dea9-4d1a-82eb-2a09887a9842,5cb6e36a-4371-4bc3-99bb-f239c1fbce3e,2026-02,3,19,4,7
40b1bd59-dbc5-4d97-ae09-9a51170b551d,67a131a5-b2b0-41c1-83eb-9874e75492dd,2026-07,1,21,11,1
cdace974-a8bb-40c4-969e-2c21754d3cc6,67a131a5-b2b0-41c1-83eb-9874e75492dd,2026-06,1,21,15,2
24061601-9a94-43d3-9a61-a50a664345e0,67a131a5-b2b0-41c1-83eb-9874e75492dd,2026-05,1,21,7,1
236ff9df-6393-4f11-8776-a8693b834601,67a131a5-b2b0-41c1-83eb-9874e75492dd,2026-04,0,22,6,0
a4b80c81-2125-4880-8ef4-2c2a862c6fc9,67a131a5-b2b0-41c1-83eb-9874e75492dd,2026-03,0,22,15,7
a2f021f7-ba29-4f67-9fbb-e37fe938b272,67a131a5-b2b0-41c1-83eb-9874e75492dd,2026-02,0,22,11,9
4755fd03-af27-432b-8de2-dc520b652d3c,33e06bf9-b0e5-4b3b-8016-5ee26d868eb7,2026-07,0,22,8,1
23a59785-c8d8-491b-bc9b-1841bdd742ca,33e06bf9-b0e5-4b3b-8016-5ee26d868eb7,2026-06,1,21,10,6
70f0a102-5e34-4230-8706-a21505fd13b8,33e06bf9-b0e5-4b3b-8016-5ee26d868eb7,2026-05,0,22,5,8
bba9909f-82f2-443f-b392-79e8e066dd50,33e06bf9-b0e5-4b3b-8016-5ee26d868eb7,2026-04,0,22,6,10
5db118a2-437e-43a8-9a5a-40c55694b60c,33e06bf9-b0e5-4b3b-8016-5ee26d868eb7,2026-03,0,22,12,0
0358225a-70b9-48c0-9bbe-c5dd9c78809a,33e06bf9-b0e5-4b3b-8016-5ee26d868eb7,2026-02,0,22,13,7
dedc86d4-dcb6-492b-aa02-25db0d63cd00,c3693754-7f9b-42fd-af40-5d54945ac8e5,2026-07,1,21,7,6
de755a8d-4142-4c4e-94ca-0a554fd8a753,c3693754-7f9b-42fd-af40-5d54945ac8e5,2026-06,0,22,14,4
9a2b6b1d-5d64-42d5-8454-7552dba17b16,c3693754-7f9b-42fd-af40-5d54945ac8e5,2026-05,0,22,11,6
e54fb5b6-1cc4-469e-95e7-fbae37ece918,c3693754-7f9b-42fd-af40-5d54945ac8e5,2026-04,1,21,11,2
7051d729-cabc-4491-9fa0-5634b62264db,c3693754-7f9b-42fd-af40-5d54945ac8e5,2026-03,1,21,6,7
5537e349-823f-49e4-ac34-41c12a28d3d2,c3693754-7f9b-42fd-af40-5d54945ac8e5,2026-02,1,21,11,8
a9bb00b6-09bc-4c9d-945b-0705e6518797,c36b8fbe-0e9a-4a2a-a7ff-636b2fd86998,2026-07,1,21,8,0
69fc9f9b-e720-4be7-9b5c-98aa21140712,c36b8fbe-0e9a-4a2a-a7ff-636b2fd86998,2026-06,1,21,11,6
cdfe1bf1-a8f8-4ee3-9027-5a2bd4088c4c,c36b8fbe-0e9a-4a2a-a7ff-636b2fd86998,2026-05,1,21,10,6
400ae2da-4c70-46a5-b4fe-2edaa879b9ed,c36b8fbe-0e9a-4a2a-a7ff-636b2fd86998,2026-04,1,21,10,6
072bf6a8-14a2-454c-914c-7dde4496e0e7,c36b8fbe-0e9a-4a2a-a7ff-636b2fd86998,2026-03,0,22,6,2
188f76f8-70d3-415e-9019-a01004bb00b1,c36b8fbe-0e9a-4a2a-a7ff-636b2fd86998,2026-02,0,22,5,3
22473ecb-0411-4f01-bfe2-e88655c22a8d,6edc4538-c811-487e-9762-b5456f1d16cf,2026-07,2,20,0,5
fdfceb4d-84ac-4905-9f55-512c3e693c71,6edc4538-c811-487e-9762-b5456f1d16cf,2026-06,2,20,1,3
dec5bb9d-8f10-4042-bf39-0fc4e97bee7c,6edc4538-c811-487e-9762-b5456f1d16cf,2026-05,2,20,5,6
cded327e-ca04-46a9-b0a0-a955acf4627b,6edc4538-c811-487e-9762-b5456f1d16cf,2026-04,6,16,0,5
f79acd77-9714-488c-8d7f-2ed75b7ef254,6edc4538-c811-487e-9762-b5456f1d16cf,2026-03,5,17,0,0
890a6716-9f8f-4fd5-a1aa-42e7342d5c41,6edc4538-c811-487e-9762-b5456f1d16cf,2026-02,3,19,3,4
f8d78d71-f7e2-4751-b007-322dce60e97a,59409e75-955a-4f0c-a333-9a5b1cca5271,2026-07,2,20,1,3
0537b46d-428d-4432-906a-e7d53062bc34,59409e75-955a-4f0c-a333-9a5b1cca5271,2026-06,4,18,2,10
937a9dd3-f503-41c9-b2f0-44b9f5944aac,59409e75-955a-4f0c-a333-9a5b1cca5271,2026-05,6,16,3,6
6d10ec21-2fca-49ba-9221-f4ba820cfa84,59409e75-955a-4f0c-a333-9a5b1cca5271,2026-04,4,18,4,1
86f13926-2d9e-47ff-8e19-d9f3b3544b27,59409e75-955a-4f0c-a333-9a5b1cca5271,2026-03,5,17,0,3
be69bef6-4468-4477-92a1-2285fc7393f6,59409e75-955a-4f0c-a333-9a5b1cca5271,2026-02,6,16,4,10
7253d317-be71-496a-93d7-558e5d78354b,e9cd4285-65c2-4d43-ba90-d3c964add09e,2026-07,0,22,15,7
3f01cc38-d5f6-4ca3-a78e-cfbe0aef6474,e9cd4285-65c2-4d43-ba90-d3c964add09e,2026-06,1,21,9,2
952d491a-be53-42d3-98df-5af33c083604,e9cd4285-65c2-4d43-ba90-d3c964add09e,2026-05,1,21,5,4
bac6db28-34bf-44d6-bb1e-3dad2de4ee7f,e9cd4285-65c2-4d43-ba90-d3c964add09e,2026-04,0,22,11,5
3a00356d-b02b-43f5-bd1e-a379a571c1a6,e9cd4285-65c2-4d43-ba90-d3c964add09e,2026-03,1,21,14,5
aa7ad7b8-25af-4cd9-8b04-0b3369207e8d,e9cd4285-65c2-4d43-ba90-d3c964add09e,2026-02,1,21,8,10
0874ec51-26f2-446a-bca4-cf5bb643cf11,d513d3d8-13f1-4471-890f-32be1cda5b89,2026-07,1,21,14,3
a98f919f-da53-48a8-bc99-c3b869e33273,d513d3d8-13f1-4471-890f-32be1cda5b89,2026-06,1,21,13,1
51b13114-7533-4721-94b0-99aab669e3af,d513d3d8-13f1-4471-890f-32be1cda5b89,2026-05,1,21,7,9
b72f6dc1-79aa-4760-9e3a-ae30f3506705,d513d3d8-13f1-4471-890f-32be1cda5b89,2026-04,0,22,5,6
3d7b85ab-02ca-4c43-9e76-31cd0f80c041,d513d3d8-13f1-4471-890f-32be1cda5b89,2026-03,0,22,7,0
62810929-72f2-4b09-8901-af3f5deb13df,d513d3d8-13f1-4471-890f-32be1cda5b89,2026-02,1,21,5,7
ced58b10-c742-422a-8f6f-f4385e7a07d5,eb780c23-d2cc-4f40-b884-f5cf78669fcb,2026-07,0,22,11,0
be46daab-bc59-4cd9-a284-9344b25ae5af,eb780c23-d2cc-4f40-b884-f5cf78669fcb,2026-06,0,22,12,5
8f689303-ed6f-437d-92d9-1719d11c9708,eb780c23-d2cc-4f40-b884-f5cf78669fcb,2026-05,1,21,7,1
21b5a290-1ad2-4957-9253-aaf002da1dc6,eb780c23-d2cc-4f40-b884-f5cf78669fcb,2026-04,0,22,8,10
8dadd001-1b0a-4c79-b284-718eb1c916fb,eb780c23-d2cc-4f40-b884-f5cf78669fcb,2026-03,1,21,10,6
b3a0a77e-1c12-46a7-802b-7c878e1f8a65,eb780c23-d2cc-4f40-b884-f5cf78669fcb,2026-02,1,21,10,3
24996a22-6484-4cad-8909-04ca022721e6,a0f7abf7-6d0f-4d29-a293-0ea2c6eaa311,2026-07,0,22,7,7
e7f39756-a406-4687-8fd8-cba6fed9f8b0,a0f7abf7-6d0f-4d29-a293-0ea2c6eaa311,2026-06,1,21,9,6
0eaed003-06ff-40c3-b1b3-e8a9cf6ab534,a0f7abf7-6d0f-4d29-a293-0ea2c6eaa311,2026-05,1,21,10,3
aa498efe-9f40-486e-81e4-2704aeca7676,a0f7abf7-6d0f-4d29-a293-0ea2c6eaa311,2026-04,1,21,6,3
284ab416-7725-4e65-9abd-473eddd45c0e,a0f7abf7-6d0f-4d29-a293-0ea2c6eaa311,2026-03,1,21,11,2
95923529-b55f-4405-8d9f-8741e75da121,a0f7abf7-6d0f-4d29-a293-0ea2c6eaa311,2026-02,0,22,6,5
8edf61ba-46ce-45c8-aab5-d6d6e76e94a2,f6926359-1d44-441d-82ac-52d6fafe6ffb,2026-07,0,22,7,5
118f282d-3c3b-4c56-a6a4-93f6b88b7a7b,f6926359-1d44-441d-82ac-52d6fafe6ffb,2026-06,1,21,9,3
da97b879-6ee2-4fe8-a9b7-8abf73761c00,f6926359-1d44-441d-82ac-52d6fafe6ffb,2026-05,1,21,13,9
4668d932-a1b9-44da-855c-4fa29ce4bfcf,f6926359-1d44-441d-82ac-52d6fafe6ffb,2026-04,1,21,7,9
d9a35796-2e11-428e-bba6-df6b754ca223,f6926359-1d44-441d-82ac-52d6fafe6ffb,2026-03,0,22,5,4
885d0ccb-2631-4505-b430-3fde8a215713,f6926359-1d44-441d-82ac-52d6fafe6ffb,2026-02,1,21,9,2
a88f144a-2375-4f1e-929c-e22fb8d22ec1,caf20963-6884-4324-9ae1-121cfd8b707b,2026-07,2,20,4,8
78472ea5-aa07-44ea-b8f4-f3fb50ea1e82,caf20963-6884-4324-9ae1-121cfd8b707b,2026-06,1,21,9,3
a535cc60-3483-492c-8c50-db41fa0f10cb,74f31779-8175-4423-8101-2e8651d02888,2026-07,1,21,0,9
066788d3-c55b-46e6-9178-7e35ef778786,74f31779-8175-4423-8101-2e8651d02888,2026-06,1,21,9,9
eec86b2f-c850-4525-a5d2-9860a7988d48,74f31779-8175-4423-8101-2e8651d02888,2026-05,3,19,9,4
087faae6-4962-47f3-9bc5-8df80042c3d8,74f31779-8175-4423-8101-2e8651d02888,2026-04,3,19,4,5
825c48f0-f584-4d12-84e9-d257d9b7ec51,74f31779-8175-4423-8101-2e8651d02888,2026-03,1,21,0,9
58268f22-5617-40ce-964e-1b94daf992d0,74f31779-8175-4423-8101-2e8651d02888,2026-02,1,21,6,3
8f098d79-8ae2-41dc-8742-37e8b2ee6627,59b43397-40f4-46ef-9a3c-961054e8edd4,2026-07,0,22,6,9
6e8e1d18-13e3-4546-9397-c7f63470654b,59b43397-40f4-46ef-9a3c-961054e8edd4,2026-06,0,22,7,6
ebf9333b-ac91-4859-b43a-f69c2852fed8,59b43397-40f4-46ef-9a3c-961054e8edd4,2026-05,0,22,9,3
46e667a8-eab7-42d2-afc6-2c27653f13d4,59b43397-40f4-46ef-9a3c-961054e8edd4,2026-04,1,21,12,9
5f11be49-73ea-4129-b9ac-20b1e7398427,59b43397-40f4-46ef-9a3c-961054e8edd4,2026-03,0,22,10,3
735365b8-508e-4022-9602-61127b622614,59b43397-40f4-46ef-9a3c-961054e8edd4,2026-02,1,21,13,10
3b883de9-10d5-4dbc-98ca-deba6859c7bc,61c4f515-512c-4fd6-965b-28851ae0d004,2026-07,3,19,8,6
ddc7e8a8-96da-45b4-85cb-a59826d3aa72,61c4f515-512c-4fd6-965b-28851ae0d004,2026-06,2,20,4,6
46e327ce-45e6-4000-8cee-1b8ba116bd52,61c4f515-512c-4fd6-965b-28851ae0d004,2026-05,3,19,8,4
c21e9fad-a355-4fa8-8e87-e425364a16b2,61c4f515-512c-4fd6-965b-28851ae0d004,2026-04,3,19,10,2
84bea7dd-e54e-4055-9f85-d481cefcabfc,61c4f515-512c-4fd6-965b-28851ae0d004,2026-03,2,20,8,2
864518f3-776d-4673-be1d-dd1168d3a9c9,61c4f515-512c-4fd6-965b-28851ae0d004,2026-02,3,19,9,9
6dc3fc1f-809c-44da-aead-f7d4a9f9f367,692d0d64-9e5a-4e72-86f9-c7830911536e,2026-07,2,20,10,6
369cdfc1-7849-4f41-ad71-73ea75b42743,692d0d64-9e5a-4e72-86f9-c7830911536e,2026-06,1,21,1,3
b39e8baf-5680-429f-9583-d293b62051ac,692d0d64-9e5a-4e72-86f9-c7830911536e,2026-05,2,20,6,5
a4281f05-3ee6-4fa6-9f4c-47a4ccc964bb,692d0d64-9e5a-4e72-86f9-c7830911536e,2026-04,1,21,4,0
8f172a70-b7aa-4c93-9b25-b900c34b9abd,692d0d64-9e5a-4e72-86f9-c7830911536e,2026-03,3,19,6,9
4eb54843-76f9-4a8b-872c-34c39bc2e7c5,692d0d64-9e5a-4e72-86f9-c7830911536e,2026-02,2,20,10,3
58148f91-8229-4500-b3cb-297a725d1e20,9e082655-f598-40cb-919f-9cede88abce3,2026-07,1,21,14,6
c78a779c-402d-4496-8202-73d390c79165,9e082655-f598-40cb-919f-9cede88abce3,2026-06,1,21,9,9
79159d89-2497-41d8-afce-67921b7692c9,9e082655-f598-40cb-919f-9cede88abce3,2026-05,0,22,12,9
cc9802b8-3e67-4349-b528-ce99b1c387f8,9e082655-f598-40cb-919f-9cede88abce3,2026-04,1,21,6,9
983a5b02-d5f0-4e92-89d1-4142fc9aae66,9e082655-f598-40cb-919f-9cede88abce3,2026-03,0,22,10,8
11c9e77d-3212-479d-b2bf-857bee334608,9e082655-f598-40cb-919f-9cede88abce3,2026-02,0,22,12,5
fb8416d5-1030-4f43-a0dd-f86a206ac3c5,5d642bfb-38f3-461a-8697-02f6916bdc66,2026-07,1,21,5,9
1a6c4e66-cccc-4536-9b9b-268ac5584c6e,5d642bfb-38f3-461a-8697-02f6916bdc66,2026-06,0,22,15,0
2d0cf082-9161-468c-add1-88dec6c304ee,5d642bfb-38f3-461a-8697-02f6916bdc66,2026-05,0,22,5,9
5bf1db05-68e4-4743-93f1-113620f5f071,5d642bfb-38f3-461a-8697-02f6916bdc66,2026-04,1,21,13,2
623d6bdb-7fc8-49ec-b4dc-bdf9fa3fca9d,5d642bfb-38f3-461a-8697-02f6916bdc66,2026-03,0,22,14,8
d6721582-83cd-4e34-b1a2-1c89cbd514dc,5d642bfb-38f3-461a-8697-02f6916bdc66,2026-02,0,22,14,3
8ccad4b2-5628-476c-8f6b-c58c2da62648,ab352517-fd30-45cd-a1e4-83224425360e,2026-07,3,19,2,10
dd450e90-2c66-48f1-940e-b08fc015f9e4,ab352517-fd30-45cd-a1e4-83224425360e,2026-06,1,21,3,1
4f196eef-b289-4bae-8355-d7fae37cb484,ab352517-fd30-45cd-a1e4-83224425360e,2026-05,1,21,1,0
bcf86565-fb8b-469b-a834-d30a07848511,ab352517-fd30-45cd-a1e4-83224425360e,2026-04,1,21,1,8
1919d569-ea28-4c84-a94e-4e901a594a64,ab352517-fd30-45cd-a1e4-83224425360e,2026-03,2,20,5,0
bbfa0f3e-46d4-40c5-b619-3bf1347ebb02,ab352517-fd30-45cd-a1e4-83224425360e,2026-02,3,19,8,1
7bd67a20-c3c4-4319-b433-55a83924b5dd,ccc8b20c-a0e2-476b-a9aa-cbda0b19cb3b,2026-07,1,21,8,7
d0562b8c-fcb3-489e-9cb6-eadf33a23d27,ccc8b20c-a0e2-476b-a9aa-cbda0b19cb3b,2026-06,3,19,0,5
33ccd1f6-a7d0-41e6-a67c-663587ab55a9,ccc8b20c-a0e2-476b-a9aa-cbda0b19cb3b,2026-05,1,21,10,4
8d220b87-b0ca-45a9-98d3-791e2e0586e6,ccc8b20c-a0e2-476b-a9aa-cbda0b19cb3b,2026-04,1,21,8,10
487ffc49-0dd5-4ef3-b701-d2e3c6fed59e,ccc8b20c-a0e2-476b-a9aa-cbda0b19cb3b,2026-03,2,20,7,4
b17db831-d074-40b9-8e0f-05e6cd52cba7,ccc8b20c-a0e2-476b-a9aa-cbda0b19cb3b,2026-02,2,20,6,6
dc0df3fb-45a4-45d4-8d5d-e8d7f78d10a7,a95f391d-ec5b-4f2f-be53-7601b0c53fd4,2026-07,5,17,0,5
b7293a0b-86cb-405e-acd8-6bcb8206c216,a95f391d-ec5b-4f2f-be53-7601b0c53fd4,2026-06,3,19,5,5
5fddbef9-eb5d-4b3a-8ca5-48af4028bf1e,a95f391d-ec5b-4f2f-be53-7601b0c53fd4,2026-05,3,19,3,3
9c36794e-e9f2-4e5c-88eb-f581a0b4e4d6,a95f391d-ec5b-4f2f-be53-7601b0c53fd4,2026-04,4,18,1,2
44e61d42-ad68-4665-8595-ec4beda6cbee,a95f391d-ec5b-4f2f-be53-7601b0c53fd4,2026-03,6,16,5,4
aff4ec91-22fa-4ebe-b049-ca8ef73d86ba,a95f391d-ec5b-4f2f-be53-7601b0c53fd4,2026-02,6,16,5,10
fc7e922a-bfa2-468e-b0ba-e0982c665d42,ca4c8fff-17ec-4f37-8d03-243e495f2425,2026-07,0,22,11,10
26773c14-4e1c-42db-96dd-5fb63f756b85,ca4c8fff-17ec-4f37-8d03-243e495f2425,2026-06,1,21,7,1
46b58529-dbd6-401d-a822-8e201dd9e44c,ca4c8fff-17ec-4f37-8d03-243e495f2425,2026-05,0,22,11,6
6da5cebc-0fe6-46b9-b729-0d887bdde7a2,ca4c8fff-17ec-4f37-8d03-243e495f2425,2026-04,1,21,7,9
6ff99c2d-ccd0-4c0f-8afd-65008e50a179,ca4c8fff-17ec-4f37-8d03-243e495f2425,2026-03,1,21,11,10
4be12483-1e4e-4917-b156-3b42ff769e42,ca4c8fff-17ec-4f37-8d03-243e495f2425,2026-02,0,22,14,4
a4302013-10ce-4326-9d8d-115b829e0b25,b9be0cd0-b8a0-4d16-9b72-8d0d41af1833,2026-07,1,21,10,1
3b02cf0f-0bb8-4502-99ea-5ae25e6341bb,b9be0cd0-b8a0-4d16-9b72-8d0d41af1833,2026-06,0,22,6,0
d9efa148-2cd4-4255-ad58-43e32007d060,b9be0cd0-b8a0-4d16-9b72-8d0d41af1833,2026-05,0,22,14,2
df0a9d01-3501-4a6a-9ea0-558c58e2b2e2,bad8616d-3035-43cf-95e4-301586a2e938,2026-07,0,22,9,7
6f20f8d3-fec9-43c0-b68a-7034e61ff500,bad8616d-3035-43cf-95e4-301586a2e938,2026-06,0,22,13,6
7e9c9862-1795-48a4-83a0-c59e4a471419,bad8616d-3035-43cf-95e4-301586a2e938,2026-05,1,21,11,4
d13875d5-b38d-4086-9042-e96e856b1c0e,bad8616d-3035-43cf-95e4-301586a2e938,2026-04,1,21,6,6
44a41fae-b072-4a3d-b258-663c7f9c15ac,bad8616d-3035-43cf-95e4-301586a2e938,2026-03,1,21,11,6
da9c4a28-c9e1-444f-8c84-0b095f08799e,bad8616d-3035-43cf-95e4-301586a2e938,2026-02,0,22,15,2
d0f6e4cd-f93a-410f-9fbe-830b45516cac,124c9d34-d7d3-4da4-8a46-f70e95c69c1a,2026-07,3,19,2,0
0aa45d88-9d90-4c6b-aa56-52c912f24802,124c9d34-d7d3-4da4-8a46-f70e95c69c1a,2026-06,1,21,10,9
a8c26340-0544-4bb9-bc21-52bcef0807cb,124c9d34-d7d3-4da4-8a46-f70e95c69c1a,2026-05,2,20,7,5
2f175db6-4786-41c7-9543-8b7640949382,124c9d34-d7d3-4da4-8a46-f70e95c69c1a,2026-04,3,19,10,9
6a502faa-7726-439e-9ab3-f54b9e72d2ad,124c9d34-d7d3-4da4-8a46-f70e95c69c1a,2026-03,3,19,3,9
9c398f37-72b3-447d-994d-61fd1aa3e393,124c9d34-d7d3-4da4-8a46-f70e95c69c1a,2026-02,3,19,8,7
9ff716bc-f550-4ca0-8d64-0a5684f9f75a,7193166d-a776-4015-8a8c-5b032267a377,2026-07,0,22,11,6
fd6d42c5-e394-48a3-9030-802ca217dbdd,7193166d-a776-4015-8a8c-5b032267a377,2026-06,0,22,11,10
30720678-ec9a-4d5c-9d71-52d692ce6c8c,7193166d-a776-4015-8a8c-5b032267a377,2026-05,0,22,15,2
33a17e49-f487-47a3-bc5b-13db7a5b9f3e,7193166d-a776-4015-8a8c-5b032267a377,2026-04,0,22,9,8
5e2fc331-e53b-4dd3-bb36-c9ca0aeaebcd,7193166d-a776-4015-8a8c-5b032267a377,2026-03,1,21,14,8
15654769-41f5-4548-9f09-2d7cd4cdce29,7193166d-a776-4015-8a8c-5b032267a377,2026-02,1,21,8,7
22a86a8f-bb56-42aa-9091-08b03501738e,b1d8093d-be3b-41c3-9d88-4c4ef3ae951b,2026-07,0,22,9,6
8b3ce779-09af-4ed3-b5f3-c57cb7b77fae,b1d8093d-be3b-41c3-9d88-4c4ef3ae951b,2026-06,0,22,10,9
4d929952-a047-4521-8299-6203bf4c600c,b1d8093d-be3b-41c3-9d88-4c4ef3ae951b,2026-05,0,22,6,2
4c565999-ab3b-4f3f-bc8e-cd736678db97,b1d8093d-be3b-41c3-9d88-4c4ef3ae951b,2026-04,0,22,9,6
654fb997-c0f3-44e9-b45b-69186dec5edb,b1d8093d-be3b-41c3-9d88-4c4ef3ae951b,2026-03,0,22,6,8
7ebba2de-9c0e-4479-be39-c47b8ec52e23,b1d8093d-be3b-41c3-9d88-4c4ef3ae951b,2026-02,1,21,7,8
8affd3af-6508-47cc-a6d6-73484b1a08ec,c6aa2336-cb3b-413e-8f49-a8e1dac1c429,2026-07,0,22,9,2
676f59b0-5dd8-440f-a438-d33aa027bcfa,c6aa2336-cb3b-413e-8f49-a8e1dac1c429,2026-06,0,22,7,10
93cb282a-00c4-4815-a048-5804c62160ff,c6aa2336-cb3b-413e-8f49-a8e1dac1c429,2026-05,1,21,15,5
6c6a3b10-a156-4123-924a-449e502b44e0,c6aa2336-cb3b-413e-8f49-a8e1dac1c429,2026-04,0,22,9,9
fb17407b-8dac-4a29-9ccf-4d5040dc8cb1,370f33c2-3730-4ae0-a6e3-1184769c96c1,2026-07,3,19,8,0
5faae860-ec27-4d9c-9a4e-5acda0c89134,370f33c2-3730-4ae0-a6e3-1184769c96c1,2026-06,3,19,7,4
dffd3873-2acf-4f92-99e4-6f2f9cab36af,370f33c2-3730-4ae0-a6e3-1184769c96c1,2026-05,1,21,10,6
7c548b14-0a59-4fa0-9efd-3926c378d865,370f33c2-3730-4ae0-a6e3-1184769c96c1,2026-04,3,19,9,9
72ee9f95-7c70-4855-a6e2-a5faa90908a8,370f33c2-3730-4ae0-a6e3-1184769c96c1,2026-03,1,21,10,8
ccba4115-0316-4bcb-8de2-b9b52e71e0f7,370f33c2-3730-4ae0-a6e3-1184769c96c1,2026-02,2,20,6,6
271fb790-2449-40e6-9ab1-1cce5e62ad6c,c6cded05-9d8f-48f6-a0f2-d32b8d1bbf9a,2026-07,1,21,9,2
6852d5c4-9d4d-48c5-9931-9d525b7f0149,c6cded05-9d8f-48f6-a0f2-d32b8d1bbf9a,2026-06,1,21,12,2
7e6c1ba6-93ed-46c1-8744-ad28fe0ffced,c6cded05-9d8f-48f6-a0f2-d32b8d1bbf9a,2026-05,1,21,9,2
ab2be55a-0600-4179-8d53-396b527b2c84,c6cded05-9d8f-48f6-a0f2-d32b8d1bbf9a,2026-04,0,22,11,6
3089b98e-8e74-42d9-b485-25d2a9cda4c2,c6cded05-9d8f-48f6-a0f2-d32b8d1bbf9a,2026-03,1,21,11,2
c200cc18-f2ba-4feb-b176-c1a405a292a2,c6cded05-9d8f-48f6-a0f2-d32b8d1bbf9a,2026-02,1,21,13,7
c712298d-9879-4050-98dd-212f08a04a2c,1679bbb4-ae3e-43d0-8f11-b417511ef735,2026-07,1,21,15,6
2647f890-8e7a-4803-ab0a-4696603bfa0b,1679bbb4-ae3e-43d0-8f11-b417511ef735,2026-06,0,22,14,6
014c68af-d1eb-40cc-871d-e02b4e8235b4,1679bbb4-ae3e-43d0-8f11-b417511ef735,2026-05,1,21,15,3
ba5818b5-293e-408d-815f-1c6915bcd287,1679bbb4-ae3e-43d0-8f11-b417511ef735,2026-04,0,22,12,2
384c5deb-5fae-4f14-9c13-cfe1a6d61b8e,1679bbb4-ae3e-43d0-8f11-b417511ef735,2026-03,0,22,12,0
912dd120-a9dc-4725-955f-2fe3e544d4cd,1679bbb4-ae3e-43d0-8f11-b417511ef735,2026-02,0,22,15,10
793e20ab-8de8-4258-a2c6-6df241e51118,e31999f8-fb96-4982-8082-7c26e0c9481a,2026-07,1,21,12,6
3c191bae-1919-45a7-9c84-8ac9525d8031,e31999f8-fb96-4982-8082-7c26e0c9481a,2026-06,0,22,15,9
d6ec4137-d234-4171-ab25-57352340c5df,e31999f8-fb96-4982-8082-7c26e0c9481a,2026-05,0,22,7,3
b25383df-4c4a-4f32-89cf-f0fe86070347,e31999f8-fb96-4982-8082-7c26e0c9481a,2026-04,0,22,15,3
b8964972-7058-4a5e-9dc0-7eeca46fde3b,e31999f8-fb96-4982-8082-7c26e0c9481a,2026-03,1,21,5,3
1623aa59-0979-4ff3-8b0f-55e95f40238d,e31999f8-fb96-4982-8082-7c26e0c9481a,2026-02,1,21,11,1
c15251e8-6a9d-44c0-adb6-73a28ccf68ff,5b59840e-a827-4035-b575-a481572720df,2026-07,1,21,12,4
d557dfb3-facb-45f7-94b0-0ad3a7dc482f,5b59840e-a827-4035-b575-a481572720df,2026-06,0,22,8,7
57160c5a-1e6a-41ab-be65-4bb4cc755ea2,5b59840e-a827-4035-b575-a481572720df,2026-05,0,22,5,4
5ce4fd75-0cc1-4dbd-843d-5ec542d164d6,5b59840e-a827-4035-b575-a481572720df,2026-04,0,22,14,7
1a876a4b-89e0-4fac-99d8-490862fabb72,5b59840e-a827-4035-b575-a481572720df,2026-03,0,22,13,10
6acbd43c-8a8c-425f-8160-2f6880d98605,5b59840e-a827-4035-b575-a481572720df,2026-02,0,22,6,9
8cd84e6a-d0af-4ecf-b174-4e39e6ebe2f1,e43514d6-0604-4a48-af9e-cf34f3ecc86f,2026-07,1,21,13,10
3d0a7891-3a6e-4b0c-8bd2-c6b54d59035f,e43514d6-0604-4a48-af9e-cf34f3ecc86f,2026-06,0,22,6,9
139d19f8-170a-4da7-bcc6-a43945dbf34e,e43514d6-0604-4a48-af9e-cf34f3ecc86f,2026-05,0,22,7,9
a353166a-5cb5-4492-ba1e-ca5978b83163,e43514d6-0604-4a48-af9e-cf34f3ecc86f,2026-04,0,22,12,10
67ba9ac0-3ab4-43b4-bad8-9c1f3a56617e,e43514d6-0604-4a48-af9e-cf34f3ecc86f,2026-03,1,21,9,8
53a26f5d-90ab-42b4-8798-5845a2e02748,e43514d6-0604-4a48-af9e-cf34f3ecc86f,2026-02,1,21,11,9
394e6f07-d4be-496d-8a19-24ae933934e6,5e97cd2d-7c1b-4c60-973f-3ac6861199dc,2026-07,1,21,13,6
159b647a-a6fb-4976-b971-9d44722e35a9,5e97cd2d-7c1b-4c60-973f-3ac6861199dc,2026-06,0,22,12,6
b12eb2be-a0e3-448d-9b83-be411917604f,5e97cd2d-7c1b-4c60-973f-3ac6861199dc,2026-05,0,22,12,1
12af5de0-73d0-416f-9b8d-3f6d9285bdbb,5e97cd2d-7c1b-4c60-973f-3ac6861199dc,2026-04,0,22,8,2
954cd117-999d-482c-a9f7-fd82a241d469,5e97cd2d-7c1b-4c60-973f-3ac6861199dc,2026-03,0,22,5,5
88813e64-9203-4e07-803a-81fe48599b47,5e97cd2d-7c1b-4c60-973f-3ac6861199dc,2026-02,0,22,5,10
7187d749-4b3f-4ce5-bf69-d6e029351863,7b8bc369-beb3-4bee-a81f-8057dc636860,2026-07,3,19,1,9
0fa7e5ba-c9d6-4adc-ab97-179f5a0d071a,7b8bc369-beb3-4bee-a81f-8057dc636860,2026-06,3,19,9,2
c17db7bb-fc35-4163-bf80-9ae813c6a4f3,7b8bc369-beb3-4bee-a81f-8057dc636860,2026-05,1,21,9,10
09b1a955-ef61-425d-9f9b-b30eec5df9ae,7b8bc369-beb3-4bee-a81f-8057dc636860,2026-04,2,20,0,3
f29033d7-2a04-4459-8ec8-4655776fcf54,7b8bc369-beb3-4bee-a81f-8057dc636860,2026-03,1,21,3,9
8f7d4d31-7eef-4acc-a238-85bcb34bafde,7b8bc369-beb3-4bee-a81f-8057dc636860,2026-02,1,21,10,7
ee98d1b6-8e9d-4e9e-a6b8-9286d0c8b753,ca0bac28-6336-49aa-bced-a45a9da8aebe,2026-07,6,16,1,3
77cea9f6-2c55-4ab6-bba3-6203a111b01f,ca0bac28-6336-49aa-bced-a45a9da8aebe,2026-06,6,16,0,2
26ffc98e-6df7-42a2-b092-2d95b9bd4aa9,ca0bac28-6336-49aa-bced-a45a9da8aebe,2026-05,6,16,3,10
60ed754f-04d5-49e4-8045-a057f90a5aa9,ca0bac28-6336-49aa-bced-a45a9da8aebe,2026-04,5,17,3,5
25b19cc2-10b8-4de9-b9e4-6d944efa2782,ca0bac28-6336-49aa-bced-a45a9da8aebe,2026-03,5,17,5,6
8c573655-f891-45f2-bb24-b79102456dec,ca0bac28-6336-49aa-bced-a45a9da8aebe,2026-02,5,17,2,2
7eb46408-20e6-439b-8122-6c000e8d4d3f,0543cfec-58b5-4d8a-8ac0-667dcb3f6374,2026-07,3,19,10,10
16ed9413-7cd5-41a0-bca6-056f38bfb58b,0543cfec-58b5-4d8a-8ac0-667dcb3f6374,2026-06,3,19,6,0
77afe536-23c7-410f-b8ed-b64e46eea091,0543cfec-58b5-4d8a-8ac0-667dcb3f6374,2026-05,1,21,4,1
d681d333-1c42-46d6-944a-108542458bf0,0543cfec-58b5-4d8a-8ac0-667dcb3f6374,2026-04,2,20,10,4
9d0ab015-745b-4aa4-9f3c-a477890743d5,0543cfec-58b5-4d8a-8ac0-667dcb3f6374,2026-03,2,20,2,0
1c9d016f-a224-4653-9f4b-daeb0a348452,0543cfec-58b5-4d8a-8ac0-667dcb3f6374,2026-02,1,21,2,0
164c1286-2705-44a7-86d5-ca80a4d8a78b,1cb1ab85-6997-4c35-beaf-6cec62c9089e,2026-07,0,22,12,4
fdf2f47b-6fda-4326-8ac5-34e370f046aa,1cb1ab85-6997-4c35-beaf-6cec62c9089e,2026-06,1,21,15,4
c4b6e082-b9cc-4bc3-b8e5-5cf384443e4a,1cb1ab85-6997-4c35-beaf-6cec62c9089e,2026-05,1,21,9,9
1a6729f4-fcac-47fc-97d3-d3a0b686a022,1cb1ab85-6997-4c35-beaf-6cec62c9089e,2026-04,1,21,5,7
fb1c9554-f773-4663-834d-b116970ce219,1cb1ab85-6997-4c35-beaf-6cec62c9089e,2026-03,1,21,7,8
f4a4232f-bbb6-4c4f-b00e-c84a5af5ce1b,1cb1ab85-6997-4c35-beaf-6cec62c9089e,2026-02,0,22,10,10
b4a230b4-0a91-4a6d-a080-b1c7d6cb3448,b07439a2-8f08-4bee-8419-c573a8d5f211,2026-07,0,22,8,5
4a5464a4-23f3-4e41-9880-9d7ac11187bd,b07439a2-8f08-4bee-8419-c573a8d5f211,2026-06,0,22,12,5
ab0bb422-de2c-4931-9414-a94326c94bc9,b07439a2-8f08-4bee-8419-c573a8d5f211,2026-05,0,22,7,6
f4815f0a-b451-43d0-a9f1-9f73cb35f540,b07439a2-8f08-4bee-8419-c573a8d5f211,2026-04,0,22,9,9
a88f6d3b-ea8d-4a23-8986-f8bce32daf87,b07439a2-8f08-4bee-8419-c573a8d5f211,2026-03,0,22,12,8
de638718-ae1f-4844-b029-2b598e26d3d6,b07439a2-8f08-4bee-8419-c573a8d5f211,2026-02,1,21,10,5
2c8c071c-ca3d-45b2-8979-2ca462e12c14,cfadc6f3-0c13-489b-ba4c-342e21da6baf,2026-07,1,21,9,3
aa13ac0e-a39c-40b0-9e15-4f7f5d624451,cfadc6f3-0c13-489b-ba4c-342e21da6baf,2026-06,0,22,8,5
8ca079d8-f4dc-4ee5-b026-41261c1eab3c,cfadc6f3-0c13-489b-ba4c-342e21da6baf,2026-05,0,22,7,1
aade779b-cbac-4583-b5d7-88d8088fcc4f,cfadc6f3-0c13-489b-ba4c-342e21da6baf,2026-04,0,22,11,1
36de7a48-de8a-44a8-af64-32dda6662a8d,cfadc6f3-0c13-489b-ba4c-342e21da6baf,2026-03,1,21,7,8
d095f120-678f-4e80-89f9-bdfa61d3679f,cfadc6f3-0c13-489b-ba4c-342e21da6baf,2026-02,0,22,12,4
26c2ccd1-fbe1-40f2-84ba-9f2295d15c6c,4af115f3-9587-426e-8692-5c83d30ec93a,2026-07,1,21,12,0
550c3ac4-dea3-4db4-ac72-bca574c13115,4af115f3-9587-426e-8692-5c83d30ec93a,2026-06,0,22,5,9
9453f8a9-1113-48df-b2ae-1e0fd5fbed32,4af115f3-9587-426e-8692-5c83d30ec93a,2026-05,0,22,14,10
38fc9faa-5be2-46aa-80c8-6235c5ed59fe,4af115f3-9587-426e-8692-5c83d30ec93a,2026-04,1,21,11,0
264b9a62-c34e-4f84-8c99-997cdea863cf,4af115f3-9587-426e-8692-5c83d30ec93a,2026-03,0,22,14,2
0fc02bd9-6fb0-4279-95c4-d9dfb7d786ed,4af115f3-9587-426e-8692-5c83d30ec93a,2026-02,0,22,6,2
0a75ffbc-b56c-4bab-8886-790d47e0258d,a7a0d56f-1475-46ef-bddc-4cd5637a7328,2026-07,0,22,7,8
6daa01db-e7bb-475f-a4a5-34b9deac5244,a7a0d56f-1475-46ef-bddc-4cd5637a7328,2026-06,0,22,15,3
ecfd825f-9d27-413a-84ea-536fc8934526,a7a0d56f-1475-46ef-bddc-4cd5637a7328,2026-05,1,21,6,8
b89fad71-90d7-4067-be8c-c28659f01021,a7a0d56f-1475-46ef-bddc-4cd5637a7328,2026-04,1,21,5,4
30ce4c16-0088-4b14-8978-8644c468b8be,a7a0d56f-1475-46ef-bddc-4cd5637a7328,2026-03,1,21,11,9
edc04b27-9d53-4d96-a2ca-c38c96dfedce,a7a0d56f-1475-46ef-bddc-4cd5637a7328,2026-02,0,22,14,8
dd843407-f7ac-4f78-97f2-c12d4a7b3112,e00a65be-9b4c-4aa1-96a7-d1cdf12cc7fd,2026-07,3,19,2,8
d8340976-508e-4b19-8dab-d3196757df1f,e00a65be-9b4c-4aa1-96a7-d1cdf12cc7fd,2026-06,2,20,0,6
6ad75ace-74df-47d1-886b-893f7676647c,e00a65be-9b4c-4aa1-96a7-d1cdf12cc7fd,2026-05,1,21,4,6
0c2f8c72-321e-4c33-8cc3-4447dbdc7260,e00a65be-9b4c-4aa1-96a7-d1cdf12cc7fd,2026-04,3,19,1,7
46617c8b-3530-4712-a3a2-fe34e2ec062f,e00a65be-9b4c-4aa1-96a7-d1cdf12cc7fd,2026-03,3,19,7,7
210cba70-0754-4f66-b313-c998901675b9,e00a65be-9b4c-4aa1-96a7-d1cdf12cc7fd,2026-02,2,20,8,4
c0812192-12cd-4e16-a69e-c442e32f1ece,57262fdd-7f8b-4a74-b43b-8b6832a6e6ba,2026-07,0,22,14,5
485552d3-05aa-44b4-b941-f0f151e32cca,57262fdd-7f8b-4a74-b43b-8b6832a6e6ba,2026-06,0,22,12,6
72ea4e5b-34ec-4c9c-9ee2-d12aee818453,57262fdd-7f8b-4a74-b43b-8b6832a6e6ba,2026-05,0,22,15,1
fee352b0-bfc8-43d2-b0cc-bf931153dca0,57262fdd-7f8b-4a74-b43b-8b6832a6e6ba,2026-04,0,22,9,1
5a5c043e-a89e-42bd-8fc2-2d066c798570,57262fdd-7f8b-4a74-b43b-8b6832a6e6ba,2026-03,1,21,6,5
9192bf55-7d81-44fe-8797-db059f545ab7,57262fdd-7f8b-4a74-b43b-8b6832a6e6ba,2026-02,0,22,13,1
3ef557d0-cdab-432a-8265-00222f8132a8,ff7b321e-6064-405c-960a-95fde8a159bd,2026-07,3,19,5,0
aaba4335-0de5-4539-a6d8-7f00c707afb3,a0afb9c9-3e5a-4c33-81ea-cc24ca296d5c,2026-07,1,21,10,2
86b8249d-d743-4aa5-bb22-1f6ce89ff1c1,a0afb9c9-3e5a-4c33-81ea-cc24ca296d5c,2026-06,0,22,5,4
dabcb3fb-5209-47f5-8e64-2ce5a734ecd7,a0afb9c9-3e5a-4c33-81ea-cc24ca296d5c,2026-05,1,21,12,1
13f6d626-8f63-4c63-bad6-8968a8445260,a0afb9c9-3e5a-4c33-81ea-cc24ca296d5c,2026-04,0,22,12,3
082b013e-309a-4cc6-9e36-f611fd3b82ca,a0afb9c9-3e5a-4c33-81ea-cc24ca296d5c,2026-03,1,21,12,7
f5696fe1-7cee-4eca-b837-8569318745c1,a0afb9c9-3e5a-4c33-81ea-cc24ca296d5c,2026-02,1,21,7,0
2ad76195-f109-4747-945f-f67f32dc2f66,e110f9cc-0ac9-4ad5-bfa3-e089fb8d61e2,2026-07,6,16,1,9
6bfab95b-6c25-4cb8-bc9a-f6dea88e795f,e110f9cc-0ac9-4ad5-bfa3-e089fb8d61e2,2026-06,3,19,2,4
dc972c72-e558-4034-bb3e-004788c05996,e110f9cc-0ac9-4ad5-bfa3-e089fb8d61e2,2026-05,4,18,2,7
1f19d2ed-b54c-49b8-833e-e646cda3166f,e110f9cc-0ac9-4ad5-bfa3-e089fb8d61e2,2026-04,6,16,0,10
b52e5892-2580-4cff-9243-6c7eff13d979,e110f9cc-0ac9-4ad5-bfa3-e089fb8d61e2,2026-03,3,19,2,6
cc397c95-db2e-4a8f-bf73-abbaee422346,e110f9cc-0ac9-4ad5-bfa3-e089fb8d61e2,2026-02,4,18,2,9
eb95840d-20d5-46dc-a4ca-3b759f4a2f35,5ebf29d9-0f66-4ce6-9be6-65f8a3b0f0f5,2026-07,1,21,8,6
2d38659d-8a4c-4cfc-81f3-072064eabd9c,5ebf29d9-0f66-4ce6-9be6-65f8a3b0f0f5,2026-06,0,22,7,0
74549fd4-b8c4-4d81-ada4-c758bbfc78a4,5ebf29d9-0f66-4ce6-9be6-65f8a3b0f0f5,2026-05,0,22,6,2
4636c4fb-2760-4578-aa36-26239204a3c2,5ebf29d9-0f66-4ce6-9be6-65f8a3b0f0f5,2026-04,0,22,5,7
98a3c082-6e64-4d72-a38a-83f2c96a528c,5ebf29d9-0f66-4ce6-9be6-65f8a3b0f0f5,2026-03,0,22,9,4
1442dd7c-b5e2-4e54-a3ac-29360a452914,5ebf29d9-0f66-4ce6-9be6-65f8a3b0f0f5,2026-02,1,21,8,8
d50d9bbe-7c22-4b4b-b42c-fba87e58f5d4,a7f89431-2305-4184-b3f2-f077904bf32d,2026-07,0,22,8,4
0ae13eb1-3a29-4189-b150-182770022017,a7f89431-2305-4184-b3f2-f077904bf32d,2026-06,1,21,7,2
9f1b6b4d-7a1c-4638-a486-ea3a8f0fad9b,a7f89431-2305-4184-b3f2-f077904bf32d,2026-05,1,21,9,1
e1dc6f9f-0bd9-47b9-96e1-9cf72928491c,a7f89431-2305-4184-b3f2-f077904bf32d,2026-04,0,22,14,10
94c39732-010a-49f1-85eb-72e3a8792712,a7f89431-2305-4184-b3f2-f077904bf32d,2026-03,1,21,5,7
fd591e58-95fa-4579-81d1-024d00dc99da,a7f89431-2305-4184-b3f2-f077904bf32d,2026-02,0,22,5,9
811f748f-c707-434b-8923-ecba85efce2b,daa279c4-cfbb-4edc-b097-41b95bc02f98,2026-07,2,20,7,9
6b0f172d-84dd-48d5-8538-e05883e5057d,daa279c4-cfbb-4edc-b097-41b95bc02f98,2026-06,1,21,10,5
d3c62904-9018-458c-8925-f4c4beb2c088,daa279c4-cfbb-4edc-b097-41b95bc02f98,2026-05,2,20,8,0
d540c43f-596c-4aca-ac52-058f87ad7c6b,daa279c4-cfbb-4edc-b097-41b95bc02f98,2026-04,2,20,1,0
3e85baf2-ff10-4b26-a0ad-d78ce0c2c951,daa279c4-cfbb-4edc-b097-41b95bc02f98,2026-03,3,19,3,5
c70c0a1e-1981-4435-a662-43c4db812d7a,daa279c4-cfbb-4edc-b097-41b95bc02f98,2026-02,2,20,4,10
3f500624-a0e7-40d7-8cc0-e48975b12b34,abdb5fcd-7427-4be0-b7cf-3fd33f7994b4,2026-07,0,22,12,7
4bfa5e5b-be9b-4049-b4a4-aa86a9fe9f78,abdb5fcd-7427-4be0-b7cf-3fd33f7994b4,2026-06,0,22,10,5
6c65ee6a-56bd-4b61-92cf-7cfbc5dd8fb5,abdb5fcd-7427-4be0-b7cf-3fd33f7994b4,2026-05,0,22,7,8
d2901edd-8c74-430d-accf-d4bd1ad56851,abdb5fcd-7427-4be0-b7cf-3fd33f7994b4,2026-04,1,21,7,5
a502de8b-6b45-4a11-b780-a3d69998b181,abdb5fcd-7427-4be0-b7cf-3fd33f7994b4,2026-03,0,22,9,5
805b0a52-dfd2-4ce4-bbe2-b441744c6528,abdb5fcd-7427-4be0-b7cf-3fd33f7994b4,2026-02,0,22,6,6
960936ff-1da1-4a52-a658-5f754da67bff,9ac75d6b-a7c5-438b-8779-32931a11f819,2026-07,1,21,10,1
1df74d02-177f-4abd-a942-0ec351583b92,9ac75d6b-a7c5-438b-8779-32931a11f819,2026-06,0,22,5,0
dce5ba25-8508-4826-92fe-3372619ea365,9ac75d6b-a7c5-438b-8779-32931a11f819,2026-05,1,21,13,8
e43a3900-7da6-4ad6-ae49-5c44f098cfb3,9ac75d6b-a7c5-438b-8779-32931a11f819,2026-04,0,22,7,6
e1e29f72-40f0-41e1-98f6-163fa1959230,9ac75d6b-a7c5-438b-8779-32931a11f819,2026-03,1,21,14,7
fa2d6992-84ef-49a6-8c22-d128aef67796,9ac75d6b-a7c5-438b-8779-32931a11f819,2026-02,0,22,6,9
a49c6087-814a-4203-8a37-15a17be7040c,a6ca71af-68b1-4696-9cc0-c12f68153e39,2026-07,0,22,5,7
a8784756-f717-46b2-878b-54f719593101,a6ca71af-68b1-4696-9cc0-c12f68153e39,2026-06,0,22,6,3
437b8370-bb52-4bd6-ac29-968bac5c89b4,a6ca71af-68b1-4696-9cc0-c12f68153e39,2026-05,1,21,13,1
54ad5c26-e6e3-465a-8e18-c8249e5d0a07,a6ca71af-68b1-4696-9cc0-c12f68153e39,2026-04,1,21,12,4
8e43aaea-3329-4bd2-b41a-aaeed54dbfa2,a6ca71af-68b1-4696-9cc0-c12f68153e39,2026-03,0,22,6,6
ffa8eda2-5f9f-4288-8597-21e3321aa51f,a6ca71af-68b1-4696-9cc0-c12f68153e39,2026-02,1,21,6,4
1df5c380-dfba-4df8-8268-93bdd94019be,5a185440-7aff-4a66-b376-2c7770531bc7,2026-07,1,21,14,3
6aa51ecb-20d4-44a5-844e-4f380c6f0644,5a185440-7aff-4a66-b376-2c7770531bc7,2026-06,1,21,7,10
66ea6c41-a58c-478c-8aff-cd3d38780e9a,5a185440-7aff-4a66-b376-2c7770531bc7,2026-05,1,21,7,9
f5d98bfd-672e-440a-8e3a-4732d49a1da7,5a185440-7aff-4a66-b376-2c7770531bc7,2026-04,1,21,11,2
f516bede-4e46-48f5-964c-c5247ca63955,5a185440-7aff-4a66-b376-2c7770531bc7,2026-03,1,21,7,6
70ad5c0f-8317-4732-815c-784b65f601c2,5a185440-7aff-4a66-b376-2c7770531bc7,2026-02,0,22,7,5
75ad6bf2-7007-4941-8979-430193bcbce9,33563952-9fba-4f08-a7f0-be00b89b9b72,2026-07,0,22,11,9
14d7de3a-a237-438b-97bf-fc288e5b608e,33563952-9fba-4f08-a7f0-be00b89b9b72,2026-06,1,21,12,7
eb53a252-11e6-408c-948c-d219e5c900b4,33563952-9fba-4f08-a7f0-be00b89b9b72,2026-05,0,22,13,10
fd61c95a-2220-4855-8da6-4ebface6dc31,33563952-9fba-4f08-a7f0-be00b89b9b72,2026-04,0,22,14,1
4a6b59d2-66ec-4a3f-9136-29d5c070d2bb,33563952-9fba-4f08-a7f0-be00b89b9b72,2026-03,1,21,15,5
6590c742-bf8d-464b-a0e4-7da61f3d22d4,33563952-9fba-4f08-a7f0-be00b89b9b72,2026-02,1,21,6,10
6d847c89-1f73-4db4-bea1-402a3fd9c200,9b525013-824b-4d8b-af0a-ffb13573a7ed,2026-07,1,21,9,0
0f7a0702-b562-4592-8cf4-7b44488190b6,9b525013-824b-4d8b-af0a-ffb13573a7ed,2026-06,1,21,8,0
713bbdcd-5c05-4194-9087-61a3d1e4f77d,9b525013-824b-4d8b-af0a-ffb13573a7ed,2026-05,0,22,6,0
db751d1e-a3b6-4a1a-885d-ae8e7743aaa2,9b525013-824b-4d8b-af0a-ffb13573a7ed,2026-04,1,21,11,2
9f5961b9-9398-4749-9bee-dca558d7d213,9b525013-824b-4d8b-af0a-ffb13573a7ed,2026-03,1,21,15,2
cef3bd41-a4ee-4e92-a414-09ecdf062cdf,9b525013-824b-4d8b-af0a-ffb13573a7ed,2026-02,0,22,5,5
febedbf5-105b-415e-96e4-9fce37a0445b,831a1a12-6644-49fa-a611-0f1b00c642da,2026-07,0,22,8,6
e371c3be-bda3-44b9-a9b7-5c1d477d55ba,831a1a12-6644-49fa-a611-0f1b00c642da,2026-06,1,21,14,0
e4d6d219-c0f7-4564-80e0-d35ae5049822,831a1a12-6644-49fa-a611-0f1b00c642da,2026-05,0,22,15,0
b81ff98b-e280-4bfd-93c5-aac1b064f77a,831a1a12-6644-49fa-a611-0f1b00c642da,2026-04,1,21,15,7
ee41a9bc-1efc-4921-8e11-d76fca8733a7,831a1a12-6644-49fa-a611-0f1b00c642da,2026-03,1,21,15,1
bd93c555-dd58-40e0-814e-a725829ac51f,831a1a12-6644-49fa-a611-0f1b00c642da,2026-02,1,21,7,4
9f9eb8da-0189-4a8f-ab30-21ca22156c43,539d1f79-5ab4-4900-bc64-e210bc9f2118,2026-07,1,21,15,10
1b2e5055-7f7b-4cd7-88ac-107ba616daac,539d1f79-5ab4-4900-bc64-e210bc9f2118,2026-06,1,21,6,4
534494da-3c29-4a32-ad5f-8b0dbe426eb0,539d1f79-5ab4-4900-bc64-e210bc9f2118,2026-05,0,22,13,0
445dc65c-7334-4d47-ab06-dbbb458e93d5,539d1f79-5ab4-4900-bc64-e210bc9f2118,2026-04,0,22,5,9
d68520a7-0c09-4e66-91ea-69afc0cf6b11,539d1f79-5ab4-4900-bc64-e210bc9f2118,2026-03,0,22,12,5
02875be7-c356-445b-8ef6-15bae69ae9b8,539d1f79-5ab4-4900-bc64-e210bc9f2118,2026-02,1,21,9,1
2a2ead80-ee95-40e3-8df3-c9fcd861bc9c,abe3acea-a7fc-42c6-94b3-dac712d473b5,2026-07,0,22,13,2
4311b2cd-122c-4fbf-a8f0-ad6887359ed3,abe3acea-a7fc-42c6-94b3-dac712d473b5,2026-06,0,22,12,6
f4a79a90-846c-4000-aa73-fd3da29ca136,abe3acea-a7fc-42c6-94b3-dac712d473b5,2026-05,0,22,7,3
d00d61ce-c1b1-46a3-a4d1-d7560aa58377,abe3acea-a7fc-42c6-94b3-dac712d473b5,2026-04,0,22,5,6
6258ade2-1c98-4e7e-8751-5da9c82af01d,abe3acea-a7fc-42c6-94b3-dac712d473b5,2026-03,0,22,15,0
b9d71081-0ef2-4445-ae79-31b71a162e90,abe3acea-a7fc-42c6-94b3-dac712d473b5,2026-02,1,21,6,6
398a561b-7459-4c84-a391-3e7494ffb67d,ec555724-228c-49e1-8674-72533809aff2,2026-07,0,22,13,1
7413328d-59e4-4754-81d6-759fc8a021f6,ec555724-228c-49e1-8674-72533809aff2,2026-06,1,21,11,0
bd7c5d5e-0c15-4083-b26b-1e8c47a313c3,ec555724-228c-49e1-8674-72533809aff2,2026-05,1,21,14,0
cc8ca1d3-124a-466a-8ff6-27bb96a03325,ec555724-228c-49e1-8674-72533809aff2,2026-04,0,22,12,2
96973e2c-2b26-47c2-bb09-f27a23fda71a,ec555724-228c-49e1-8674-72533809aff2,2026-03,0,22,12,0
961732a4-c237-4992-847b-9edb9fd5c5dc,ec555724-228c-49e1-8674-72533809aff2,2026-02,1,21,10,1
2e631ff4-b365-492c-8078-e538d5207aef,19f19a9e-1840-48d3-ab90-16b8eb779f27,2026-07,1,21,11,3
5a2aa79c-f2f1-405d-8acf-49dad9b961dc,19f19a9e-1840-48d3-ab90-16b8eb779f27,2026-06,0,22,12,10
351d5985-cb09-439d-9d19-fbb7d3aa175b,19f19a9e-1840-48d3-ab90-16b8eb779f27,2026-05,1,21,14,4
4738a319-0da9-444b-bf29-492cd6cea0b4,19f19a9e-1840-48d3-ab90-16b8eb779f27,2026-04,1,21,10,2
a808455d-de68-4163-a09c-c9540cad2988,19f19a9e-1840-48d3-ab90-16b8eb779f27,2026-03,1,21,12,2
719de4b9-84d9-48b5-b069-7d13d9ab3b75,19f19a9e-1840-48d3-ab90-16b8eb779f27,2026-02,0,22,10,8
790123e0-3bbf-4298-8913-3c6149b1bd92,5cd035d9-1dbd-4346-9fcf-a5c81cf7c301,2026-07,1,21,8,6
1c6ab7ea-3563-46a6-8c48-c7eaf82bb951,5cd035d9-1dbd-4346-9fcf-a5c81cf7c301,2026-06,1,21,13,1
52495938-03e1-404a-a4b4-abb0c794f76e,5cd035d9-1dbd-4346-9fcf-a5c81cf7c301,2026-05,0,22,14,10
d9587157-4f4c-46c4-b08f-579591c7e1ea,5cd035d9-1dbd-4346-9fcf-a5c81cf7c301,2026-04,0,22,8,9
59ff0740-157b-442b-91c5-11cecd372d74,5cd035d9-1dbd-4346-9fcf-a5c81cf7c301,2026-03,0,22,10,2
bb21ef0e-07a7-469b-813a-0492bd626b45,5cd035d9-1dbd-4346-9fcf-a5c81cf7c301,2026-02,0,22,13,5
8a66060a-ec0a-4eb7-9656-4f6fd317400e,275ba9b5-5f17-47ee-9e8a-c568dc0689f1,2026-07,3,19,6,5
b1f6323a-9b34-416e-9929-8dfc1c819ebe,275ba9b5-5f17-47ee-9e8a-c568dc0689f1,2026-06,3,19,5,1
0242d035-4ac0-4856-b6dc-04040d1032c8,275ba9b5-5f17-47ee-9e8a-c568dc0689f1,2026-05,3,19,3,4
d5e54291-86d7-4013-8057-23869cfd84a4,275ba9b5-5f17-47ee-9e8a-c568dc0689f1,2026-04,2,20,10,5
431abfef-ba46-4abd-aeb4-76e5e55c24b5,275ba9b5-5f17-47ee-9e8a-c568dc0689f1,2026-03,1,21,10,8
f8d83ef8-d830-4a1d-9755-aa23644ed67b,275ba9b5-5f17-47ee-9e8a-c568dc0689f1,2026-02,3,19,4,3
77e3a9a8-8391-45e7-8ccb-8b95f35ad3a8,e8cadb6c-9e41-491f-8692-78b5892e70d0,2026-07,1,21,7,2
1edf81fa-7db5-4e9e-a76c-7535b7a77d5e,e8cadb6c-9e41-491f-8692-78b5892e70d0,2026-06,1,21,15,3
0357e253-4b66-4144-b0f6-9d8e9fc9bd94,e8cadb6c-9e41-491f-8692-78b5892e70d0,2026-05,1,21,13,9
09fad0e8-dd6b-4aef-8494-f7c0db1bfd63,e8cadb6c-9e41-491f-8692-78b5892e70d0,2026-04,0,22,15,4
2f9db3a1-4e60-4d02-b5ba-05d76209e23f,e8cadb6c-9e41-491f-8692-78b5892e70d0,2026-03,1,21,6,4
120fcb07-c428-4149-a7b0-e01e19378d17,e8cadb6c-9e41-491f-8692-78b5892e70d0,2026-02,1,21,10,6
c1b0d094-da31-48c6-b045-ede7efa6763b,0f5df6b5-b431-4fe5-9952-5e8871ba31fe,2026-07,0,22,8,4
c929b46d-a5cb-4f89-a493-e6e8dc39ae04,0f5df6b5-b431-4fe5-9952-5e8871ba31fe,2026-06,1,21,6,7
4e3bdd66-f5e5-4482-bf74-c63910261463,0f5df6b5-b431-4fe5-9952-5e8871ba31fe,2026-05,0,22,14,6
a8aed538-e3a0-4675-aaef-58452cde29a6,0f5df6b5-b431-4fe5-9952-5e8871ba31fe,2026-04,1,21,14,1
164117c7-02f5-459c-aa6a-e35d0475d40d,0f5df6b5-b431-4fe5-9952-5e8871ba31fe,2026-03,1,21,10,8
495f740e-901a-4be2-9cb6-8f0210d0bc1d,0f5df6b5-b431-4fe5-9952-5e8871ba31fe,2026-02,1,21,6,4
c375275e-2dfc-40a6-8ad3-dd66c35bc578,b4eb39ea-73f7-422f-b78c-9a89b8a2a3de,2026-07,0,22,9,2
a63500bf-f331-42dc-b2b1-f66238db6332,b4eb39ea-73f7-422f-b78c-9a89b8a2a3de,2026-06,1,21,15,10
47589335-3109-453c-825f-0c3cee0a4462,b4eb39ea-73f7-422f-b78c-9a89b8a2a3de,2026-05,0,22,13,1
15424a57-f830-4832-a91b-c0760f6bfcf5,b4eb39ea-73f7-422f-b78c-9a89b8a2a3de,2026-04,1,21,14,6
d71c142e-50ea-4fe3-9945-d38435b0a980,b4eb39ea-73f7-422f-b78c-9a89b8a2a3de,2026-03,1,21,7,2
11a94a7e-d7f2-4b70-83ef-d3f45577ba43,b4eb39ea-73f7-422f-b78c-9a89b8a2a3de,2026-02,0,22,8,9
f9bb96a0-daea-4af8-b877-7b8445a979de,149c954a-3c5a-4056-bc1f-503d0f0190c5,2026-07,1,21,13,4
e9dccaa2-3fae-42ba-a87e-54ffff8311ba,149c954a-3c5a-4056-bc1f-503d0f0190c5,2026-06,0,22,6,1
77a99ca2-7f6c-4518-a1f1-ce7a1df3f7b2,149c954a-3c5a-4056-bc1f-503d0f0190c5,2026-05,0,22,8,4
0767d066-944c-4f94-879e-24a2754c32e9,149c954a-3c5a-4056-bc1f-503d0f0190c5,2026-04,0,22,8,7
af76dd11-f4f6-44a9-bbe9-70e4ec996c12,149c954a-3c5a-4056-bc1f-503d0f0190c5,2026-03,0,22,12,7
9bb8b18c-c7de-4069-ba8d-f4e1244ac877,149c954a-3c5a-4056-bc1f-503d0f0190c5,2026-02,1,21,15,4
0470d693-4832-4250-9a6b-c41f2a4fae54,8d8a003f-7ede-4ad7-a100-d4d74becae0c,2026-07,1,21,9,0
08a0530c-d893-45e9-acc9-0d6f12fb8009,8d8a003f-7ede-4ad7-a100-d4d74becae0c,2026-06,1,21,5,9
575006f9-8e85-4232-9bb1-2822813dbb4a,8d8a003f-7ede-4ad7-a100-d4d74becae0c,2026-05,1,21,8,9
ef488c2e-deb0-4b69-96cf-84c0411a53bc,8d8a003f-7ede-4ad7-a100-d4d74becae0c,2026-04,1,21,9,8
8e9f6916-be96-4440-89e6-862deb34c3f3,8d8a003f-7ede-4ad7-a100-d4d74becae0c,2026-03,1,21,6,5
e410bf2f-12a5-4da1-bb4d-4a379819d700,8d8a003f-7ede-4ad7-a100-d4d74becae0c,2026-02,1,21,13,5
cdb341d4-5f2a-4de2-9281-de532fe01757,a77c22da-d09e-45eb-acaa-4e7cd26fbf44,2026-07,0,22,15,1
7ef36c21-ad6f-4aae-8795-d3aec30c23ea,a77c22da-d09e-45eb-acaa-4e7cd26fbf44,2026-06,0,22,12,3
5ff1a109-e6eb-455f-99b1-ff94cb9dc8c4,a77c22da-d09e-45eb-acaa-4e7cd26fbf44,2026-05,1,21,11,6
046487e9-6e85-472a-a64a-ed19f9c0df86,a77c22da-d09e-45eb-acaa-4e7cd26fbf44,2026-04,1,21,5,2
d9eb67e8-4c3a-42d5-89e7-01482c81c16a,a77c22da-d09e-45eb-acaa-4e7cd26fbf44,2026-03,1,21,7,6
70a289f0-cb3b-47c3-85ad-609f40ed2173,a77c22da-d09e-45eb-acaa-4e7cd26fbf44,2026-02,1,21,15,7
4f8e7634-ede7-43eb-983e-b53430c9c652,20f46522-564f-456e-b663-cb5ae884f0fe,2026-07,0,22,9,0
6ab781c4-cdaa-4305-87c4-f09d75e7c513,20f46522-564f-456e-b663-cb5ae884f0fe,2026-06,1,21,11,7
aa861b4c-5dd0-4f5f-8ad8-7a1e8c0381f1,20f46522-564f-456e-b663-cb5ae884f0fe,2026-05,1,21,14,8
0a5eb5b6-ba63-4fad-8d25-a0078f9e595b,20f46522-564f-456e-b663-cb5ae884f0fe,2026-04,1,21,15,2
237fe22f-67ec-497a-9c0c-242024bccb78,20f46522-564f-456e-b663-cb5ae884f0fe,2026-03,0,22,9,9
3404b559-4d25-4de1-a5cd-cb0ef4229caf,e2e8de44-faba-493d-91a7-1d2f7919cc7c,2026-07,5,17,0,3
6431553b-8a2a-41e5-8156-fa16879ae590,e2e8de44-faba-493d-91a7-1d2f7919cc7c,2026-06,4,18,4,10
072add34-c558-4e91-91a2-7e53c7e525a1,e2e8de44-faba-493d-91a7-1d2f7919cc7c,2026-05,5,17,2,5
baaa5320-2e43-4434-9fa1-9bb1954fc1eb,8604c655-b776-46c4-bca9-c19d849d3567,2026-07,3,19,0,1
afa82671-36a9-4b80-b870-9ccbd5f9fada,8604c655-b776-46c4-bca9-c19d849d3567,2026-06,1,21,4,0
a745762a-9be0-4946-8c55-0bb5932766e9,8604c655-b776-46c4-bca9-c19d849d3567,2026-05,3,19,1,1
ddc5d64c-20e4-4ab8-ae22-a821459479ed,8604c655-b776-46c4-bca9-c19d849d3567,2026-04,2,20,2,8
ff1af644-a16a-4800-8711-c996d77a83d6,8604c655-b776-46c4-bca9-c19d849d3567,2026-03,2,20,10,2
b416ecb7-b808-4e8b-ab3c-285dc44e2824,8604c655-b776-46c4-bca9-c19d849d3567,2026-02,3,19,10,3
5eee2d90-84d5-4177-8a2d-f733e4a77569,12f5959d-7d5d-41ff-8a1d-e658b7a9aa73,2026-07,6,16,0,2
a0b7bcba-0cb1-40bd-a6c1-c53800f67ae2,12f5959d-7d5d-41ff-8a1d-e658b7a9aa73,2026-06,3,19,2,5
bb7f4993-4a97-485d-aa90-ba9d158df831,12f5959d-7d5d-41ff-8a1d-e658b7a9aa73,2026-05,5,17,4,7
a1054049-c2a7-49ee-9306-21a5c3f6aefb,12f5959d-7d5d-41ff-8a1d-e658b7a9aa73,2026-04,2,20,3,0
6440ee02-fcd3-4cb0-b5b0-20526088c9c8,12f5959d-7d5d-41ff-8a1d-e658b7a9aa73,2026-03,5,17,2,5
aed6e1b7-f5a3-4730-8019-430dbf96ccd9,12f5959d-7d5d-41ff-8a1d-e658b7a9aa73,2026-02,5,17,3,2
a914d646-ad80-4216-8eff-45929577ee91,41d1529e-759b-4d8e-80d2-0037ce2dcf42,2026-07,1,21,8,10
347b525f-a900-4ade-91cc-1c1e020d41de,41d1529e-759b-4d8e-80d2-0037ce2dcf42,2026-06,0,22,7,6
b59b93d1-2468-4e69-bc49-3c4499da4430,41d1529e-759b-4d8e-80d2-0037ce2dcf42,2026-05,1,21,15,3
4c251645-c6b4-434e-8027-71e87243d3eb,41d1529e-759b-4d8e-80d2-0037ce2dcf42,2026-04,1,21,13,2
df3a8c7e-72d1-4054-bdad-37229380e9e6,f9d29a40-46b3-4fa0-81a6-2a9d06f86248,2026-07,1,21,5,2
da1ed420-a717-4f0e-bec9-3b3edf5686a0,f9d29a40-46b3-4fa0-81a6-2a9d06f86248,2026-06,0,22,11,9
40c13c21-2cdd-40c9-9b55-52529e37b5cc,f9d29a40-46b3-4fa0-81a6-2a9d06f86248,2026-05,1,21,11,1
5f2c42d8-68fb-4cb1-977b-255a78ef917c,f9d29a40-46b3-4fa0-81a6-2a9d06f86248,2026-04,0,22,13,9
3d0c03a1-69c7-48b2-ae82-ef8c911af95f,f9d29a40-46b3-4fa0-81a6-2a9d06f86248,2026-03,0,22,11,3
daf608e6-4581-4c4b-bd01-5be9ffc86e54,f9d29a40-46b3-4fa0-81a6-2a9d06f86248,2026-02,1,21,10,4
d5610f3a-8ab6-4fac-94d8-078364d0d153,8096ca20-1182-4ba3-a7a1-71c6d9921302,2026-07,1,21,5,4
51a6b6e7-acda-46eb-945f-117a868b0cc8,8096ca20-1182-4ba3-a7a1-71c6d9921302,2026-06,0,22,6,10
2a930182-44ee-4734-a5ef-1cebddd03f64,8096ca20-1182-4ba3-a7a1-71c6d9921302,2026-05,1,21,14,10
e139c2ee-9ab7-497f-a8f5-06b0fceef701,8096ca20-1182-4ba3-a7a1-71c6d9921302,2026-04,0,22,12,1
6beef969-ffb6-4391-a3b2-23967d9fe074,8096ca20-1182-4ba3-a7a1-71c6d9921302,2026-03,0,22,15,4
fbc9f07c-20fe-449b-b25e-a8d4fb1fa798,8096ca20-1182-4ba3-a7a1-71c6d9921302,2026-02,1,21,12,7
e7988fac-aeb6-4d09-b8df-7bc0eb9a61ce,37b8098e-a611-47cf-8f26-a8b136a5277a,2026-07,0,22,6,4
0805306b-c496-4e5a-891b-a78d202d8a5f,37b8098e-a611-47cf-8f26-a8b136a5277a,2026-06,0,22,9,8
5ae743b1-b1b1-43bc-8fc2-33f74050e702,37b8098e-a611-47cf-8f26-a8b136a5277a,2026-05,1,21,9,8
7288158f-f65f-41d9-84e8-041b7360aca2,37b8098e-a611-47cf-8f26-a8b136a5277a,2026-04,0,22,10,5
3a613210-2112-4ecc-bd23-60452f92761e,37b8098e-a611-47cf-8f26-a8b136a5277a,2026-03,0,22,7,4
df80a329-a873-4780-a006-a86c3422852d,37b8098e-a611-47cf-8f26-a8b136a5277a,2026-02,1,21,9,5
0500c9b2-0413-4837-b30b-74a2da55116f,e0b16672-0926-4c08-89ba-bf8c920ec5a5,2026-07,0,22,10,8
8b3292df-68df-4f28-8e2e-322e662b0408,e0b16672-0926-4c08-89ba-bf8c920ec5a5,2026-06,0,22,14,8
99860722-cdc7-41a5-be10-98433f14a643,e0b16672-0926-4c08-89ba-bf8c920ec5a5,2026-05,0,22,13,6
23e33418-f968-4302-a1ac-f8747b466b28,e0b16672-0926-4c08-89ba-bf8c920ec5a5,2026-04,1,21,6,0
c59a053d-f3fd-4a0b-a5ff-878af50cbb31,e0b16672-0926-4c08-89ba-bf8c920ec5a5,2026-03,1,21,14,4
ec30eaf2-377c-4f4b-81f6-e1b838549e09,e0b16672-0926-4c08-89ba-bf8c920ec5a5,2026-02,1,21,6,2
28315603-444e-4374-9bf6-fb405aea78b1,97bd87b6-09ce-4416-8787-e29f98706077,2026-07,1,21,8,1
328f2057-b770-4c5b-a9fc-11f29e7d9626,97bd87b6-09ce-4416-8787-e29f98706077,2026-06,1,21,8,6
baf5ff97-a9e8-4440-bbbf-12c4a6b96f34,97bd87b6-09ce-4416-8787-e29f98706077,2026-05,0,22,10,1
1bacd0f5-52b7-485a-b9e7-df342eb22477,97bd87b6-09ce-4416-8787-e29f98706077,2026-04,0,22,7,10
54483a2e-bc81-4426-ad1b-b279dcba7666,97bd87b6-09ce-4416-8787-e29f98706077,2026-03,1,21,12,3
bbc8b79e-dc44-4b81-8b3e-bb9fd08799e1,97bd87b6-09ce-4416-8787-e29f98706077,2026-02,1,21,5,3
70473072-d074-433e-8594-0dede276ca29,78a9ab42-d92b-46d4-bb60-a58d1eabda73,2026-07,1,21,13,1
b5bb472b-bb62-47a5-8835-2434c7afbb16,78a9ab42-d92b-46d4-bb60-a58d1eabda73,2026-06,0,22,12,6
e1caa732-0733-4566-8862-752a474c2c39,78a9ab42-d92b-46d4-bb60-a58d1eabda73,2026-05,1,21,15,7
8d331543-6807-4ec5-b9e2-6f51620cae3b,78a9ab42-d92b-46d4-bb60-a58d1eabda73,2026-04,1,21,8,0
1eec7cee-ed0a-4ff0-97e2-b857a58b2882,78a9ab42-d92b-46d4-bb60-a58d1eabda73,2026-03,0,22,5,10
f00adfd6-b81a-4264-9b8d-f6f4ba7152ac,78a9ab42-d92b-46d4-bb60-a58d1eabda73,2026-02,1,21,10,4
c80dc50f-2f69-4da2-86a4-02172149ef24,adb55aaa-18be-43fd-917e-da224abc0a8a,2026-07,1,21,10,4
02fb38e6-e2dc-4c76-81c3-2a4db0aad7c9,adb55aaa-18be-43fd-917e-da224abc0a8a,2026-06,1,21,10,1
27a311cc-bf98-4ae1-bf0a-70ce31245e41,adb55aaa-18be-43fd-917e-da224abc0a8a,2026-05,0,22,5,6
7ea9f1be-ce7c-4a86-8b47-2bd3acf7b6a3,adb55aaa-18be-43fd-917e-da224abc0a8a,2026-04,0,22,11,7
f85404e5-50c4-403c-b5d9-c5f672324f2c,adb55aaa-18be-43fd-917e-da224abc0a8a,2026-03,0,22,7,5
a895a269-2851-45fb-9ce1-832fef79b19d,adb55aaa-18be-43fd-917e-da224abc0a8a,2026-02,1,21,8,2
1b49cea2-bc1b-4c6c-9945-5f4dded3f7f7,b6c921f2-352c-4d16-b6f6-5712a7564bf8,2026-07,1,21,2,6
1465aa09-2015-457e-b53d-84436792b1d9,b6c921f2-352c-4d16-b6f6-5712a7564bf8,2026-06,3,19,9,9
38dfe119-4def-473c-8d01-a941d68f533d,b6c921f2-352c-4d16-b6f6-5712a7564bf8,2026-05,3,19,6,6
26203f8c-0d64-4b56-879d-3d04fbc26106,b6c921f2-352c-4d16-b6f6-5712a7564bf8,2026-04,3,19,2,7
767a7611-5d3d-4f74-8f9a-375457f51374,b6c921f2-352c-4d16-b6f6-5712a7564bf8,2026-03,2,20,4,4
3d95a5af-62c9-4e61-8df7-d0f102ab3437,b6c921f2-352c-4d16-b6f6-5712a7564bf8,2026-02,3,19,0,0
e50619d1-fdd2-4b36-85c0-4710096ecaf9,41beb097-9a8e-4196-9b25-daaeea6a23e6,2026-07,0,22,6,7
c2bfcac3-364b-4370-947b-5476b9e9a46c,41beb097-9a8e-4196-9b25-daaeea6a23e6,2026-06,1,21,11,5
cc359f48-f8f1-4af2-a41a-fdf9f6a143b7,41beb097-9a8e-4196-9b25-daaeea6a23e6,2026-05,0,22,5,2
94b9704e-2c89-4e68-a07f-19daf90a720e,41beb097-9a8e-4196-9b25-daaeea6a23e6,2026-04,0,22,6,5
e1044921-4649-4835-a98b-d95a73db546f,41beb097-9a8e-4196-9b25-daaeea6a23e6,2026-03,1,21,15,6
a569aebb-f18f-4d9c-ae83-1b12bbd52889,41beb097-9a8e-4196-9b25-daaeea6a23e6,2026-02,0,22,12,5
b8e8375e-4093-4a0a-81e7-573e1dc04e88,506a153d-ae9e-47b2-be0f-a0b88c583e1d,2026-07,1,21,6,8
c1230ba5-b78d-4e6c-ba16-16bf91aabad3,506a153d-ae9e-47b2-be0f-a0b88c583e1d,2026-06,0,22,7,6
dfd05ce6-c345-4e70-8dd7-4c09d47d62f1,506a153d-ae9e-47b2-be0f-a0b88c583e1d,2026-05,0,22,14,4
b79950a5-ca16-4c04-b469-3a55008c2e7d,506a153d-ae9e-47b2-be0f-a0b88c583e1d,2026-04,1,21,9,1
52932eb3-b4ed-450f-9e88-5c14ffca8856,506a153d-ae9e-47b2-be0f-a0b88c583e1d,2026-03,1,21,13,4
041a9dcb-8198-4805-a1f8-3b18ad133cf3,506a153d-ae9e-47b2-be0f-a0b88c583e1d,2026-02,0,22,9,9
7a1f57dd-349e-4f9d-9125-966f74bb0245,466490ed-c441-4809-89de-7a7b94f6c805,2026-07,2,20,3,7
1331eb14-9d0b-41cd-95ab-38c3a3a7ccdd,466490ed-c441-4809-89de-7a7b94f6c805,2026-06,2,20,0,4
52a2e90d-c9c4-44d4-95c0-a74d3369fb67,466490ed-c441-4809-89de-7a7b94f6c805,2026-05,3,19,2,7
f12da925-ee0f-4943-ab20-f9c567080615,466490ed-c441-4809-89de-7a7b94f6c805,2026-04,1,21,3,6
72199899-da4c-48bf-813a-e7fff3d2acbd,466490ed-c441-4809-89de-7a7b94f6c805,2026-03,3,19,2,10
b0ecac86-c0f8-4102-9aa8-2ab3b5f2b409,466490ed-c441-4809-89de-7a7b94f6c805,2026-02,1,21,6,7
c05488a2-17f8-43a1-9e57-587c506cd908,59154665-8df4-45e9-9d6d-ddf4da3e7528,2026-07,3,19,1,10
b98cc973-d94a-439d-82c4-81536112d202,59154665-8df4-45e9-9d6d-ddf4da3e7528,2026-06,2,20,2,6
e85077f6-e96b-4c0c-8d84-b11db818f38c,59154665-8df4-45e9-9d6d-ddf4da3e7528,2026-05,6,16,0,0
804caeee-5e49-4f69-92e8-a4157458f29e,59154665-8df4-45e9-9d6d-ddf4da3e7528,2026-04,5,17,2,8
c2d53eab-4178-43b9-83bd-8a6406f80f79,59154665-8df4-45e9-9d6d-ddf4da3e7528,2026-03,3,19,1,7
fed6ecb5-45e6-4650-9a4d-db25ecc8a4a3,59154665-8df4-45e9-9d6d-ddf4da3e7528,2026-02,4,18,0,5
f15a0a33-1da2-4487-abf8-6f295ba28b7b,043fe031-fb59-4ea9-aa82-21dd7b079832,2026-07,0,22,14,3
b9d29149-4c2b-44c7-90e8-1b05563ca938,043fe031-fb59-4ea9-aa82-21dd7b079832,2026-06,1,21,5,6
b21ce20c-4547-4eeb-8708-29621a5b201a,043fe031-fb59-4ea9-aa82-21dd7b079832,2026-05,0,22,11,1
e274d741-c081-4ddd-a8fe-4b8f26eeb7d8,043fe031-fb59-4ea9-aa82-21dd7b079832,2026-04,0,22,15,6
8b13f7c2-c837-4b7d-980e-acb1cfbe2614,043fe031-fb59-4ea9-aa82-21dd7b079832,2026-03,1,21,15,1
9168e23e-32eb-41b7-9c76-8730db9ef2bb,043fe031-fb59-4ea9-aa82-21dd7b079832,2026-02,1,21,8,10
fada67a9-0a24-4bfe-ab7c-993f5d0b196f,7f08202e-b8b5-4439-9520-6270ec61cd33,2026-07,0,22,13,8
1d2d1cc0-1207-42da-a567-a7b7621c69aa,7f08202e-b8b5-4439-9520-6270ec61cd33,2026-06,1,21,11,4
7b06db07-4873-4a67-a999-4a45c02b8572,7f08202e-b8b5-4439-9520-6270ec61cd33,2026-05,1,21,14,2
bdf5a86b-8559-4518-994a-5438f29775e3,7f08202e-b8b5-4439-9520-6270ec61cd33,2026-04,1,21,5,2
043a25a4-bf56-47d0-9485-f5c27e6428e1,7f08202e-b8b5-4439-9520-6270ec61cd33,2026-03,0,22,9,8
1fb519bc-de9a-4576-8949-5d0a82f4588a,7f08202e-b8b5-4439-9520-6270ec61cd33,2026-02,1,21,8,10
c0098556-5a85-4795-aa60-3ab0ab4e973b,deca4391-71d5-4f72-bd29-a5aa46fc2e8c,2026-07,1,21,6,8
314c171d-539f-4af5-943b-02bc71b94564,deca4391-71d5-4f72-bd29-a5aa46fc2e8c,2026-06,1,21,10,9
e8d819e6-3e86-48c7-9bc4-ae9b8c647f06,deca4391-71d5-4f72-bd29-a5aa46fc2e8c,2026-05,3,19,10,7
e01df562-84f6-464c-a110-f03b7cfdf115,deca4391-71d5-4f72-bd29-a5aa46fc2e8c,2026-04,3,19,8,8
78068a10-d292-4933-b693-d51e6fc6e56c,deca4391-71d5-4f72-bd29-a5aa46fc2e8c,2026-03,1,21,8,5
7313fe67-49e2-4458-8c03-52ff201527a0,deca4391-71d5-4f72-bd29-a5aa46fc2e8c,2026-02,2,20,5,0
509325c6-78f0-4662-be47-6ba6243c1d1a,cd81d63c-a952-4463-b178-fce4a1371d96,2026-07,0,22,11,6
9713eaa5-14e1-4482-8c18-dc21a355a424,cd81d63c-a952-4463-b178-fce4a1371d96,2026-06,0,22,11,3
bb83f6e9-deb0-4521-acfb-91b505232675,cd81d63c-a952-4463-b178-fce4a1371d96,2026-05,0,22,13,2
1bc7b757-88b9-4314-89f2-49c53e7d7b2e,cd81d63c-a952-4463-b178-fce4a1371d96,2026-04,1,21,11,1
dc8cc762-4abc-46d0-941e-4cadb91aac00,cd81d63c-a952-4463-b178-fce4a1371d96,2026-03,1,21,10,2
9118dee4-ec86-4b19-9816-81b743bc0b46,cd81d63c-a952-4463-b178-fce4a1371d96,2026-02,0,22,11,0
20f56e9e-bc13-4ca3-a052-54b4a2fa3d7c,0c34ff6e-1d03-4985-b4cc-904f80513e64,2026-07,6,16,5,9
0a4bfc1e-e2fc-44ad-86b0-dd56e43f10bb,0c34ff6e-1d03-4985-b4cc-904f80513e64,2026-06,6,16,3,4
dbfbd605-153e-4805-a2c5-04cb2a429076,0c34ff6e-1d03-4985-b4cc-904f80513e64,2026-05,3,19,5,6
6d0e60a9-0ba0-45bc-a6ee-12d9f1446cf9,0c34ff6e-1d03-4985-b4cc-904f80513e64,2026-04,5,17,2,2
675683fd-d41c-4a8f-a2b2-b6281aa5b553,0c34ff6e-1d03-4985-b4cc-904f80513e64,2026-03,2,20,2,0
daad1213-8952-4297-8bd1-f3e4c73453d9,0c34ff6e-1d03-4985-b4cc-904f80513e64,2026-02,5,17,1,3
baccc93b-b6fe-4b58-8316-7ed5eab8868e,4c77e810-f54d-4579-92e4-fd850cf38bc3,2026-07,0,22,5,8
20a6e5ef-8676-4dd8-9df0-d71baf620006,4c77e810-f54d-4579-92e4-fd850cf38bc3,2026-06,1,21,12,2
110413ed-60d1-4ef3-a81e-3f3578ff6b29,4c77e810-f54d-4579-92e4-fd850cf38bc3,2026-05,0,22,15,5
8f7fb099-d149-447c-8a57-f39a7a080a6e,4c77e810-f54d-4579-92e4-fd850cf38bc3,2026-04,1,21,15,4
ed429ba7-dfc4-465e-bd0a-5ac45032c04d,4c77e810-f54d-4579-92e4-fd850cf38bc3,2026-03,1,21,13,1
bc3cd921-ad0d-441b-a575-e2a7222c3764,4c77e810-f54d-4579-92e4-fd850cf38bc3,2026-02,1,21,10,7
0f24842b-d501-479d-b872-d34f6f2441e3,51d792da-b455-4477-b9af-d09e1ae27605,2026-07,0,22,5,1
285a05b0-30ff-4c92-9567-011ae98eac1d,51d792da-b455-4477-b9af-d09e1ae27605,2026-06,1,21,11,1
5497dc4c-0439-4998-9ca3-99889275bf79,51d792da-b455-4477-b9af-d09e1ae27605,2026-05,0,22,14,6
d1c5e728-20b8-42aa-9e82-81465da5dadc,51d792da-b455-4477-b9af-d09e1ae27605,2026-04,1,21,15,4
1a7c33ef-fc72-4c71-baa2-3a5c73a7c079,51d792da-b455-4477-b9af-d09e1ae27605,2026-03,1,21,13,1
523773ac-9d2e-4d46-9159-6ba94ef84fa4,51d792da-b455-4477-b9af-d09e1ae27605,2026-02,1,21,11,8
fd7461d1-600f-49f6-83f8-e865534aaf14,794bf5aa-3ec9-4958-a1fe-52c7b6f6ddab,2026-07,1,21,6,2
390e43dd-0ac0-4907-a970-8dbdae4f60af,794bf5aa-3ec9-4958-a1fe-52c7b6f6ddab,2026-06,0,22,5,5
4b6534bf-29bf-46fb-9577-ec17cfc0da24,794bf5aa-3ec9-4958-a1fe-52c7b6f6ddab,2026-05,1,21,9,5
b5e2f230-5779-44e7-9579-3b28f971aff0,794bf5aa-3ec9-4958-a1fe-52c7b6f6ddab,2026-04,1,21,7,3
5fcaed36-a59a-4510-baaf-012e3dbd0d04,794bf5aa-3ec9-4958-a1fe-52c7b6f6ddab,2026-03,1,21,13,6
cafd1944-2563-43ca-af53-1f66a2714572,794bf5aa-3ec9-4958-a1fe-52c7b6f6ddab,2026-02,0,22,9,8
a15f85fa-f0f3-4d7c-a859-934897a4c16a,3d48377a-bba1-45d1-ab4c-f924d858a856,2026-07,1,21,11,9
7b13828a-1a42-48ad-baef-aee6c78449e1,3d48377a-bba1-45d1-ab4c-f924d858a856,2026-06,0,22,8,1
12521a3b-9a94-4ab1-a4f8-cc098ad33820,3d48377a-bba1-45d1-ab4c-f924d858a856,2026-05,1,21,8,7
4436b375-42d3-48ad-9d59-65b3542eedd9,3d48377a-bba1-45d1-ab4c-f924d858a856,2026-04,0,22,15,2
985398b0-8dab-4108-b385-1c74710d3dfc,3d48377a-bba1-45d1-ab4c-f924d858a856,2026-03,0,22,9,4
c1fd0413-608c-495d-8d17-28312440a3cf,3d48377a-bba1-45d1-ab4c-f924d858a856,2026-02,1,21,6,3
6e935922-beb4-4a00-b2d2-d9b51a3c968d,a329a60e-e34d-493c-a006-2beb675b04d4,2026-07,1,21,15,4
6a0427b5-bb32-4127-b045-12748db7ebff,a329a60e-e34d-493c-a006-2beb675b04d4,2026-06,0,22,12,3
dfa901ec-ac30-4d5b-8b70-3c8ae2170417,a329a60e-e34d-493c-a006-2beb675b04d4,2026-05,1,21,11,4
df6a9504-78fd-46eb-9d4d-1d82289fdbd3,a329a60e-e34d-493c-a006-2beb675b04d4,2026-04,1,21,11,1
b0968087-3cf2-4e3e-b5bc-343e94c2a22f,a329a60e-e34d-493c-a006-2beb675b04d4,2026-03,1,21,11,5
30dc0216-0f96-4433-b897-b1d386bccf7e,a329a60e-e34d-493c-a006-2beb675b04d4,2026-02,1,21,6,0
ebebb903-35f8-4a62-8c0d-a506f1ff0a12,9192bd04-cb21-44b6-9d46-8febbe562935,2026-07,5,17,3,2
cdff031d-8f2a-4392-b9e1-0e4b3b8ac0f4,9192bd04-cb21-44b6-9d46-8febbe562935,2026-06,2,20,5,10
4c85259d-a7bc-4f3e-a0fc-96f970a22ced,9192bd04-cb21-44b6-9d46-8febbe562935,2026-05,3,19,1,6
207fa5c4-25b7-4a5e-8a1f-c194a5ebd262,9192bd04-cb21-44b6-9d46-8febbe562935,2026-04,6,16,4,1
d54d8f56-db14-4d13-b27a-135044987c1c,9192bd04-cb21-44b6-9d46-8febbe562935,2026-03,2,20,4,7
807f398d-d2f4-4426-bc84-0b068f218a00,9192bd04-cb21-44b6-9d46-8febbe562935,2026-02,6,16,3,1
6a893291-0c2a-45dd-b874-4d286b66f6db,9daa5c6f-e7c0-4657-ac1d-cf6fae66251d,2026-07,0,22,15,8
cd40add7-0ff0-471d-9985-2e78f441cde6,9daa5c6f-e7c0-4657-ac1d-cf6fae66251d,2026-06,1,21,7,7
c6183fc7-1031-42f9-972b-95fee0bc8634,9daa5c6f-e7c0-4657-ac1d-cf6fae66251d,2026-05,0,22,12,6
0b9ffedd-b7e9-4bca-b4c0-504cedd381d0,9daa5c6f-e7c0-4657-ac1d-cf6fae66251d,2026-04,0,22,12,6
1e93901c-cc7a-40da-b703-25f0a5e1c0dd,9daa5c6f-e7c0-4657-ac1d-cf6fae66251d,2026-03,1,21,6,3
80cb9c3f-7193-4e23-98d2-42e13896b985,9daa5c6f-e7c0-4657-ac1d-cf6fae66251d,2026-02,0,22,10,9
2aba70bf-8478-4976-88b2-711b25e4a8b3,90e14ce2-38a6-4a4f-afde-ae0c865cf0cf,2026-07,2,20,1,1
897ed1a6-ea4c-4bfe-a35d-0f01914ba14e,90e14ce2-38a6-4a4f-afde-ae0c865cf0cf,2026-06,1,21,4,7
a1c86586-4b2b-41ca-b278-733781151bda,90e14ce2-38a6-4a4f-afde-ae0c865cf0cf,2026-05,2,20,7,6
8c0eaf1f-a70d-4818-8f56-7e7b1ae8286d,90e14ce2-38a6-4a4f-afde-ae0c865cf0cf,2026-04,1,21,6,3
32e32302-4144-4b85-a829-b3ea554b2797,90e14ce2-38a6-4a4f-afde-ae0c865cf0cf,2026-03,3,19,0,0
afddcb65-dcd9-4f5d-8377-2056dde6aa1b,cd2cf5a1-cdf1-4775-9874-a71ee3d793ff,2026-07,1,21,10,9
b3af4cc4-19c4-40c8-ae3f-3d3597bda4db,cd2cf5a1-cdf1-4775-9874-a71ee3d793ff,2026-06,1,21,5,5
11424f4a-8d8f-4a94-b9f5-115f0a5bd73b,cd2cf5a1-cdf1-4775-9874-a71ee3d793ff,2026-05,3,19,6,8
1829facb-7537-4e33-af3a-508dbd95b83b,cd2cf5a1-cdf1-4775-9874-a71ee3d793ff,2026-04,2,20,10,0
021113a5-5d5f-4bb4-8165-490a5ef7009f,cd2cf5a1-cdf1-4775-9874-a71ee3d793ff,2026-03,1,21,10,3
08e4f27c-76d9-483a-8049-a0ddd3917eb1,cd2cf5a1-cdf1-4775-9874-a71ee3d793ff,2026-02,3,19,1,1
822893bc-49c4-45a0-92de-e7c8f4bc7ebc,bb8bfc48-b67d-46dd-8da1-4ad667af8a89,2026-07,1,21,6,9
95fa2910-2adb-48b1-bf5a-b4c56fa1474d,bb8bfc48-b67d-46dd-8da1-4ad667af8a89,2026-06,1,21,10,2
f5603ec1-73c6-439b-a2a6-959878b0fc60,bb8bfc48-b67d-46dd-8da1-4ad667af8a89,2026-05,0,22,5,2
dad45985-812c-4898-8238-783f7c4a028a,bb8bfc48-b67d-46dd-8da1-4ad667af8a89,2026-04,1,21,5,1
fada459d-38ef-4f57-99d3-2bab4b8573e5,bb8bfc48-b67d-46dd-8da1-4ad667af8a89,2026-03,1,21,14,10
060654ff-9d84-4ad0-878c-b4049636ceae,bb8bfc48-b67d-46dd-8da1-4ad667af8a89,2026-02,0,22,5,9
6d875a50-bbe2-46ca-bdf6-9090cd0caee2,d84619a3-6cef-41e1-85a8-651b88ea69cf,2026-07,2,20,5,10
33cc71fe-6e2b-49ec-af89-3690e88acb97,d84619a3-6cef-41e1-85a8-651b88ea69cf,2026-06,2,20,9,7
6defabae-1410-437d-8214-bcbc2d053f7f,d84619a3-6cef-41e1-85a8-651b88ea69cf,2026-05,2,20,7,0
007b26e0-48e3-48d3-8e6b-169db3e84845,d84619a3-6cef-41e1-85a8-651b88ea69cf,2026-04,2,20,2,10
7c3c63a2-a513-4c40-baab-9130d7d275d4,d84619a3-6cef-41e1-85a8-651b88ea69cf,2026-03,2,20,5,1
c58ca0c6-cbba-4337-ae06-1a7f04c1061a,d84619a3-6cef-41e1-85a8-651b88ea69cf,2026-02,3,19,4,2
62f2f8ab-a9c1-422b-aa3a-bd67821ecf72,2ba51aff-a5cb-451f-a38b-08018efb14cb,2026-07,1,21,12,5
c9db4ad6-bb79-40e5-8f9b-3b32180ad6c7,2ba51aff-a5cb-451f-a38b-08018efb14cb,2026-06,0,22,9,7
b9060b04-05cc-43a9-a758-22c0d2de55e1,2ba51aff-a5cb-451f-a38b-08018efb14cb,2026-05,0,22,15,6
9ea2cf6e-ef89-4093-9ce7-d74dee8f3e19,2ba51aff-a5cb-451f-a38b-08018efb14cb,2026-04,0,22,13,6
9db7dbfc-6b2e-4266-a5af-1f86fd6a92d3,2ba51aff-a5cb-451f-a38b-08018efb14cb,2026-03,1,21,9,2
5da7c468-79ff-4bc7-a577-c60d74e11a02,2ba51aff-a5cb-451f-a38b-08018efb14cb,2026-02,0,22,11,8
14d7a8ee-17cb-4998-a2ba-2a3e68d01b04,f0eb1a24-fb5e-4afa-9880-2ce428caf2e2,2026-07,1,21,5,1
5296290d-ec3e-4c7a-a181-827f7ef38645,f0eb1a24-fb5e-4afa-9880-2ce428caf2e2,2026-06,3,19,4,9
bad7bb3b-db9d-48b9-9689-f07eca454ce0,f0eb1a24-fb5e-4afa-9880-2ce428caf2e2,2026-05,1,21,7,4
6d7c6273-4e24-4ab0-a76a-0b384924cb18,f0eb1a24-fb5e-4afa-9880-2ce428caf2e2,2026-04,1,21,7,10
6448a30f-7282-499d-9d3d-4232afc2fd8d,f0eb1a24-fb5e-4afa-9880-2ce428caf2e2,2026-03,2,20,7,6
b638b567-52b1-4089-ae45-77d1234ef26d,f0eb1a24-fb5e-4afa-9880-2ce428caf2e2,2026-02,1,21,4,5
94cbd66d-4689-46bc-a53f-03e447b07922,8313ea82-4a82-46a8-9f77-e7807cc5ff90,2026-07,3,19,5,2
acff90e8-dc96-4b99-9f5b-a1837bb84302,8313ea82-4a82-46a8-9f77-e7807cc5ff90,2026-06,2,20,4,6
099909c1-f0f7-442c-a487-55a7bd3a5e4b,8313ea82-4a82-46a8-9f77-e7807cc5ff90,2026-05,2,20,3,2
16ab8ad9-1d5b-4960-b03c-2fd6ce63739d,8313ea82-4a82-46a8-9f77-e7807cc5ff90,2026-04,2,20,3,7
05aada7c-2e43-429d-8da5-2efdda3e6ecb,8313ea82-4a82-46a8-9f77-e7807cc5ff90,2026-03,2,20,8,4
364e8538-ff04-45cd-864b-0874bc0041d6,8313ea82-4a82-46a8-9f77-e7807cc5ff90,2026-02,1,21,2,9
ca678cbc-a327-4cc1-9f46-6a96d6172902,555a9ff4-2c53-4447-886d-531961eb8b1c,2026-07,1,21,8,10
17de8d43-65c6-49b3-be2f-1f9bc72a08c1,555a9ff4-2c53-4447-886d-531961eb8b1c,2026-06,0,22,14,3
ff6ffdcc-1095-4cc6-abc0-13cf989bdd1e,555a9ff4-2c53-4447-886d-531961eb8b1c,2026-05,1,21,9,0
8ce4eb39-c041-4eea-8acb-802b300192db,555a9ff4-2c53-4447-886d-531961eb8b1c,2026-04,0,22,6,4
cc847341-5118-4e15-8663-ca527ba312d1,555a9ff4-2c53-4447-886d-531961eb8b1c,2026-03,1,21,15,9
9cb04c2f-9a66-4167-a592-003e9eaad59d,555a9ff4-2c53-4447-886d-531961eb8b1c,2026-02,0,22,5,1
51375dcb-bc64-4d25-8888-f8c8b6c84132,b66d278a-a657-4495-8076-e0698c44e4f1,2026-07,2,20,3,4
8c9fa7dc-8d8e-4334-b254-651bdc907a2b,b66d278a-a657-4495-8076-e0698c44e4f1,2026-06,2,20,1,8
fe9d7de0-f32c-4d4e-a3af-e5a92df1ebcb,b66d278a-a657-4495-8076-e0698c44e4f1,2026-05,3,19,1,6
f6fa0b35-5fb1-492e-8204-4453af92ed4f,b66d278a-a657-4495-8076-e0698c44e4f1,2026-04,3,19,1,7
111f1637-5b74-43d3-9fdc-16bece509568,f4945fd5-068a-4144-b275-1befedeb5525,2026-07,2,20,4,1
199674c3-0bac-407b-a028-e574addc793d,f4945fd5-068a-4144-b275-1befedeb5525,2026-06,1,21,4,3
579a4d35-705f-4b69-970a-fa36528c39f9,f4945fd5-068a-4144-b275-1befedeb5525,2026-05,1,21,4,5
92ce67bb-fc9f-4322-893a-371ff14907ef,f4945fd5-068a-4144-b275-1befedeb5525,2026-04,2,20,9,7
7c99313c-67b2-4764-bc71-e2f5c636d0df,f4945fd5-068a-4144-b275-1befedeb5525,2026-03,2,20,5,10
cc544406-f2f2-4f7e-a196-7a94a6449b9a,f4945fd5-068a-4144-b275-1befedeb5525,2026-02,3,19,10,9
ce3eba8b-da33-4bf3-904d-7e7e9d42110a,df626fa8-c65a-4dd5-83d9-0ab5939c68d1,2026-07,0,22,13,2
d3846e9d-96f4-45b5-be26-bd869d6cff18,df626fa8-c65a-4dd5-83d9-0ab5939c68d1,2026-06,0,22,8,2
c40ab238-876c-43ba-a2d9-7a509c82f633,df626fa8-c65a-4dd5-83d9-0ab5939c68d1,2026-05,0,22,12,1
d792b2da-07a1-47ef-9fb7-0c4f4897df84,df626fa8-c65a-4dd5-83d9-0ab5939c68d1,2026-04,0,22,14,9
099bb635-7f8b-4147-9299-5bebebeca066,df626fa8-c65a-4dd5-83d9-0ab5939c68d1,2026-03,1,21,7,9
24aff299-1dbf-4e34-abf6-742ce2c3d086,df626fa8-c65a-4dd5-83d9-0ab5939c68d1,2026-02,0,22,7,7
2c832fb5-b123-4f56-b239-a05a420e0e33,b23f4475-52bb-4426-a043-52b276e609a1,2026-07,1,21,3,4
2310a38e-dcee-4f9e-8f62-d16b5522a876,b23f4475-52bb-4426-a043-52b276e609a1,2026-06,1,21,6,8
fd44a2fb-1dec-486f-90ef-08720529e299,b23f4475-52bb-4426-a043-52b276e609a1,2026-05,1,21,1,0
da699f07-a605-4e88-896e-7928f401ae8a,b23f4475-52bb-4426-a043-52b276e609a1,2026-04,1,21,1,4
632156da-a27d-4ddf-a85f-f3e71614e821,b23f4475-52bb-4426-a043-52b276e609a1,2026-03,1,21,5,10
c77690dc-72b8-4db8-915a-8138fe95f3dc,b23f4475-52bb-4426-a043-52b276e609a1,2026-02,1,21,3,0
0a921fa8-864e-4fd4-8308-bf46babb047a,7e762cd4-7767-4252-8739-a4bfaa3789b2,2026-07,6,16,2,5
cf90b27e-58cd-40fe-91c8-18d752161bde,7e762cd4-7767-4252-8739-a4bfaa3789b2,2026-06,6,16,0,5
a5795d36-024c-4c55-83db-97ed90481d3d,7e762cd4-7767-4252-8739-a4bfaa3789b2,2026-05,2,20,2,2
9dea18e4-16c1-4034-bbbd-e93e88b43767,7e762cd4-7767-4252-8739-a4bfaa3789b2,2026-04,2,20,4,2
4cbac1c6-4fc3-4bb4-ac2c-500ad301b190,7e762cd4-7767-4252-8739-a4bfaa3789b2,2026-03,5,17,4,0
27ae847d-bef3-406b-916b-d4d7c398ebab,7e762cd4-7767-4252-8739-a4bfaa3789b2,2026-02,3,19,3,2
17e71b7f-3bdb-4d67-bb72-407bbe626192,6dd37145-d719-42c2-8ee9-678ee724461d,2026-07,0,22,12,9
499beffb-f165-410b-af2c-4b59970ec205,6dd37145-d719-42c2-8ee9-678ee724461d,2026-06,0,22,6,7
f2b7fcbe-94ff-4b13-81ff-98c4e0535c0a,6dd37145-d719-42c2-8ee9-678ee724461d,2026-05,1,21,10,5
bf4ec3ef-f29e-4a69-b428-c4c839f59af9,6dd37145-d719-42c2-8ee9-678ee724461d,2026-04,0,22,12,7
30d624d0-3a56-4d47-9cb9-9ff7ea05a5b3,6dd37145-d719-42c2-8ee9-678ee724461d,2026-03,0,22,11,4
6d69df4d-665d-4b46-8d96-254afe9a2e21,6dd37145-d719-42c2-8ee9-678ee724461d,2026-02,1,21,11,10
dec46633-3beb-4dd5-bc9a-db388b039738,37e99a2b-2003-441e-acfa-2ff18a0424d7,2026-07,6,16,3,8
8025070e-fcb9-42c4-8f7c-f8fa7da30121,37e99a2b-2003-441e-acfa-2ff18a0424d7,2026-06,2,20,3,0
3fb465be-19a5-4332-8840-f79935cd1138,37e99a2b-2003-441e-acfa-2ff18a0424d7,2026-05,2,20,1,2
94bf1294-8dea-402b-a90d-f4187c97bac4,37e99a2b-2003-441e-acfa-2ff18a0424d7,2026-04,6,16,4,1
ed83e20d-22ef-489d-b38d-32e31e74ad5c,37e99a2b-2003-441e-acfa-2ff18a0424d7,2026-03,6,16,5,8
2425fff9-7971-4c16-9a8e-3efac85ff315,37e99a2b-2003-441e-acfa-2ff18a0424d7,2026-02,2,20,3,2
d718ae3c-3aa8-482b-8ede-371ef017de21,d544d81b-2eb9-43d3-83ad-151a22284091,2026-07,0,22,6,7
463009da-2760-4d42-8c50-415ef3babbd8,d544d81b-2eb9-43d3-83ad-151a22284091,2026-06,1,21,15,9
30f5ddc0-d0d0-49fa-971c-3dd6400a1675,d544d81b-2eb9-43d3-83ad-151a22284091,2026-05,1,21,11,9
c4171ae0-0eec-4d04-9dc1-b5f71477960a,d544d81b-2eb9-43d3-83ad-151a22284091,2026-04,0,22,6,0
df6c6a45-f26a-4f60-bd55-42e2653c0214,d544d81b-2eb9-43d3-83ad-151a22284091,2026-03,0,22,12,10
20f44a03-127d-4287-b9e3-ddbae9c874a4,d544d81b-2eb9-43d3-83ad-151a22284091,2026-02,1,21,15,1
e99c16ce-3d51-4c9a-b681-e2c7e64ee999,b7ffbd45-3f86-4788-8726-106f4220e61d,2026-07,0,22,14,0
22dcf3eb-7805-4630-afe3-e66750953491,b7ffbd45-3f86-4788-8726-106f4220e61d,2026-06,0,22,8,9
f57bef40-4ca0-4b0f-a53d-df70cfc0a45d,b7ffbd45-3f86-4788-8726-106f4220e61d,2026-05,1,21,9,2
a6063691-846e-4ceb-96b0-0a351980e8cc,b7ffbd45-3f86-4788-8726-106f4220e61d,2026-04,1,21,9,8
956eaa72-0b76-4d92-8042-e078cbecd61b,b7ffbd45-3f86-4788-8726-106f4220e61d,2026-03,0,22,14,8
90ab15b1-a6c1-4e23-9e9e-06383f9d18c2,b7ffbd45-3f86-4788-8726-106f4220e61d,2026-02,1,21,11,1
921fa1f0-6457-413d-80aa-9e35dcb19bbe,7e5c4bfa-b1d0-4843-bdfc-049bb37e59bd,2026-07,0,22,13,7
08429348-0f8d-4333-bb3a-60a20ac20a34,7e5c4bfa-b1d0-4843-bdfc-049bb37e59bd,2026-06,1,21,10,5
68bab0e5-bd34-471b-b642-4b7abc6c0466,7e5c4bfa-b1d0-4843-bdfc-049bb37e59bd,2026-05,0,22,10,0
ab7ffaa1-d646-4ab9-9eb5-0150094ebdee,7e5c4bfa-b1d0-4843-bdfc-049bb37e59bd,2026-04,1,21,8,7
12d36816-ebd1-4848-ade4-b0eaf7c9586f,7e5c4bfa-b1d0-4843-bdfc-049bb37e59bd,2026-03,1,21,10,3
5dbc4a1a-9067-466b-a3e9-5edf6955008c,7e5c4bfa-b1d0-4843-bdfc-049bb37e59bd,2026-02,1,21,9,2
48090922-e10b-40d0-8b41-d9c4c28697b2,11d69685-7474-4539-92b1-dca51165df4f,2026-07,1,21,9,4
ca74c553-d11a-4f72-8928-d2360126ba3a,11d69685-7474-4539-92b1-dca51165df4f,2026-06,0,22,13,10
fb2396fb-7860-41c1-b06b-e643524bf2a0,11d69685-7474-4539-92b1-dca51165df4f,2026-05,0,22,9,9
d9693392-7b00-47d4-88b3-4591ee833519,11d69685-7474-4539-92b1-dca51165df4f,2026-04,0,22,12,3
255a65b0-bb65-4feb-a707-98d5c6ca6f9f,11d69685-7474-4539-92b1-dca51165df4f,2026-03,0,22,7,6
269f78a1-aac9-44f6-a0e7-0a13b547ea5e,11d69685-7474-4539-92b1-dca51165df4f,2026-02,1,21,9,4
e9a4a57f-ea94-48d9-a56a-5423a5518515,2cdb7346-cabf-43a5-b382-38e81d782f64,2026-07,1,21,13,9
93f2897e-ccb2-4b97-a34a-cb8288b4a31c,2cdb7346-cabf-43a5-b382-38e81d782f64,2026-06,0,22,11,1
c78fba01-90f1-4d5c-b4bf-f0aaf919fdb3,2cdb7346-cabf-43a5-b382-38e81d782f64,2026-05,0,22,8,4
ce403a86-687d-44fb-910d-e4ef13a16aa1,2cdb7346-cabf-43a5-b382-38e81d782f64,2026-04,0,22,9,5
a1db0752-3698-45a8-b6d4-9b4a45713bca,2cdb7346-cabf-43a5-b382-38e81d782f64,2026-03,1,21,14,10
9c9cff24-fc56-4385-9de9-a27988733153,2cdb7346-cabf-43a5-b382-38e81d782f64,2026-02,0,22,14,8
153deb48-8f4d-441a-bed3-b72ccf97666b,a60d31a0-6718-4535-91a3-2a9e3a052926,2026-07,1,21,14,4
0d7ab7ff-9958-483f-b987-d9583ff5f53f,a60d31a0-6718-4535-91a3-2a9e3a052926,2026-06,1,21,10,8
86c048a2-d94d-4c24-8eb1-e0e8768a7251,a60d31a0-6718-4535-91a3-2a9e3a052926,2026-05,1,21,5,8
5389cf34-215f-4b37-8cb6-03e7d689c605,a60d31a0-6718-4535-91a3-2a9e3a052926,2026-04,1,21,12,4
4141d611-484e-4cfc-9e5d-84e37ef6d6b5,a60d31a0-6718-4535-91a3-2a9e3a052926,2026-03,1,21,11,6
6acae736-d5e2-4cc1-a119-3c39090fa155,a60d31a0-6718-4535-91a3-2a9e3a052926,2026-02,1,21,15,10
b9dc858b-6eb9-4321-84e5-b5cfe26c2358,394fa9cc-9d37-4ee8-849c-6cdb1a6d9991,2026-07,0,22,12,7
d206cc2d-4eeb-4895-bc39-f4849a6f5505,394fa9cc-9d37-4ee8-849c-6cdb1a6d9991,2026-06,1,21,11,0
265ddd70-1e6c-47e0-8138-c97ab50b711b,394fa9cc-9d37-4ee8-849c-6cdb1a6d9991,2026-05,0,22,8,3
30cbab6e-93f9-43cb-9ff4-24e21ec1167f,394fa9cc-9d37-4ee8-849c-6cdb1a6d9991,2026-04,1,21,10,5
6bb903bb-da16-4877-9d1a-ba7c0d70d24b,394fa9cc-9d37-4ee8-849c-6cdb1a6d9991,2026-03,1,21,10,4
798926d3-47b3-43a2-96f9-d0515c1c8962,394fa9cc-9d37-4ee8-849c-6cdb1a6d9991,2026-02,1,21,11,1
81907555-08e4-473c-a3c8-508d3028c8ea,4ccf7927-02dd-40c4-a915-9014404ee1f5,2026-07,1,21,11,9
21297d1a-2d62-4492-9d01-4c36246c485e,4ccf7927-02dd-40c4-a915-9014404ee1f5,2026-06,1,21,11,7
c5e61cc6-b3ed-495a-934f-b0f0a17183db,4ccf7927-02dd-40c4-a915-9014404ee1f5,2026-05,1,21,6,9
373bebce-e41f-460d-96b9-0ea07ca569e7,4ccf7927-02dd-40c4-a915-9014404ee1f5,2026-04,0,22,5,1
dd4298df-11fa-46d4-8425-ce6fa159dfa0,4ccf7927-02dd-40c4-a915-9014404ee1f5,2026-03,0,22,8,2
6b2a5bd6-3d96-4c9f-b2a8-c6728eb5f166,4ccf7927-02dd-40c4-a915-9014404ee1f5,2026-02,1,21,11,3
3ad1da94-af05-418f-a933-4efc82145efd,9d6858ae-5d10-41d3-b613-ff03447a770b,2026-07,3,19,9,2
c3c7b1c1-0658-4eae-8485-f63271a54c7d,9d6858ae-5d10-41d3-b613-ff03447a770b,2026-06,1,21,7,2
71c2c786-0680-4b11-aa33-a36c68c84069,9d6858ae-5d10-41d3-b613-ff03447a770b,2026-05,3,19,3,10
564e4535-c75d-438c-8af6-92187e3f311c,9d6858ae-5d10-41d3-b613-ff03447a770b,2026-04,3,19,5,10
973d0dc4-b6a1-4fee-bb90-b3eba18133ab,9d6858ae-5d10-41d3-b613-ff03447a770b,2026-03,2,20,3,8
be9b300e-2fae-4d68-b430-976fcc937c70,9d6858ae-5d10-41d3-b613-ff03447a770b,2026-02,3,19,0,9
4b37e1e7-1372-4306-a3db-ded188696b43,9dc214ac-2c19-44c3-bb6a-a1e51210f7ed,2026-07,0,22,12,1
6ccf9bce-446b-4544-b56a-3d93db4ff8ea,9dc214ac-2c19-44c3-bb6a-a1e51210f7ed,2026-06,0,22,14,7
8c19edec-7e4f-419b-bbcc-c23d5af0106c,9dc214ac-2c19-44c3-bb6a-a1e51210f7ed,2026-05,1,21,5,7
dde3105a-e3ce-4397-ad15-434c3dc96e6c,9dc214ac-2c19-44c3-bb6a-a1e51210f7ed,2026-04,0,22,8,5
4251a8f1-e200-423f-8bee-fc1f4c8ac0fb,9dc214ac-2c19-44c3-bb6a-a1e51210f7ed,2026-03,1,21,11,9
a85d48f0-7bbb-4215-806c-191791e6d530,9dc214ac-2c19-44c3-bb6a-a1e51210f7ed,2026-02,1,21,12,4
b301233d-17bd-4cc4-8b43-e12fe9fffb74,5c2fba87-65f4-4849-b4eb-08a83bb2c6b1,2026-07,0,22,5,8
9cc4aa23-dc89-4bdc-a442-8d55b88ca6ca,5c2fba87-65f4-4849-b4eb-08a83bb2c6b1,2026-06,0,22,5,5
6fec5178-ac86-4180-a5c9-a2b97b7a60c5,5c2fba87-65f4-4849-b4eb-08a83bb2c6b1,2026-05,0,22,13,1
8e999459-5db7-4a60-9001-3d6e3bc4dd10,5c2fba87-65f4-4849-b4eb-08a83bb2c6b1,2026-04,0,22,13,6
709cab85-df78-4d6a-a558-3e914271a492,5c2fba87-65f4-4849-b4eb-08a83bb2c6b1,2026-03,0,22,7,3
d222fd08-57cd-48f4-bdae-8b4024f07cd4,5c2fba87-65f4-4849-b4eb-08a83bb2c6b1,2026-02,1,21,10,6
f68dfc2e-6513-41bf-ba74-3cfe064ce1cc,8c8a400b-94b2-4290-8e0d-08959982de63,2026-07,1,21,1,4
310afa4c-436e-4e7a-a859-145a80d68a25,8c8a400b-94b2-4290-8e0d-08959982de63,2026-06,2,20,8,3
a76df51b-7c1a-4121-897b-9e890a2925c2,8c8a400b-94b2-4290-8e0d-08959982de63,2026-05,1,21,8,7
33a06078-2930-4236-beff-67045e149f25,8c8a400b-94b2-4290-8e0d-08959982de63,2026-04,1,21,2,6
f4f41729-565a-4bfe-91a2-5fc6413a6e6f,8c8a400b-94b2-4290-8e0d-08959982de63,2026-03,1,21,10,8
b55dec86-ac01-4b80-b121-4a34d9e4be53,8c8a400b-94b2-4290-8e0d-08959982de63,2026-02,3,19,9,5
1993b1a1-c058-497a-9aba-6a5065ea0d4b,879d1e92-5cf6-4093-9848-484a7d782dc3,2026-07,0,22,15,5
8c6ea4be-99f3-4ca7-b9f7-65e48afec1ca,879d1e92-5cf6-4093-9848-484a7d782dc3,2026-06,1,21,8,10
60568761-da98-4450-9235-516365a6170f,879d1e92-5cf6-4093-9848-484a7d782dc3,2026-05,0,22,13,10
392076ca-7394-40f8-9e6e-4093d1979062,879d1e92-5cf6-4093-9848-484a7d782dc3,2026-04,0,22,13,5
cb87384b-e52d-4eb5-bf2d-0ca42cafa11c,879d1e92-5cf6-4093-9848-484a7d782dc3,2026-03,1,21,13,9
d6d6e273-5749-40fa-8606-786c6142adfe,879d1e92-5cf6-4093-9848-484a7d782dc3,2026-02,1,21,6,4
8d44ba0b-aab7-4e88-9b4a-e45f11efc6d3,7d340f6b-0e3c-49a4-80fd-30501d1309ed,2026-07,1,21,14,4
9e23439f-159f-491c-b09c-95ba672af29e,7d340f6b-0e3c-49a4-80fd-30501d1309ed,2026-06,1,21,10,1
770b1986-21bb-47bd-885b-269f953f510f,7d340f6b-0e3c-49a4-80fd-30501d1309ed,2026-05,1,21,13,3
0ea08bd6-d056-498d-bd69-2e1971f9f152,7d340f6b-0e3c-49a4-80fd-30501d1309ed,2026-04,1,21,10,5
fecf18f9-4cfd-445b-90f2-2d230b350c87,7d340f6b-0e3c-49a4-80fd-30501d1309ed,2026-03,0,22,10,10
d90ce0ad-54f0-4acd-b5cc-356f5fc86ce8,7d340f6b-0e3c-49a4-80fd-30501d1309ed,2026-02,1,21,5,0
7b02faff-c93d-4ff2-883c-8957035a45ea,0429d896-d39b-4509-8909-9e06cd835e88,2026-07,1,21,12,0
37f98a60-af84-4e20-adad-04155c275c98,0429d896-d39b-4509-8909-9e06cd835e88,2026-06,1,21,7,4
d6cf75ff-0038-4d4a-922e-8087e9cf1716,0429d896-d39b-4509-8909-9e06cd835e88,2026-05,0,22,5,6
edb2d4a7-9521-470d-815d-4ea577183f3b,0429d896-d39b-4509-8909-9e06cd835e88,2026-04,0,22,10,6
d08a0b79-fbe9-43e8-b458-8a35d5748001,0429d896-d39b-4509-8909-9e06cd835e88,2026-03,0,22,8,6
6b2c0452-19ca-4d57-ab0a-75d74f6cda4c,0429d896-d39b-4509-8909-9e06cd835e88,2026-02,1,21,9,4
f5099b69-7c89-4fe9-a7b2-e7aa73844642,d62b0d40-d3d3-48fa-9fc8-423b9d6c464a,2026-07,0,22,15,8
f3d05ea1-162c-47a5-b587-debf6a0991f2,d62b0d40-d3d3-48fa-9fc8-423b9d6c464a,2026-06,0,22,13,3
b51f5e07-6042-4487-8856-9cb7bf8f1f88,d62b0d40-d3d3-48fa-9fc8-423b9d6c464a,2026-05,1,21,15,3
fa048a60-cc40-4d20-b9b3-4771b2f2993e,d62b0d40-d3d3-48fa-9fc8-423b9d6c464a,2026-04,1,21,9,7
b0bf3bec-2204-4ec3-9b69-fafb23a07101,d62b0d40-d3d3-48fa-9fc8-423b9d6c464a,2026-03,1,21,9,2
224eeb50-72f9-420d-841b-a1b9d5253cc2,d62b0d40-d3d3-48fa-9fc8-423b9d6c464a,2026-02,1,21,12,1
8f4ea827-c5c3-476f-8c22-c16074a8014f,36cc0bd8-3e91-48ef-99e7-0974e02a6000,2026-07,1,21,6,5
9fb335aa-377e-4ec0-9b62-ad9fd38eaac7,36cc0bd8-3e91-48ef-99e7-0974e02a6000,2026-06,2,20,5,8
66681083-9aa2-412e-b9dc-eb9cd358c64b,36cc0bd8-3e91-48ef-99e7-0974e02a6000,2026-05,3,19,3,3
af6ff484-f6f5-4c81-bfdc-07c983ac0263,36cc0bd8-3e91-48ef-99e7-0974e02a6000,2026-04,1,21,3,3
3422b819-7623-44c7-8d97-82e065c3cf94,36cc0bd8-3e91-48ef-99e7-0974e02a6000,2026-03,2,20,7,0
13ad0119-5a07-4eec-b275-bfe0ef4a9467,36cc0bd8-3e91-48ef-99e7-0974e02a6000,2026-02,1,21,8,4
24197720-ab65-456f-a69f-e01c574c93dc,8c4c96f7-45f9-4c0b-8524-55dd189795aa,2026-07,2,20,1,9
5c3ea316-5f43-44a2-a42f-006101e108db,8c4c96f7-45f9-4c0b-8524-55dd189795aa,2026-06,2,20,5,1
57596db6-5bb8-4c22-9965-b9fe2da04897,8c4c96f7-45f9-4c0b-8524-55dd189795aa,2026-05,3,19,7,8
a2165cf4-e6b2-49e6-a36f-81544c04f646,8c4c96f7-45f9-4c0b-8524-55dd189795aa,2026-04,2,20,9,5
b140f2fb-98d1-4ae3-b091-9cf56f15fe67,8c4c96f7-45f9-4c0b-8524-55dd189795aa,2026-03,2,20,0,4
941d8536-50ab-4f52-9d07-16c46341f4c0,8c4c96f7-45f9-4c0b-8524-55dd189795aa,2026-02,1,21,7,9
e661337d-3808-4ca3-89b6-c356c6c2074d,b9b7129e-8f4c-454a-864e-ebee4a271bcf,2026-07,4,18,0,5
91e5f20a-aecc-4eec-aa8f-a6e9e1535c07,b9b7129e-8f4c-454a-864e-ebee4a271bcf,2026-06,4,18,0,10
c95b3764-f348-45ef-9602-192e15cc33a0,b9b7129e-8f4c-454a-864e-ebee4a271bcf,2026-05,6,16,5,2
bfb58011-e62f-4ca1-8145-2555838112db,b9b7129e-8f4c-454a-864e-ebee4a271bcf,2026-04,6,16,4,3
d2dba5a1-584d-441e-8d37-e37d93c1fdfe,b9b7129e-8f4c-454a-864e-ebee4a271bcf,2026-03,3,19,2,10
12bc7922-f805-4055-af35-52853bf667e5,b9b7129e-8f4c-454a-864e-ebee4a271bcf,2026-02,3,19,0,9
88e4e9d6-5195-474c-a32d-492d2987b44b,4c6e6cc6-b50c-4880-9a3a-78a7641407f5,2026-07,0,22,8,0
4ef40aac-0228-485e-bed4-e87e9309c565,4c6e6cc6-b50c-4880-9a3a-78a7641407f5,2026-06,0,22,11,2
0bc3dd23-a120-442f-bc65-44b16d99b150,4c6e6cc6-b50c-4880-9a3a-78a7641407f5,2026-05,0,22,10,6
4142f5e6-9153-4ef3-80dd-2b64ceb6592e,4c6e6cc6-b50c-4880-9a3a-78a7641407f5,2026-04,0,22,8,4
6327428a-5f7d-4d2d-af35-f71718a98f2f,4c6e6cc6-b50c-4880-9a3a-78a7641407f5,2026-03,0,22,15,2
5004d31d-bf54-42b3-9389-6e0e2d0e960f,4c6e6cc6-b50c-4880-9a3a-78a7641407f5,2026-02,1,21,13,2
e77f1ac5-f57b-4018-b158-bf119404c194,39da6842-bc05-4bad-a0cd-89548cde1957,2026-07,1,21,1,3
8e57191b-09af-4a6e-b72f-7e45016a614d,39da6842-bc05-4bad-a0cd-89548cde1957,2026-06,1,21,9,9
8a4c10aa-154e-4ad4-a505-5604ed9b9525,39da6842-bc05-4bad-a0cd-89548cde1957,2026-05,1,21,4,9
a43ae5bd-31f8-446e-a812-116f222466f3,39da6842-bc05-4bad-a0cd-89548cde1957,2026-04,1,21,10,3
44bdf23b-daf3-447b-9d52-877485b82c22,39da6842-bc05-4bad-a0cd-89548cde1957,2026-03,1,21,2,2
f24fc47f-936e-422e-a1c2-6bf741c74f83,39da6842-bc05-4bad-a0cd-89548cde1957,2026-02,1,21,1,9
f17320e1-df0b-494d-81cb-fb150e48d7f5,1cdb587a-1a52-495e-8a55-acad1da61720,2026-07,5,17,0,10
05c7e813-a597-4f97-88b1-e36c074c21ef,1cdb587a-1a52-495e-8a55-acad1da61720,2026-06,5,17,5,9
01b6eb7e-9020-4fa9-b7b1-718c5cba30bd,1cdb587a-1a52-495e-8a55-acad1da61720,2026-05,4,18,5,1
06a00c01-a79a-4bb9-85a2-648665941b9d,1cdb587a-1a52-495e-8a55-acad1da61720,2026-04,3,19,5,1
fcf78153-f7bc-473c-a309-68edf4fb5f6b,1cdb587a-1a52-495e-8a55-acad1da61720,2026-03,6,16,3,3
a2b51177-80b0-4a7a-845a-c0f5d6beaba7,1cdb587a-1a52-495e-8a55-acad1da61720,2026-02,2,20,0,7
a8a3a3d0-3330-455a-98b9-b864a66e10b7,10fb29b0-abc3-4406-b2c8-697f41217e95,2026-07,2,20,0,8
97facc98-a341-4705-9929-702bb9f4c025,10fb29b0-abc3-4406-b2c8-697f41217e95,2026-06,3,19,10,4
f12d157a-108a-4c3e-8ea3-a230d059e115,10fb29b0-abc3-4406-b2c8-697f41217e95,2026-05,1,21,2,10
7d9b5004-810e-4af3-8aa0-914438d9709f,10fb29b0-abc3-4406-b2c8-697f41217e95,2026-04,2,20,1,2
84d76f95-4824-4ea8-b8fc-9351ec24cd25,10fb29b0-abc3-4406-b2c8-697f41217e95,2026-03,1,21,8,5
30183a71-d20b-4f43-835f-712bc8d7ebae,10fb29b0-abc3-4406-b2c8-697f41217e95,2026-02,2,20,1,1
fc95742b-0125-4a80-b7fb-77c565cb9139,bb3f9d1d-3813-4e38-ac9a-b5898da062d3,2026-07,1,21,10,7
72a19a14-4ed3-4cae-a5bc-db1c57ea3a53,bb3f9d1d-3813-4e38-ac9a-b5898da062d3,2026-06,1,21,9,4
46d943e6-a5a8-4457-a746-afc4e2633d5a,bb3f9d1d-3813-4e38-ac9a-b5898da062d3,2026-05,1,21,9,3
7b49107a-eb29-43df-91ef-4796c19e5390,bb3f9d1d-3813-4e38-ac9a-b5898da062d3,2026-04,0,22,12,10
3b86d70a-1c84-4a49-a1cf-52a837a8f908,bb3f9d1d-3813-4e38-ac9a-b5898da062d3,2026-03,1,21,10,4
21a614ca-243d-46a2-a137-61796815086a,bb3f9d1d-3813-4e38-ac9a-b5898da062d3,2026-02,0,22,14,9
c822edcb-f875-4ac4-83d0-2403ef6f5980,663e6e23-a861-469d-89c8-69b8e53a8d08,2026-07,1,21,8,6
36799464-8211-4167-ae10-c197bf729b6f,663e6e23-a861-469d-89c8-69b8e53a8d08,2026-06,3,19,10,6
7355b031-80ee-4494-a4a7-659a76c35c5d,663e6e23-a861-469d-89c8-69b8e53a8d08,2026-05,2,20,8,2
a9dc238f-1588-4416-8b7b-90f5f69be12e,663e6e23-a861-469d-89c8-69b8e53a8d08,2026-04,3,19,1,0
0f8071eb-5f5f-47c9-9566-5f32bb41b453,663e6e23-a861-469d-89c8-69b8e53a8d08,2026-03,1,21,4,8
b5ee43db-2a6a-4822-9c4f-63b938cd8188,663e6e23-a861-469d-89c8-69b8e53a8d08,2026-02,2,20,10,6
a6fd2b59-de76-4d5d-a8af-6545fc0df9ea,3f79c304-b4fd-4b0a-b7e5-f263b28e556e,2026-07,1,21,5,3
af72612d-6043-4f4a-a6d1-1c931019fd18,3f79c304-b4fd-4b0a-b7e5-f263b28e556e,2026-06,0,22,6,2
2f6e5dbe-82fd-4657-9c7f-c9e3cee34ebc,3f79c304-b4fd-4b0a-b7e5-f263b28e556e,2026-05,1,21,12,8
c6c3f7ee-663c-4c01-a636-4e385a619f2f,3f79c304-b4fd-4b0a-b7e5-f263b28e556e,2026-04,0,22,10,0
50a4e04d-8d1b-4516-b855-e279b3002422,3f79c304-b4fd-4b0a-b7e5-f263b28e556e,2026-03,1,21,7,7
3e8bb363-dd6c-40e7-9d18-dc0129b5191e,3f79c304-b4fd-4b0a-b7e5-f263b28e556e,2026-02,0,22,5,2
ce8ffaf2-c2f4-4db6-9a6c-b9b02ac2fe2c,a3b23f99-b529-4428-bce6-25f11c881dce,2026-07,0,22,13,8
fc575681-aba9-40ab-89df-df328f8ce2f2,a3b23f99-b529-4428-bce6-25f11c881dce,2026-06,0,22,13,6
6a5bb6f5-bad7-492e-8953-33206beffcac,a3b23f99-b529-4428-bce6-25f11c881dce,2026-05,0,22,13,1
a23806ed-4155-418b-897d-441b5c0c7d7a,a3b23f99-b529-4428-bce6-25f11c881dce,2026-04,0,22,15,7
f387a0cc-c337-4302-a029-aec5ce952491,a3b23f99-b529-4428-bce6-25f11c881dce,2026-03,1,21,12,5
e3f772f8-36f7-4cde-8aca-81c24b5bcc43,a3b23f99-b529-4428-bce6-25f11c881dce,2026-02,0,22,6,8
681e48ba-92f5-4477-8aba-db6f0ba16b53,09bb5581-2b05-48fd-a4ba-d2e32bd6ade5,2026-07,0,22,6,5
0de7772d-a11b-4b09-a6aa-f34d826692a8,09bb5581-2b05-48fd-a4ba-d2e32bd6ade5,2026-06,0,22,7,2
49fbb056-578f-430a-af63-33948298a2cb,09bb5581-2b05-48fd-a4ba-d2e32bd6ade5,2026-05,1,21,8,5
5abb6129-f5b8-44b5-a1eb-50d94fc54e27,09bb5581-2b05-48fd-a4ba-d2e32bd6ade5,2026-04,1,21,9,9
e344cf2f-23f4-4068-9168-c5266ca1c1db,09bb5581-2b05-48fd-a4ba-d2e32bd6ade5,2026-03,1,21,10,2
622ba588-5866-41fa-b1c9-ce63c453b6fd,09bb5581-2b05-48fd-a4ba-d2e32bd6ade5,2026-02,1,21,15,10
56c43c2b-0f6c-457d-8424-016bc1bb1228,af1730f2-3420-4781-b074-b50a17d27284,2026-07,4,18,4,3
a9ef776c-6648-439d-81b9-60f6642cb065,af1730f2-3420-4781-b074-b50a17d27284,2026-06,5,17,4,9
747e2902-556e-4921-8422-5e7cbf9c734c,af1730f2-3420-4781-b074-b50a17d27284,2026-05,5,17,2,5
bab4fead-f69c-48c8-a5d9-08c5e5e298c0,af1730f2-3420-4781-b074-b50a17d27284,2026-04,2,20,0,5
15e6a906-6011-49aa-8c29-66402763a681,af1730f2-3420-4781-b074-b50a17d27284,2026-03,2,20,0,1
ccb1a181-2d70-4d36-a15a-dc6ea7219f6a,af1730f2-3420-4781-b074-b50a17d27284,2026-02,3,19,4,10
2eb71afa-2027-4702-a0db-ba0847b8e9b2,c8250f7a-b46a-49de-9876-8813c4fca11a,2026-07,1,21,9,7
f873397f-471b-4a5a-b90d-591123e2ca89,c8250f7a-b46a-49de-9876-8813c4fca11a,2026-06,3,19,1,8
246e6867-d72d-45df-9501-5dbc1cf26604,c8250f7a-b46a-49de-9876-8813c4fca11a,2026-05,1,21,2,10
662c1e94-07e8-4ded-ac3d-5c0ca4b1b561,c8250f7a-b46a-49de-9876-8813c4fca11a,2026-04,3,19,4,10
8129a018-44c6-4e1e-b86d-9cd1d452a224,c8250f7a-b46a-49de-9876-8813c4fca11a,2026-03,2,20,1,1
af8e77fe-1db3-4c43-9595-6e80adb7b9ca,c8250f7a-b46a-49de-9876-8813c4fca11a,2026-02,3,19,6,10
440923ab-461f-42b4-a4c7-6462c180e323,6cbb596f-8979-402a-97f4-6473943e5ea9,2026-07,3,19,3,9
d6af1b54-c166-4fec-952e-81e7cc7d5df5,6cbb596f-8979-402a-97f4-6473943e5ea9,2026-06,1,21,3,3
d22f9d1a-21b1-47bb-96f0-d9a4fe3fde39,6cbb596f-8979-402a-97f4-6473943e5ea9,2026-05,3,19,8,9
be2aec61-8bf1-4d60-87a1-3d8cb7dc956f,6cbb596f-8979-402a-97f4-6473943e5ea9,2026-04,3,19,7,3
a756d075-a6d1-449c-91da-6eed5f220413,6cbb596f-8979-402a-97f4-6473943e5ea9,2026-03,1,21,1,1
925af0f4-2b85-4d40-ae1b-27f2c040dcad,6cbb596f-8979-402a-97f4-6473943e5ea9,2026-02,1,21,1,5
88111f83-ab84-49ff-9118-b6b89c5e37e1,8154c70d-9d90-4ff7-a7cf-9bd75e54ca67,2026-07,2,20,3,5
75e6c0ca-6224-460c-b663-67c7ffcf6152,8154c70d-9d90-4ff7-a7cf-9bd75e54ca67,2026-06,1,21,6,7
9d71e612-cbba-4a61-a366-689b4c4866ee,8154c70d-9d90-4ff7-a7cf-9bd75e54ca67,2026-05,3,19,5,7
4fe6ca24-dbca-4aff-b3db-9f88360ce0ae,8154c70d-9d90-4ff7-a7cf-9bd75e54ca67,2026-04,2,20,2,3
201f9d5a-aeae-4469-87de-f07d3627272e,8154c70d-9d90-4ff7-a7cf-9bd75e54ca67,2026-03,1,21,7,0
ea05f7cd-22b4-4814-bb23-d93187f155c6,8154c70d-9d90-4ff7-a7cf-9bd75e54ca67,2026-02,1,21,1,2
8de9f5e4-c657-41c6-b547-42b7b18f8a61,b0276cd8-50c3-45dc-b0dd-c62c66c187b7,2026-07,1,21,5,4
6d1f36e7-dd76-45c9-92d7-c0f39c8e255e,b0276cd8-50c3-45dc-b0dd-c62c66c187b7,2026-06,1,21,5,8
997e7975-1d25-4bdc-959c-31f9d9f06ca0,b0276cd8-50c3-45dc-b0dd-c62c66c187b7,2026-05,1,21,11,9
fa542b2f-63c8-402d-aa89-765bade9122d,b0276cd8-50c3-45dc-b0dd-c62c66c187b7,2026-04,0,22,9,0
f097f0c1-0697-4604-81ba-dae55f038b15,b0276cd8-50c3-45dc-b0dd-c62c66c187b7,2026-03,0,22,5,10
fd6f2564-3de6-43a4-a2ed-04902761eef6,b0276cd8-50c3-45dc-b0dd-c62c66c187b7,2026-02,1,21,7,1
87862fef-05ae-4472-962b-65c5296ff79c,b5b66f98-f1a3-45a2-88ca-30dda34c5f6b,2026-07,0,22,14,3
a23dc6ef-e904-4011-b22d-a730dc8a4b5d,b5b66f98-f1a3-45a2-88ca-30dda34c5f6b,2026-06,1,21,8,6
8cab3aac-1a77-487f-9d53-ff00a8a36b82,b5b66f98-f1a3-45a2-88ca-30dda34c5f6b,2026-05,1,21,13,0
38be300f-1658-487d-9a38-703a84d70d68,b5b66f98-f1a3-45a2-88ca-30dda34c5f6b,2026-04,1,21,6,5
510b684d-8401-410d-a2ca-017ddd80d720,b5b66f98-f1a3-45a2-88ca-30dda34c5f6b,2026-03,1,21,15,0
481a31bb-ef37-435f-a0f9-a6c5a9aa675f,b5b66f98-f1a3-45a2-88ca-30dda34c5f6b,2026-02,1,21,10,0
6701aeb4-357e-4baa-a532-a726a04025ea,f08d813b-db73-450e-b906-ebd6ed8c1771,2026-07,2,20,1,10
2775b5b1-b779-4431-bc54-f7b9f22c407e,f08d813b-db73-450e-b906-ebd6ed8c1771,2026-06,5,17,3,3
8a5d5fb3-0066-4fe0-988e-6c84c24a4b92,f08d813b-db73-450e-b906-ebd6ed8c1771,2026-05,6,16,5,8
35d91bcb-7311-4a35-a86d-e5baf95529aa,f08d813b-db73-450e-b906-ebd6ed8c1771,2026-04,3,19,5,1
61e9091b-75a8-4ef7-8608-709b673a4f0b,f08d813b-db73-450e-b906-ebd6ed8c1771,2026-03,6,16,2,7
d84d6bc1-3ee0-422a-9c5c-bbc65a10796c,f08d813b-db73-450e-b906-ebd6ed8c1771,2026-02,5,17,0,7
a2d2f26a-0327-4ffe-96a1-3fb5f6954f58,31ebb7d5-2174-4f86-b532-eb1a8883618c,2026-07,0,22,10,10
e178ab50-8107-4cb0-8e66-688bea50fc95,31ebb7d5-2174-4f86-b532-eb1a8883618c,2026-06,1,21,10,6
78b85b10-15c1-4737-975e-b11e2b6f55fc,31ebb7d5-2174-4f86-b532-eb1a8883618c,2026-05,0,22,5,6
29d7ea39-73a4-4cf8-a107-1de07c032818,31ebb7d5-2174-4f86-b532-eb1a8883618c,2026-04,1,21,10,9
d7d93b28-19a2-4b72-a0e4-020c542c9e1a,31ebb7d5-2174-4f86-b532-eb1a8883618c,2026-03,1,21,13,3
513b71e7-9c4f-4761-9b84-3d7be7543e3f,31ebb7d5-2174-4f86-b532-eb1a8883618c,2026-02,1,21,13,9
1ad9e731-d1a1-40b1-972e-3d0ed28d6a5b,8861cfa9-73b7-4805-bae1-db576743a7d8,2026-07,0,22,14,7
26e80f5d-37a8-4d2e-a5f6-c0fbd17c4160,8861cfa9-73b7-4805-bae1-db576743a7d8,2026-06,0,22,5,8
46327915-4c39-4223-b857-a55e0aaa6b32,8861cfa9-73b7-4805-bae1-db576743a7d8,2026-05,1,21,8,1
087ea0ed-cbac-46ce-a188-c989f608bd72,8861cfa9-73b7-4805-bae1-db576743a7d8,2026-04,1,21,13,8
a59b2913-006b-43ed-8f3f-1697b63aee82,8861cfa9-73b7-4805-bae1-db576743a7d8,2026-03,1,21,7,5
1cb30220-2b6b-4730-94f4-cf0f51974e27,6df48676-dd92-4d53-b6d6-5f904495cc1e,2026-07,1,21,2,3
0aaab630-3a87-499b-a71c-edc5151c9e75,6df48676-dd92-4d53-b6d6-5f904495cc1e,2026-06,2,20,0,8
8b3052d5-1e40-40ad-b617-439be3249613,6df48676-dd92-4d53-b6d6-5f904495cc1e,2026-05,1,21,4,1
5deae989-44d9-4358-9405-0255d07e9eaa,809da520-b841-42b3-ae98-2a3172a6e451,2026-07,0,22,12,5
20fe0ede-6e1e-46c0-b968-32cc64ed1d2a,809da520-b841-42b3-ae98-2a3172a6e451,2026-06,1,21,15,2
f6bd1c82-7e33-44b7-b592-2a6ad8bb250c,809da520-b841-42b3-ae98-2a3172a6e451,2026-05,1,21,8,8
81d1f003-38ed-4368-8721-0d748eb23cdf,809da520-b841-42b3-ae98-2a3172a6e451,2026-04,0,22,5,1
86879033-5d42-48dd-8b7c-93de61e0c1fe,809da520-b841-42b3-ae98-2a3172a6e451,2026-03,1,21,7,10
4fbeaa50-5acd-4a9d-ab29-b0c20681b656,809da520-b841-42b3-ae98-2a3172a6e451,2026-02,0,22,15,5
907b4010-c95a-4c45-932c-e3a9f59b41ea,25e678e9-6adf-4562-9e42-eef2203c139e,2026-07,1,21,9,7
087266b0-c755-406f-92cb-5a0ca8760c42,25e678e9-6adf-4562-9e42-eef2203c139e,2026-06,0,22,7,6
1baf7781-65e9-4f7b-9e30-e4bb937b0694,25e678e9-6adf-4562-9e42-eef2203c139e,2026-05,0,22,12,0
0904a731-d882-47d6-9175-99b78ea1003d,25e678e9-6adf-4562-9e42-eef2203c139e,2026-04,0,22,8,0
737adac9-26de-455e-b4c3-7c8a02c68f35,25e678e9-6adf-4562-9e42-eef2203c139e,2026-03,0,22,7,4
1535b6f6-0aff-487c-a3ac-309083363862,25e678e9-6adf-4562-9e42-eef2203c139e,2026-02,1,21,5,0
5f770510-f3ec-4fc9-b9c4-aafe16efce1c,7b1703d1-fe97-47be-bb60-111a241c1b59,2026-07,0,22,9,2
a31592df-1cf7-4099-9685-900b3b60c375,7b1703d1-fe97-47be-bb60-111a241c1b59,2026-06,1,21,13,6
bca9ead7-5b9a-4680-827e-264e49194c25,7b1703d1-fe97-47be-bb60-111a241c1b59,2026-05,1,21,14,8
7ed3962e-937e-41d1-aaf9-fa5ee696ccc5,7b1703d1-fe97-47be-bb60-111a241c1b59,2026-04,0,22,6,8
6c6d7fd9-73f5-4665-8095-78dd779ad3a1,7b1703d1-fe97-47be-bb60-111a241c1b59,2026-03,0,22,7,5
d71f6bb3-ae73-426c-8989-c687374366fa,7b1703d1-fe97-47be-bb60-111a241c1b59,2026-02,1,21,7,8
939d02e1-3a6a-429a-8ebd-0c2d714c0c24,50c6b676-fcd0-4f12-992f-613b176db028,2026-07,0,22,5,1
8aa3bfde-740d-46ed-a44b-95b247144f34,50c6b676-fcd0-4f12-992f-613b176db028,2026-06,1,21,5,0
16bbc413-cd97-4f9c-a80a-450089b7763d,50c6b676-fcd0-4f12-992f-613b176db028,2026-05,0,22,7,6
7c5adc2f-b665-4cf3-b575-ccedfd1c091c,50c6b676-fcd0-4f12-992f-613b176db028,2026-04,1,21,6,10
85bd616c-83eb-4ca4-8653-bb1c75a4f148,50c6b676-fcd0-4f12-992f-613b176db028,2026-03,1,21,5,8
cf69b332-41dc-45a0-b097-772ed889a820,50c6b676-fcd0-4f12-992f-613b176db028,2026-02,1,21,15,3
1698a2e9-a50d-4845-9d07-8847030f5ff4,abbc3eb2-2500-48cd-8100-2f0dc89b68a4,2026-07,0,22,13,8
f9543e0b-de9a-476b-b444-af2a51dedb02,abbc3eb2-2500-48cd-8100-2f0dc89b68a4,2026-06,0,22,14,9
c72d30c6-a83f-4742-ae38-4ded942ed31b,abbc3eb2-2500-48cd-8100-2f0dc89b68a4,2026-05,1,21,12,10
4e4e0b3e-5d82-45d0-85e6-81f008ed0891,abbc3eb2-2500-48cd-8100-2f0dc89b68a4,2026-04,1,21,11,0
7dac2ac8-7272-4f24-bc22-6861f799b9ee,abbc3eb2-2500-48cd-8100-2f0dc89b68a4,2026-03,1,21,5,6
6f6423df-23b4-4565-97ed-af90580e6154,abbc3eb2-2500-48cd-8100-2f0dc89b68a4,2026-02,0,22,8,7
75cfb422-fbf9-464b-806a-555bd5b68ede,899f842f-c064-45b7-9d78-547200f07249,2026-07,1,21,6,6
eac13443-8487-4242-823b-1f9d8701e173,899f842f-c064-45b7-9d78-547200f07249,2026-06,1,21,5,3
520eeecb-0f63-4622-810c-504cdbe0b00b,899f842f-c064-45b7-9d78-547200f07249,2026-05,1,21,13,8
7e359631-7a2a-43b8-b093-9f2d3e11cd5c,899f842f-c064-45b7-9d78-547200f07249,2026-04,1,21,10,5
bfbb8e07-bff5-4b36-a9ea-f7be85ac4a8a,899f842f-c064-45b7-9d78-547200f07249,2026-03,0,22,11,10
a48a2c52-f018-44d6-b5de-678a6ecbc3a4,899f842f-c064-45b7-9d78-547200f07249,2026-02,1,21,7,5
6076edfa-2294-456b-abbe-f1b1ada0f58b,9809544d-13b1-4fb0-bbc2-d8ef22cf963d,2026-07,0,22,14,0
2d04b5e1-7db0-4bc2-880a-7a52bfe90453,9809544d-13b1-4fb0-bbc2-d8ef22cf963d,2026-06,1,21,8,1
48f68d1a-fc04-48ad-a251-b868ca27be9c,9809544d-13b1-4fb0-bbc2-d8ef22cf963d,2026-05,1,21,6,0
9671c16e-7e95-492b-bde9-78d6a778f5e4,9809544d-13b1-4fb0-bbc2-d8ef22cf963d,2026-04,0,22,13,2
5a157088-edd2-432e-94de-6e9d34d080a4,9809544d-13b1-4fb0-bbc2-d8ef22cf963d,2026-03,1,21,13,7
22a68d57-c064-43e5-b0d5-f2ecefc0701f,9809544d-13b1-4fb0-bbc2-d8ef22cf963d,2026-02,1,21,7,1
cbc748e5-962b-4a0d-b98e-f10ec42d13dc,371b3f66-8787-4419-8c29-bebcdea4794e,2026-07,0,22,8,2
26dce203-74dd-41eb-a465-5c20028f73af,371b3f66-8787-4419-8c29-bebcdea4794e,2026-06,1,21,11,4
414f7a08-da6d-4c3f-a6bf-f733b6d39494,371b3f66-8787-4419-8c29-bebcdea4794e,2026-05,1,21,11,10
10be9337-dde7-43c8-a7ec-39989f2804d9,371b3f66-8787-4419-8c29-bebcdea4794e,2026-04,1,21,15,7
65aacc66-a607-4489-80b2-83b96a28eda7,371b3f66-8787-4419-8c29-bebcdea4794e,2026-03,0,22,10,9
c2850d60-ac29-432e-a62f-53c7d088bf20,371b3f66-8787-4419-8c29-bebcdea4794e,2026-02,0,22,9,4
a8ee50a9-31cc-47d5-b5de-fba04d2e6c6c,446f1af2-a71c-487d-86ba-866c3f7a99c5,2026-07,1,21,9,3
c64af6a8-b520-457c-9e27-e1d14298b9dd,446f1af2-a71c-487d-86ba-866c3f7a99c5,2026-06,0,22,6,2
f6f9490a-843a-4bc4-94f5-841f27813d85,446f1af2-a71c-487d-86ba-866c3f7a99c5,2026-05,1,21,10,0
e5bf9696-8073-4278-b107-c2c0fb3b1542,446f1af2-a71c-487d-86ba-866c3f7a99c5,2026-04,1,21,7,9
0ea94eae-e738-44c9-9c5f-78274d8c6656,446f1af2-a71c-487d-86ba-866c3f7a99c5,2026-03,1,21,11,5
2a1364f5-a9fe-4e5c-b1e4-9a517611e3ee,446f1af2-a71c-487d-86ba-866c3f7a99c5,2026-02,1,21,8,9
c25c1504-246e-4d1b-9e64-aa7f11b05f9f,d91cc02f-8d57-4a7f-8ed6-de7e9ab80d44,2026-07,0,22,7,9
ec413e9e-f65e-4cee-a773-a0e6e80de26e,d91cc02f-8d57-4a7f-8ed6-de7e9ab80d44,2026-06,1,21,11,8
dd2f68f5-7bf5-4ba8-aca0-55a6f876bbc1,d91cc02f-8d57-4a7f-8ed6-de7e9ab80d44,2026-05,1,21,10,5
0fe55467-280e-45eb-af66-5923dd54b1cf,d91cc02f-8d57-4a7f-8ed6-de7e9ab80d44,2026-04,1,21,6,9
8851fad7-2822-477a-821f-48c9bea1c65b,d91cc02f-8d57-4a7f-8ed6-de7e9ab80d44,2026-03,1,21,12,4
9166e185-1340-41ab-a49a-8be39cf70ba0,d91cc02f-8d57-4a7f-8ed6-de7e9ab80d44,2026-02,0,22,7,2
1bbf6951-d837-4683-8775-2c5c9b14fd54,7b72d801-4a67-4104-b2ed-e037f3795ebf,2026-07,0,22,6,1
9d788a1f-dd25-4d11-a105-cfb5ef4529b7,7b72d801-4a67-4104-b2ed-e037f3795ebf,2026-06,0,22,9,7
bfd962c8-beaf-4136-8166-fcd13e51ce7b,7b72d801-4a67-4104-b2ed-e037f3795ebf,2026-05,0,22,11,10
e4f4b1a8-12ae-45e3-8837-75669754c440,7b72d801-4a67-4104-b2ed-e037f3795ebf,2026-04,0,22,6,7
7cbf5cc6-9aac-4113-89ef-20719c2bcd01,7b72d801-4a67-4104-b2ed-e037f3795ebf,2026-03,0,22,11,4
e53e4da3-f149-4e38-bb0d-3252658b177f,7b72d801-4a67-4104-b2ed-e037f3795ebf,2026-02,0,22,15,6
b322309e-bb7c-4029-a286-88408ccbc111,b349471d-5090-40e2-a295-9af7c8dd8aca,2026-07,1,21,5,0
e14b144a-5e3c-4eb4-bfed-08eb9b038e18,b349471d-5090-40e2-a295-9af7c8dd8aca,2026-06,0,22,11,6
aa7a4cc7-212b-4d0b-9016-deb700a3da14,b349471d-5090-40e2-a295-9af7c8dd8aca,2026-05,1,21,14,8
b7dfc003-3b74-4b05-944a-3b5093ce93c0,b349471d-5090-40e2-a295-9af7c8dd8aca,2026-04,1,21,7,2
6f0608ba-4333-4f4e-a38d-0569886b0110,b349471d-5090-40e2-a295-9af7c8dd8aca,2026-03,1,21,10,5
c6777750-a7f3-43bf-ae18-f38e03c670f0,b349471d-5090-40e2-a295-9af7c8dd8aca,2026-02,0,22,15,6
72f443b3-0320-46c3-8204-664f06ab0995,0fb38e9f-fdbb-4f3b-bdb1-c7f1176c4325,2026-07,1,21,6,0
288877df-2b2b-4af3-8858-9f90be3d1abd,0fb38e9f-fdbb-4f3b-bdb1-c7f1176c4325,2026-06,3,19,2,6
672e2a3a-61dd-4454-aaf9-4eb3d48b4778,0fb38e9f-fdbb-4f3b-bdb1-c7f1176c4325,2026-05,3,19,6,5
06ab38ad-154b-49e5-843d-b9a22b3c2a03,0fb38e9f-fdbb-4f3b-bdb1-c7f1176c4325,2026-04,3,19,9,5
962bd1fd-0f45-4a6a-85dd-0eeafe65e855,0fb38e9f-fdbb-4f3b-bdb1-c7f1176c4325,2026-03,2,20,5,4
00918ff8-eeb8-4709-9922-ce6ee02505e2,0fb38e9f-fdbb-4f3b-bdb1-c7f1176c4325,2026-02,2,20,7,7
070d52dc-3b59-49a9-b168-be5c25bd54af,7247dc34-6ac4-4065-8190-cd35ffd5cbe2,2026-07,1,21,11,1
d164f9dc-14a4-40c1-8d66-4635a5898b15,7247dc34-6ac4-4065-8190-cd35ffd5cbe2,2026-06,0,22,10,9
15c76c5d-5942-4277-a798-e8861440129b,7247dc34-6ac4-4065-8190-cd35ffd5cbe2,2026-05,0,22,5,4
9488965e-a4a0-4616-bac1-a71a92f33d04,7247dc34-6ac4-4065-8190-cd35ffd5cbe2,2026-04,0,22,12,7
41168d02-2288-4a82-9afa-8bc9c93529ae,7247dc34-6ac4-4065-8190-cd35ffd5cbe2,2026-03,0,22,10,4
a2254524-985f-448a-9025-b9aa58769877,7247dc34-6ac4-4065-8190-cd35ffd5cbe2,2026-02,0,22,10,4
71e0f04f-f5ee-44fe-9f4a-75e207323b6b,47a3151b-c949-4d44-b4ad-1279d2e30311,2026-07,1,21,6,5
5f6db208-7484-42c6-96a2-26b339bc46ae,47a3151b-c949-4d44-b4ad-1279d2e30311,2026-06,0,22,9,9
11515af8-9905-46d8-a349-9da5118e4ce2,47a3151b-c949-4d44-b4ad-1279d2e30311,2026-05,0,22,12,8
77abd358-7aa5-404a-b12f-b878d254c597,47a3151b-c949-4d44-b4ad-1279d2e30311,2026-04,1,21,11,3
2db9361f-b50f-4f11-bd8a-55808461fffe,47a3151b-c949-4d44-b4ad-1279d2e30311,2026-03,1,21,10,0
9633a2a5-e966-4af1-886e-fa7d6249bff9,47a3151b-c949-4d44-b4ad-1279d2e30311,2026-02,0,22,6,1
5a837e95-20aa-40ba-964d-b1ce15ef04c6,25c43ebb-6948-467a-974c-9764d366d439,2026-07,0,22,13,7
d3a82545-674b-45a1-963a-a3a6b1ecd83a,25c43ebb-6948-467a-974c-9764d366d439,2026-06,1,21,14,9
d3068025-3096-441b-9833-310dd19c3dd8,25c43ebb-6948-467a-974c-9764d366d439,2026-05,1,21,5,3
da5d87b1-1686-47bb-9680-283dede7557e,25c43ebb-6948-467a-974c-9764d366d439,2026-04,1,21,11,6
38d15c00-23d7-43f5-b98b-78044ae58955,25c43ebb-6948-467a-974c-9764d366d439,2026-03,1,21,11,6
d0e1dc61-dc3d-4002-ad4f-d850d0c38d00,25c43ebb-6948-467a-974c-9764d366d439,2026-02,1,21,8,2
24893b54-448d-418e-bcbf-e177176a00cf,1b834e04-cf84-4fcd-8156-af8cf789207d,2026-07,2,20,0,6
4428d4b5-c0f2-4fcb-bbfd-93b4ced7d5f4,1b834e04-cf84-4fcd-8156-af8cf789207d,2026-06,1,21,4,9
488e670f-2cc4-4525-a4a6-3603b02f4d5f,1b834e04-cf84-4fcd-8156-af8cf789207d,2026-05,1,21,0,2
9c2dace3-a848-4a08-bd5a-a4d2ee555b14,1b834e04-cf84-4fcd-8156-af8cf789207d,2026-04,2,20,4,8
60091386-a80c-40b9-b2e6-a8e35451e53a,1b834e04-cf84-4fcd-8156-af8cf789207d,2026-03,2,20,5,2
9a882c63-c18e-4006-8328-7a0e7bde7ef8,1b834e04-cf84-4fcd-8156-af8cf789207d,2026-02,2,20,4,7
fb38cfd7-a759-4751-b6af-89774d72fb84,9e1026c4-4b1a-4418-9e73-99d1354f286d,2026-07,1,21,10,3
a19bdd69-fb9e-430d-95ff-35ec524bb6d2,9e1026c4-4b1a-4418-9e73-99d1354f286d,2026-06,0,22,7,2
ec92a370-ef6c-48d2-87b5-a1218489ca66,9e1026c4-4b1a-4418-9e73-99d1354f286d,2026-05,0,22,12,5
07562a3f-ee4b-4895-b608-33436cb317bb,9e1026c4-4b1a-4418-9e73-99d1354f286d,2026-04,1,21,6,4
32954656-9890-43df-9369-f54e455e25c1,9e1026c4-4b1a-4418-9e73-99d1354f286d,2026-03,0,22,9,7
3bafb0e7-d09a-46d0-8be1-1648016227fe,9e1026c4-4b1a-4418-9e73-99d1354f286d,2026-02,0,22,6,0
08ef98cd-3df1-4fa7-befe-6dcdde9baa24,d4306738-7669-49ca-93b4-f9f8b6641a7e,2026-07,4,18,4,3
a04f1e79-bc0c-4e69-8034-da1d302979b1,d4306738-7669-49ca-93b4-f9f8b6641a7e,2026-06,6,16,0,4
c47e0937-9abb-4b5f-9844-e90d09983ed7,d4306738-7669-49ca-93b4-f9f8b6641a7e,2026-05,5,17,5,2
3c558d9e-4a46-4114-b620-1894fcfb5a3e,d4306738-7669-49ca-93b4-f9f8b6641a7e,2026-04,3,19,5,7
38cc5a67-4c97-4dc7-bd17-d95c072eaae3,d4306738-7669-49ca-93b4-f9f8b6641a7e,2026-03,5,17,1,0
24e2293f-e241-48f9-a79b-06e7f99162ad,d4306738-7669-49ca-93b4-f9f8b6641a7e,2026-02,6,16,4,5
c45023d9-f407-42d2-9c2f-39d17dc19288,6042d1cf-a042-461b-865d-41abc51aa6a5,2026-07,2,20,0,10
ea5c85d1-9da3-4b47-8b1c-d482bb01a71b,6042d1cf-a042-461b-865d-41abc51aa6a5,2026-06,2,20,4,1
36da1b05-4d66-4f6d-b887-9155fecc2fc8,6042d1cf-a042-461b-865d-41abc51aa6a5,2026-05,2,20,9,9
1c57ffae-2f89-4134-8122-23c95f1e032a,6042d1cf-a042-461b-865d-41abc51aa6a5,2026-04,1,21,4,10
f2095abb-d9eb-4b0a-9039-04b1210b0ad0,6042d1cf-a042-461b-865d-41abc51aa6a5,2026-03,3,19,5,7
16d529b4-d1da-41a4-85be-ba683b54a49c,6042d1cf-a042-461b-865d-41abc51aa6a5,2026-02,3,19,7,2
756c7f20-78c3-499d-9a4b-db4506514fcb,eb201d41-f713-44d4-bf15-a1665fc70b68,2026-07,2,20,9,10
61d0593d-131a-4ef3-83cb-b5c0993fe31f,eb201d41-f713-44d4-bf15-a1665fc70b68,2026-06,1,21,8,2
e7184e9c-91f5-454a-8c3d-b3679521ae4b,eb201d41-f713-44d4-bf15-a1665fc70b68,2026-05,1,21,4,5
afcfe930-9a20-48bc-a640-c16e369701d0,eb201d41-f713-44d4-bf15-a1665fc70b68,2026-04,2,20,4,5
6a0e3441-98c3-46ae-becb-acdd1f7a75d0,eb201d41-f713-44d4-bf15-a1665fc70b68,2026-03,1,21,4,6
e0271ad6-b896-44a8-a527-5b80f950f53b,eb201d41-f713-44d4-bf15-a1665fc70b68,2026-02,2,20,1,1
1995c7d7-765e-463f-ab29-af74cd53bf78,ffc02fa9-5745-4641-99e9-a0a3e6443181,2026-07,1,21,12,7
663f7b37-b663-4cd0-8907-cc7f63e150fb,ffc02fa9-5745-4641-99e9-a0a3e6443181,2026-06,1,21,7,1
243dc1e8-150f-4c1b-8d69-ee5eed654104,ffc02fa9-5745-4641-99e9-a0a3e6443181,2026-05,0,22,14,0
d67d229e-8bbf-40c1-84cb-3bab2f8343f0,ffc02fa9-5745-4641-99e9-a0a3e6443181,2026-04,1,21,14,10
7972cc73-7b87-41f7-a69f-5824dcb8756e,ffc02fa9-5745-4641-99e9-a0a3e6443181,2026-03,0,22,12,7
f7d2f403-5eb7-447a-9ef0-093d5b95f19a,ffc02fa9-5745-4641-99e9-a0a3e6443181,2026-02,1,21,9,9
de38e1b9-510d-46f1-a2a1-e720c1cb7009,8974d41f-0de7-496b-9043-f6af1dad6e1d,2026-07,1,21,5,3
fa8e0bde-49f5-4f3f-85b2-a41698d4c576,8974d41f-0de7-496b-9043-f6af1dad6e1d,2026-06,0,22,8,2
22d6292e-5a8c-45fa-99d4-d891f8eb00d0,8974d41f-0de7-496b-9043-f6af1dad6e1d,2026-05,1,21,8,3
99eb108d-0dc2-4488-b94a-8fe34357e6c3,8974d41f-0de7-496b-9043-f6af1dad6e1d,2026-04,0,22,7,9
738bc6e8-e0cd-4664-9911-c0e9fe5894be,8974d41f-0de7-496b-9043-f6af1dad6e1d,2026-03,1,21,6,5
f3c510ca-799d-4307-999c-b190ef6dc068,8974d41f-0de7-496b-9043-f6af1dad6e1d,2026-02,0,22,8,4
b87483b3-f483-4654-a165-8aab840e692f,d0995275-0b82-495e-b4e9-f6e30ec7a007,2026-07,0,22,9,0
b8a860b4-b28b-4fd5-b3e4-b5c28dbedc79,d0995275-0b82-495e-b4e9-f6e30ec7a007,2026-06,1,21,9,8
7a187711-a2d6-4b19-a3b8-49a44faff763,d0995275-0b82-495e-b4e9-f6e30ec7a007,2026-05,0,22,11,10
1a9df426-b814-479a-90ce-d58ac0e97849,d0995275-0b82-495e-b4e9-f6e30ec7a007,2026-04,1,21,13,4
ac1bb48c-f7eb-439c-9e26-8d08b645348e,d0995275-0b82-495e-b4e9-f6e30ec7a007,2026-03,0,22,7,7
9273a066-d0ea-4eed-9b8a-7037c448d046,d0995275-0b82-495e-b4e9-f6e30ec7a007,2026-02,0,22,7,7
7204a430-9bdd-4d9f-8757-52bd00de2ba8,e15dba5f-a137-4a6f-8504-8b8818aa892d,2026-07,3,19,4,5
946beea9-46b9-419e-b4fc-9e3fffa2bb3e,e15dba5f-a137-4a6f-8504-8b8818aa892d,2026-06,1,21,0,10
cea90b0d-e3f1-4e59-b1c3-abb0d4552a64,e15dba5f-a137-4a6f-8504-8b8818aa892d,2026-05,3,19,8,0
fe522c53-b5c8-41d2-994b-285d68dd5c7b,e15dba5f-a137-4a6f-8504-8b8818aa892d,2026-04,1,21,5,10
9f802cad-bdcd-4749-b157-845705304382,e15dba5f-a137-4a6f-8504-8b8818aa892d,2026-03,2,20,2,6
54dd31a5-5a69-4e83-8a5f-292ae92269a7,e15dba5f-a137-4a6f-8504-8b8818aa892d,2026-02,2,20,10,0
81eac0db-063f-486f-9664-bae0f8d7c19a,893575da-e159-4500-9106-5395f886f0a4,2026-07,1,21,5,4
036c1b97-8abb-46d9-be37-20dcbeea15a2,893575da-e159-4500-9106-5395f886f0a4,2026-06,1,21,14,7
49a40517-3f17-4915-b215-eaf6188c5da2,893575da-e159-4500-9106-5395f886f0a4,2026-05,1,21,10,6
91afbb59-163a-48aa-9759-e17c28a321af,893575da-e159-4500-9106-5395f886f0a4,2026-04,1,21,14,9
97a27cb4-b640-4e9d-905d-377085c0b64f,893575da-e159-4500-9106-5395f886f0a4,2026-03,1,21,9,6
b4a05aa2-cbf0-4769-aa9f-4f506706bc99,893575da-e159-4500-9106-5395f886f0a4,2026-02,1,21,13,7
28f84dd5-ce5f-4b79-ae32-fa899778de30,dd9317b7-894d-487f-921b-8615f8732ebe,2026-07,1,21,8,2
d6fd08e6-b766-4e7b-8511-e87b9549aacd,dd9317b7-894d-487f-921b-8615f8732ebe,2026-06,1,21,10,9
1fb39e0f-38a1-4944-877a-e1b6dfda497f,dd9317b7-894d-487f-921b-8615f8732ebe,2026-05,0,22,9,7
5b1639f8-8754-46a8-9f6b-fe6e50837e6d,dd9317b7-894d-487f-921b-8615f8732ebe,2026-04,1,21,9,8
2812c244-ffdc-47cc-a02a-39e628581d93,dd9317b7-894d-487f-921b-8615f8732ebe,2026-03,0,22,15,5
5f2ba2b9-b5af-46b1-8b7f-eea6ed83938d,dd9317b7-894d-487f-921b-8615f8732ebe,2026-02,0,22,10,4
ec5ceef0-f6a5-49a8-915f-19ca6e3c00f9,57e55676-b960-4190-8270-aa75d426753e,2026-07,3,19,8,7
98359b9d-c409-4877-9b7b-69906dc4ed97,57e55676-b960-4190-8270-aa75d426753e,2026-06,1,21,8,10
856cf47b-9332-4241-b894-95474a1a6e9c,57e55676-b960-4190-8270-aa75d426753e,2026-05,1,21,6,4
c7fb56ef-a7b6-463e-899c-0b4769ad8e31,57e55676-b960-4190-8270-aa75d426753e,2026-04,1,21,7,0
43e5f462-2ce6-4663-8890-5d00279cc8e0,57e55676-b960-4190-8270-aa75d426753e,2026-03,3,19,9,7
f2f4e8df-c350-4b9d-a086-69681235bac3,57e55676-b960-4190-8270-aa75d426753e,2026-02,2,20,10,1
f0bf20c8-fb3d-4b29-bcdd-8e1707901b09,87fdac6b-1e07-4b33-9f91-bbdbd1b3d9ea,2026-07,2,20,0,1
ae3ed62d-3f69-47ed-bdd7-19870fc96876,87fdac6b-1e07-4b33-9f91-bbdbd1b3d9ea,2026-06,4,18,2,2
850a4397-9540-4972-94a9-27a1236f6866,87fdac6b-1e07-4b33-9f91-bbdbd1b3d9ea,2026-05,2,20,4,3
e1b7e8dc-6117-462e-be41-deea6a111e76,87fdac6b-1e07-4b33-9f91-bbdbd1b3d9ea,2026-04,6,16,2,0
ebdfc885-5a9d-4dfd-b105-ce4460294594,87fdac6b-1e07-4b33-9f91-bbdbd1b3d9ea,2026-03,5,17,1,9
94983a8f-ebf2-45e3-99ec-ebd506ab8585,87fdac6b-1e07-4b33-9f91-bbdbd1b3d9ea,2026-02,2,20,2,2
80fdac50-d68d-4d7a-927c-a334ea952612,cf0dc613-1487-4f4f-b84f-5f1b6ee3e0da,2026-07,0,22,10,5
8d4b86ee-e946-4b40-b439-7c7997d759c3,cf0dc613-1487-4f4f-b84f-5f1b6ee3e0da,2026-06,1,21,13,6
993bab8f-633a-44a1-ac18-f76bd1baaa74,cf0dc613-1487-4f4f-b84f-5f1b6ee3e0da,2026-05,0,22,11,6
f5516c8d-cf4e-4910-8c8c-c40f3a699a71,cf0dc613-1487-4f4f-b84f-5f1b6ee3e0da,2026-04,1,21,5,0
f6d1c7e8-000b-41d3-aaed-ac1a9606ea7f,cf0dc613-1487-4f4f-b84f-5f1b6ee3e0da,2026-03,1,21,6,2
4db31978-cba5-40e4-8a94-ca35341b2de2,cf0dc613-1487-4f4f-b84f-5f1b6ee3e0da,2026-02,0,22,6,10
8a8c101e-1fce-4419-897f-b845279ccdc4,7185ac7e-4ae5-472f-9dea-96b6b1a9183d,2026-07,2,20,10,7
f3bd0709-3a17-4b48-8ebc-55217f5c4d88,7185ac7e-4ae5-472f-9dea-96b6b1a9183d,2026-06,3,19,7,5
00ee174c-9736-4edf-a138-961c0a924ac5,7185ac7e-4ae5-472f-9dea-96b6b1a9183d,2026-05,1,21,3,6
7dee667f-6807-48f5-86b3-35963f11fea4,7185ac7e-4ae5-472f-9dea-96b6b1a9183d,2026-04,2,20,10,6
5f25ada6-9d20-43fb-a74e-54396409b8fa,7185ac7e-4ae5-472f-9dea-96b6b1a9183d,2026-03,3,19,0,1
dc9853ad-d9e7-4a11-8e0b-6f672097814a,7185ac7e-4ae5-472f-9dea-96b6b1a9183d,2026-02,3,19,2,5
092eb72d-1cb5-4eef-bc9d-00cd65a10b34,8af390bb-9b14-4623-b79c-10d7bac6f62f,2026-07,1,21,12,7
727199a3-5fdd-4f9b-ba9d-664df035b1ff,8af390bb-9b14-4623-b79c-10d7bac6f62f,2026-06,1,21,6,0
66c6f548-6098-4a1c-ba5f-f76488f96a01,8af390bb-9b14-4623-b79c-10d7bac6f62f,2026-05,1,21,9,6
989bb100-616a-4c7a-9c2c-210476802e7c,8af390bb-9b14-4623-b79c-10d7bac6f62f,2026-04,1,21,7,5
1a22671a-1110-4648-9bd7-1f99bdf0a12c,8af390bb-9b14-4623-b79c-10d7bac6f62f,2026-03,1,21,11,2
c59fd5fb-7ede-4430-b9c4-e7052becd4dd,8af390bb-9b14-4623-b79c-10d7bac6f62f,2026-02,0,22,7,7
eb5833cf-b771-4564-9dfe-0896566ac6b9,cb6d4886-99fb-46dc-8b23-661ad8709bd0,2026-07,3,19,10,2
7ee5f4c5-8a04-45f2-be3d-0f1d0cfbaf57,cb6d4886-99fb-46dc-8b23-661ad8709bd0,2026-06,3,19,2,10
face7cf2-3179-4608-a2cf-8fc03c3834c2,cb6d4886-99fb-46dc-8b23-661ad8709bd0,2026-05,1,21,8,7
94e78854-e80f-4b23-ac7b-c0357f4913e3,cb6d4886-99fb-46dc-8b23-661ad8709bd0,2026-04,1,21,3,9
2c88c3b1-f708-42ee-8f0e-5ecc261dda8b,cb6d4886-99fb-46dc-8b23-661ad8709bd0,2026-03,2,20,6,4
196718f9-9ba3-4223-81c3-cccabdcc421c,cb6d4886-99fb-46dc-8b23-661ad8709bd0,2026-02,1,21,4,0
93cef1c8-74c9-49c8-ace5-2e705cd60f1b,7a5c836a-d973-40d7-b7a3-9da66c7b77f7,2026-07,0,22,11,3
af82e258-8468-4bce-aece-e83949acd559,7a5c836a-d973-40d7-b7a3-9da66c7b77f7,2026-06,0,22,13,2
13597d01-d20f-4ec7-bb67-cd97a2ec901e,7a5c836a-d973-40d7-b7a3-9da66c7b77f7,2026-05,1,21,9,6
a5bce8fd-3e73-407f-9ce6-4a8b05bd681d,7a5c836a-d973-40d7-b7a3-9da66c7b77f7,2026-04,1,21,8,1
574b6dc3-325d-49b6-b4e4-4ffc0ca4e60e,7a5c836a-d973-40d7-b7a3-9da66c7b77f7,2026-03,1,21,12,9
0c52331d-fad8-4cdd-8af5-8db9f019e0a3,7a5c836a-d973-40d7-b7a3-9da66c7b77f7,2026-02,1,21,5,8
1af5eb19-275d-4825-8f30-255197a1ef2e,1a6871a1-a8b5-4434-962e-1fbf4d9d3c7e,2026-07,0,22,14,0
1dcfc0d6-f46d-4eb3-bf85-a0668153ddc8,1a6871a1-a8b5-4434-962e-1fbf4d9d3c7e,2026-06,0,22,12,10
b933695b-28d1-49bc-9e72-b9b5ebf7b5e4,1a6871a1-a8b5-4434-962e-1fbf4d9d3c7e,2026-05,0,22,15,2
ed7427b8-d693-4cf7-852a-3f005204fc02,1a6871a1-a8b5-4434-962e-1fbf4d9d3c7e,2026-04,0,22,13,3
29146799-8778-425f-b11e-c9e6f4ec14b7,1a6871a1-a8b5-4434-962e-1fbf4d9d3c7e,2026-03,0,22,10,10
525907e0-f4a6-4051-8fb9-09dedde748ea,f79c9a0f-1ab0-44db-93c0-3ef5b7053ac4,2026-07,0,22,10,5
4d8a2525-a9b4-4664-b81d-fb79353e3e59,f79c9a0f-1ab0-44db-93c0-3ef5b7053ac4,2026-06,0,22,11,2
ace07607-1ff1-4486-90a7-32eaef73b3a0,f79c9a0f-1ab0-44db-93c0-3ef5b7053ac4,2026-05,1,21,13,7
71287ce7-491f-4aa8-b33a-c20c52fbe3cd,f79c9a0f-1ab0-44db-93c0-3ef5b7053ac4,2026-04,0,22,8,5
dc9e64a5-fa34-4478-b9c7-3f4381b0864b,f79c9a0f-1ab0-44db-93c0-3ef5b7053ac4,2026-03,1,21,14,2
b7d5be3c-c26e-4875-a9af-ffb91d2ac5d2,f79c9a0f-1ab0-44db-93c0-3ef5b7053ac4,2026-02,0,22,12,0
5081e76a-aeac-4f1f-9c98-5cc38a841cf4,4dc69f2e-b150-4f2d-965a-4894b42c3091,2026-07,0,22,9,5
a3e2c882-638d-4c62-b034-63cef8903324,4dc69f2e-b150-4f2d-965a-4894b42c3091,2026-06,1,21,9,10
e5b0dd91-d3b5-462b-9da7-ea8f0bd2f940,4dc69f2e-b150-4f2d-965a-4894b42c3091,2026-05,1,21,6,4
b7231efb-6bef-414d-bbf3-3e5d0aa5df17,4dc69f2e-b150-4f2d-965a-4894b42c3091,2026-04,1,21,10,4
5bef1f71-837e-4a51-98b3-5c59e31b6102,4dc69f2e-b150-4f2d-965a-4894b42c3091,2026-03,0,22,5,3
c4632dff-3997-40e0-98be-9db2b09faf8d,4dc69f2e-b150-4f2d-965a-4894b42c3091,2026-02,0,22,15,4
4a307af9-5259-4ee7-80d9-d350262aedef,676474c6-3ff9-46a6-9fef-c58b1701a4f9,2026-07,0,22,14,3
3e887ba7-9d33-48e9-ab6a-a19b7b0d9733,676474c6-3ff9-46a6-9fef-c58b1701a4f9,2026-06,1,21,11,0
e34887f7-2d0a-4170-8f43-1296ab9a9941,676474c6-3ff9-46a6-9fef-c58b1701a4f9,2026-05,0,22,13,9
9eec9a95-a8a7-41a1-8c8c-6fd345aa8785,676474c6-3ff9-46a6-9fef-c58b1701a4f9,2026-04,0,22,14,5
9ef7ae31-c493-4721-ba39-4bd87d7d4e18,676474c6-3ff9-46a6-9fef-c58b1701a4f9,2026-03,1,21,13,4
b938939c-d949-41b2-b465-d03cc79f031f,676474c6-3ff9-46a6-9fef-c58b1701a4f9,2026-02,1,21,12,8
56156080-199f-4383-b3a3-8f19b861a3b7,bd7d8e10-20d7-4b03-b81e-cc244da3a7da,2026-07,1,21,10,8
6546989b-4923-41f8-8182-dff015e8aeb1,bd7d8e10-20d7-4b03-b81e-cc244da3a7da,2026-06,0,22,15,3
68d8cfe5-a250-4393-be98-8d474c3c0906,bd7d8e10-20d7-4b03-b81e-cc244da3a7da,2026-05,0,22,5,7
0abd887c-fd52-4e0e-8487-809d4b043b92,bd7d8e10-20d7-4b03-b81e-cc244da3a7da,2026-04,0,22,9,2
2759b58a-3683-4ca0-90bd-975365c2f780,bd7d8e10-20d7-4b03-b81e-cc244da3a7da,2026-03,0,22,9,6
6506da52-44e7-4327-8d22-cb9d2d3b959e,bd7d8e10-20d7-4b03-b81e-cc244da3a7da,2026-02,0,22,7,8
5bf59386-322d-4113-9524-96f9e8741d48,2f192788-1e23-4e20-a45a-333d35e52d1d,2026-07,3,19,1,1
22d4c989-2d68-401d-b43f-c608235e7dd8,2f192788-1e23-4e20-a45a-333d35e52d1d,2026-06,5,17,0,10
c412b0e2-24f0-4344-97b2-b85643a2efff,2f192788-1e23-4e20-a45a-333d35e52d1d,2026-05,2,20,4,6
19a8f937-beca-425e-b1bd-1968ee276696,2f192788-1e23-4e20-a45a-333d35e52d1d,2026-04,3,19,3,0
97a95f65-dceb-4e86-bfbf-892ce14f3aa8,2f192788-1e23-4e20-a45a-333d35e52d1d,2026-03,6,16,5,0
7c1cfe00-06af-458f-842f-0eb2aa584709,2f192788-1e23-4e20-a45a-333d35e52d1d,2026-02,2,20,4,4
1565e2ce-f143-4247-a1b0-e56f0b26012a,8457cae3-79f4-4e6a-8cba-7aeb896e60ed,2026-07,1,21,15,1
602a0cc7-565c-4403-9efc-f7fa532c29eb,8457cae3-79f4-4e6a-8cba-7aeb896e60ed,2026-06,1,21,10,0
c804e677-c16e-45f6-b93f-fd06e0e4ef00,8457cae3-79f4-4e6a-8cba-7aeb896e60ed,2026-05,0,22,9,1
d7a99acc-2692-461c-a3ab-aa5017056e50,8457cae3-79f4-4e6a-8cba-7aeb896e60ed,2026-04,1,21,13,0
8cc7e8f8-12b2-476f-90f3-16c8f02e0b70,8457cae3-79f4-4e6a-8cba-7aeb896e60ed,2026-03,1,21,11,10
e9c8b242-9bac-4545-8e77-4307e4a05cb0,8457cae3-79f4-4e6a-8cba-7aeb896e60ed,2026-02,1,21,13,5
132c88e5-f45a-4789-a435-7f55ec0a7d7e,1aecc58d-bf1c-4912-be5e-37eab906b971,2026-07,0,22,9,5
26feb94a-4cd1-450d-92b1-b3b4b44b96c9,1aecc58d-bf1c-4912-be5e-37eab906b971,2026-06,1,21,9,6
19421a15-13a2-4f67-89f2-232358df36ec,1aecc58d-bf1c-4912-be5e-37eab906b971,2026-05,1,21,5,5
7c8c61e9-2f00-4755-b224-b7b4741f9f46,1aecc58d-bf1c-4912-be5e-37eab906b971,2026-04,1,21,15,3
395aab3e-7eb0-4648-b342-017ce52931c0,1aecc58d-bf1c-4912-be5e-37eab906b971,2026-03,0,22,7,3
b61e7f9c-75f6-469b-9313-d278ba869736,1aecc58d-bf1c-4912-be5e-37eab906b971,2026-02,0,22,7,2
4e5a9fdb-fd8f-443d-86e4-8c66ea30eff7,7bae2e41-48ed-48cc-8d87-aaa626b732bc,2026-07,4,18,4,6
5d2f9f07-c266-48a0-8bee-cecacb256a69,7bae2e41-48ed-48cc-8d87-aaa626b732bc,2026-06,3,19,0,10
b132c3f4-f2e7-4ac1-a23d-bbd0f4011cb1,7bae2e41-48ed-48cc-8d87-aaa626b732bc,2026-05,2,20,1,1
f08e616f-2538-4f60-81ab-0a70c26aaadc,7bae2e41-48ed-48cc-8d87-aaa626b732bc,2026-04,3,19,3,2
0b5ad29b-5d6c-471e-bda7-24076e20475f,7bae2e41-48ed-48cc-8d87-aaa626b732bc,2026-03,4,18,0,8
7ec61c09-defc-4fc2-8889-7578089cc976,7bae2e41-48ed-48cc-8d87-aaa626b732bc,2026-02,5,17,4,1
52568061-6219-4c72-b6f6-ea8a2a7eef44,21407545-345a-41dc-8483-2e8bde378d16,2026-07,0,22,8,8
9c958561-bceb-47aa-8cbc-a54fc0419ba3,21407545-345a-41dc-8483-2e8bde378d16,2026-06,0,22,5,5
af2c39e8-fb26-47d8-9af2-c2843c8625bd,21407545-345a-41dc-8483-2e8bde378d16,2026-05,1,21,14,9
792f8b3e-337b-4157-b7a6-85acd6b2dcf3,21407545-345a-41dc-8483-2e8bde378d16,2026-04,0,22,5,2
2024c1c6-479d-41f4-8836-afe707385687,21407545-345a-41dc-8483-2e8bde378d16,2026-03,1,21,8,4
e2df37c5-354f-4d4b-bd08-e77ec7e33a8e,21407545-345a-41dc-8483-2e8bde378d16,2026-02,1,21,10,5
855aaa46-5dd1-4200-ad76-f293dc5f2b9c,6ed91107-2255-414e-97de-db34d1080e0a,2026-07,6,16,2,10
55782979-d2a3-4ecf-a1f0-b95f65e8ac86,6ed91107-2255-414e-97de-db34d1080e0a,2026-06,2,20,5,5
de3db977-d936-4a60-96f6-08e6d1645f77,6ed91107-2255-414e-97de-db34d1080e0a,2026-05,3,19,3,9
8d955394-437d-4025-b3c2-5f840e122747,6ed91107-2255-414e-97de-db34d1080e0a,2026-04,4,18,0,0
afdd58f4-20c6-4dee-a3ca-bcb9e71d6424,6ed91107-2255-414e-97de-db34d1080e0a,2026-03,6,16,2,4
ba8d1aed-67d2-441a-b58d-4381a17a8006,6ed91107-2255-414e-97de-db34d1080e0a,2026-02,3,19,1,4
aca4a766-93e1-47b6-beac-bd31a2d0d2e8,20b88c31-5044-46bc-aa2f-c5ea52748d8b,2026-07,3,19,2,4
47120de2-805d-409b-adbf-e17b9e6836e3,20b88c31-5044-46bc-aa2f-c5ea52748d8b,2026-06,3,19,6,1
3cdc7b57-7274-4e8c-ac1b-a61df19e7149,20b88c31-5044-46bc-aa2f-c5ea52748d8b,2026-05,3,19,6,7
df6c0904-3658-4c2c-ae78-6b168a5a2d54,20b88c31-5044-46bc-aa2f-c5ea52748d8b,2026-04,3,19,1,4
aff3a37f-2789-4f6b-b048-b93cf20a34cb,20b88c31-5044-46bc-aa2f-c5ea52748d8b,2026-03,2,20,0,3
b6b9408a-5696-48c1-bc5a-63150628bc0d,20b88c31-5044-46bc-aa2f-c5ea52748d8b,2026-02,3,19,6,0
07f6210b-269c-4105-9c52-0a5c31534460,6169fad8-e5e2-42cb-a448-e5dbf0faabe5,2026-07,1,21,13,7
f27abb52-72c1-4d48-956c-253935c60e7a,6169fad8-e5e2-42cb-a448-e5dbf0faabe5,2026-06,1,21,14,3
53344f38-f7ec-42e2-97fb-4cf43c2cd81b,6169fad8-e5e2-42cb-a448-e5dbf0faabe5,2026-05,1,21,12,2
e64ab6d1-c88e-4d77-a8fc-56db2d1ea8fc,6169fad8-e5e2-42cb-a448-e5dbf0faabe5,2026-04,1,21,10,8
6b6eecbc-1692-445f-9ab2-140fd442944b,6169fad8-e5e2-42cb-a448-e5dbf0faabe5,2026-03,1,21,6,6
a42f4c74-af3d-4332-a0e4-19174b9a0465,6169fad8-e5e2-42cb-a448-e5dbf0faabe5,2026-02,0,22,7,3
554a779c-b9de-423b-aaf9-6d599e05c829,ffaa18e2-3f36-4677-bafe-b57d13bb1466,2026-07,0,22,13,7
a934332d-1383-4156-a361-3f2fa07484df,ffaa18e2-3f36-4677-bafe-b57d13bb1466,2026-06,0,22,13,0
188f1d67-9755-4dfd-90b4-e5bb116bd4a5,ffaa18e2-3f36-4677-bafe-b57d13bb1466,2026-05,1,21,8,3
892ef390-6d48-48d5-950b-8c6c26389150,ffaa18e2-3f36-4677-bafe-b57d13bb1466,2026-04,1,21,8,0
45b44fdc-b496-4b7a-b7d9-52f2265f737f,ffaa18e2-3f36-4677-bafe-b57d13bb1466,2026-03,0,22,14,1
f87ef2c5-287c-48f7-9e35-131b462ce0fc,ffaa18e2-3f36-4677-bafe-b57d13bb1466,2026-02,0,22,6,3
9e0f18e9-51d4-4b20-9f2e-dd0a91b8d20e,354ffcdd-e2a4-424d-9e98-b29379035780,2026-07,3,19,3,1
153853a0-925a-456b-a2a0-ea1c13887ae7,354ffcdd-e2a4-424d-9e98-b29379035780,2026-06,3,19,2,7
904fc6aa-2924-4b82-b135-597f03d617d5,354ffcdd-e2a4-424d-9e98-b29379035780,2026-05,4,18,2,6
92303b99-9dea-4e61-9d33-8b2beedd9c9f,354ffcdd-e2a4-424d-9e98-b29379035780,2026-04,6,16,5,4
d9c03942-f1e7-4f89-a708-ed61b99fe57b,354ffcdd-e2a4-424d-9e98-b29379035780,2026-03,2,20,4,3
2a824465-4130-4cab-b92b-0fcffc584f8d,354ffcdd-e2a4-424d-9e98-b29379035780,2026-02,2,20,2,2
bb495600-a5ec-4f3f-ac62-17b3cb3ffff0,54a52a99-4424-4bdf-a39a-95a70224bb34,2026-07,2,20,2,6
1857a104-7bde-4442-9ae1-bc58c5abbb0c,54a52a99-4424-4bdf-a39a-95a70224bb34,2026-06,4,18,2,4
c9f6de07-a64a-4154-885f-bfa87d0f825c,54a52a99-4424-4bdf-a39a-95a70224bb34,2026-05,4,18,2,4
a9806bd7-8d9f-4636-9b2b-2165cf8259e7,54a52a99-4424-4bdf-a39a-95a70224bb34,2026-04,5,17,3,8
3095f9b8-d3dc-41e4-bc46-ab3d77f4d05b,54a52a99-4424-4bdf-a39a-95a70224bb34,2026-03,6,16,1,9
db4f0dc9-af07-45fe-b351-99c7a1c8f523,54a52a99-4424-4bdf-a39a-95a70224bb34,2026-02,6,16,4,10
b534ed77-e31f-4dfd-928d-94df07c7b8a3,893a2263-90d9-4370-bfdd-9b00764ad7e7,2026-07,2,20,5,3
bd445867-4059-4180-a0ff-3ebd45cb8fee,893a2263-90d9-4370-bfdd-9b00764ad7e7,2026-06,3,19,6,8
4d309619-584e-402e-ad82-9865146844d5,893a2263-90d9-4370-bfdd-9b00764ad7e7,2026-05,1,21,10,4
5de5f6e7-60ba-4385-8c55-bfc973db6d77,893a2263-90d9-4370-bfdd-9b00764ad7e7,2026-04,3,19,4,8
44d477b0-5674-49d5-9951-2a1c17ed4e78,893a2263-90d9-4370-bfdd-9b00764ad7e7,2026-03,1,21,7,1
b5a09e29-ac1e-4b5e-975a-9e585df34e78,893a2263-90d9-4370-bfdd-9b00764ad7e7,2026-02,2,20,6,6
278fb83f-df9d-44f2-9e9d-6ef718f56439,98f020b1-3dd8-4b73-8728-fd7522417a19,2026-07,3,19,3,7
16de019e-f0bf-4f1c-af44-520881df2271,98f020b1-3dd8-4b73-8728-fd7522417a19,2026-06,1,21,2,4
3973b159-0340-4921-8ceb-ceff54123a03,98f020b1-3dd8-4b73-8728-fd7522417a19,2026-05,2,20,2,3
94906295-ff6b-445e-b5fc-e9debbdb7c23,98f020b1-3dd8-4b73-8728-fd7522417a19,2026-04,2,20,3,10
4fb73169-0e3d-4a61-be7c-7cae83a6e095,98f020b1-3dd8-4b73-8728-fd7522417a19,2026-03,2,20,7,4
b2df53de-b021-4f2e-9c80-4480598dd32d,98f020b1-3dd8-4b73-8728-fd7522417a19,2026-02,2,20,5,6
92d56987-4c25-4063-bb90-a442692e077a,5367cc4b-b13a-42ff-bd0b-0efec0089fed,2026-07,0,22,10,1
5727e3f6-7efd-44b2-8c60-7aa38eaa184b,5367cc4b-b13a-42ff-bd0b-0efec0089fed,2026-06,0,22,12,1
9e49755a-554f-4285-9799-2d28399a4253,5367cc4b-b13a-42ff-bd0b-0efec0089fed,2026-05,0,22,12,3
a05cddd0-9705-477e-8e82-213213019638,5367cc4b-b13a-42ff-bd0b-0efec0089fed,2026-04,0,22,10,6
1c2d04a9-de84-417f-a452-f432eace0863,5367cc4b-b13a-42ff-bd0b-0efec0089fed,2026-03,0,22,10,7
070394cb-f0fd-4bb6-83e8-d7023fef27a4,5367cc4b-b13a-42ff-bd0b-0efec0089fed,2026-02,0,22,11,4
4fac14d2-643f-4a1f-a31f-f9ddf2d215c8,bdb2f4f4-b5f0-4953-b2bc-a98afc7aa1b7,2026-07,0,22,6,6
c793661f-ac37-4228-8682-b830a6db71c7,bdb2f4f4-b5f0-4953-b2bc-a98afc7aa1b7,2026-06,1,21,9,1
d5c4da28-fb90-464b-997d-af2976efceef,bdb2f4f4-b5f0-4953-b2bc-a98afc7aa1b7,2026-05,1,21,12,4
85348408-037a-4061-a2a8-8a267c3f5e82,bdb2f4f4-b5f0-4953-b2bc-a98afc7aa1b7,2026-04,0,22,11,4
56897b32-37b8-4735-97f8-56972848a151,bdb2f4f4-b5f0-4953-b2bc-a98afc7aa1b7,2026-03,1,21,6,8
0ba394fd-3fdd-4db1-b8cc-37d8cdce455c,bdb2f4f4-b5f0-4953-b2bc-a98afc7aa1b7,2026-02,1,21,8,8
cc0f94a6-3f2a-4008-9144-915c1674a7f4,283af356-9949-47a9-aa87-6271e86a5d24,2026-07,0,22,9,4
c60c9a1c-2dc4-4f79-a504-c91034ba4450,283af356-9949-47a9-aa87-6271e86a5d24,2026-06,1,21,15,0
927784e0-a6d5-40f3-b120-539832d9cbe0,283af356-9949-47a9-aa87-6271e86a5d24,2026-05,0,22,15,7
9b2eb4e4-e503-4864-94c8-33d25d77dc9c,283af356-9949-47a9-aa87-6271e86a5d24,2026-04,1,21,11,8
ed38a6ab-9fca-4fcd-aeab-c6d6caa8d14c,283af356-9949-47a9-aa87-6271e86a5d24,2026-03,0,22,8,5
7bbd9eac-8ab6-4b3c-84b7-61485fab8ce4,283af356-9949-47a9-aa87-6271e86a5d24,2026-02,0,22,10,7
ea35c98e-d2b8-42ba-8ef2-64f3b09e026f,e5289003-bb7a-435e-8016-32ffb4105b0a,2026-07,1,21,12,7
29a11cd9-1083-4bbb-9b3f-2880fa511ff5,e5289003-bb7a-435e-8016-32ffb4105b0a,2026-06,1,21,5,1
ecc5aa34-16b7-4157-add6-b14f8c236395,e5289003-bb7a-435e-8016-32ffb4105b0a,2026-05,0,22,9,4
98f214b9-2643-4436-ae5e-202068e05092,e5289003-bb7a-435e-8016-32ffb4105b0a,2026-04,0,22,11,8
a8d08d87-bae5-4c46-b788-8d605c0bc95b,e5289003-bb7a-435e-8016-32ffb4105b0a,2026-03,1,21,6,5
ffe725b0-5587-4c47-9683-4db1e452b02a,e5289003-bb7a-435e-8016-32ffb4105b0a,2026-02,0,22,13,10
2d2e0f68-1566-4bf4-a6a8-cd0f2c18d7cf,38c8f3fd-a9c2-4624-a673-1d187252de5a,2026-07,2,20,9,6
0098bbad-78c7-4ade-9419-aa1831e8e2c3,38c8f3fd-a9c2-4624-a673-1d187252de5a,2026-06,2,20,8,0
b715aa3f-5cc1-439d-8e37-f688308c9506,38c8f3fd-a9c2-4624-a673-1d187252de5a,2026-05,2,20,7,9
a553e3c7-431e-494f-86ef-c8903662ae9e,38c8f3fd-a9c2-4624-a673-1d187252de5a,2026-04,3,19,10,6
afe44a72-3e9a-47e7-90a3-1afbe1cbd6e6,38c8f3fd-a9c2-4624-a673-1d187252de5a,2026-03,2,20,3,4
551e39d8-6f8f-4265-8a9e-69765532c51e,38c8f3fd-a9c2-4624-a673-1d187252de5a,2026-02,2,20,6,0
ca0ae785-9687-4e56-ae74-2877b0d4ea26,4e2fcc07-307e-4b1b-bd3c-6aabf6e25ec2,2026-07,0,22,6,8
b7c9e277-1e74-4a90-921f-7a7ed7bcab35,9a9120be-a2d2-4e59-8476-f9c4c1c00c77,2026-07,0,22,8,8
fccc824c-385b-4f04-9201-21becdf9f7cc,9a9120be-a2d2-4e59-8476-f9c4c1c00c77,2026-06,0,22,12,6
273151a1-f656-4266-9ff1-56cb6b38f5a6,9a9120be-a2d2-4e59-8476-f9c4c1c00c77,2026-05,0,22,15,3
bc88a232-a2a6-4808-abd0-da496df605a9,9a9120be-a2d2-4e59-8476-f9c4c1c00c77,2026-04,1,21,8,2
9ac97e71-1f0f-40a3-ae76-e84e86141dc5,9a9120be-a2d2-4e59-8476-f9c4c1c00c77,2026-03,1,21,13,10
5d35d79a-c3f2-4eff-a653-d194c109e7ee,9a9120be-a2d2-4e59-8476-f9c4c1c00c77,2026-02,1,21,9,2
bf7ccef9-cb55-4194-add2-d6d033b2a683,e9eb8ff7-9e05-46f9-be95-90a625ca15f4,2026-07,0,22,6,7
c7707015-4dfb-4b3a-9c4c-7164c672a73c,e9eb8ff7-9e05-46f9-be95-90a625ca15f4,2026-06,1,21,13,9
cb8375fb-b29b-40a1-9aa0-513d093faaf4,e9eb8ff7-9e05-46f9-be95-90a625ca15f4,2026-05,1,21,12,4
10738769-c9e6-4c25-bd28-e4ae12a32633,e9eb8ff7-9e05-46f9-be95-90a625ca15f4,2026-04,1,21,9,4
f807e3ed-b7d7-4e22-9ac5-4b2442e4ccbc,e9eb8ff7-9e05-46f9-be95-90a625ca15f4,2026-03,0,22,7,0
acd11008-cb4d-4ab5-8edb-a4ef334529a9,e9eb8ff7-9e05-46f9-be95-90a625ca15f4,2026-02,1,21,10,2
a706363d-4c7e-4ed5-8161-5d2c10c6e2b0,24ccbe4a-6207-4dbe-88dd-15ad49bc1b31,2026-07,0,22,10,2
8c9d65ea-d54f-4ac2-b366-58f9c3a39f5b,24ccbe4a-6207-4dbe-88dd-15ad49bc1b31,2026-06,1,21,10,2
1af819ae-887a-4718-8696-e2184d54139f,24ccbe4a-6207-4dbe-88dd-15ad49bc1b31,2026-05,0,22,12,0
09f40d82-2814-43b4-a276-694b50a42781,24ccbe4a-6207-4dbe-88dd-15ad49bc1b31,2026-04,1,21,13,5
61d2a9eb-7d8c-4eb7-8bbd-da63fd7340b6,24ccbe4a-6207-4dbe-88dd-15ad49bc1b31,2026-03,0,22,7,9
dca6e706-dff5-4c39-a51d-907efb2165aa,24ccbe4a-6207-4dbe-88dd-15ad49bc1b31,2026-02,1,21,13,10
2b915f72-da99-4632-8e19-550a6b77cb97,df661edc-6c63-4c9a-bf48-8bdeafa583ae,2026-07,1,21,4,8
31d79255-8a2c-446f-bbdd-d35f21e0a783,df661edc-6c63-4c9a-bf48-8bdeafa583ae,2026-06,2,20,1,10
a7d2c632-c3c8-43a6-971e-41175964e280,df661edc-6c63-4c9a-bf48-8bdeafa583ae,2026-05,3,19,5,1
32017c79-0393-4c7c-a380-1bebadf3d38f,df661edc-6c63-4c9a-bf48-8bdeafa583ae,2026-04,2,20,4,3
2b3d463e-271b-44c8-b32d-b3169913c340,df661edc-6c63-4c9a-bf48-8bdeafa583ae,2026-03,1,21,1,2
989a8f97-ff4f-4935-b5f6-81894ac6455c,df661edc-6c63-4c9a-bf48-8bdeafa583ae,2026-02,2,20,7,6
d4ff2521-f7ef-46a4-94b0-b6c4f4ad8a37,0dc29479-3747-4560-b13b-7c1dfab9ed46,2026-07,0,22,5,0
2fe88e64-ed93-443a-abed-d86e44f1e752,0dc29479-3747-4560-b13b-7c1dfab9ed46,2026-06,0,22,14,5
59080429-719f-43a0-9a79-07c81ae5cfdd,0dc29479-3747-4560-b13b-7c1dfab9ed46,2026-05,0,22,9,8
dfde9dd5-8a6a-4fb1-8e24-9302968bcb84,0dc29479-3747-4560-b13b-7c1dfab9ed46,2026-04,1,21,9,3
921cd37a-a59b-4b01-8190-ce2e2344bde1,0dc29479-3747-4560-b13b-7c1dfab9ed46,2026-03,0,22,11,6
d47a594f-ece1-4585-a8ac-79433f67040c,0dc29479-3747-4560-b13b-7c1dfab9ed46,2026-02,0,22,5,10
d0f83e1c-6135-41ed-9c29-42293cd774d8,4ffc360b-9eed-49a9-b280-0349441842e0,2026-07,1,21,8,1
1bb95bc7-878f-43aa-99d4-b64c12a2ce15,4ffc360b-9eed-49a9-b280-0349441842e0,2026-06,1,21,13,7
3dd4e5ea-c7e3-4297-82ae-513e9318407d,4ffc360b-9eed-49a9-b280-0349441842e0,2026-05,0,22,12,10
21c3bfb1-2ce9-40a6-9e72-ec2880e01e0f,4ffc360b-9eed-49a9-b280-0349441842e0,2026-04,1,21,15,2
b2afa7fe-7126-46e9-adec-bd7e0df2fb79,4ffc360b-9eed-49a9-b280-0349441842e0,2026-03,1,21,5,6
7d6f8b19-bbc5-44db-957c-35fd2ffebcab,4ffc360b-9eed-49a9-b280-0349441842e0,2026-02,1,21,15,8
669618de-1a72-400e-be97-87938f6fd26e,70ae8640-445c-448c-bfe1-20049b33d87d,2026-07,0,22,5,3
6204645a-6acc-4198-ba23-b71dbec70b3e,70ae8640-445c-448c-bfe1-20049b33d87d,2026-06,0,22,14,7
b6d5998a-a189-42dc-aa4f-cca894c89d50,70ae8640-445c-448c-bfe1-20049b33d87d,2026-05,0,22,13,6
d146ea95-099d-4f76-a2d3-b1f965e04819,70ae8640-445c-448c-bfe1-20049b33d87d,2026-04,1,21,8,1
b24f0d45-3e48-4865-96a8-0faece8be140,70ae8640-445c-448c-bfe1-20049b33d87d,2026-03,1,21,14,1
4fdfaaf3-b109-4370-8eae-12ef490b7831,70ae8640-445c-448c-bfe1-20049b33d87d,2026-02,1,21,7,7
421e53b0-d5c8-40fa-b609-ad5883c5a20c,5154d2f4-aa71-4ec9-a8ac-af9e65f3db81,2026-07,1,21,5,0
dbcfb369-cc21-4817-939c-1f338bfc64de,5154d2f4-aa71-4ec9-a8ac-af9e65f3db81,2026-06,1,21,9,0
ae0f058f-8f12-4aba-8b20-858d9054b0dc,5154d2f4-aa71-4ec9-a8ac-af9e65f3db81,2026-05,1,21,12,5
875429cf-6fdb-4886-a709-0acc6e214118,5154d2f4-aa71-4ec9-a8ac-af9e65f3db81,2026-04,1,21,15,5
4f4359f8-bb2c-4586-8c14-3b3624637ed5,5154d2f4-aa71-4ec9-a8ac-af9e65f3db81,2026-03,1,21,13,8
fa777e37-10f9-426b-9188-1931c354c512,5154d2f4-aa71-4ec9-a8ac-af9e65f3db81,2026-02,1,21,14,10
4d9c75b9-a2cd-498b-8388-4e1256841227,be8d4354-3f04-4d14-b53f-14405415cee0,2026-07,3,19,8,6
4f9a0d1a-38ec-4cbc-91c5-63bd4c92ef85,be8d4354-3f04-4d14-b53f-14405415cee0,2026-06,3,19,6,0
cc4e1656-9b76-4376-aec3-00a40e23adf5,be8d4354-3f04-4d14-b53f-14405415cee0,2026-05,3,19,5,6
f045203e-14d0-4221-afa3-7bcc24208c6a,be8d4354-3f04-4d14-b53f-14405415cee0,2026-04,3,19,7,3
859c1dc3-f6db-439c-b1a1-af28e6537ab2,be8d4354-3f04-4d14-b53f-14405415cee0,2026-03,1,21,5,3
c7e2f664-0066-442a-9f5f-04f16ee2cae7,be8d4354-3f04-4d14-b53f-14405415cee0,2026-02,3,19,1,9
7eef6fc8-5276-4beb-9390-d00984d139ce,85c1f940-0a06-4695-819a-db5e461e1f67,2026-07,1,21,6,10
028383fa-ceb2-4063-8f9a-e455973c245e,85c1f940-0a06-4695-819a-db5e461e1f67,2026-06,2,20,4,6
4d509c3d-14c1-4c6a-baf6-8948bb5099d4,85c1f940-0a06-4695-819a-db5e461e1f67,2026-05,1,21,1,8
c49ad5e4-5c65-4d9e-a0f8-330e1e327e34,85c1f940-0a06-4695-819a-db5e461e1f67,2026-04,2,20,2,7
efd071b1-7bde-4ec7-943d-7fc80c2d9858,85c1f940-0a06-4695-819a-db5e461e1f67,2026-03,3,19,6,3
9f77e34a-c66e-4ee9-94fb-dd6f46fe2a9d,85c1f940-0a06-4695-819a-db5e461e1f67,2026-02,2,20,9,10
95369dc0-4727-4a48-8399-d08839cd34d6,db8078f9-330a-4e8e-aa3b-0d91619a81a7,2026-07,0,22,5,3
d8eb9210-8293-43e9-a511-e13bd62958a7,db8078f9-330a-4e8e-aa3b-0d91619a81a7,2026-06,0,22,9,10
f062f21d-57c9-4f4d-884d-4a7c359643c2,db8078f9-330a-4e8e-aa3b-0d91619a81a7,2026-05,0,22,15,3
81fa251f-444e-4e14-b58e-f14abbdc5f87,db8078f9-330a-4e8e-aa3b-0d91619a81a7,2026-04,1,21,5,10
33c6fe66-2659-42de-9389-b5545530bf7b,db8078f9-330a-4e8e-aa3b-0d91619a81a7,2026-03,0,22,9,0
b3285d9b-d35a-4f58-8ad0-e4c52b041754,db8078f9-330a-4e8e-aa3b-0d91619a81a7,2026-02,1,21,8,3
30cbcf83-8f56-4dc9-b9b3-8a822522d955,d933d798-47c0-49fb-a607-031b014feea3,2026-07,5,17,3,8
d99550ba-82d6-4b50-b4c9-19c0c9be7f10,d933d798-47c0-49fb-a607-031b014feea3,2026-06,2,20,0,1
7e666e29-5dd4-499b-8b9e-17bffb605f2e,d933d798-47c0-49fb-a607-031b014feea3,2026-05,4,18,5,2
81d5a67d-8e6e-4764-840a-aeb3fa419af0,d933d798-47c0-49fb-a607-031b014feea3,2026-04,3,19,1,3
0b09b6d7-0e4b-4524-b671-2446174c67ad,d933d798-47c0-49fb-a607-031b014feea3,2026-03,4,18,3,10
0dda9b97-82bd-4665-ae7b-32c40e6c15aa,d933d798-47c0-49fb-a607-031b014feea3,2026-02,4,18,2,8
1e3e0d94-097b-4e88-9f78-efa4db59a0eb,9ca710e6-b8f9-47d4-b123-1e8c2634e14c,2026-07,2,20,8,7
c719ab15-dd6d-4325-9715-26886e90c08e,9ca710e6-b8f9-47d4-b123-1e8c2634e14c,2026-06,2,20,6,3
2667084a-90be-4403-8f6a-76d1205feed0,9ca710e6-b8f9-47d4-b123-1e8c2634e14c,2026-05,3,19,6,2
a64e5edf-84e2-4a14-b595-210be5976067,9ca710e6-b8f9-47d4-b123-1e8c2634e14c,2026-04,2,20,6,5
2a61d3f9-7426-4cde-bf13-42447697fd28,9ca710e6-b8f9-47d4-b123-1e8c2634e14c,2026-03,2,20,7,5
c64e8dcf-d850-4348-acd8-0966508ef579,9ca710e6-b8f9-47d4-b123-1e8c2634e14c,2026-02,1,21,5,1
afe800b7-889d-47d4-82b8-ee3f44e01fed,d9380041-90cc-41c2-bac2-a147891b9767,2026-07,1,21,14,3
93b48870-7f98-4fe4-974c-c6858c706bc1,d9380041-90cc-41c2-bac2-a147891b9767,2026-06,0,22,11,1
4935987a-8c6e-4a46-9a10-a00ef481ece9,d9380041-90cc-41c2-bac2-a147891b9767,2026-05,1,21,5,6
648db53c-d634-48c8-8f15-e582c3fdfb54,d9380041-90cc-41c2-bac2-a147891b9767,2026-04,0,22,9,4
95c9fdd9-b156-4303-81d5-24e9f7ccf40d,d9380041-90cc-41c2-bac2-a147891b9767,2026-03,0,22,7,3
79b39765-6d28-4ef2-ac0a-e35c74fdfc7b,d9380041-90cc-41c2-bac2-a147891b9767,2026-02,1,21,15,10
fec5ebee-d521-4015-a215-44406bb4de8f,bed0010c-734b-4e69-80f0-4507354fb3f1,2026-07,1,21,6,10
9c4f9a5a-76b8-43bb-87db-6b500270702c,bed0010c-734b-4e69-80f0-4507354fb3f1,2026-06,1,21,12,4
f7b6ccce-99f1-4745-b1b8-afc03cf0cc37,bed0010c-734b-4e69-80f0-4507354fb3f1,2026-05,1,21,6,8
2b058ac2-b92b-499a-a579-8d9fd2d6885c,bed0010c-734b-4e69-80f0-4507354fb3f1,2026-04,1,21,9,7
f2e397af-ce5c-45a0-b0b6-7b80c1866d9a,bed0010c-734b-4e69-80f0-4507354fb3f1,2026-03,1,21,14,1
858d2c6e-8e88-4625-87dd-6b04a006a7b6,bed0010c-734b-4e69-80f0-4507354fb3f1,2026-02,1,21,6,6
b1794988-3728-4531-8a82-2494f3b853bc,6b282c33-bd7d-4d94-82bb-3051b1986abf,2026-07,0,22,10,6
a4d45fd0-aafe-4716-9085-8f54f001adc8,6b282c33-bd7d-4d94-82bb-3051b1986abf,2026-06,1,21,14,3
dbe0276e-a0e2-4606-89f7-c5eb2e227669,6b282c33-bd7d-4d94-82bb-3051b1986abf,2026-05,1,21,15,7
cb391503-34cb-46e7-9a48-0891e5af95de,6b282c33-bd7d-4d94-82bb-3051b1986abf,2026-04,0,22,9,9
9b9a09cc-f51a-4a31-939f-f4f5870faa0a,6b282c33-bd7d-4d94-82bb-3051b1986abf,2026-03,0,22,12,4
7dde183b-70fa-43de-9a5b-c9eaeaa95707,6b282c33-bd7d-4d94-82bb-3051b1986abf,2026-02,0,22,9,8
708bd17d-892c-4050-b916-5f5e38eedcf4,f2b40d9d-49ea-442d-a4ba-e1a5cb3ead47,2026-07,0,22,5,2
c36472e3-4295-49a7-96e9-4a2fa07b154c,f2b40d9d-49ea-442d-a4ba-e1a5cb3ead47,2026-06,1,21,11,9
0261680e-0232-48d1-a372-0ed706da1eca,f2b40d9d-49ea-442d-a4ba-e1a5cb3ead47,2026-05,1,21,11,3
ec02c2c7-cfe3-42b5-a19d-d3da6c7e4bf8,f2b40d9d-49ea-442d-a4ba-e1a5cb3ead47,2026-04,1,21,15,2
0262f7d5-1c3f-4481-a570-0fed046cc2c9,f2b40d9d-49ea-442d-a4ba-e1a5cb3ead47,2026-03,1,21,12,5
cd706ebd-e1ea-479b-9eb9-754c9476f705,f2b40d9d-49ea-442d-a4ba-e1a5cb3ead47,2026-02,1,21,13,4
d7b090d9-f837-4ec8-979e-911a9c2badf6,f063e4f4-3bc1-4a8f-abaf-804f7bad64c8,2026-07,1,21,6,10
87ac6afa-f069-47ac-89c4-656cbd1b2d8e,40f65710-8483-4358-ac9d-aa0e474e869e,2026-07,2,20,7,8
a49828aa-7d16-499f-ad1f-72239d01cef4,40f65710-8483-4358-ac9d-aa0e474e869e,2026-06,2,20,9,7
8e10751e-54ab-4589-96d9-b8459dbac920,40f65710-8483-4358-ac9d-aa0e474e869e,2026-05,2,20,9,0
1eeaac5b-86e0-4093-ba53-63a626401ab0,40f65710-8483-4358-ac9d-aa0e474e869e,2026-04,1,21,0,1
84ee5701-874c-463b-94a1-361a03ba2b44,40f65710-8483-4358-ac9d-aa0e474e869e,2026-03,2,20,3,1
a273af66-de9e-462f-ae95-007f79cdb1ff,40f65710-8483-4358-ac9d-aa0e474e869e,2026-02,1,21,5,10
9510c7bf-7868-4486-b2e2-24aa36918fde,ef5833c6-9cba-4ca8-8667-4ea38d23f48c,2026-07,0,22,10,7
6349353b-ed2e-4fba-8c00-c92c2414ad0c,ef5833c6-9cba-4ca8-8667-4ea38d23f48c,2026-06,0,22,11,9
b942037a-3cd5-4a04-a862-b994ee378bc6,ef5833c6-9cba-4ca8-8667-4ea38d23f48c,2026-05,1,21,5,3
acf3ede3-1d1a-4f25-81e7-0729b50115d7,ef5833c6-9cba-4ca8-8667-4ea38d23f48c,2026-04,0,22,14,1
3dd504ea-133a-43b4-afab-3d387adfcff1,ef5833c6-9cba-4ca8-8667-4ea38d23f48c,2026-03,1,21,13,5
a78f37d4-566f-4288-8656-216102bb3df4,ef5833c6-9cba-4ca8-8667-4ea38d23f48c,2026-02,0,22,10,2
49cf9bba-aae9-429a-a2f8-ad9acea5b9b9,2733f5d9-3308-418e-8fa0-6419b66f4c41,2026-07,1,21,7,5
ef01c9e2-8b99-48d4-bb45-ff35ddda7938,2733f5d9-3308-418e-8fa0-6419b66f4c41,2026-06,0,22,6,9
dd50a445-0004-411f-b8d9-1b79b5b92195,2733f5d9-3308-418e-8fa0-6419b66f4c41,2026-05,1,21,8,7
08cf7609-ab58-46e3-9b2b-442de199018d,2733f5d9-3308-418e-8fa0-6419b66f4c41,2026-04,0,22,5,8
37d4b18b-8595-4ebe-9960-6c1231f699ce,2733f5d9-3308-418e-8fa0-6419b66f4c41,2026-03,0,22,13,9
553f94bc-a921-4895-a2c4-2bbdd49dc504,2733f5d9-3308-418e-8fa0-6419b66f4c41,2026-02,0,22,6,1
d1f53a0b-fdbb-40c9-8754-d87369353fef,cdcc1f09-b070-478f-a6ae-c7b5236ef747,2026-07,6,16,0,0
fb210344-96ae-4150-9f7f-f742b4f5d164,cdcc1f09-b070-478f-a6ae-c7b5236ef747,2026-06,4,18,1,5
b0fa1377-f120-432f-b9b1-9fbe042be51b,cdcc1f09-b070-478f-a6ae-c7b5236ef747,2026-05,5,17,0,7
70ec9d17-5aca-449e-a746-c0506f2351b3,cdcc1f09-b070-478f-a6ae-c7b5236ef747,2026-04,4,18,5,3
06cb13f0-c1c8-4855-b091-5e9d05ffcacc,cdcc1f09-b070-478f-a6ae-c7b5236ef747,2026-03,4,18,1,8
4acac450-2187-4255-82a1-452e17f7c71b,cdcc1f09-b070-478f-a6ae-c7b5236ef747,2026-02,2,20,3,5
8180b667-124f-4988-a149-8977daa40c80,ea1fe734-8c9c-4177-acef-44ca0be53249,2026-07,1,21,10,3
ac04d171-fdf1-4e7f-92dd-5536290d535e,ea1fe734-8c9c-4177-acef-44ca0be53249,2026-06,0,22,5,0
c561b3f3-04e4-4055-acb1-72ad475110a1,ea1fe734-8c9c-4177-acef-44ca0be53249,2026-05,0,22,7,10
f51eccf0-350e-430f-909f-42544306bdc9,ea1fe734-8c9c-4177-acef-44ca0be53249,2026-04,0,22,5,3
68bd9884-c83e-431e-82d3-769604461e9a,ea1fe734-8c9c-4177-acef-44ca0be53249,2026-03,0,22,8,1
df783e19-b408-4185-8139-aef6945aa31f,ea1fe734-8c9c-4177-acef-44ca0be53249,2026-02,1,21,11,4
fed15319-1261-430c-b38b-46e995edc0a3,fd51028d-530a-46d7-ac1e-c23fa552ae30,2026-07,1,21,11,10
1d056af8-1773-4d9c-8e4d-eb2c43a0c3d1,fd51028d-530a-46d7-ac1e-c23fa552ae30,2026-06,0,22,7,2
ce8f4279-5032-49d1-97aa-ece127199357,fd51028d-530a-46d7-ac1e-c23fa552ae30,2026-05,1,21,11,10
47b4c38d-f046-48c5-adc4-a98dd936974e,fd51028d-530a-46d7-ac1e-c23fa552ae30,2026-04,1,21,6,4
f34e6aab-a78d-4b7c-b256-ebac242a62c0,fd51028d-530a-46d7-ac1e-c23fa552ae30,2026-03,0,22,6,4
2bedcb18-13e5-4665-b44c-09d2f7eafd2f,fd51028d-530a-46d7-ac1e-c23fa552ae30,2026-02,1,21,5,3
0f7ba473-0789-43b6-ad1c-4aa16b2afb17,f1ee4fb1-7932-4683-be0f-499f5b07814c,2026-07,1,21,5,9
bb39f078-8e0c-4419-a429-9550cd6c1f6f,f1ee4fb1-7932-4683-be0f-499f5b07814c,2026-06,1,21,9,3
d728dff2-8d57-4af4-9237-df32dcd87d86,f1ee4fb1-7932-4683-be0f-499f5b07814c,2026-05,1,21,8,1
03bca579-c960-4b43-b248-66b28ab10b0c,f1ee4fb1-7932-4683-be0f-499f5b07814c,2026-04,1,21,6,5
b5c3495d-cf42-4c42-9d0d-2e1ad2b774ed,f1ee4fb1-7932-4683-be0f-499f5b07814c,2026-03,1,21,15,6
a1483bd1-fa73-43bc-8505-3a52d2493c81,f1ee4fb1-7932-4683-be0f-499f5b07814c,2026-02,0,22,5,10
0f87d0f8-9dd9-4112-aa6c-abc3f86d3d67,9d4e9314-3a99-4e2b-90aa-50382942613f,2026-07,1,21,10,0
505bfe74-0355-48e0-93cf-2a76423933aa,9d4e9314-3a99-4e2b-90aa-50382942613f,2026-06,2,20,0,4
0c3b79fb-f996-47b3-969a-121dc3a2b649,9d4e9314-3a99-4e2b-90aa-50382942613f,2026-05,1,21,9,7
68ccc12c-987e-4038-b7b5-b4ed3386135d,9d4e9314-3a99-4e2b-90aa-50382942613f,2026-04,3,19,1,6
97c213e4-e0f1-409e-ab98-cce6b3f6655b,9d4e9314-3a99-4e2b-90aa-50382942613f,2026-03,3,19,7,7
9f65e080-3ab3-4edf-88b9-82a78c9ee42b,9d4e9314-3a99-4e2b-90aa-50382942613f,2026-02,2,20,3,6
d318641c-0341-4a83-8950-caefa883fc53,386e70ba-71ea-444b-abce-dc2041b3c760,2026-07,1,21,10,4
6dee778d-09e5-480d-a5a5-a08ebf343ad1,386e70ba-71ea-444b-abce-dc2041b3c760,2026-06,0,22,5,6
a2a7dd43-889f-4f5a-8269-abd15a3f1b22,386e70ba-71ea-444b-abce-dc2041b3c760,2026-05,0,22,6,1
c7f4cfaf-4763-421f-bb32-8540fe2f734a,386e70ba-71ea-444b-abce-dc2041b3c760,2026-04,1,21,12,8
77a116f3-3fdd-4320-8b5f-b840d5020658,386e70ba-71ea-444b-abce-dc2041b3c760,2026-03,0,22,5,0
5577019b-8a81-45f0-823e-7d093ff938a0,386e70ba-71ea-444b-abce-dc2041b3c760,2026-02,1,21,8,10
393255ce-709c-49a7-8742-0fc24854e8b5,54a9fd3e-03b6-4d5f-b70c-08f0ee91f1d7,2026-07,0,22,7,8
555eb503-4934-4b14-8884-e137fdf3701b,54a9fd3e-03b6-4d5f-b70c-08f0ee91f1d7,2026-06,0,22,5,4
30011b5d-e562-47aa-848b-fe8d137b95ab,54a9fd3e-03b6-4d5f-b70c-08f0ee91f1d7,2026-05,0,22,12,0
c797287d-39ed-4274-9fd1-3f588c4b1d25,54a9fd3e-03b6-4d5f-b70c-08f0ee91f1d7,2026-04,1,21,14,4
c4837cd0-a192-4552-aea7-b298996cba3a,54a9fd3e-03b6-4d5f-b70c-08f0ee91f1d7,2026-03,0,22,6,8
6f6f2092-951b-47bb-bb9f-9cea5088bb86,54a9fd3e-03b6-4d5f-b70c-08f0ee91f1d7,2026-02,1,21,10,1
7cc60df4-9d8f-41ac-9a4b-334bca3c46ca,1444ab1a-250d-423c-be1f-662b48191da1,2026-07,0,22,13,1
08048cac-a191-446f-9f23-4dfa05a192eb,1444ab1a-250d-423c-be1f-662b48191da1,2026-06,1,21,5,1
de4b7b2b-556c-4c15-a63b-179c1336403b,1444ab1a-250d-423c-be1f-662b48191da1,2026-05,0,22,13,7
6a4023e7-4dba-49ef-944b-52d1fd70dd15,1444ab1a-250d-423c-be1f-662b48191da1,2026-04,1,21,8,8
c607e549-2d00-46a9-a1c0-4b7b99d33fae,1444ab1a-250d-423c-be1f-662b48191da1,2026-03,0,22,13,0
7107b124-1fe0-4ced-a14c-3a421feb130a,1444ab1a-250d-423c-be1f-662b48191da1,2026-02,0,22,5,7
0a5829d4-9937-4bfd-953b-aff7a213e5bc,e6ee0c6e-718b-43e1-ac46-d86898d00a13,2026-07,1,21,13,6
c737cc87-89cf-41f3-9ea6-bf8778dfd789,e6ee0c6e-718b-43e1-ac46-d86898d00a13,2026-06,1,21,11,4
464f6056-80cd-46c6-bdcd-c75f4b0b744f,e6ee0c6e-718b-43e1-ac46-d86898d00a13,2026-05,1,21,6,8
00ba67fb-618b-44e8-b8d2-786851d2cf32,e6ee0c6e-718b-43e1-ac46-d86898d00a13,2026-04,0,22,11,8
aced2dc1-3bf5-4639-a14f-6b84dbc56dcb,e6ee0c6e-718b-43e1-ac46-d86898d00a13,2026-03,1,21,10,6
99d8d37d-b1c9-4793-b8fa-777ee0c45e4b,e6ee0c6e-718b-43e1-ac46-d86898d00a13,2026-02,0,22,9,7
e1b474fe-2c35-4540-9cec-6631cd6ed4e8,f7a588e2-7488-4812-9136-9be5b8ba8160,2026-07,0,22,11,6
7eef37bc-559b-484d-b09b-5464ec217707,f7a588e2-7488-4812-9136-9be5b8ba8160,2026-06,1,21,8,6
a8d4a02b-2454-4908-9269-43514f540976,f7a588e2-7488-4812-9136-9be5b8ba8160,2026-05,1,21,11,6
311d8242-2800-4df9-8204-3b1dc6d399f2,f7a588e2-7488-4812-9136-9be5b8ba8160,2026-04,0,22,9,1
7629c4b3-199c-4e02-9be1-817f7648d3b1,f7a588e2-7488-4812-9136-9be5b8ba8160,2026-03,0,22,10,4
455798f9-f209-4ccd-8a1f-07d694ec13da,f7a588e2-7488-4812-9136-9be5b8ba8160,2026-02,1,21,6,10
34d62642-d2e3-4939-ac49-20623706fd6d,5d462ba6-8c69-4ec3-afb2-1ec28ac41eae,2026-07,3,19,0,3
9cacd140-dd9b-45f4-adc1-d5787f81e3dc,5d462ba6-8c69-4ec3-afb2-1ec28ac41eae,2026-06,4,18,0,9
f20957ad-a9b5-44a9-be81-bdf44def530d,5d462ba6-8c69-4ec3-afb2-1ec28ac41eae,2026-05,3,19,5,9
c59554d5-af24-4a7d-81db-33b94f7b05e8,5d462ba6-8c69-4ec3-afb2-1ec28ac41eae,2026-04,4,18,3,2
e651152c-33c5-445f-ae84-1f23e600f5a8,5d462ba6-8c69-4ec3-afb2-1ec28ac41eae,2026-03,3,19,2,6
9a6f1834-fa89-4194-96e5-5e46824e855c,5d462ba6-8c69-4ec3-afb2-1ec28ac41eae,2026-02,3,19,4,0
302e2685-ee56-444d-8d29-c4015a3ada0a,1b1a2832-860e-4277-b31f-b81b330b01ef,2026-07,0,22,15,10
c4501df6-3fca-4be2-b3f8-f78c5ab29973,1b1a2832-860e-4277-b31f-b81b330b01ef,2026-06,1,21,8,6
721deaee-98ec-4edd-9607-c573e8618655,1b1a2832-860e-4277-b31f-b81b330b01ef,2026-05,1,21,11,1
425745e5-20b0-44e3-8f6f-990ac530e82b,1b1a2832-860e-4277-b31f-b81b330b01ef,2026-04,1,21,12,0
821b6af9-fdfc-4a04-9645-ef58298d4256,1b1a2832-860e-4277-b31f-b81b330b01ef,2026-03,1,21,14,8
f4b26406-1946-438a-bb46-dfc771198854,1b1a2832-860e-4277-b31f-b81b330b01ef,2026-02,1,21,10,5
f8a72d1c-ec1d-409e-a2e1-f4a9ab34eaae,fa925fef-029d-4524-bc64-245d377e8d96,2026-07,4,18,5,10
929c55f4-2625-4c40-a961-6a80e74b9575,fa925fef-029d-4524-bc64-245d377e8d96,2026-06,4,18,2,1
1a063059-331a-4f3d-8836-9686f9f183f7,fa925fef-029d-4524-bc64-245d377e8d96,2026-05,5,17,2,0
ea434b77-73f8-4005-986a-8766c407675b,fa925fef-029d-4524-bc64-245d377e8d96,2026-04,4,18,0,7
0b87bb28-f8ab-403b-890a-ea20e679e602,fa925fef-029d-4524-bc64-245d377e8d96,2026-03,4,18,4,5
99227c5b-2508-42c1-a885-9c6dbb7394b5,fa925fef-029d-4524-bc64-245d377e8d96,2026-02,3,19,3,6
e5562b12-8cb7-43dc-b7e6-4ffa1d48449e,abc05666-6264-48f2-a039-06e0afaddaf1,2026-07,2,20,4,2
d4e93edc-9231-446e-b9bf-cc3dd35637c8,abc05666-6264-48f2-a039-06e0afaddaf1,2026-06,3,19,3,7
e5365c2a-9fb0-4eb3-83d6-742ba517bd94,abc05666-6264-48f2-a039-06e0afaddaf1,2026-05,1,21,4,1
473fc3d6-c81b-4536-a50f-57db76cf3cde,abc05666-6264-48f2-a039-06e0afaddaf1,2026-04,1,21,8,10
d325365d-5713-4116-b911-489a2320fbcb,abc05666-6264-48f2-a039-06e0afaddaf1,2026-03,1,21,7,9
0ee76198-9465-4a92-a36e-e35d5caaecf4,abc05666-6264-48f2-a039-06e0afaddaf1,2026-02,1,21,5,2
ba3809d4-481c-4df9-ac32-f5315138cf09,b0ae224f-d9f2-4a5d-a1ff-48159f1a1d60,2026-07,3,19,10,6
1302b571-5a2a-47c4-82f5-f8ba41906ac0,b0ae224f-d9f2-4a5d-a1ff-48159f1a1d60,2026-06,3,19,10,7
a49b965e-019b-44bc-85a5-76b040925503,b0ae224f-d9f2-4a5d-a1ff-48159f1a1d60,2026-05,3,19,8,1
6252681d-77d8-4ecd-a3c8-e782fc839075,b0ae224f-d9f2-4a5d-a1ff-48159f1a1d60,2026-04,2,20,2,5
b6dc6ba5-3b44-49ed-b389-f490e83eecab,b0ae224f-d9f2-4a5d-a1ff-48159f1a1d60,2026-03,1,21,7,9
20047b1e-689c-4a5e-b5a6-9ceee6c21bf1,b0ae224f-d9f2-4a5d-a1ff-48159f1a1d60,2026-02,1,21,5,6
2e42afc2-7d00-4354-ae8b-23da9d50ffa8,76234fd0-bf14-4647-a041-5d8da964123e,2026-07,0,22,12,0
bb48082b-7ca1-4199-8eaf-1c164f3c3da9,76234fd0-bf14-4647-a041-5d8da964123e,2026-06,0,22,7,2
667d69c1-97cc-441c-a1ce-f58f92941a6a,76234fd0-bf14-4647-a041-5d8da964123e,2026-05,0,22,8,6
eb2575d1-0ca9-4beb-bb20-d9c260f8199e,ebb6416a-c681-4525-8c43-bd2dff552cff,2026-07,1,21,11,5
8dc4f057-378c-4a27-b7f3-7e174c84ef9f,ebb6416a-c681-4525-8c43-bd2dff552cff,2026-06,1,21,8,2
ebd437a6-14c8-455c-8208-69c68907d477,ebb6416a-c681-4525-8c43-bd2dff552cff,2026-05,0,22,14,2
e0169b44-7310-407d-91ea-48edcbf07e57,ebb6416a-c681-4525-8c43-bd2dff552cff,2026-04,1,21,11,8
31e152b2-05f9-4dbd-a011-bdbf1aa66c45,ebb6416a-c681-4525-8c43-bd2dff552cff,2026-03,1,21,10,0
e04746c1-1deb-4729-83b7-65cba2ef7838,ebb6416a-c681-4525-8c43-bd2dff552cff,2026-02,0,22,11,5
abbf8639-941d-4e1a-ac6a-ee61ef98dd48,9f548a87-bcf0-4baa-8a13-222b666a4f99,2026-07,1,21,14,7
cdf060ac-6adf-49aa-be33-314be7abd2c1,9f548a87-bcf0-4baa-8a13-222b666a4f99,2026-06,0,22,5,0
6f84ec03-cb26-4feb-9556-aafebbaf10e8,9f548a87-bcf0-4baa-8a13-222b666a4f99,2026-05,1,21,15,2
38170aef-f0c3-4cc5-a77d-6ae279f49e9e,9f548a87-bcf0-4baa-8a13-222b666a4f99,2026-04,0,22,8,4
9ea5327f-46b2-48e9-bdbf-9cef154a8b38,9f548a87-bcf0-4baa-8a13-222b666a4f99,2026-03,0,22,15,8
9fdb7967-3206-4df9-9f80-6629c90e0949,9f548a87-bcf0-4baa-8a13-222b666a4f99,2026-02,0,22,14,4
e45e0379-a81c-4da7-b9d9-5cad860377c4,20b673a8-62cb-4793-9b96-b48dc5b29e79,2026-07,1,21,5,0
937d6939-7966-4db9-a2da-2f2302d3aaf2,20b673a8-62cb-4793-9b96-b48dc5b29e79,2026-06,1,21,13,2
76debe2e-97e7-4ddc-8604-3fb393c53c0d,20b673a8-62cb-4793-9b96-b48dc5b29e79,2026-05,0,22,5,5
badc120d-c817-4bbe-9c46-162a85d85590,20b673a8-62cb-4793-9b96-b48dc5b29e79,2026-04,1,21,9,4
79545638-18c7-4f54-a493-8a4b8a6a1bd4,20b673a8-62cb-4793-9b96-b48dc5b29e79,2026-03,1,21,5,3
0b368c74-8de6-409b-8d6f-5e3256c1e738,20b673a8-62cb-4793-9b96-b48dc5b29e79,2026-02,1,21,15,5
3a5b2872-f73a-44be-a99f-a0403fe9f196,8523d52b-d022-48f4-a9d2-d94dd367fdb1,2026-07,0,22,11,8
ebf0b960-983a-415b-9839-997049af71d4,8523d52b-d022-48f4-a9d2-d94dd367fdb1,2026-06,0,22,9,1
4946f7fc-a520-42fc-ac0a-da9dae9ae82b,8523d52b-d022-48f4-a9d2-d94dd367fdb1,2026-05,0,22,9,8
d83fc059-0229-4974-a388-466596b77b6a,8523d52b-d022-48f4-a9d2-d94dd367fdb1,2026-04,0,22,9,0
609d993c-848c-410d-8a90-94e838feb1fb,8523d52b-d022-48f4-a9d2-d94dd367fdb1,2026-03,0,22,9,1
7ffae1ee-0686-4be3-9037-7c9a3d6bca8f,8523d52b-d022-48f4-a9d2-d94dd367fdb1,2026-02,1,21,13,4
d4243d87-9735-43a7-9167-d60555ee085f,455ae775-9e7b-4b24-ae66-2dfb2d1cdd1f,2026-07,1,21,7,7
5f3fa523-aa4e-4753-bc65-2b997c0def15,455ae775-9e7b-4b24-ae66-2dfb2d1cdd1f,2026-06,1,21,5,4
d607991d-3861-49c2-b488-3843bbaa770f,455ae775-9e7b-4b24-ae66-2dfb2d1cdd1f,2026-05,2,20,2,2
16db22df-aeb8-429f-967e-190f7f39fae8,455ae775-9e7b-4b24-ae66-2dfb2d1cdd1f,2026-04,3,19,7,7
d8e162b8-38f1-4d23-9d55-f1328e0d1666,455ae775-9e7b-4b24-ae66-2dfb2d1cdd1f,2026-03,3,19,8,7
c1de5be0-e2f6-494e-9582-2bb7f48bdc67,455ae775-9e7b-4b24-ae66-2dfb2d1cdd1f,2026-02,1,21,1,1
9892c5d8-2ce2-493f-910d-73414351a51f,0086b043-7486-4a77-839f-aff65533d4d1,2026-07,1,21,7,1
5c7ce997-7938-4e02-8929-930f5c428533,0086b043-7486-4a77-839f-aff65533d4d1,2026-06,0,22,6,8
f5f51baa-5faf-4f5a-bab0-d415983db812,0086b043-7486-4a77-839f-aff65533d4d1,2026-05,0,22,5,2
9674f174-2b42-48f3-abc8-0a4dc5f78549,0086b043-7486-4a77-839f-aff65533d4d1,2026-04,1,21,9,7
3e3d4830-4ade-415a-991b-71eb01107f1e,0086b043-7486-4a77-839f-aff65533d4d1,2026-03,1,21,15,3
c564d42a-5b8c-4937-a2f4-effefdd51d09,0086b043-7486-4a77-839f-aff65533d4d1,2026-02,1,21,15,0
923bb98f-bc03-4e31-8b57-08f7338a49f3,ae49cd00-348f-4f48-ae38-42e13b28a05c,2026-07,0,22,6,9
dfb00a4a-3aae-4efe-a8a4-56dfe5bde4e1,ae49cd00-348f-4f48-ae38-42e13b28a05c,2026-06,1,21,5,9
8c37e959-6c8f-4f73-8a98-52c8f85808e2,ae49cd00-348f-4f48-ae38-42e13b28a05c,2026-05,0,22,15,10
bdae2232-bac1-449f-9211-2650d72b47bb,ae49cd00-348f-4f48-ae38-42e13b28a05c,2026-04,1,21,13,0
49fae11b-4a6a-405a-855d-7204cca97192,ae49cd00-348f-4f48-ae38-42e13b28a05c,2026-03,1,21,15,10
22e30776-33ea-494e-96cb-f1743d74dfa9,ae49cd00-348f-4f48-ae38-42e13b28a05c,2026-02,0,22,6,10
3b1a3440-a372-45ce-ad1e-5dcd7c3a6900,a760e49a-1820-405e-88d4-b0eb6be7e509,2026-07,0,22,5,4
b1d185c2-95a5-47d5-b2eb-d9b1f99e3288,a760e49a-1820-405e-88d4-b0eb6be7e509,2026-06,1,21,11,5
c479aed1-0d93-441a-bc75-3377037d263b,a760e49a-1820-405e-88d4-b0eb6be7e509,2026-05,1,21,12,5
b279ab32-936e-4f26-9652-ce7187999c87,a760e49a-1820-405e-88d4-b0eb6be7e509,2026-04,0,22,5,1
67dd71cf-63e6-4bf3-8a21-acdc59be7554,a760e49a-1820-405e-88d4-b0eb6be7e509,2026-03,0,22,11,2
9510f0d8-6ca0-4750-9a17-680b75fbfdb8,a760e49a-1820-405e-88d4-b0eb6be7e509,2026-02,0,22,15,9
ac29c11d-f923-4e56-80ec-52346d8b3e82,67b63653-bd0c-4aa0-a12a-c2914bc489b5,2026-07,0,22,11,0
25aa3621-a408-4f5f-9a72-bb557379a535,67b63653-bd0c-4aa0-a12a-c2914bc489b5,2026-06,0,22,7,0
9e87747d-2478-4d75-abf7-9fac83b04375,67b63653-bd0c-4aa0-a12a-c2914bc489b5,2026-05,0,22,14,8
d25fae15-6653-484d-990d-e26a6745f72d,67b63653-bd0c-4aa0-a12a-c2914bc489b5,2026-04,0,22,15,7
6ea313f1-82d7-4b7f-a801-fe66df97b42e,67b63653-bd0c-4aa0-a12a-c2914bc489b5,2026-03,0,22,12,1
13144325-29fe-4c6c-aad7-d545acd68454,67b63653-bd0c-4aa0-a12a-c2914bc489b5,2026-02,1,21,9,5
d5bce41d-e13f-41c0-8411-870b3a063ad6,f1a7965c-2528-488d-9bc4-40d2b9b6bd60,2026-07,1,21,14,1
e2bb48d7-c697-42a4-bd09-71e6ae2b77b7,f1a7965c-2528-488d-9bc4-40d2b9b6bd60,2026-06,1,21,11,2
4a962a9f-1baf-4b22-bc4f-da0c0871c9cd,f1a7965c-2528-488d-9bc4-40d2b9b6bd60,2026-05,0,22,13,6
f257a28b-347f-46e1-9c0d-4a1d82023c26,f1a7965c-2528-488d-9bc4-40d2b9b6bd60,2026-04,1,21,10,7
8c447004-c575-42de-9638-b78712039c0a,f1a7965c-2528-488d-9bc4-40d2b9b6bd60,2026-03,0,22,10,1
6478f426-764e-4ce5-9627-96f4efa23db1,f1a7965c-2528-488d-9bc4-40d2b9b6bd60,2026-02,1,21,11,7
98a7e4aa-7cda-459b-bf81-0057bd106ee2,0a2c58af-b5bb-42d1-af98-6019ce478350,2026-07,1,21,6,2
11ce04c7-e13c-46cc-8134-49e8c262157d,0a2c58af-b5bb-42d1-af98-6019ce478350,2026-06,0,22,8,6
cb1c580c-8740-4adc-890e-690d205579ad,0a2c58af-b5bb-42d1-af98-6019ce478350,2026-05,1,21,5,6
2460d74c-5f51-49f6-a3d3-e06c34029833,0a2c58af-b5bb-42d1-af98-6019ce478350,2026-04,1,21,10,9
1f88ef5a-b0f9-4156-87d5-a5f09651e4e8,0a2c58af-b5bb-42d1-af98-6019ce478350,2026-03,1,21,8,3
5fb27c78-2076-497a-9fd1-f5c154f47741,0a2c58af-b5bb-42d1-af98-6019ce478350,2026-02,1,21,9,5
7c6d8e99-8f1f-40dc-8ed1-fcf925a2b6d5,74527601-16a2-4ec7-9c0b-3f69decbebb1,2026-07,0,22,6,3
6abbe815-e1a1-4b8e-a1be-79cca875f7d7,74527601-16a2-4ec7-9c0b-3f69decbebb1,2026-06,1,21,14,3
984ce775-ea7e-48e1-b3f6-a57006079eb2,74527601-16a2-4ec7-9c0b-3f69decbebb1,2026-05,1,21,5,6
f0aeccad-d421-4192-ae02-71abc3a72dee,74527601-16a2-4ec7-9c0b-3f69decbebb1,2026-04,1,21,11,9
d2f3ba77-3a0b-4251-9996-b3a734e9e14f,74527601-16a2-4ec7-9c0b-3f69decbebb1,2026-03,1,21,7,10
2aec8c9d-f9de-4296-9d9c-926fa23bc91b,74527601-16a2-4ec7-9c0b-3f69decbebb1,2026-02,1,21,7,6
6bea77f1-ca89-4eb3-8a0b-a2aef142d8bf,d7a05f4a-9386-4ecc-8c46-ea5f270c19ac,2026-07,3,19,9,1
27d233bf-e508-4ac7-a864-975fc338e510,d7a05f4a-9386-4ecc-8c46-ea5f270c19ac,2026-06,2,20,9,0
669cfb9b-9767-4162-9766-3528ecc54181,d7a05f4a-9386-4ecc-8c46-ea5f270c19ac,2026-05,2,20,2,2
b0be99e8-d22a-4997-9ada-df9bc7dfcc2b,d7a05f4a-9386-4ecc-8c46-ea5f270c19ac,2026-04,2,20,3,4
6f34575f-9cb6-4478-befd-b39584246887,d7a05f4a-9386-4ecc-8c46-ea5f270c19ac,2026-03,3,19,2,0
29a2b535-ff2f-4dbb-902c-12900eca52e6,d7a05f4a-9386-4ecc-8c46-ea5f270c19ac,2026-02,1,21,7,5
d73b0833-cd46-4332-afe5-74bfd4331d49,f6f60cd7-e56e-42dd-b6e2-2b94422ccbbe,2026-07,0,22,15,8
aa11afaa-5cd6-4970-a1da-8a9186500ff9,f6f60cd7-e56e-42dd-b6e2-2b94422ccbbe,2026-06,0,22,9,4
89226174-09d0-473e-a743-94a6e1041560,f6f60cd7-e56e-42dd-b6e2-2b94422ccbbe,2026-05,0,22,5,4
3cd4e9d4-4711-40ff-9fad-806629058c51,f6f60cd7-e56e-42dd-b6e2-2b94422ccbbe,2026-04,0,22,12,0
525772e8-e614-49b3-8493-792f43332331,f6f60cd7-e56e-42dd-b6e2-2b94422ccbbe,2026-03,1,21,15,0
4ac2e500-fb8e-4e01-9ea6-62be037eeb2d,f6f60cd7-e56e-42dd-b6e2-2b94422ccbbe,2026-02,1,21,15,10
dc6a869c-4a69-4351-83a9-9557faadb440,989d3187-583b-4a07-8f87-4aafd3fa67d8,2026-07,1,21,15,6
eff865ac-7d09-4045-b74c-de2a93883a5d,989d3187-583b-4a07-8f87-4aafd3fa67d8,2026-06,0,22,6,3
9dc0c4af-4d1a-483c-839d-f0bf2d4d29a2,989d3187-583b-4a07-8f87-4aafd3fa67d8,2026-05,1,21,11,1
ee13ac5b-2938-41ee-8b3c-eb2cbdca9016,989d3187-583b-4a07-8f87-4aafd3fa67d8,2026-04,0,22,10,3
11a1391f-66a9-4cba-9087-c6b3834622a6,989d3187-583b-4a07-8f87-4aafd3fa67d8,2026-03,1,21,13,2
11ad29c6-8044-43f7-9558-9c3956a25943,989d3187-583b-4a07-8f87-4aafd3fa67d8,2026-02,0,22,12,8
08b8a558-a480-480f-a3ca-4264a7866d89,16fe411b-c60b-4599-ad7d-01cf0581c502,2026-07,0,22,10,5
dd044575-e2e0-4b82-9ff8-7e02da8f16b0,16fe411b-c60b-4599-ad7d-01cf0581c502,2026-06,1,21,15,3
aa267b4a-d2e7-48eb-a763-1ad26ab06a8d,16fe411b-c60b-4599-ad7d-01cf0581c502,2026-05,0,22,7,0
fe12ea60-f506-4a1f-820a-1cf2e7d6072f,16fe411b-c60b-4599-ad7d-01cf0581c502,2026-04,0,22,6,7
5b8fc58a-ce91-4631-b16f-dc247482158e,16fe411b-c60b-4599-ad7d-01cf0581c502,2026-03,1,21,7,10
8f23643d-d3f1-4878-b5ae-1f00d9d6fb76,16fe411b-c60b-4599-ad7d-01cf0581c502,2026-02,1,21,6,4
eff2a5ee-8eb3-4318-a237-d4a1c99f39ca,c84126f4-b92b-4dce-9f37-e247ee802cef,2026-07,5,17,5,2
3c061376-0410-45dc-a60d-c8fe742116c6,c84126f4-b92b-4dce-9f37-e247ee802cef,2026-06,4,18,0,5
179d5bb2-c8ee-4e7c-b792-81e229a893e8,c84126f4-b92b-4dce-9f37-e247ee802cef,2026-05,3,19,3,2
113dae6a-cb58-48e8-bd86-5dfc905f25db,c84126f4-b92b-4dce-9f37-e247ee802cef,2026-04,3,19,2,10
2d949a68-e294-47ce-bda8-20822387d528,c84126f4-b92b-4dce-9f37-e247ee802cef,2026-03,4,18,1,7
a65f1439-c068-4ccb-8af7-ba895c6ebf45,c84126f4-b92b-4dce-9f37-e247ee802cef,2026-02,4,18,1,9
72bb3db3-ad37-4ce4-883e-3ff01a578e8c,4111dc2f-8f3b-4217-8874-d70d0db3faf6,2026-07,0,22,11,10
8697d4e8-2507-48bd-95b3-8b394d6e0161,4111dc2f-8f3b-4217-8874-d70d0db3faf6,2026-06,1,21,14,0
028676e6-f95c-4ee2-8fc6-59cb775caa75,4111dc2f-8f3b-4217-8874-d70d0db3faf6,2026-05,0,22,5,3
cb28b26c-d7fc-44b2-bb2c-799f8439e1b4,4111dc2f-8f3b-4217-8874-d70d0db3faf6,2026-04,1,21,5,6
e3de3c4a-d5b5-4cf8-8b9f-b6e62c3f3632,4111dc2f-8f3b-4217-8874-d70d0db3faf6,2026-03,0,22,12,0
32c4ef83-f775-48c5-b728-c5fbb684ce50,4111dc2f-8f3b-4217-8874-d70d0db3faf6,2026-02,0,22,9,3
6e7e0151-3efb-4420-8e4d-046d3584a945,7b56ef8a-f08a-4659-a439-a173cdf5fdd4,2026-07,1,21,15,7
a8e6da9c-ed24-4e6e-a6ba-ad2c11cffef1,7b56ef8a-f08a-4659-a439-a173cdf5fdd4,2026-06,0,22,12,5
dbd175f2-d37d-4f56-af0f-1ab7c4f401a1,7b56ef8a-f08a-4659-a439-a173cdf5fdd4,2026-05,0,22,9,0
febe2ef1-333a-4292-8591-83a63ee9ef8a,7b56ef8a-f08a-4659-a439-a173cdf5fdd4,2026-04,1,21,12,10
0233a0ce-6863-4f19-a002-644be12ebc72,7b56ef8a-f08a-4659-a439-a173cdf5fdd4,2026-03,1,21,6,8
0d635799-21b1-48b9-b24c-776f18b25153,7b56ef8a-f08a-4659-a439-a173cdf5fdd4,2026-02,0,22,12,4
de0ee267-d35f-4f08-9cc1-3a6b501d78c8,99ed0793-c4fb-41b7-94e8-2bc0da423a98,2026-07,1,21,11,8
3290dd82-fb7e-4a7e-88da-8fb0702d8357,99ed0793-c4fb-41b7-94e8-2bc0da423a98,2026-06,0,22,13,4
69606b82-b6c7-43ff-a85e-e906058befdf,99ed0793-c4fb-41b7-94e8-2bc0da423a98,2026-05,1,21,5,6
eab2545c-8403-4706-8c21-6e06d55e5a64,99ed0793-c4fb-41b7-94e8-2bc0da423a98,2026-04,1,21,13,4
2790b522-504d-4ebc-80cc-4b07b8d0e0bd,99ed0793-c4fb-41b7-94e8-2bc0da423a98,2026-03,1,21,9,7
857d5928-29e1-4c10-8979-036e6415818c,99ed0793-c4fb-41b7-94e8-2bc0da423a98,2026-02,1,21,12,1
48507f37-1007-43eb-a2f7-675d2e104009,6fffcd4b-9c81-4509-94f5-a715a7aaae2c,2026-07,0,22,12,7
3aaff3fc-5ad0-4f81-b6cd-b611bb654746,6fffcd4b-9c81-4509-94f5-a715a7aaae2c,2026-06,1,21,7,7
acbd5e52-cf8a-4af4-bc5f-57f56712edd5,6fffcd4b-9c81-4509-94f5-a715a7aaae2c,2026-05,1,21,15,10
76cffa00-4862-4dbb-95bf-f7e21991842e,6fffcd4b-9c81-4509-94f5-a715a7aaae2c,2026-04,1,21,15,1
35382a81-369b-407e-acce-7847468a7eb8,6fffcd4b-9c81-4509-94f5-a715a7aaae2c,2026-03,0,22,11,3
2b93c6e8-c581-4103-bd18-999944fb3e7c,6fffcd4b-9c81-4509-94f5-a715a7aaae2c,2026-02,1,21,5,8
d3539cc9-e562-4f6a-bf70-167354e1a185,f32d3b9d-ebbd-49e0-af9a-28642265e386,2026-07,1,21,8,6
4e6a0c33-ac89-473d-be45-cdba95af1227,f32d3b9d-ebbd-49e0-af9a-28642265e386,2026-06,1,21,6,2
7de799c2-4941-4d12-8912-a72ed2efdf58,f32d3b9d-ebbd-49e0-af9a-28642265e386,2026-05,2,20,3,3
391b32f1-dcd8-4af5-84f1-fc78f6cbe164,f32d3b9d-ebbd-49e0-af9a-28642265e386,2026-04,2,20,5,5
7e74a7cf-18db-44f6-98b2-c3c6951b0332,f32d3b9d-ebbd-49e0-af9a-28642265e386,2026-03,3,19,6,1
d9c165fe-5801-4eb3-8c86-d50cac0a6919,f32d3b9d-ebbd-49e0-af9a-28642265e386,2026-02,2,20,0,2
28e2cf17-4e50-49c2-99c7-176e6c9c79a9,564c915d-9c4f-456b-8210-d94c78e57a50,2026-07,1,21,10,3
fb1e5821-f040-4521-ba82-9c1476841326,564c915d-9c4f-456b-8210-d94c78e57a50,2026-06,0,22,14,2
be9c5a67-3662-402c-a42b-af44ede27435,564c915d-9c4f-456b-8210-d94c78e57a50,2026-05,0,22,13,4
64698db9-93b6-45b1-9575-e073846a6a6d,564c915d-9c4f-456b-8210-d94c78e57a50,2026-04,0,22,10,8
715d6bf9-537a-4253-a132-ea0956d96193,564c915d-9c4f-456b-8210-d94c78e57a50,2026-03,0,22,6,5
8b33f0e1-723e-40fa-aafd-e8afebe128c2,564c915d-9c4f-456b-8210-d94c78e57a50,2026-02,0,22,12,9
7efe409a-cc1f-408d-b90a-3c7d70a76620,33df6abd-f6e0-4939-834a-248860d5e33c,2026-07,0,22,8,2
1b416669-8a7a-41a8-b3d1-7217c1530b96,33df6abd-f6e0-4939-834a-248860d5e33c,2026-06,0,22,9,2
60409a3a-e92e-43bf-b902-afc85c28ede1,33df6abd-f6e0-4939-834a-248860d5e33c,2026-05,0,22,8,9
3cfadfea-375d-4e40-be87-ba30c9a143a5,33df6abd-f6e0-4939-834a-248860d5e33c,2026-04,0,22,9,6
cfe2b16b-e888-4657-96c2-02ed338041d2,33df6abd-f6e0-4939-834a-248860d5e33c,2026-03,0,22,5,2
ab35ad8f-487c-4576-a19f-db0ac18d0e76,33df6abd-f6e0-4939-834a-248860d5e33c,2026-02,1,21,10,8
2d104be4-6cc2-4512-99a5-3d9272b6d146,acc00b8e-00ef-429a-b690-a7841c0048f8,2026-07,2,20,2,8
93117f71-9121-4e1a-88f2-0a153ea22b8c,acc00b8e-00ef-429a-b690-a7841c0048f8,2026-06,2,20,1,5
70b5fbef-396a-484e-b241-27c98a80ba7b,acc00b8e-00ef-429a-b690-a7841c0048f8,2026-05,1,21,2,8
dc77ca74-0eab-47d4-a4ed-99d382f308f8,acc00b8e-00ef-429a-b690-a7841c0048f8,2026-04,3,19,5,3
fac189fa-f4a2-414d-8e43-421c2c41f09f,acc00b8e-00ef-429a-b690-a7841c0048f8,2026-03,3,19,3,0
9597eec2-57e4-4722-b1ae-90e8081b8768,acc00b8e-00ef-429a-b690-a7841c0048f8,2026-02,2,20,7,2
e6f129a0-a304-4d91-bad8-f691e1565e8b,c94713b8-bcf9-4298-a4d3-ddbd1f50d7c0,2026-07,6,16,4,3
690d396a-36a1-4e6e-8347-27079b4de601,c94713b8-bcf9-4298-a4d3-ddbd1f50d7c0,2026-06,3,19,1,3
e2b87433-8e26-433a-9d7d-7bb6d3ca58a3,c94713b8-bcf9-4298-a4d3-ddbd1f50d7c0,2026-05,3,19,1,7
56b8425c-9eb3-4a29-8ef6-3b0c009fa33a,c94713b8-bcf9-4298-a4d3-ddbd1f50d7c0,2026-04,4,18,4,1
e1226117-d0bc-4775-af38-8ba251acc9e1,c94713b8-bcf9-4298-a4d3-ddbd1f50d7c0,2026-03,6,16,0,5
8cb47da9-4b48-43d4-8c9a-c57f6cb84c55,c94713b8-bcf9-4298-a4d3-ddbd1f50d7c0,2026-02,2,20,4,10
5198edec-cb48-48e6-af4c-333e3788ea7f,9f606140-d3f4-4ab0-babe-cbcf295b2981,2026-07,1,21,5,4
b50baebe-c27a-47c8-83ed-92d5e6142da2,9f606140-d3f4-4ab0-babe-cbcf295b2981,2026-06,0,22,13,2
03bcf0a5-91af-4378-9101-e7a5aa711a2c,9f606140-d3f4-4ab0-babe-cbcf295b2981,2026-05,1,21,6,2
18e2ddb2-adf0-428e-bd92-6b2fc18fa5e7,9f606140-d3f4-4ab0-babe-cbcf295b2981,2026-04,0,22,6,4
ba57cdf8-96a7-4955-8557-d10a20118424,9f606140-d3f4-4ab0-babe-cbcf295b2981,2026-03,1,21,12,7
cf865a68-45ce-4703-870d-aec7a8475593,9f606140-d3f4-4ab0-babe-cbcf295b2981,2026-02,1,21,8,4
ff502c60-692f-4827-9064-c6f0ea48595c,124e39ad-9169-4fac-8643-2c520a98c6ac,2026-07,1,21,11,7
4c7433f9-a646-4179-9ce4-8ed5f9193cfc,124e39ad-9169-4fac-8643-2c520a98c6ac,2026-06,0,22,7,0
97708972-e8ca-407d-a90e-8abffe6113ae,124e39ad-9169-4fac-8643-2c520a98c6ac,2026-05,1,21,11,4
16b92c40-5c16-4157-9ab4-cfbcb070a392,124e39ad-9169-4fac-8643-2c520a98c6ac,2026-04,1,21,7,2
86910f1e-aab5-43bf-97a9-b53bfcd25e7b,124e39ad-9169-4fac-8643-2c520a98c6ac,2026-03,1,21,15,5
d7b23f5e-6275-40a5-8ad1-324ee11091e9,124e39ad-9169-4fac-8643-2c520a98c6ac,2026-02,0,22,13,9
a33ff8e9-f006-418a-b95f-5623a87aee68,ff2ed1b5-fb63-4c02-946f-72304dc3f4ac,2026-07,0,22,14,7
c4306c23-7cab-433e-bd9a-519ece1464c1,ff2ed1b5-fb63-4c02-946f-72304dc3f4ac,2026-06,0,22,11,3
22d2e729-ba77-4611-8631-1fb5cf06fbbb,ff2ed1b5-fb63-4c02-946f-72304dc3f4ac,2026-05,0,22,15,2
f66ceaf3-8de6-4347-b4a8-581820cb5170,ff2ed1b5-fb63-4c02-946f-72304dc3f4ac,2026-04,1,21,7,7
a8ef9684-a901-4084-a9d8-c8b6ebad3b45,ff2ed1b5-fb63-4c02-946f-72304dc3f4ac,2026-03,1,21,6,8
776ddc28-2485-4651-85a1-26c967a1f5e2,ff2ed1b5-fb63-4c02-946f-72304dc3f4ac,2026-02,0,22,11,8
d6e55fb2-bf3e-4ee3-a439-b55a5b0e5d84,c5145ed5-f22e-46af-bead-d42e67f5e21f,2026-07,0,22,15,10
93f418a5-ef23-4dd2-9d82-0c4c74664f8c,c5145ed5-f22e-46af-bead-d42e67f5e21f,2026-06,1,21,15,2
1a90d19d-27e5-4a80-bb15-536a768dff65,c5145ed5-f22e-46af-bead-d42e67f5e21f,2026-05,1,21,12,3
00672d0a-b243-4fa3-9606-00dbed93ec17,c5145ed5-f22e-46af-bead-d42e67f5e21f,2026-04,0,22,7,2
6d5c1776-3ff7-4a1d-9161-6e6eca295e28,c5145ed5-f22e-46af-bead-d42e67f5e21f,2026-03,0,22,6,2
927600d1-41ee-426c-a8d9-26ec09199802,c5145ed5-f22e-46af-bead-d42e67f5e21f,2026-02,0,22,6,1
14f14fbc-2398-41f4-bd14-e6f00026a07c,2ba55fbe-3e42-4474-ba03-7226f4ec9aab,2026-07,1,21,10,3
6c479316-a8b1-496a-b246-e3c1e8f120cb,2ba55fbe-3e42-4474-ba03-7226f4ec9aab,2026-06,1,21,0,5
c0875636-22b0-412b-a9b0-e6e963ed17ad,2ba55fbe-3e42-4474-ba03-7226f4ec9aab,2026-05,2,20,8,7
e026a86f-8a89-41dd-9b26-ac84c73bcd6a,2ba55fbe-3e42-4474-ba03-7226f4ec9aab,2026-04,3,19,8,9
ad288916-70d8-41f0-beb8-a98925f84215,2ba55fbe-3e42-4474-ba03-7226f4ec9aab,2026-03,1,21,6,8
ce44b493-09f0-46ab-8037-0e223cb1d91d,2ba55fbe-3e42-4474-ba03-7226f4ec9aab,2026-02,3,19,10,10
cbb95ca7-981c-49b0-8cde-34754ed62d33,17a73295-b85f-43fb-8dfb-b95e77bb1d9c,2026-07,1,21,14,0
fe60d482-96b8-4aa7-a12c-15b9b18590a0,17a73295-b85f-43fb-8dfb-b95e77bb1d9c,2026-06,0,22,8,8
7df68135-baa9-4209-87c7-ec899329af6a,17a73295-b85f-43fb-8dfb-b95e77bb1d9c,2026-05,0,22,7,2
5260b063-c1a7-4dd0-9402-fb66b244bd9d,17a73295-b85f-43fb-8dfb-b95e77bb1d9c,2026-04,1,21,15,3
139230f2-e2b0-4e64-b2aa-6c8c60149d26,17a73295-b85f-43fb-8dfb-b95e77bb1d9c,2026-03,1,21,7,0
e688bc4d-3435-4c15-92ac-427db9f0a60c,17a73295-b85f-43fb-8dfb-b95e77bb1d9c,2026-02,0,22,9,5
ca2c4594-d627-4912-ad6e-791fe6df8e30,ceeb97ff-8fb9-4e08-ac33-972bc482ad3c,2026-07,1,21,5,4
17eb95f1-d4a8-4b60-a116-6c6e0d0dfa1c,ceeb97ff-8fb9-4e08-ac33-972bc482ad3c,2026-06,0,22,9,2
e3c78d77-9897-448f-a099-d09367b2244d,ceeb97ff-8fb9-4e08-ac33-972bc482ad3c,2026-05,0,22,12,8
2f04de31-78ed-4a14-8c7b-0eb414344ce0,ceeb97ff-8fb9-4e08-ac33-972bc482ad3c,2026-04,0,22,5,6
522b5c24-fdda-4b28-ae70-82e85321706a,ceeb97ff-8fb9-4e08-ac33-972bc482ad3c,2026-03,1,21,12,10
67e94315-e985-41c2-a68a-49e7e6aa7997,ceeb97ff-8fb9-4e08-ac33-972bc482ad3c,2026-02,0,22,13,2
9f0e1902-9d89-43ce-9a6f-f3d17aa11b9a,ab5849b4-0e8d-4e65-8347-9c3e36df50ba,2026-07,1,21,15,6
e1184c4f-d7f0-48f0-ba60-e77e0dc77d6d,ab5849b4-0e8d-4e65-8347-9c3e36df50ba,2026-06,0,22,8,9
40eb3e16-feaa-4216-acd0-7012a1a67d35,ab5849b4-0e8d-4e65-8347-9c3e36df50ba,2026-05,1,21,8,8
4b6cbd90-7e84-413f-ba9d-b97ad8e15c2c,ab5849b4-0e8d-4e65-8347-9c3e36df50ba,2026-04,0,22,11,2
c0786bdd-f2bf-4073-859a-da27830b019f,ab5849b4-0e8d-4e65-8347-9c3e36df50ba,2026-03,0,22,9,9
710a22a2-12bb-400b-a615-704c8138a0ee,ab5849b4-0e8d-4e65-8347-9c3e36df50ba,2026-02,1,21,13,9
c78104b8-2cc8-40fb-b992-54e682bf750c,3be1f31f-ee34-4a88-b200-ffed51e94bd7,2026-07,2,20,9,0
c28b37a1-666a-42c9-b2fe-c60e4b31fa8a,3be1f31f-ee34-4a88-b200-ffed51e94bd7,2026-06,3,19,3,10
521a1126-0f6e-42bb-8fb9-09811eb0f430,3be1f31f-ee34-4a88-b200-ffed51e94bd7,2026-05,1,21,1,8
ba958357-0396-47a1-b8f7-58f13e92eae6,3be1f31f-ee34-4a88-b200-ffed51e94bd7,2026-04,2,20,5,3
c373f580-2dfc-458f-9cf0-14dcd8b95d17,3be1f31f-ee34-4a88-b200-ffed51e94bd7,2026-03,2,20,5,6
e7539fc3-bab7-48d2-bdd2-b067d403e3c5,3be1f31f-ee34-4a88-b200-ffed51e94bd7,2026-02,2,20,10,4
6d2e5e1b-fd25-44c8-a6cd-86ad684cf1c8,617beacf-d735-4b44-b409-d47c427871f0,2026-07,0,22,11,1
dcc54e73-6e19-4645-b1cb-541579a769e2,617beacf-d735-4b44-b409-d47c427871f0,2026-06,1,21,8,1
0d59f1b9-0482-40a9-a145-a095cd17e6c3,617beacf-d735-4b44-b409-d47c427871f0,2026-05,1,21,14,1
25ef584d-2b5f-4ff7-be2b-5f27d9164535,617beacf-d735-4b44-b409-d47c427871f0,2026-04,0,22,9,9
c2c6d087-e1a7-4f66-93f4-f6259222c04e,617beacf-d735-4b44-b409-d47c427871f0,2026-03,1,21,6,3
d2ddfddd-dfd4-4b49-ad53-4e05d21584e2,617beacf-d735-4b44-b409-d47c427871f0,2026-02,1,21,6,9
4c2bf3e7-e98e-46e3-ab01-ca10d4e67d75,42823552-5fde-4959-863f-486844ee2b66,2026-07,0,22,10,3
cd81f14c-b73a-41e3-bfe6-e7f36fadd76d,42823552-5fde-4959-863f-486844ee2b66,2026-06,0,22,6,2
5fe87722-427a-4d4b-b87b-ad63eb020238,42823552-5fde-4959-863f-486844ee2b66,2026-05,1,21,13,9
c37ced7d-eab6-4c68-b56b-a7c5d8ffce5c,ab505fba-0509-48f0-a4fb-579baaf8b5c6,2026-07,0,22,15,3
1f547370-d093-41c1-9af1-8324b94b2f69,ab505fba-0509-48f0-a4fb-579baaf8b5c6,2026-06,0,22,15,9
bbc82424-b6e8-4f6e-b0bd-19ba7e9ddcf6,ab505fba-0509-48f0-a4fb-579baaf8b5c6,2026-05,0,22,7,5
7653b5f3-e6d4-4586-8dec-c6b3c4212a2f,ab505fba-0509-48f0-a4fb-579baaf8b5c6,2026-04,1,21,12,9
b27a9fe3-b7a1-4f7d-912d-4f669bab2e02,ab505fba-0509-48f0-a4fb-579baaf8b5c6,2026-03,0,22,10,8
8780a5f1-d974-4ee5-928e-5717b656684a,ab505fba-0509-48f0-a4fb-579baaf8b5c6,2026-02,1,21,13,7
ed66d63c-560c-492d-bc8a-d5d1b59adc9a,467dc8f7-bd08-4ff4-aca2-4610e7cac2ef,2026-07,1,21,9,0
fc046e75-a4f1-4ab3-ac75-cf8d66ad99d0,467dc8f7-bd08-4ff4-aca2-4610e7cac2ef,2026-06,0,22,11,7
5312756f-b46f-4952-8568-940f82dea0bc,467dc8f7-bd08-4ff4-aca2-4610e7cac2ef,2026-05,0,22,10,10
0572f859-237c-49c5-8c6c-a513a7e6be2a,467dc8f7-bd08-4ff4-aca2-4610e7cac2ef,2026-04,0,22,10,8
f5a2cccf-7dcd-43f7-8bde-166071e13ce3,467dc8f7-bd08-4ff4-aca2-4610e7cac2ef,2026-03,1,21,12,5
78877616-838b-43e1-8f7d-fdf311ecc59f,467dc8f7-bd08-4ff4-aca2-4610e7cac2ef,2026-02,0,22,9,1
826b6155-65c3-4efe-a22b-bac566737f00,b40d27d3-4d44-4c2e-9275-bcb7b6461181,2026-07,5,17,5,1
b8e07bee-88a2-488b-bd65-ad1508a32604,b40d27d3-4d44-4c2e-9275-bcb7b6461181,2026-06,4,18,4,5
cd7f530f-3f1d-4eae-8760-5df3c88879c7,b40d27d3-4d44-4c2e-9275-bcb7b6461181,2026-05,3,19,0,7
84dad7e7-ffcd-402d-a842-e83067dd35cf,b40d27d3-4d44-4c2e-9275-bcb7b6461181,2026-04,2,20,5,1
b944cd33-a305-4d2e-ad73-d95925e4293e,b40d27d3-4d44-4c2e-9275-bcb7b6461181,2026-03,3,19,1,6
9f0ee73e-da52-4d2e-a1e7-4ac35399ddea,b40d27d3-4d44-4c2e-9275-bcb7b6461181,2026-02,2,20,5,2
6ad5bccd-7482-41dc-99ad-4e4144097938,9fa9842e-3763-45e3-ba88-c5aaf749a571,2026-07,0,22,11,9
c01c84da-a990-4926-9f71-92c25d289937,9fa9842e-3763-45e3-ba88-c5aaf749a571,2026-06,1,21,5,7
ac52986e-4277-446e-94a5-373373b38224,9fa9842e-3763-45e3-ba88-c5aaf749a571,2026-05,0,22,6,1
a062caed-48cd-4601-950d-0fd5b95791f0,9fa9842e-3763-45e3-ba88-c5aaf749a571,2026-04,0,22,9,8
6ea7cfe0-0e72-4b26-9438-45ae211b9bd3,9fa9842e-3763-45e3-ba88-c5aaf749a571,2026-03,1,21,11,0
4c7a5340-2229-4991-ad7e-d0a482eebaca,9fa9842e-3763-45e3-ba88-c5aaf749a571,2026-02,1,21,8,4
1ce60e33-4f94-4c5a-ad45-0ce77a07e50c,b1372615-d519-49ae-b1bb-0a0185abd102,2026-07,3,19,3,3
9c2855ca-78e2-4ace-a166-6bc00b033926,b1372615-d519-49ae-b1bb-0a0185abd102,2026-06,1,21,8,7
cfacdab9-3b5a-4eda-8b98-4edb0808e9b5,b1372615-d519-49ae-b1bb-0a0185abd102,2026-05,3,19,1,9
f00e65e6-6c39-458a-a9a9-481c9c009302,b1372615-d519-49ae-b1bb-0a0185abd102,2026-04,3,19,8,3
a23d8063-6761-4121-ba39-cb606d864eb4,b1372615-d519-49ae-b1bb-0a0185abd102,2026-03,2,20,7,2
e44f4d3c-5497-49ee-9297-064b3f4b7a3f,b1372615-d519-49ae-b1bb-0a0185abd102,2026-02,3,19,4,5
9fe120c8-cee4-4983-b6c4-0f7a1bf18676,71bebd95-708e-4367-a0ef-ea1de91e7660,2026-07,1,21,5,3
736f62cc-1d46-451d-9098-7f6bbe0fb4e8,71bebd95-708e-4367-a0ef-ea1de91e7660,2026-06,2,20,6,1
e7e32696-889c-4bca-8dc3-afed46bf0289,71bebd95-708e-4367-a0ef-ea1de91e7660,2026-05,2,20,1,5
b1b23ca4-285c-4cea-9c19-426f050bc0c5,71bebd95-708e-4367-a0ef-ea1de91e7660,2026-04,3,19,5,3
d9d854df-b06e-4cbb-8bcf-b7683cde265e,71bebd95-708e-4367-a0ef-ea1de91e7660,2026-03,1,21,3,6
9d3cc581-039d-4558-87c1-7a187c1c096f,71bebd95-708e-4367-a0ef-ea1de91e7660,2026-02,3,19,7,9
612b1e0c-6b4b-48b1-9ea5-18966e87bb93,43910de2-4787-43e4-8c3c-09616063e2e6,2026-07,3,19,6,5
b971d8c9-80fd-440b-b9fa-86645c68a962,43910de2-4787-43e4-8c3c-09616063e2e6,2026-06,3,19,9,1
4a1dd404-c72c-4ef6-b67e-9facb9df6131,43910de2-4787-43e4-8c3c-09616063e2e6,2026-05,1,21,10,5
59f34982-98ea-443d-8966-12a40773fd84,43910de2-4787-43e4-8c3c-09616063e2e6,2026-04,2,20,9,0
a8c34c14-7667-422b-85cb-f36006f99509,43910de2-4787-43e4-8c3c-09616063e2e6,2026-03,3,19,2,9
c354706f-2576-4166-b507-e60b4e7b31b5,43910de2-4787-43e4-8c3c-09616063e2e6,2026-02,2,20,9,1
b15a5575-69ab-49d3-8948-1a6b55bb468c,0f82a7ba-6afa-4cb5-bc42-84d048503eff,2026-07,2,20,7,3
1ed33729-26eb-48a3-a548-c55844e2b572,0f82a7ba-6afa-4cb5-bc42-84d048503eff,2026-06,2,20,10,6
bb40352b-5605-431c-a981-0305a83b9af7,0f82a7ba-6afa-4cb5-bc42-84d048503eff,2026-05,1,21,8,10
ea888062-6303-4117-bb26-4c3b6315a7d5,0f82a7ba-6afa-4cb5-bc42-84d048503eff,2026-04,2,20,7,7
204c8c34-2682-4b68-97ee-0ad94973e0b1,0f82a7ba-6afa-4cb5-bc42-84d048503eff,2026-03,1,21,5,7
14b5f7dc-dae6-467b-bc81-c20b29e61783,0f82a7ba-6afa-4cb5-bc42-84d048503eff,2026-02,3,19,1,2
efda5973-36cf-4814-b0ca-a506c7bddec5,fb2d0ced-8ed8-459e-b9b1-29acc61fdcc4,2026-07,0,22,13,0
e410e802-38ad-4c12-8c11-68558686cfa5,cbc9ac71-3e42-4858-a303-9632e1d8ff42,2026-07,1,21,15,8
6a5afa21-8f24-44dd-87b3-d2ef08de02b6,cbc9ac71-3e42-4858-a303-9632e1d8ff42,2026-06,1,21,9,1
65b2ed03-7ffa-4f9a-9996-e2380a244ab2,cbc9ac71-3e42-4858-a303-9632e1d8ff42,2026-05,0,22,10,8
9a441b25-d828-481e-9415-1966cbf59b95,cbc9ac71-3e42-4858-a303-9632e1d8ff42,2026-04,1,21,7,2
527c4bbc-160d-4f6b-9fbe-b114d3b6880e,cbc9ac71-3e42-4858-a303-9632e1d8ff42,2026-03,0,22,12,7
94589c54-30d7-48fb-99eb-4ded82ccf1e7,cbc9ac71-3e42-4858-a303-9632e1d8ff42,2026-02,1,21,9,4
11308267-16a1-4186-9e0e-120417425bc1,332ae845-3bae-44f2-9c49-a01b98e089cc,2026-07,0,22,14,4
1d442b50-7b2a-4198-af22-cafc8b5dae61,332ae845-3bae-44f2-9c49-a01b98e089cc,2026-06,0,22,6,9
a4a905d5-6bd5-495a-bf89-b98129ef34b4,332ae845-3bae-44f2-9c49-a01b98e089cc,2026-05,1,21,8,3
4e579382-2da7-42d6-a08f-38a65c12a0f0,332ae845-3bae-44f2-9c49-a01b98e089cc,2026-04,0,22,7,10
5f700fc1-9660-4c95-bd6e-019a1e8e30b6,332ae845-3bae-44f2-9c49-a01b98e089cc,2026-03,1,21,14,1
f6b6b639-946a-4139-880c-980f41d9547c,332ae845-3bae-44f2-9c49-a01b98e089cc,2026-02,0,22,15,3
ce12c150-204e-4872-8f3d-a4f463ade004,7253da67-f930-4248-8377-6fd95edfca74,2026-07,0,22,13,4
4d4760df-89c6-4ba6-8887-24d8ad582655,7253da67-f930-4248-8377-6fd95edfca74,2026-06,0,22,14,10
db6c4c57-e498-4ff4-baa4-a62d4599383f,7253da67-f930-4248-8377-6fd95edfca74,2026-05,1,21,9,8
757a141c-efb5-4535-bfe3-3febf2a51cbf,7253da67-f930-4248-8377-6fd95edfca74,2026-04,0,22,11,3
79ffec9d-2d03-4e97-b064-c3c06c4bbb60,7253da67-f930-4248-8377-6fd95edfca74,2026-03,1,21,8,7
e5edb81c-7868-4603-bc27-d0fcda8494d3,7253da67-f930-4248-8377-6fd95edfca74,2026-02,1,21,15,8
11e75896-4be0-489e-be8b-c24fba7b829d,5dd3c9af-5867-47b9-9779-dbf507e96c5e,2026-07,3,19,5,5
2bc27112-fac3-4877-ba42-9da866bee7d3,5dd3c9af-5867-47b9-9779-dbf507e96c5e,2026-06,2,20,8,4
c270ab2f-6638-47d9-9c74-afb6b0f99883,5dd3c9af-5867-47b9-9779-dbf507e96c5e,2026-05,2,20,3,5
34eae033-0641-4e79-b281-036c10a44fe7,5dd3c9af-5867-47b9-9779-dbf507e96c5e,2026-04,1,21,10,8
784cbd67-513a-4503-a0f2-0e1fbdfadc98,5dd3c9af-5867-47b9-9779-dbf507e96c5e,2026-03,1,21,2,4
01b3e5f4-9381-4f43-9db9-47a83e3f9ab8,5dd3c9af-5867-47b9-9779-dbf507e96c5e,2026-02,2,20,6,9
c04619e3-3fe4-4cd8-a8f2-5929753f2d02,244509c6-34fe-41fc-8239-0996ce9b3eeb,2026-07,0,22,14,6
5a2567b4-a901-45e7-ad55-066e344b265f,244509c6-34fe-41fc-8239-0996ce9b3eeb,2026-06,1,21,14,2
b7aa1b64-346a-4be2-b2db-1848c989ed9c,244509c6-34fe-41fc-8239-0996ce9b3eeb,2026-05,1,21,12,1
16dc0ecd-3c94-4681-88a5-11f1e8d7f32d,244509c6-34fe-41fc-8239-0996ce9b3eeb,2026-04,0,22,10,1
361e1526-d581-4166-b26a-13be370f01d6,244509c6-34fe-41fc-8239-0996ce9b3eeb,2026-03,0,22,14,7
85333cb2-1f40-4bf9-9993-73552de162fa,244509c6-34fe-41fc-8239-0996ce9b3eeb,2026-02,0,22,7,5
867b4b3f-e391-47af-b751-db6d96733ef6,fe885786-facc-4516-bf12-78120b562e3b,2026-07,0,22,9,9
a27b74b0-fd76-4c83-8ca1-1e79193454b4,fe885786-facc-4516-bf12-78120b562e3b,2026-06,0,22,13,9
6820d0ee-95bc-480d-bb12-1b1fdf3ef9cd,fe885786-facc-4516-bf12-78120b562e3b,2026-05,1,21,8,1
34158f8d-594d-4a0e-874a-60064411d403,fe885786-facc-4516-bf12-78120b562e3b,2026-04,1,21,9,0
0cb6dcb8-4b41-48d5-8b2a-322a7d31ad34,fe885786-facc-4516-bf12-78120b562e3b,2026-03,0,22,12,0
36bf76a4-ea14-48e4-9a88-87b50ab61a15,fe885786-facc-4516-bf12-78120b562e3b,2026-02,0,22,15,2
fc483734-cbb1-49dd-abeb-84ae2296b18a,6169f9da-d029-4076-a45e-625ac6abc1fa,2026-07,1,21,14,1
b3ef4ae6-af6c-429b-8c6a-2de8138e21a7,6169f9da-d029-4076-a45e-625ac6abc1fa,2026-06,0,22,11,5
b91d5808-87ae-44e5-bb77-8f9384cf24c9,6169f9da-d029-4076-a45e-625ac6abc1fa,2026-05,1,21,9,1
552f4703-f634-43e0-9e41-97c6a2de4cea,6169f9da-d029-4076-a45e-625ac6abc1fa,2026-04,1,21,9,7
f7558e95-0c66-415a-bd99-5bfdd5c23689,6169f9da-d029-4076-a45e-625ac6abc1fa,2026-03,0,22,11,9
bf21359f-cf7f-4a63-bb93-f25841d12ff6,6169f9da-d029-4076-a45e-625ac6abc1fa,2026-02,1,21,5,8
3caa8dbe-55f5-4750-baee-d22492d8ecf6,283ff50f-936d-49d2-ae39-9d3d5598ea91,2026-07,0,22,15,7
76ff8926-4970-463d-a9d4-d6c42cf399f7,283ff50f-936d-49d2-ae39-9d3d5598ea91,2026-06,1,21,15,8
85447990-e54f-4359-987d-b00da418c89c,283ff50f-936d-49d2-ae39-9d3d5598ea91,2026-05,0,22,7,4
eef65c15-4652-4fc1-9a12-a585b734fe1d,283ff50f-936d-49d2-ae39-9d3d5598ea91,2026-04,1,21,9,1
6d8717e5-b56a-4229-a170-2da4cf23d87f,283ff50f-936d-49d2-ae39-9d3d5598ea91,2026-03,0,22,7,9
1088cb58-ae06-4060-b65e-d7fe03951ce3,283ff50f-936d-49d2-ae39-9d3d5598ea91,2026-02,0,22,15,1
04f449e9-843a-4dba-94e3-00dbb6f6f3a6,a3089efd-225c-40d8-ad70-651ebf2c7650,2026-07,1,21,6,0
0ffc168b-82f4-4b5e-a82d-7405b52a1237,a3089efd-225c-40d8-ad70-651ebf2c7650,2026-06,1,21,5,2
c1aa5fef-9b93-4861-8182-06ad5f2c477a,a3089efd-225c-40d8-ad70-651ebf2c7650,2026-05,0,22,5,3
2fbb66f4-0173-46cc-bdc8-c77af6c483e0,a3089efd-225c-40d8-ad70-651ebf2c7650,2026-04,1,21,10,10
5d2d4f3b-bd7a-48e5-ae33-8857fb135784,a3089efd-225c-40d8-ad70-651ebf2c7650,2026-03,1,21,6,7
ba4ae52c-dc74-4d7f-88d4-087dc666c27d,a3089efd-225c-40d8-ad70-651ebf2c7650,2026-02,0,22,10,10
377b5ac8-6e9c-43ef-928a-1e839d54628f,b819c374-b371-4b58-a145-7fc885363ea4,2026-07,1,21,14,2
0bfb6bb4-6cd2-4942-89ac-e3ae1b7d9d3b,b819c374-b371-4b58-a145-7fc885363ea4,2026-06,1,21,13,10
3bcece4b-d555-4668-9e3b-53a5fe69550e,b819c374-b371-4b58-a145-7fc885363ea4,2026-05,1,21,15,9
d8546a61-bca1-49d9-a7a4-4f8b022dd1f3,b819c374-b371-4b58-a145-7fc885363ea4,2026-04,0,22,8,2
cec6f629-25ff-467d-8aaf-d44fbd250140,b819c374-b371-4b58-a145-7fc885363ea4,2026-03,0,22,6,10
9f935c33-efa4-4a5f-a02c-29b64e64f11c,b819c374-b371-4b58-a145-7fc885363ea4,2026-02,0,22,12,5
3ad5322e-9e6e-47e8-8a84-7a93d115597f,601813f7-568a-4356-b4e0-c49714d7f7c3,2026-07,2,20,10,9
c9221b9d-8590-4c66-9e14-686ab476d538,601813f7-568a-4356-b4e0-c49714d7f7c3,2026-06,3,19,9,7
c767198b-a826-4095-acab-45819e5b164c,601813f7-568a-4356-b4e0-c49714d7f7c3,2026-05,2,20,0,2
37c354a1-c49c-4d29-8df1-a89452192800,601813f7-568a-4356-b4e0-c49714d7f7c3,2026-04,2,20,9,5
74813496-2045-43c8-95a3-8b14d6b267dc,601813f7-568a-4356-b4e0-c49714d7f7c3,2026-03,2,20,0,6
58709fdf-1a7e-4d23-9fda-639ae205d782,601813f7-568a-4356-b4e0-c49714d7f7c3,2026-02,2,20,3,6
9d049951-70bb-4111-a272-5535f205650a,1d578ef4-828f-4921-afba-d3d1a70a006e,2026-07,0,22,9,3
6e1312a9-5f2a-4118-8fd7-7658e8266322,1d578ef4-828f-4921-afba-d3d1a70a006e,2026-06,0,22,7,0
a740098c-eed0-4cf4-810a-a0f193c157ac,1d578ef4-828f-4921-afba-d3d1a70a006e,2026-05,0,22,5,8
2b8002ee-fac8-4bdb-ac4b-498a5cd2a75e,1d578ef4-828f-4921-afba-d3d1a70a006e,2026-04,0,22,7,5
b5eb9a80-349c-4895-93ca-71dd90b308b8,1d578ef4-828f-4921-afba-d3d1a70a006e,2026-03,0,22,5,3
69b38054-190c-437a-b1ca-0be6aff02a9a,1d578ef4-828f-4921-afba-d3d1a70a006e,2026-02,0,22,12,0
f0984856-6f16-4040-a6e3-cdc2fe6aaf52,824f6135-9c86-4cbf-9e45-7230b6360334,2026-07,3,19,5,1
fef82571-44dd-4526-a181-7d29f4de9acc,824f6135-9c86-4cbf-9e45-7230b6360334,2026-06,1,21,6,2
73517710-1810-4e80-8118-32a1fff4bef2,824f6135-9c86-4cbf-9e45-7230b6360334,2026-05,3,19,8,1
7d059bca-97e5-4f90-baa9-d8fc4d8e9fd0,824f6135-9c86-4cbf-9e45-7230b6360334,2026-04,1,21,0,0
e7a027bb-6706-4f8d-9238-37394bc7a967,824f6135-9c86-4cbf-9e45-7230b6360334,2026-03,1,21,1,8
9a0494ea-32f3-416d-8617-8f7fb13d391f,824f6135-9c86-4cbf-9e45-7230b6360334,2026-02,2,20,9,0
ec4a6b9e-ac4b-4708-adaa-94faa71b7227,71106971-d71a-4988-b274-1c14c25ec4c6,2026-07,1,21,1,2
2530f2af-f8df-4caa-979a-9c564cba2471,71106971-d71a-4988-b274-1c14c25ec4c6,2026-06,2,20,1,10
74228650-b351-4828-bcd7-80f74de46138,71106971-d71a-4988-b274-1c14c25ec4c6,2026-05,3,19,2,5
b7d7504f-b429-45f7-91dd-0a249fa6feda,71106971-d71a-4988-b274-1c14c25ec4c6,2026-04,3,19,0,1
6496ef88-d4cf-43da-9f7f-e2c27e58d593,71106971-d71a-4988-b274-1c14c25ec4c6,2026-03,2,20,6,0
37cf1598-4d3d-4aaa-9057-8f8ca72f20a3,71106971-d71a-4988-b274-1c14c25ec4c6,2026-02,1,21,2,5
384ff039-05c2-4e84-9b6d-18a62de4c956,13d6c10c-ad3d-46f7-a009-d463f8004325,2026-07,0,22,14,7
cd26aa1c-5023-46dc-8b2c-5a15d6e6e9c6,13d6c10c-ad3d-46f7-a009-d463f8004325,2026-06,0,22,13,1
f8cbf4e9-8d29-424f-9f31-3c35acdf8239,13d6c10c-ad3d-46f7-a009-d463f8004325,2026-05,0,22,12,7
77cb3a78-af08-491c-8ccc-1b206b89fad0,13d6c10c-ad3d-46f7-a009-d463f8004325,2026-04,0,22,8,10
2571d08a-1eb6-47ea-a2fd-9bc52e775d05,13d6c10c-ad3d-46f7-a009-d463f8004325,2026-03,0,22,5,1
3fbfd86a-b751-43e5-80cc-7142e4a99655,13d6c10c-ad3d-46f7-a009-d463f8004325,2026-02,0,22,13,2
23f9b7db-af4c-42bb-9075-4ff73f7e7fbe,c3fde0b4-699e-4297-9026-f45898e3968a,2026-07,1,21,9,9
455c9610-c3ab-44f7-8d10-a36ebbd74996,c3fde0b4-699e-4297-9026-f45898e3968a,2026-06,0,22,5,9
90cf3a22-66f2-403c-9653-9032850149b2,c3fde0b4-699e-4297-9026-f45898e3968a,2026-05,1,21,9,1
90870fa3-3b08-4cc0-a778-caec221b835a,c3fde0b4-699e-4297-9026-f45898e3968a,2026-04,0,22,15,2
4b90f0bf-4a9d-44a3-a7fd-b183e91373ae,c3fde0b4-699e-4297-9026-f45898e3968a,2026-03,1,21,7,9
b7c34cc6-35fc-48ea-a63d-a920e0341c7d,c3fde0b4-699e-4297-9026-f45898e3968a,2026-02,1,21,10,4
2e1c1a1e-f462-44f4-853c-4e7e0bd8492b,9c90f22b-7a86-4224-99fd-fc0008412e5e,2026-07,0,22,7,0
9ed9300a-05f7-4356-b3c6-f280062a54f7,9c90f22b-7a86-4224-99fd-fc0008412e5e,2026-06,0,22,9,3
dc315ba7-69c2-46f4-bced-35007027f97e,9c90f22b-7a86-4224-99fd-fc0008412e5e,2026-05,1,21,11,4
db80e5b9-5bb9-4ef5-9ac3-3b445e5b3d36,9c90f22b-7a86-4224-99fd-fc0008412e5e,2026-04,1,21,14,1
0f3a1b61-6126-4872-b76f-da3288fbc0b6,9c90f22b-7a86-4224-99fd-fc0008412e5e,2026-03,0,22,15,10
7ae20da3-00e7-49d9-ae49-9d95ec9a2018,9c90f22b-7a86-4224-99fd-fc0008412e5e,2026-02,1,21,13,6
01f1ed15-11fc-476f-8e49-3bf5cbc3753f,b180f32f-9821-424d-bf7c-d47ab46f8e02,2026-07,0,22,5,10
997a7ac6-7fa0-4441-9df2-7fc1f06d2e33,b180f32f-9821-424d-bf7c-d47ab46f8e02,2026-06,1,21,11,8
76af7035-7263-408d-b2da-dca4337e6ec6,b180f32f-9821-424d-bf7c-d47ab46f8e02,2026-05,0,22,6,4
4ac0961b-92fa-4e52-b199-cd51383351b7,b180f32f-9821-424d-bf7c-d47ab46f8e02,2026-04,0,22,6,7
3f727a87-00da-4b07-a4a1-32c847d7e2bf,b180f32f-9821-424d-bf7c-d47ab46f8e02,2026-03,1,21,9,1
0bc87e6c-6a6a-483d-a85f-c84f9e03d11d,b180f32f-9821-424d-bf7c-d47ab46f8e02,2026-02,0,22,10,0
c53be252-bceb-41cb-87c1-a10b54f57bff,7a7bd2eb-cdf6-4377-a394-440af0772782,2026-07,1,21,14,8
67fa4566-574d-4e22-a4f4-d5481afee4ca,7a7bd2eb-cdf6-4377-a394-440af0772782,2026-06,0,22,9,1
cd97689c-56e5-479f-ace9-fe469670d944,7a7bd2eb-cdf6-4377-a394-440af0772782,2026-05,0,22,9,2
01ef245b-8676-4bd6-93dc-84758bfb87ee,7a7bd2eb-cdf6-4377-a394-440af0772782,2026-04,0,22,14,7
0dc1066f-f89f-4398-a3b5-4b47571ad1ec,7a7bd2eb-cdf6-4377-a394-440af0772782,2026-03,1,21,15,4
410e78f2-b6ff-4f86-b5c2-1892866c5002,7a7bd2eb-cdf6-4377-a394-440af0772782,2026-02,0,22,14,4
a9eb0272-1e2b-41bc-bd66-5334b0b52c80,314206cb-4f2e-46f8-a8bb-d85f5e2153b3,2026-07,3,19,8,7
9c557fe7-e802-4f7a-aa64-4ba58f5c2ed5,314206cb-4f2e-46f8-a8bb-d85f5e2153b3,2026-06,2,20,2,9
7805f290-ba15-4d4a-9252-2e703cf48945,314206cb-4f2e-46f8-a8bb-d85f5e2153b3,2026-05,3,19,6,0
45473f31-70cb-4090-b61b-af50ffd29c0a,314206cb-4f2e-46f8-a8bb-d85f5e2153b3,2026-04,2,20,9,3
8dde2cfa-d131-4326-a76c-ad227942274d,314206cb-4f2e-46f8-a8bb-d85f5e2153b3,2026-03,3,19,4,2
90a10769-704f-4f07-944a-d2c7d4ed4b2e,314206cb-4f2e-46f8-a8bb-d85f5e2153b3,2026-02,1,21,2,8
5b7c1572-94f5-4d8e-956d-59b843090c15,c80dd545-8c48-4d8a-af92-dd5da6cdebad,2026-07,1,21,7,2
a0c42a9a-a5f9-4da4-9120-fb1c1ab7f21d,c80dd545-8c48-4d8a-af92-dd5da6cdebad,2026-06,0,22,8,8
93505d3c-450c-4208-8147-83a8a066e5df,c80dd545-8c48-4d8a-af92-dd5da6cdebad,2026-05,0,22,11,0
edc160ee-312c-44b4-a3ae-b9eec7a289d2,c80dd545-8c48-4d8a-af92-dd5da6cdebad,2026-04,0,22,12,1
c62f11bc-9308-496b-b5bf-efab7fe4dc76,c80dd545-8c48-4d8a-af92-dd5da6cdebad,2026-03,0,22,8,5
1e5819dc-4a4e-4a5a-a743-663e5651ef21,c80dd545-8c48-4d8a-af92-dd5da6cdebad,2026-02,1,21,5,5
c81fc1a4-fda6-4545-87dc-173d66d27f23,74e992dc-6731-4397-b84d-cc9906015ded,2026-07,0,22,6,4
7505dcab-22ac-4f6f-ad2b-fa913454893a,74e992dc-6731-4397-b84d-cc9906015ded,2026-06,0,22,12,7
c520b2cc-273b-47b6-bcdf-845cb159e739,74e992dc-6731-4397-b84d-cc9906015ded,2026-05,1,21,10,2
11179946-e843-424e-8bfb-5997f699932b,74e992dc-6731-4397-b84d-cc9906015ded,2026-04,0,22,15,3
7412aa38-b328-4401-aee2-ce879c67569b,74e992dc-6731-4397-b84d-cc9906015ded,2026-03,1,21,10,10
f3563c41-75c3-455e-8e5c-d2edd8d922dc,74e992dc-6731-4397-b84d-cc9906015ded,2026-02,1,21,14,0
aee1505b-a4f2-4a31-864d-e446a8bc38b4,02f653f2-b560-4688-81aa-1de65444692e,2026-07,1,21,14,2
1b6bf2bb-259b-4a15-941c-9ccf37bfecb3,02f653f2-b560-4688-81aa-1de65444692e,2026-06,1,21,15,9
808544ee-75e1-497d-aea9-6ef1d94ace4a,02f653f2-b560-4688-81aa-1de65444692e,2026-05,0,22,10,2
f800636d-7aaf-4504-ac0b-78d3eb0ce9ae,02f653f2-b560-4688-81aa-1de65444692e,2026-04,1,21,5,2
e67a9ef9-c0a5-4e17-b73f-af470b52290a,02f653f2-b560-4688-81aa-1de65444692e,2026-03,1,21,14,2
18a1d040-4b8f-4b14-8d5f-736a22b0c5b2,02f653f2-b560-4688-81aa-1de65444692e,2026-02,1,21,7,7
c123eea2-8072-4f1a-99b0-2fb7bbe45ccb,c9950151-ce32-449c-8063-a404ec0a5cb6,2026-07,0,22,12,6
39b911dc-6531-4b3e-ac19-0e48ce05a495,c9950151-ce32-449c-8063-a404ec0a5cb6,2026-06,0,22,15,8
d1c5b03d-6796-446e-bbcc-7899f4c8672e,c9950151-ce32-449c-8063-a404ec0a5cb6,2026-05,1,21,8,2
8ba4d9fb-1ded-4b86-bd4e-24e9e38a7dee,c9950151-ce32-449c-8063-a404ec0a5cb6,2026-04,0,22,9,10
4da534e2-50fa-499e-aafd-948ebe6c6a33,c9950151-ce32-449c-8063-a404ec0a5cb6,2026-03,1,21,12,9
37a02ed2-debe-4597-8b67-2a4b53eca480,c9950151-ce32-449c-8063-a404ec0a5cb6,2026-02,1,21,12,0
2fa4cbca-ecd0-4bfc-9ff3-908c1642d16d,5dc9249e-d9d9-4f8c-9b36-12a6186ba787,2026-07,1,21,10,5
862c505a-d68a-43b5-bb76-7101c139a4bc,5dc9249e-d9d9-4f8c-9b36-12a6186ba787,2026-06,1,21,11,1
3f5ef8a0-ae3c-4923-adcc-5ebd1edcea8d,5dc9249e-d9d9-4f8c-9b36-12a6186ba787,2026-05,1,21,10,0
9cc8ed70-9107-4d46-bde5-f98b6a1ae23a,5dc9249e-d9d9-4f8c-9b36-12a6186ba787,2026-04,0,22,15,2
310eed4b-764b-4d16-922e-717fddf62a70,5dc9249e-d9d9-4f8c-9b36-12a6186ba787,2026-03,0,22,14,8
d18e3c18-0dd3-4b9a-86a6-fe8b39bf8534,5dc9249e-d9d9-4f8c-9b36-12a6186ba787,2026-02,1,21,10,1
ef087dbe-fb4c-4fa3-b4c0-1ef26746f2c8,ce967f0a-36fb-4bd1-b20a-8bdb74635668,2026-07,1,21,6,0
f2751ff1-a35b-4abc-ad9d-b61e89b0127e,ce967f0a-36fb-4bd1-b20a-8bdb74635668,2026-06,0,22,7,8
c6bab7a9-0cea-4d6d-8737-fdbe61b7ff8e,ce967f0a-36fb-4bd1-b20a-8bdb74635668,2026-05,0,22,10,2
0d2be479-e015-4576-a778-58ce140bb63e,ce967f0a-36fb-4bd1-b20a-8bdb74635668,2026-04,0,22,9,2
a7c2aeb6-b255-4e0a-bd65-71218ea4dcf8,ce967f0a-36fb-4bd1-b20a-8bdb74635668,2026-03,0,22,5,7
9c4a7857-10ff-452f-a2e2-1dbc8bfb2492,ce967f0a-36fb-4bd1-b20a-8bdb74635668,2026-02,0,22,5,8
8686f592-3ac3-40b0-ba5d-379e0874d609,240cbf0e-84ec-4d6e-a9a8-a8415f2fc99c,2026-07,1,21,8,2
79e819fa-d4ae-4889-a9c1-c4790816c556,240cbf0e-84ec-4d6e-a9a8-a8415f2fc99c,2026-06,0,22,7,2
3017f6fb-8ed8-4f1c-98fb-aa4f0c7cb3a0,240cbf0e-84ec-4d6e-a9a8-a8415f2fc99c,2026-05,1,21,13,8
b21204f9-57de-4177-a7c2-ea77311d4104,240cbf0e-84ec-4d6e-a9a8-a8415f2fc99c,2026-04,1,21,15,3
38d7cae1-cd43-40db-9c4b-074cae50ca55,240cbf0e-84ec-4d6e-a9a8-a8415f2fc99c,2026-03,1,21,11,6
c7d766a6-a421-4c32-9f90-3f7a050ddca8,240cbf0e-84ec-4d6e-a9a8-a8415f2fc99c,2026-02,0,22,12,10
0f15f0cf-9d31-4221-85cf-600b720824b9,200a85d8-93a0-4bf0-8cf2-63ba9d6416de,2026-07,1,21,8,1
eb04f634-50b5-4e6a-9fdb-9a4637ca6823,200a85d8-93a0-4bf0-8cf2-63ba9d6416de,2026-06,0,22,14,0
909ec806-4b0f-44e7-8b2d-d8c3ce20f7ed,200a85d8-93a0-4bf0-8cf2-63ba9d6416de,2026-05,1,21,6,6
76c2aae0-202a-4acb-a6a2-81071c3e7e15,200a85d8-93a0-4bf0-8cf2-63ba9d6416de,2026-04,1,21,15,4
450281c4-915b-4024-aba4-c4db28089648,200a85d8-93a0-4bf0-8cf2-63ba9d6416de,2026-03,0,22,14,8
297dd29e-b37b-4d01-8aca-9c642aa3654a,200a85d8-93a0-4bf0-8cf2-63ba9d6416de,2026-02,0,22,13,3
7f95f7d1-8436-4b35-b7b1-b10cca70d8ef,c90a53d1-a592-4828-81f9-6ec12490d083,2026-07,1,21,7,9
88552c80-ff04-4543-ad48-c9dd728db3f9,c90a53d1-a592-4828-81f9-6ec12490d083,2026-06,0,22,8,1
52e6249b-6f5e-431e-8d86-a9daf0252c67,c90a53d1-a592-4828-81f9-6ec12490d083,2026-05,0,22,6,7
b7e06e34-c4aa-40ef-92e2-49512276c65e,c90a53d1-a592-4828-81f9-6ec12490d083,2026-04,0,22,15,2
6328c064-1b65-4d1e-ae75-3c4823e41311,c90a53d1-a592-4828-81f9-6ec12490d083,2026-03,0,22,13,7
d7778913-5244-48fb-9abe-fd9ce4ec860d,c90a53d1-a592-4828-81f9-6ec12490d083,2026-02,0,22,7,6
13b283c2-a002-4356-ae91-ed34bcf6e34a,8ea1790c-4f97-4d80-8651-843dca6d255c,2026-07,1,21,12,3
e5278165-a260-4cff-9b25-c31d4257f71d,8ea1790c-4f97-4d80-8651-843dca6d255c,2026-06,1,21,12,6
2c481aeb-db0c-403d-9b61-696b8253585a,8ea1790c-4f97-4d80-8651-843dca6d255c,2026-05,1,21,12,6
06cd4dc5-3e00-4b34-a03d-1ae714fd1395,8ea1790c-4f97-4d80-8651-843dca6d255c,2026-04,0,22,15,5
c4f77913-5107-4393-b6d8-5a5ad51a4257,8ea1790c-4f97-4d80-8651-843dca6d255c,2026-03,1,21,13,5
c08f465f-046b-4a82-90ff-87246b2ec213,8ea1790c-4f97-4d80-8651-843dca6d255c,2026-02,1,21,5,4
2fcb8a23-7604-41bd-85a3-886acfbc7e24,60bf4c0f-3739-4550-950e-5ddcb8c7dcec,2026-07,1,21,12,0
7604fb81-3dfa-491d-a267-33897df25ac9,60bf4c0f-3739-4550-950e-5ddcb8c7dcec,2026-06,1,21,5,5
8f866cf6-54ff-4575-880e-06300423d5b6,60bf4c0f-3739-4550-950e-5ddcb8c7dcec,2026-05,0,22,7,5
08694533-3c07-4ac8-a44b-2f8d5fadb733,60bf4c0f-3739-4550-950e-5ddcb8c7dcec,2026-04,0,22,6,1
fe4c9065-1f3d-48f6-b7fd-77d4df4b058b,60bf4c0f-3739-4550-950e-5ddcb8c7dcec,2026-03,1,21,7,1
0ced156a-de75-4e6a-a8ef-cada5e2d706f,60bf4c0f-3739-4550-950e-5ddcb8c7dcec,2026-02,0,22,11,7
01309c8d-0694-4256-bb0b-63d37e58c3a2,9bf48e2b-fcf3-4379-b692-a4c64f480057,2026-07,3,19,9,7
cd8add39-4fd6-49a3-89cc-5b1d86e5f39b,9bf48e2b-fcf3-4379-b692-a4c64f480057,2026-06,1,21,2,10
378ffa38-3a4a-4ede-8387-f0de79e5e2cc,9bf48e2b-fcf3-4379-b692-a4c64f480057,2026-05,2,20,4,6
6ebac8b9-c4a2-434b-9b17-56bf06a6dca6,9bf48e2b-fcf3-4379-b692-a4c64f480057,2026-04,1,21,3,2
d2d4a5bb-8a8f-49f6-9582-13778ec06fc2,9bf48e2b-fcf3-4379-b692-a4c64f480057,2026-03,1,21,10,7
fa2ba9c0-f590-47f3-8750-07d7b48c9ee3,9bf48e2b-fcf3-4379-b692-a4c64f480057,2026-02,3,19,5,2
4b13f20c-177d-4375-8568-ce215f3f6e02,a117794c-4df7-42af-81b2-3551f8542239,2026-07,0,22,6,8
fbfbcbd7-151e-401c-b656-112df4143ed9,a117794c-4df7-42af-81b2-3551f8542239,2026-06,1,21,14,2
93d4bdcb-a2d1-44bb-8385-d1c890d44cb7,a117794c-4df7-42af-81b2-3551f8542239,2026-05,0,22,10,5
bdcd74c5-2cc4-4098-863e-c2718b87f2fa,a117794c-4df7-42af-81b2-3551f8542239,2026-04,0,22,9,8
171f96d6-dac0-45dc-afd5-5028576f3e20,a117794c-4df7-42af-81b2-3551f8542239,2026-03,0,22,10,1
cb4c18c6-7e49-4d5c-92c6-08a9be46fb33,a117794c-4df7-42af-81b2-3551f8542239,2026-02,0,22,9,10
3d56fb1e-d42c-48d9-a878-09b90aa944d4,6008e480-eba1-402f-911c-bc81bf1b71d1,2026-07,0,22,5,8
57feb0f7-b559-4d79-bbf0-a8e50a58018b,6008e480-eba1-402f-911c-bc81bf1b71d1,2026-06,1,21,12,6
7561444c-c81a-4b53-a3f3-75e9fccd7a99,6008e480-eba1-402f-911c-bc81bf1b71d1,2026-05,0,22,5,10
db97d727-40dd-41c5-8ed4-2e90908e23de,6008e480-eba1-402f-911c-bc81bf1b71d1,2026-04,0,22,5,9
14c18e33-9e9f-4bec-b90f-f416afeb9cbd,6008e480-eba1-402f-911c-bc81bf1b71d1,2026-03,1,21,5,0
101e7fa5-0e88-42cc-94c9-8bb2a42be89e,6008e480-eba1-402f-911c-bc81bf1b71d1,2026-02,0,22,15,0
1b588e00-81f4-4f08-ac91-a7f1381f5990,68ea8624-427b-4187-8564-5f8b5633961f,2026-07,1,21,6,7
a2f1d0ef-81da-43e1-8661-229620aead8b,68ea8624-427b-4187-8564-5f8b5633961f,2026-06,0,22,14,9
3355e234-5ced-4b9c-892e-02390e5e73b2,68ea8624-427b-4187-8564-5f8b5633961f,2026-05,0,22,15,9
55129c6d-a0e7-4113-bee5-02b4844988f2,68ea8624-427b-4187-8564-5f8b5633961f,2026-04,1,21,5,10
46b1160c-ff12-4f1e-a9b9-b3a02f993673,68ea8624-427b-4187-8564-5f8b5633961f,2026-03,1,21,9,4
1ce2d3b4-1964-4154-a553-38261f39de8c,68ea8624-427b-4187-8564-5f8b5633961f,2026-02,1,21,15,3
6f18efc4-7453-4028-9bd7-be2e429bc625,723f6352-cd73-4943-9522-064f21a4f5e2,2026-07,1,21,15,7
dadfaed4-7027-4b56-9db6-92c4b8803920,723f6352-cd73-4943-9522-064f21a4f5e2,2026-06,0,22,13,1
3defbc82-9122-4b2c-9286-cd2c495270a4,723f6352-cd73-4943-9522-064f21a4f5e2,2026-05,1,21,14,0
7abe1d36-c725-44a4-8cec-5068dbf154f7,723f6352-cd73-4943-9522-064f21a4f5e2,2026-04,1,21,10,9
2903f225-74ae-4aa6-b91a-6ed051cecda9,723f6352-cd73-4943-9522-064f21a4f5e2,2026-03,0,22,13,2
0f4b5218-91e7-4d3b-99ac-e48ce9a48e6e,723f6352-cd73-4943-9522-064f21a4f5e2,2026-02,0,22,14,10
0821a927-67ca-4e8c-b4d3-7a1a4c151503,fc963031-fd98-4b7f-9002-95f576b0a761,2026-07,0,22,10,9
404c5d65-fdc3-41e6-8a53-3138860bbd6b,fc963031-fd98-4b7f-9002-95f576b0a761,2026-06,0,22,7,0
debf2418-4a98-4d21-a38e-7fc9eb055d26,3f149f50-403f-4032-aefc-ea3becada6d9,2026-07,0,22,11,6
737f38c1-5b4b-4b1e-9762-f923263c6123,3f149f50-403f-4032-aefc-ea3becada6d9,2026-06,1,21,11,7
9f43d305-5be2-4c87-9360-4a81f778af40,3f149f50-403f-4032-aefc-ea3becada6d9,2026-05,0,22,8,2
60694a96-cc76-4623-a1a9-d00f3f90e426,3f149f50-403f-4032-aefc-ea3becada6d9,2026-04,1,21,6,6
644834a9-507d-4775-968b-4a95770d9d30,3f149f50-403f-4032-aefc-ea3becada6d9,2026-03,0,22,10,8
97f3fee1-5407-4de1-970b-4db54143da70,3f149f50-403f-4032-aefc-ea3becada6d9,2026-02,0,22,13,4
be6906be-0f10-42ef-8399-12be96dd9c84,6f4840f1-dd19-4adb-afb2-dd22449a3fd1,2026-07,0,22,8,2
a8da7c26-7d02-43b2-ac90-2c66209a30ca,6f4840f1-dd19-4adb-afb2-dd22449a3fd1,2026-06,1,21,13,1
8b53ee6e-4b6a-4c83-832b-7e59d8dc6b28,6f4840f1-dd19-4adb-afb2-dd22449a3fd1,2026-05,0,22,11,0
a6510097-de13-451b-8ca3-327aba321f4b,6f4840f1-dd19-4adb-afb2-dd22449a3fd1,2026-04,0,22,8,0
2ecafe63-fe7d-45aa-b561-9019d464500b,6f4840f1-dd19-4adb-afb2-dd22449a3fd1,2026-03,0,22,13,1
bdf1cfd9-aaca-4668-b359-4b000642c5b9,6f4840f1-dd19-4adb-afb2-dd22449a3fd1,2026-02,1,21,14,8
a3eb08d4-ec0b-469c-9dc3-52a3b0d61910,fb90b2de-6e00-49ae-88b2-63dcc1c25553,2026-07,1,21,8,2
3bb456bf-cf36-4b7f-956c-543efb3c70c3,fb90b2de-6e00-49ae-88b2-63dcc1c25553,2026-06,0,22,12,10
e8961750-60ce-467b-8346-56613ed35b74,fb90b2de-6e00-49ae-88b2-63dcc1c25553,2026-05,1,21,7,2
b0129651-e27f-4fa3-82fd-e78d68bc50fc,fb90b2de-6e00-49ae-88b2-63dcc1c25553,2026-04,0,22,13,3
56180e11-e585-4a76-8449-2e79e759f97b,fb90b2de-6e00-49ae-88b2-63dcc1c25553,2026-03,1,21,14,5
0b6ea37f-e152-4b4c-8c72-7088dc61191b,fb90b2de-6e00-49ae-88b2-63dcc1c25553,2026-02,0,22,8,6
1f6b5ae5-1ece-4fbd-8fea-30cc06315e30,645e458e-1580-43ad-a3ef-859d0053e098,2026-07,1,21,10,2
589743d4-616c-408f-b357-7ddf2d9a16e2,645e458e-1580-43ad-a3ef-859d0053e098,2026-06,2,20,4,2
2ea8a162-e0bf-4f6e-b841-4419a82dde50,645e458e-1580-43ad-a3ef-859d0053e098,2026-05,1,21,3,9
d2714b9d-5f89-4ac6-9b70-b26f6fd9657b,645e458e-1580-43ad-a3ef-859d0053e098,2026-04,3,19,1,8
2fd83c2a-398c-42b2-a225-05ad2de1f28a,645e458e-1580-43ad-a3ef-859d0053e098,2026-03,2,20,7,9
604e68ec-7524-436a-870f-1dccee77bc07,645e458e-1580-43ad-a3ef-859d0053e098,2026-02,2,20,7,8
1212a77e-b93f-4b0f-b472-ffd2603b6fbe,a3f903b0-9045-4b16-8679-2b0886a214b5,2026-07,1,21,6,9
f58a11e7-209e-4bf0-abd0-1de9539187a4,a3f903b0-9045-4b16-8679-2b0886a214b5,2026-06,0,22,13,9
bb660a80-1388-41b2-9440-1a0b41383a98,a3f903b0-9045-4b16-8679-2b0886a214b5,2026-05,0,22,12,1
850d0fa5-ce5d-40ca-a22e-39d11d281485,a3f903b0-9045-4b16-8679-2b0886a214b5,2026-04,1,21,13,8
a20a9258-efd7-4d3a-99c5-dc60d92e5ad8,a3f903b0-9045-4b16-8679-2b0886a214b5,2026-03,0,22,7,4
74002d03-2c7c-47eb-b0a8-79527cfe0970,a3f903b0-9045-4b16-8679-2b0886a214b5,2026-02,1,21,10,4
b8bdf347-ecb9-4098-9922-d0db86dc6f90,36c19f05-fea9-45af-85d5-b607ca044fef,2026-07,0,22,6,10
cd9d9a67-cccc-44d3-bed3-5ff7d1b6decb,36c19f05-fea9-45af-85d5-b607ca044fef,2026-06,0,22,14,10
18516896-f297-4943-bb37-868699b6f85a,36c19f05-fea9-45af-85d5-b607ca044fef,2026-05,0,22,13,0
e1b14c5d-07e3-4bfa-9ce2-26fe1d620da6,36c19f05-fea9-45af-85d5-b607ca044fef,2026-04,1,21,12,8
66086ee3-74c9-4fe6-b9e8-d4d96f12f8d0,36c19f05-fea9-45af-85d5-b607ca044fef,2026-03,0,22,15,2
99c03b81-c965-4675-a0ae-784a6f343996,36c19f05-fea9-45af-85d5-b607ca044fef,2026-02,0,22,7,8
7f265224-9af3-4f5e-a7f6-6f2e6f2dd2b3,3ac58e16-a2aa-444d-b212-54d6ae7c269e,2026-07,3,19,8,7
fb091cb3-3a69-4f95-aa5f-ee0c863fa71d,3ac58e16-a2aa-444d-b212-54d6ae7c269e,2026-06,1,21,9,1
edcb7712-29d7-425a-be86-df8eba37df66,3ac58e16-a2aa-444d-b212-54d6ae7c269e,2026-05,1,21,1,1
19cc54c4-bac3-4b42-b2b3-f57e062f3dcc,3ac58e16-a2aa-444d-b212-54d6ae7c269e,2026-04,1,21,8,10
05041d72-7ed9-4cb5-ad5a-ddef2157c93b,3ac58e16-a2aa-444d-b212-54d6ae7c269e,2026-03,2,20,10,10
78fbad52-e142-492a-bb4b-9f95609e7fdc,3ac58e16-a2aa-444d-b212-54d6ae7c269e,2026-02,1,21,8,0
383d3378-57f0-408a-81d1-086d1af517f4,24928538-c360-4079-bab2-92bf4275169b,2026-07,0,22,12,10
df01b901-9795-486d-bd34-1edd6cb0c696,24928538-c360-4079-bab2-92bf4275169b,2026-06,1,21,13,9
d77b622b-2441-46df-a743-83c9b63489cd,24928538-c360-4079-bab2-92bf4275169b,2026-05,0,22,9,4
17bb46d4-750c-447e-868b-1ea5a20d9c97,24928538-c360-4079-bab2-92bf4275169b,2026-04,1,21,14,9
9d947037-ecc2-49f9-adeb-13e328a6fbe6,24928538-c360-4079-bab2-92bf4275169b,2026-03,0,22,5,10
0410612c-37b0-4645-8898-45896ec0ad64,24928538-c360-4079-bab2-92bf4275169b,2026-02,0,22,14,3
463bfbcc-5360-4c81-b406-64bdedec2bc6,51f1eed1-1f74-4ab1-8251-8d4660101b9f,2026-07,0,22,6,3
5fddf7a1-dffb-48c3-a760-afeb6a9c7446,51f1eed1-1f74-4ab1-8251-8d4660101b9f,2026-06,0,22,7,4
7d629d44-d402-4ee6-853e-2399871f44d0,51f1eed1-1f74-4ab1-8251-8d4660101b9f,2026-05,1,21,5,0
97212474-7486-45b0-8a5b-6632aff9bd0a,51f1eed1-1f74-4ab1-8251-8d4660101b9f,2026-04,1,21,12,0
aa13782f-aa9f-4c6a-b6dd-976ddb36ed33,51f1eed1-1f74-4ab1-8251-8d4660101b9f,2026-03,1,21,6,3
e343622c-b589-4289-85e1-0b29718441fc,51f1eed1-1f74-4ab1-8251-8d4660101b9f,2026-02,0,22,7,2
32fd421c-5267-4b52-8e6f-eb531e8ead79,ffc144d4-1eec-4706-b909-7a55c25164d3,2026-07,1,21,9,9
f150dfdc-6e51-42c8-9112-29f7c9256b68,ffc144d4-1eec-4706-b909-7a55c25164d3,2026-06,1,21,6,7
4f8251b6-b0f8-467e-bcfe-cbe4503179c4,ffc144d4-1eec-4706-b909-7a55c25164d3,2026-05,0,22,8,7
a3a5fa6c-a852-4a3d-95da-b385eda0832d,ffc144d4-1eec-4706-b909-7a55c25164d3,2026-04,1,21,6,10
428e5679-caf5-4206-add1-8d597c33f213,ffc144d4-1eec-4706-b909-7a55c25164d3,2026-03,0,22,11,4
5bdc9f87-14d6-4db3-add1-9ad2c581d3d2,ffc144d4-1eec-4706-b909-7a55c25164d3,2026-02,0,22,15,6
bb208369-6f7a-425e-9800-d9a1e295c313,8bd51501-351b-4888-8ab7-461958bbbbff,2026-07,1,21,14,3
ddaf26eb-ed41-476d-9f4d-5d0d7f3c3252,8bd51501-351b-4888-8ab7-461958bbbbff,2026-06,0,22,8,6
940a8757-8686-447d-a9b0-378ceeb2e59f,8bd51501-351b-4888-8ab7-461958bbbbff,2026-05,0,22,7,9
748a3dd2-a004-4f52-800d-c2920585d1d1,8bd51501-351b-4888-8ab7-461958bbbbff,2026-04,0,22,6,10
c78fcf7c-5153-4e3f-89b9-e6461ee5ab8d,8bd51501-351b-4888-8ab7-461958bbbbff,2026-03,0,22,8,1
31a7f5d8-9e6b-4151-add7-9ef4aacca84a,8bd51501-351b-4888-8ab7-461958bbbbff,2026-02,0,22,7,5
af4d9c1d-460b-4780-abf1-f398fa6f52a9,c0962f3b-36d0-4e65-9a26-d97e171373a9,2026-07,1,21,7,0
5084fb74-ab96-4322-b371-dbfa6a0f81f3,c0962f3b-36d0-4e65-9a26-d97e171373a9,2026-06,0,22,13,8
186e08fc-242e-4e01-908e-1a6fa22fa3e4,c0962f3b-36d0-4e65-9a26-d97e171373a9,2026-05,0,22,14,7
5b301246-088f-4300-845a-0d19db07dd94,c0962f3b-36d0-4e65-9a26-d97e171373a9,2026-04,0,22,11,2
cd3eef69-75af-445f-a3fb-cfb6c3ac9474,c0962f3b-36d0-4e65-9a26-d97e171373a9,2026-03,0,22,12,5
b5432114-4a93-4c04-bf67-1328b3694274,c0962f3b-36d0-4e65-9a26-d97e171373a9,2026-02,0,22,14,10
3bcfdb99-33f7-4ed2-89aa-4bfa968bcfa7,e99d3d62-36a5-479e-86f5-81ee898c0937,2026-07,1,21,3,9
944a9189-266c-4779-a676-3e6ec175a163,e99d3d62-36a5-479e-86f5-81ee898c0937,2026-06,3,19,3,4
951f975d-bdd7-4762-927b-baab484d7448,e99d3d62-36a5-479e-86f5-81ee898c0937,2026-05,2,20,10,6
0117278c-086a-4972-80be-cc4140de7b74,e99d3d62-36a5-479e-86f5-81ee898c0937,2026-04,3,19,9,10
131d23cf-339c-4ef1-84bb-371db443a69b,e99d3d62-36a5-479e-86f5-81ee898c0937,2026-03,1,21,10,2
064f6f16-a16f-4a55-9dcb-8cd51bfb7d96,e99d3d62-36a5-479e-86f5-81ee898c0937,2026-02,2,20,4,6
2420dde6-a661-460e-a6e9-4a6e743e0b81,b9230824-d7a3-4d64-b56b-3ff2329d07c0,2026-07,0,22,6,8
6b9d5be5-caec-4cbb-8244-a2532a82202e,b9230824-d7a3-4d64-b56b-3ff2329d07c0,2026-06,1,21,9,1
6df90f6a-0587-4475-ad36-f75292350c53,b9230824-d7a3-4d64-b56b-3ff2329d07c0,2026-05,1,21,14,10
c81bd43a-cff7-40bc-be02-cc1cacbd3f69,b9230824-d7a3-4d64-b56b-3ff2329d07c0,2026-04,0,22,6,6
6d6b49d3-ffab-4eb2-ba99-16e665a141fd,b9230824-d7a3-4d64-b56b-3ff2329d07c0,2026-03,1,21,5,3
75db5f0a-a5bc-4e8c-b0d1-1bb29db01ae6,b9230824-d7a3-4d64-b56b-3ff2329d07c0,2026-02,1,21,13,9
f092ad7a-684d-4a8c-a18e-f99b6d00befe,056e30ad-a97d-4850-bf8b-9e79977066a5,2026-07,1,21,3,5
49013643-e395-41c4-86fc-9c403c6923ab,056e30ad-a97d-4850-bf8b-9e79977066a5,2026-06,1,21,7,6
69691180-9e39-4ac0-8b4e-a10691e6ba9a,056e30ad-a97d-4850-bf8b-9e79977066a5,2026-05,3,19,8,6
98f02fd0-6ffd-4153-9789-b15d631de875,056e30ad-a97d-4850-bf8b-9e79977066a5,2026-04,2,20,8,9
f4351a92-b7a6-44e9-97aa-f8b5e110b47d,056e30ad-a97d-4850-bf8b-9e79977066a5,2026-03,3,19,5,7
7f9a9c8d-f5e6-48cc-9a15-3038fb24425a,056e30ad-a97d-4850-bf8b-9e79977066a5,2026-02,1,21,2,6
ae30ea45-c86e-443a-b4d9-f6bff7e26481,c1d13ce1-ff2b-4093-ba4e-a5862bd1aaec,2026-07,0,22,8,3
ed639b31-87ed-45f2-adfb-3cf9fcc6a480,c1d13ce1-ff2b-4093-ba4e-a5862bd1aaec,2026-06,1,21,14,7
b9448d7c-a615-4ca4-834e-a134b890ae84,c1d13ce1-ff2b-4093-ba4e-a5862bd1aaec,2026-05,0,22,7,9
4e1f4ca2-ed0a-492b-8a1c-17329ca23669,c1d13ce1-ff2b-4093-ba4e-a5862bd1aaec,2026-04,1,21,13,10
780cfb06-0054-4bf9-8179-438ab953ed3e,c1d13ce1-ff2b-4093-ba4e-a5862bd1aaec,2026-03,1,21,8,10
e78e4c07-6884-42b9-9a95-fe88a63f7778,c1d13ce1-ff2b-4093-ba4e-a5862bd1aaec,2026-02,0,22,14,6
5d54d630-8a9b-4ebd-8421-599eba792ecd,28e567d5-f7eb-44e3-81f8-f174ec9f3102,2026-07,0,22,13,7
a556e32c-6256-4a1c-967a-ddb8ebbecbb3,28e567d5-f7eb-44e3-81f8-f174ec9f3102,2026-06,0,22,5,8
8b9a3484-9d2a-4a6a-adde-30b56d863463,28e567d5-f7eb-44e3-81f8-f174ec9f3102,2026-05,0,22,5,5
fdc48817-6886-4f7b-88e0-419461604c16,28e567d5-f7eb-44e3-81f8-f174ec9f3102,2026-04,1,21,5,10
bda85b49-6660-484b-ad5d-53bc74acaaa5,28e567d5-f7eb-44e3-81f8-f174ec9f3102,2026-03,0,22,13,4
c3e46e70-8a4d-4b40-866b-9a73d5ccc2fb,28e567d5-f7eb-44e3-81f8-f174ec9f3102,2026-02,0,22,14,3
968109de-b6af-4131-90a8-848aad34e12d,afb712c1-d2da-4dcd-b9dc-c0d8464911b9,2026-07,1,21,15,1
52064d35-a2c2-4d90-ac10-756de1da6845,afb712c1-d2da-4dcd-b9dc-c0d8464911b9,2026-06,1,21,7,4
f2d1526c-1a4e-475f-8918-e5b1572bac3a,afb712c1-d2da-4dcd-b9dc-c0d8464911b9,2026-05,1,21,5,7
14767a7f-f6db-4576-823a-a8b4f9686ef2,afb712c1-d2da-4dcd-b9dc-c0d8464911b9,2026-04,0,22,5,1
052f70e4-d6e8-4e24-9b45-909e30ba6964,afb712c1-d2da-4dcd-b9dc-c0d8464911b9,2026-03,1,21,8,3
0bb72b0a-2af5-460a-9f8e-7973d514fc4c,afb712c1-d2da-4dcd-b9dc-c0d8464911b9,2026-02,0,22,5,2
fcf52390-7470-452a-8901-4a6beb19dfd2,bd9fe5ab-dc69-46a3-a055-aa65b458e5f4,2026-07,1,21,9,9
c36acbcf-27d1-4361-aa4b-604cf0ba6277,bd9fe5ab-dc69-46a3-a055-aa65b458e5f4,2026-06,1,21,8,3
24254b90-b1b0-41f9-a101-3824187eef23,bd9fe5ab-dc69-46a3-a055-aa65b458e5f4,2026-05,0,22,15,3
c7e73be2-44f6-4b93-ac62-3d934d40fa79,bd9fe5ab-dc69-46a3-a055-aa65b458e5f4,2026-04,1,21,11,6
754f3216-26f6-4983-bff0-ceba8311072d,bd9fe5ab-dc69-46a3-a055-aa65b458e5f4,2026-03,1,21,14,5
f46981b6-bbe9-4181-a5b3-fc568e8db995,bd9fe5ab-dc69-46a3-a055-aa65b458e5f4,2026-02,1,21,12,0
59a67423-6509-4b9d-8f8b-e9b8d8eef62b,f18e5367-960a-4189-ad25-c33b1e3fa7c2,2026-07,1,21,9,10
f06a585b-e627-4cd1-b6fd-cf78033835a3,f18e5367-960a-4189-ad25-c33b1e3fa7c2,2026-06,3,19,4,3
1bad99c8-7d69-4a6b-83e8-33b99ea034a8,f18e5367-960a-4189-ad25-c33b1e3fa7c2,2026-05,1,21,4,4
c449028b-63b3-47eb-bdd0-5bffe0dd065f,f18e5367-960a-4189-ad25-c33b1e3fa7c2,2026-04,1,21,10,0
bd086f23-c9f0-41aa-ba7b-3d9a4d2af310,f18e5367-960a-4189-ad25-c33b1e3fa7c2,2026-03,1,21,2,7
d847a8f0-c252-4cd0-81d4-581fdb800a80,f18e5367-960a-4189-ad25-c33b1e3fa7c2,2026-02,2,20,3,9
7c570549-cbd7-4280-9394-687f25f19070,654ee07e-23b4-477c-a71d-d3d80efc9bb4,2026-07,1,21,10,4
484d3336-59f4-4365-bbf3-80e8080dba30,654ee07e-23b4-477c-a71d-d3d80efc9bb4,2026-06,1,21,1,4
70aa1287-9e24-4b8b-8145-a806d7b4fd1d,654ee07e-23b4-477c-a71d-d3d80efc9bb4,2026-05,3,19,1,2
55105602-9a73-407e-b66c-3217fb207a47,654ee07e-23b4-477c-a71d-d3d80efc9bb4,2026-04,2,20,1,10
83da8ab4-fad0-4dd9-a73f-85d0d34eda7d,654ee07e-23b4-477c-a71d-d3d80efc9bb4,2026-03,3,19,7,8
d4799284-1827-4aa5-8031-ea037f7453d1,654ee07e-23b4-477c-a71d-d3d80efc9bb4,2026-02,1,21,10,9
f3b20897-b023-41a7-844a-438dad3dc27e,ba1c17d1-be48-4303-a212-c01242cbd177,2026-07,1,21,10,9
d801cd20-a7ef-4033-9659-a4f1220b6f5a,ba1c17d1-be48-4303-a212-c01242cbd177,2026-06,0,22,15,2
54a2365a-dab4-47e7-89cf-53e312aa1fa2,ba1c17d1-be48-4303-a212-c01242cbd177,2026-05,1,21,8,0
d1723c1c-3d81-463d-b9c1-b9b2876aca96,ba1c17d1-be48-4303-a212-c01242cbd177,2026-04,0,22,13,10
5f11d6cb-45ea-40ac-a2d6-5a5db2e8e320,ba1c17d1-be48-4303-a212-c01242cbd177,2026-03,0,22,7,8
0426ffce-1661-42d0-8fb0-b14e6b9c1cba,ba1c17d1-be48-4303-a212-c01242cbd177,2026-02,1,21,14,4
726f2180-b010-4ae5-b88c-101822febf02,9070d78e-f15e-41a9-8298-150308a9a8b3,2026-07,1,21,15,4
d7c80721-d12a-4e74-889f-674211439290,9070d78e-f15e-41a9-8298-150308a9a8b3,2026-06,1,21,11,5
a2b0e1ad-ea1f-431c-b2c6-d7753cc8774f,9070d78e-f15e-41a9-8298-150308a9a8b3,2026-05,1,21,8,10
a37dc15e-932f-4583-8c73-300e3b6d4387,9070d78e-f15e-41a9-8298-150308a9a8b3,2026-04,0,22,10,8
673317b8-bd43-4280-a76a-dd964290b19e,9070d78e-f15e-41a9-8298-150308a9a8b3,2026-03,0,22,7,4
1e6ed365-4561-44b7-8209-fe0e81642ee4,9070d78e-f15e-41a9-8298-150308a9a8b3,2026-02,0,22,10,8
ba0d8e6d-0ca6-4f35-9aaf-d112727e9793,2042b704-06cb-4acd-8efa-cb9a5a7d6b25,2026-07,3,19,8,1
3e63d6d5-2dbc-4746-923c-4d0af6b15103,2042b704-06cb-4acd-8efa-cb9a5a7d6b25,2026-06,1,21,5,8
31cd3ad8-b845-4ccb-9e50-bc6b997fa840,2042b704-06cb-4acd-8efa-cb9a5a7d6b25,2026-05,2,20,10,0
88cc6797-abf6-4d6a-9b7f-8329f616722f,2042b704-06cb-4acd-8efa-cb9a5a7d6b25,2026-04,3,19,7,4
4793c89c-b0b8-479d-a37b-66f610aa2911,2042b704-06cb-4acd-8efa-cb9a5a7d6b25,2026-03,2,20,5,2
4daf3583-b62d-40f4-9758-39295b669ed1,2042b704-06cb-4acd-8efa-cb9a5a7d6b25,2026-02,3,19,6,4
0798a688-b9f9-4ffa-bafd-4493027765f1,0c57e314-8e11-4161-ae43-97f5df987669,2026-07,2,20,3,1
e6b31632-e5e9-45ca-b95a-15eeb284cc29,0c57e314-8e11-4161-ae43-97f5df987669,2026-06,3,19,2,3
8c9bae2e-9f55-40db-abea-84aa99469238,0c57e314-8e11-4161-ae43-97f5df987669,2026-05,4,18,4,1
f39bfc96-7db1-428d-815b-6d550d55313f,0c57e314-8e11-4161-ae43-97f5df987669,2026-04,6,16,5,9
2e4b89fc-5dc6-4a95-a92b-9911476e84e8,0c57e314-8e11-4161-ae43-97f5df987669,2026-03,2,20,2,8
0235fc3e-0e63-4d8a-b3b8-715487094296,0c57e314-8e11-4161-ae43-97f5df987669,2026-02,5,17,2,2
31e8f29f-fbda-42ff-ba50-9c7000d455c9,3ce19d52-bfae-4501-ab7f-505f332bfdcb,2026-07,2,20,0,3
73c6480a-bb70-4a87-b96a-84ace883094a,3ce19d52-bfae-4501-ab7f-505f332bfdcb,2026-06,1,21,0,6
ac12dd7f-4b15-4a73-9f74-1b33a37fb4e6,3ce19d52-bfae-4501-ab7f-505f332bfdcb,2026-05,3,19,0,9
19b4f598-2ea0-4963-987f-d1bba9b6723d,3ce19d52-bfae-4501-ab7f-505f332bfdcb,2026-04,1,21,3,9
14027618-7bc8-4aed-aa68-4f1dbacf3845,3ce19d52-bfae-4501-ab7f-505f332bfdcb,2026-03,3,19,6,3
3650b39f-13e9-4bfc-8f6e-33540f2b72e5,3ce19d52-bfae-4501-ab7f-505f332bfdcb,2026-02,3,19,4,10
74ef0b5d-bc74-4fec-945a-f820ba31fdde,4f47c9b7-2a5b-436a-a6a3-a94fb35bbea7,2026-07,0,22,10,5
2164cffd-fb08-4812-b581-afb924d38695,4f47c9b7-2a5b-436a-a6a3-a94fb35bbea7,2026-06,1,21,14,7
2874e236-d5a5-4238-acb7-8a70b1437dd7,4f47c9b7-2a5b-436a-a6a3-a94fb35bbea7,2026-05,1,21,15,8
be365677-6a40-4772-9b42-ebb2f512c053,4f47c9b7-2a5b-436a-a6a3-a94fb35bbea7,2026-04,1,21,7,2
5d89b9b9-213d-4d79-969f-5314441b0e05,4f47c9b7-2a5b-436a-a6a3-a94fb35bbea7,2026-03,1,21,11,1
1ef2d5c2-6bc4-4d63-aa23-ac32e35823c2,4f47c9b7-2a5b-436a-a6a3-a94fb35bbea7,2026-02,1,21,12,5
b921a040-307b-4dca-93f7-9b5077e9cf0b,4da024d6-6cf1-41f1-a37a-7b6b33912a9b,2026-07,3,19,8,2
3ae7d6b4-b149-4b86-a793-df7e6a021211,4da024d6-6cf1-41f1-a37a-7b6b33912a9b,2026-06,1,21,8,6
5bf4217f-c258-4ab0-8487-e87809d80cc2,4da024d6-6cf1-41f1-a37a-7b6b33912a9b,2026-05,2,20,3,0
cf5f5bd1-1ae6-4d51-967b-fa32b8a11b12,4da024d6-6cf1-41f1-a37a-7b6b33912a9b,2026-04,3,19,3,8
cf0367e3-568b-48ea-8a3d-c24bdd1885ea,4da024d6-6cf1-41f1-a37a-7b6b33912a9b,2026-03,3,19,1,6
dcb2fabd-678d-43c7-88a2-43f733a84041,4da024d6-6cf1-41f1-a37a-7b6b33912a9b,2026-02,2,20,2,8
055ffde1-0cb9-4844-b75d-4c48e50c7f8b,bd508695-2de6-4c92-af4d-02a4ee535a1a,2026-07,1,21,10,10
d77e75d5-211b-450a-a736-7317bd32bb66,bd508695-2de6-4c92-af4d-02a4ee535a1a,2026-06,1,21,15,2
a556926e-be1e-41ee-96d8-ea6e390c2a8a,bd508695-2de6-4c92-af4d-02a4ee535a1a,2026-05,1,21,7,7
7966c551-96ee-42da-a74f-5922c60ab7f6,bd508695-2de6-4c92-af4d-02a4ee535a1a,2026-04,0,22,7,4
37f05053-2e71-41c3-a530-16d49b7b7d36,bd508695-2de6-4c92-af4d-02a4ee535a1a,2026-03,1,21,12,3
bab4d65e-6f57-4ced-bda6-408b6f01f0b3,bd508695-2de6-4c92-af4d-02a4ee535a1a,2026-02,0,22,5,0
1bcc63be-4396-4b5a-a900-5a5400653689,c8c70739-739e-4af5-a740-3cdff11d0030,2026-07,0,22,13,1
c81fabfe-beba-49b4-a5ad-37df62e84ba2,c8c70739-739e-4af5-a740-3cdff11d0030,2026-06,1,21,14,6
df1749ea-bd2b-405d-8929-b1ea950ed516,c8c70739-739e-4af5-a740-3cdff11d0030,2026-05,1,21,10,6
57352271-4e42-479b-941c-c79ab5999cc8,c8c70739-739e-4af5-a740-3cdff11d0030,2026-04,1,21,15,8
22091efd-783d-4bef-b163-0587971cd54d,c8c70739-739e-4af5-a740-3cdff11d0030,2026-03,1,21,10,5
1c4d8ba6-245a-4732-a29d-0725becf6696,c8c70739-739e-4af5-a740-3cdff11d0030,2026-02,0,22,12,4
02fc9755-c5a1-4531-be05-d4881951e987,4539ff43-8eb1-470f-aef5-6008eae429a5,2026-07,1,21,12,8
131ee9a6-3d7e-4669-a81f-e3a21f97f441,4539ff43-8eb1-470f-aef5-6008eae429a5,2026-06,1,21,6,2
c241ce4f-7cbc-4076-ad65-a818507383ba,4539ff43-8eb1-470f-aef5-6008eae429a5,2026-05,1,21,15,7
a84735fb-bc6e-4113-b265-d343fb74962c,4539ff43-8eb1-470f-aef5-6008eae429a5,2026-04,0,22,7,8
284534f5-fe82-4992-ac5e-582fca86aec2,4539ff43-8eb1-470f-aef5-6008eae429a5,2026-03,0,22,11,1
9b96db60-da47-4c68-9535-62e95db05bf1,4539ff43-8eb1-470f-aef5-6008eae429a5,2026-02,1,21,7,6
30568f3c-f270-41ca-bb39-3c6d98bca0c5,8d09b0ad-4d02-4e87-bc0f-15a94bf8b13a,2026-07,6,16,0,9
4eda036b-8cbd-4f82-a46a-aa9763c3f97b,8d09b0ad-4d02-4e87-bc0f-15a94bf8b13a,2026-06,5,17,1,6
83ebce6e-840a-4bfc-bbb4-6e0ca6f5de7c,8d09b0ad-4d02-4e87-bc0f-15a94bf8b13a,2026-05,3,19,5,3
73c86781-675d-4390-bd6c-45b22c9f47e6,8d09b0ad-4d02-4e87-bc0f-15a94bf8b13a,2026-04,4,18,4,6
743456a4-0078-4cd8-a744-eb9ac3c3cf8c,8d09b0ad-4d02-4e87-bc0f-15a94bf8b13a,2026-03,3,19,0,7
a717be8a-c293-4751-948b-745111043ff9,8d09b0ad-4d02-4e87-bc0f-15a94bf8b13a,2026-02,2,20,3,10
b4238dc0-db10-44cb-8fe6-02f1f1a2c0fd,a38f45ea-ee5d-46e5-94ee-d34f79c06891,2026-07,1,21,6,2
9963e422-1bda-48e8-887a-cc5b94462152,a38f45ea-ee5d-46e5-94ee-d34f79c06891,2026-06,0,22,5,5
fb7eeba1-8f59-45b4-a014-3b0ca098cb4e,a38f45ea-ee5d-46e5-94ee-d34f79c06891,2026-05,1,21,7,8
a210122e-2dfd-4171-b339-6d5c05313143,a38f45ea-ee5d-46e5-94ee-d34f79c06891,2026-04,0,22,12,10
29c7cbba-16b6-4eca-aea3-881e1e6876a8,a38f45ea-ee5d-46e5-94ee-d34f79c06891,2026-03,0,22,15,8
074870d8-b1c5-4b4f-8276-bb74be44eae1,a38f45ea-ee5d-46e5-94ee-d34f79c06891,2026-02,1,21,8,8
a4701d56-3ed6-418c-b304-3c9414e2a4fc,0c960f5a-c1ac-47a1-bbaa-2d44ba05ec61,2026-07,0,22,14,3
407cfe83-b8ab-459c-b158-a94bd4de99fe,0c960f5a-c1ac-47a1-bbaa-2d44ba05ec61,2026-06,1,21,13,10
d8cca92a-94e2-4d16-aaef-a6fed397ae8d,0c960f5a-c1ac-47a1-bbaa-2d44ba05ec61,2026-05,0,22,9,2
39eb92a0-966c-47fe-a454-fccad0762e0f,0c960f5a-c1ac-47a1-bbaa-2d44ba05ec61,2026-04,1,21,12,8
95c8e475-946a-4a0d-92ac-07c2ed4dd418,0c960f5a-c1ac-47a1-bbaa-2d44ba05ec61,2026-03,0,22,7,9
6e37b874-0618-46c9-ba31-a92de2bd5417,0c960f5a-c1ac-47a1-bbaa-2d44ba05ec61,2026-02,0,22,12,5
e46495b4-72a8-4ca9-a11d-c576215d257f,395876ab-2b1f-4140-947a-8b2170e3411c,2026-07,1,21,8,1
acbcae4a-d227-4342-903a-37ecb244ab7b,395876ab-2b1f-4140-947a-8b2170e3411c,2026-06,1,21,6,3
97573d89-db5a-48f8-8608-149875d95472,395876ab-2b1f-4140-947a-8b2170e3411c,2026-05,0,22,9,4
2ef0304d-7bd0-410e-bb76-9e374107f3ce,395876ab-2b1f-4140-947a-8b2170e3411c,2026-04,0,22,7,9
2c3d7c04-a40a-47f0-8d79-465d0c27cd64,395876ab-2b1f-4140-947a-8b2170e3411c,2026-03,1,21,8,8
535f6e1b-2ac6-41ec-b9e0-4dae598bf11f,395876ab-2b1f-4140-947a-8b2170e3411c,2026-02,0,22,14,4
586ee738-8b34-48f7-99ca-1003734036ef,f485b527-f05f-4867-b308-cbb8ff448ae9,2026-07,0,22,15,8
d43f97a2-c446-4e8b-89b0-29c2d2de2f90,f485b527-f05f-4867-b308-cbb8ff448ae9,2026-06,1,21,14,8
5f9115e4-4661-4714-8bfd-cd8b4f00d4ba,f485b527-f05f-4867-b308-cbb8ff448ae9,2026-05,1,21,12,5
66273e06-820c-4a4c-9767-bad730bb3fa2,f485b527-f05f-4867-b308-cbb8ff448ae9,2026-04,0,22,15,6
f43b49a5-df07-4238-a116-a8db2ddcf59b,f485b527-f05f-4867-b308-cbb8ff448ae9,2026-03,1,21,5,7
18641204-86a9-405d-af04-eba2647350cd,f485b527-f05f-4867-b308-cbb8ff448ae9,2026-02,1,21,9,5
005ea403-a461-45c5-9a82-4a7a6fe2708a,0148c1af-b725-48f6-8cee-7de185653bcf,2026-07,1,21,9,2
2cc33b2e-ebf6-470e-824c-6e1fd837cfce,0148c1af-b725-48f6-8cee-7de185653bcf,2026-06,1,21,7,10
258d6c17-bdec-4d33-b05f-c9a38cdf1ca0,0148c1af-b725-48f6-8cee-7de185653bcf,2026-05,0,22,13,1
6a7ad352-bbb2-4727-8e14-29f1601d72ec,0148c1af-b725-48f6-8cee-7de185653bcf,2026-04,1,21,14,2
9649d6d8-d078-41b3-91b5-f1ca445ac774,0148c1af-b725-48f6-8cee-7de185653bcf,2026-03,1,21,13,1
5d11d5b8-0451-4cdf-b801-7d1a0f3e922e,0148c1af-b725-48f6-8cee-7de185653bcf,2026-02,1,21,11,7
b3f30671-c660-416d-a982-7c6437a51ebb,c564045b-b137-47d3-8574-1f0d7fa06604,2026-07,0,22,15,8
d91e5372-365a-4088-a0bd-717ec158d474,c564045b-b137-47d3-8574-1f0d7fa06604,2026-06,0,22,8,4
3ff6e5fd-39f0-4904-8ca7-8039ce45c63a,c564045b-b137-47d3-8574-1f0d7fa06604,2026-05,0,22,13,2
e64d9ce3-6413-49ec-9764-bd5bc441cb57,c564045b-b137-47d3-8574-1f0d7fa06604,2026-04,1,21,5,6
569aa930-40e4-48c6-bf14-6f934d0d1df6,c564045b-b137-47d3-8574-1f0d7fa06604,2026-03,1,21,15,1
da77aa76-ecb8-4c89-9fdb-af16bc42d129,c564045b-b137-47d3-8574-1f0d7fa06604,2026-02,0,22,8,6
ae4ee908-9a4d-4fd2-bfc4-32c8cee4cb8e,5246327d-4f18-4612-8b0d-c7d0f624b090,2026-07,1,21,9,0
996ffe72-7680-46a5-baf1-cb17bd0ac55e,5246327d-4f18-4612-8b0d-c7d0f624b090,2026-06,1,21,5,8
a39c39ee-6eec-4205-8ebd-0221390d68a0,5246327d-4f18-4612-8b0d-c7d0f624b090,2026-05,1,21,5,10
75554124-f208-4cfe-872d-2f341a8acf22,5246327d-4f18-4612-8b0d-c7d0f624b090,2026-04,0,22,10,1
12c7631c-dc8e-4572-a710-2a716adc9186,5246327d-4f18-4612-8b0d-c7d0f624b090,2026-03,0,22,12,4
09f9877a-7c84-440e-9d50-c1f89019d0fc,5246327d-4f18-4612-8b0d-c7d0f624b090,2026-02,1,21,6,9
5ca56345-3420-41bf-b641-cfbaf4b18e4e,de805ca3-d313-488a-84d6-eade9deedf40,2026-07,1,21,15,10
ff6e5e64-58a8-4761-a52c-d18294f993a2,de805ca3-d313-488a-84d6-eade9deedf40,2026-06,0,22,11,0
309df6f1-364a-4887-8a9c-ee7b4d1dd6ca,de805ca3-d313-488a-84d6-eade9deedf40,2026-05,1,21,9,5
e6bf9247-efce-44c3-b351-f549097568a9,de805ca3-d313-488a-84d6-eade9deedf40,2026-04,1,21,10,5
e2e119a3-c98d-4ce2-9c2a-bed076c93405,de805ca3-d313-488a-84d6-eade9deedf40,2026-03,0,22,13,5
5d1d7422-07b9-49f8-852a-d3d492df76f1,de805ca3-d313-488a-84d6-eade9deedf40,2026-02,1,21,14,0
e43d1ccb-8896-47cb-a72c-2de6588dc3e0,58f961f7-a9e9-4ed2-973b-55fa9f8464d6,2026-07,1,21,13,2
23a61f0c-1348-4945-b97b-0442d974ffe1,58f961f7-a9e9-4ed2-973b-55fa9f8464d6,2026-06,1,21,7,8
21efb984-8a9a-4a0b-a309-31d215249d8a,58f961f7-a9e9-4ed2-973b-55fa9f8464d6,2026-05,1,21,5,9
6b66caf9-93f6-4cda-96a5-7d2de723b0b3,58f961f7-a9e9-4ed2-973b-55fa9f8464d6,2026-04,0,22,8,7
969386f0-ba8f-40fa-9dcb-539f71ba4b16,58f961f7-a9e9-4ed2-973b-55fa9f8464d6,2026-03,0,22,6,3
9c1b51f6-7743-4e5e-b25f-3b85bda01b10,58f961f7-a9e9-4ed2-973b-55fa9f8464d6,2026-02,1,21,12,10
3daad2c4-b00f-4d9d-a1bb-d256ab943bc3,0fbcfd00-dbd8-4899-9926-85e23abfb5ab,2026-07,3,19,5,2
cf695d4c-6f4c-4f3f-9de2-ec68a220c6ae,0fbcfd00-dbd8-4899-9926-85e23abfb5ab,2026-06,6,16,0,6
31dcbc70-8c26-452b-852e-7d8c7e9d6197,0fbcfd00-dbd8-4899-9926-85e23abfb5ab,2026-05,3,19,3,7
9f0667d5-1ec3-4f6a-9136-a55f10b0086f,0fbcfd00-dbd8-4899-9926-85e23abfb5ab,2026-04,3,19,1,9
a1523a3e-5cdc-4f34-8b0d-38f47292093c,0fbcfd00-dbd8-4899-9926-85e23abfb5ab,2026-03,6,16,2,0
0df97a22-3ce9-4ce3-ad4c-55f532000739,0fbcfd00-dbd8-4899-9926-85e23abfb5ab,2026-02,5,17,1,10
06161d72-f23f-40b7-bc95-f21cf8979893,9366bdd7-1827-4ab2-916d-a65852f3ebe3,2026-07,1,21,11,0
2e56cd33-500f-4d95-b7e5-f2b8a51ebe5f,9366bdd7-1827-4ab2-916d-a65852f3ebe3,2026-06,0,22,9,6
b982dae0-4287-4966-8469-e4738ac8d6c2,9366bdd7-1827-4ab2-916d-a65852f3ebe3,2026-05,0,22,9,10
3eebb223-2b0f-4501-8204-259a571e85b8,9366bdd7-1827-4ab2-916d-a65852f3ebe3,2026-04,1,21,12,6
bfd19b6f-02b4-420b-b984-44146c3a2603,9366bdd7-1827-4ab2-916d-a65852f3ebe3,2026-03,0,22,5,0
b51dce00-01b5-469a-b1ba-5fdebda429df,9366bdd7-1827-4ab2-916d-a65852f3ebe3,2026-02,1,21,7,3
c92430e6-ddc4-4bba-868d-95058e2a3189,4656f8ec-ecbf-4dc9-8533-ff6b0854b65d,2026-07,1,21,10,0
f7a2a2bc-d148-46b7-aee1-c23ce9cc432d,4656f8ec-ecbf-4dc9-8533-ff6b0854b65d,2026-06,1,21,11,5
26d9eee3-1d8d-42f6-8260-f6340374fde8,4656f8ec-ecbf-4dc9-8533-ff6b0854b65d,2026-05,0,22,14,1
a57638e3-21cf-4046-9bbc-ee613fdd7454,4656f8ec-ecbf-4dc9-8533-ff6b0854b65d,2026-04,1,21,15,8
a611fd2e-9232-45d5-b672-957972ba9893,4656f8ec-ecbf-4dc9-8533-ff6b0854b65d,2026-03,1,21,15,4
132a233b-ffde-4c94-8191-3e93a9d87dc1,4656f8ec-ecbf-4dc9-8533-ff6b0854b65d,2026-02,1,21,8,10
dc516aa9-a54c-4fdd-b63b-652e9055a1b0,14dc194c-c6fd-4333-88e2-f5d1bc353e54,2026-07,0,22,9,10
1627755f-234d-40bb-8369-bda7efc63498,14dc194c-c6fd-4333-88e2-f5d1bc353e54,2026-06,0,22,11,3
7fafa259-d8f3-4ae3-83cd-3e0b1f62c2ec,14dc194c-c6fd-4333-88e2-f5d1bc353e54,2026-05,1,21,13,2
cb0b832d-d206-4cc4-b205-9db5b87a6837,14dc194c-c6fd-4333-88e2-f5d1bc353e54,2026-04,0,22,8,7
f98377ed-afbb-454b-8dd7-fc24ab4d0637,14dc194c-c6fd-4333-88e2-f5d1bc353e54,2026-03,1,21,10,8
098f0601-7685-4838-9a5a-60ac981efd5b,14dc194c-c6fd-4333-88e2-f5d1bc353e54,2026-02,1,21,15,0
896970ac-bab3-4e4d-8e62-354de5b4c2ed,ef77c048-5b4a-4e5f-b9d2-ba3ea69769cb,2026-07,0,22,8,4
460ccb37-825c-45cd-91c1-7850a267d3da,ef77c048-5b4a-4e5f-b9d2-ba3ea69769cb,2026-06,0,22,10,2
7451f3ee-d788-4e00-961b-e5b021cd055a,ef77c048-5b4a-4e5f-b9d2-ba3ea69769cb,2026-05,0,22,12,1
1acd2e59-3522-467e-bcac-d9fdae761ba5,ef77c048-5b4a-4e5f-b9d2-ba3ea69769cb,2026-04,0,22,7,10
f26aea8a-53bc-4cfb-b7f8-479fdf5beaea,ef77c048-5b4a-4e5f-b9d2-ba3ea69769cb,2026-03,0,22,9,4
ced2ccbc-8ede-4568-ac9a-fd15e9e25709,ef77c048-5b4a-4e5f-b9d2-ba3ea69769cb,2026-02,0,22,15,8
e3d568ff-7171-4229-9cbb-cc3e78b8ad8d,c2fa8e16-25d3-4067-ac23-d74e3d4553a1,2026-07,1,21,10,9
cdfc1657-cd99-4f10-b5ae-09bd15ce638d,c2fa8e16-25d3-4067-ac23-d74e3d4553a1,2026-06,1,21,15,10
7a5d0bcf-7444-497c-961f-30746de25342,c2fa8e16-25d3-4067-ac23-d74e3d4553a1,2026-05,0,22,12,4
913a348d-2e09-4db1-9eac-37facb77fe5a,c2fa8e16-25d3-4067-ac23-d74e3d4553a1,2026-04,0,22,8,7
382c8631-af75-4796-b6fb-c164c8b393de,c2fa8e16-25d3-4067-ac23-d74e3d4553a1,2026-03,0,22,10,6
f783a91d-4ce6-4dbd-9c37-222a56f78f07,c2fa8e16-25d3-4067-ac23-d74e3d4553a1,2026-02,1,21,9,7
30446049-cc60-41c4-b45d-64d5f1fd29b5,555b0e4f-c9e5-47a3-8dcb-5a9a9c4354f1,2026-07,1,21,2,5
d3b0cd41-eb7a-458b-8809-45a6141347e0,555b0e4f-c9e5-47a3-8dcb-5a9a9c4354f1,2026-06,1,21,3,0
88038a3c-91ce-4608-b6d8-33e01beeb6cb,555b0e4f-c9e5-47a3-8dcb-5a9a9c4354f1,2026-05,1,21,4,4
0fad4dd0-938a-4992-817a-fafc772979c5,555b0e4f-c9e5-47a3-8dcb-5a9a9c4354f1,2026-04,2,20,1,5
f0bcfecb-5806-415d-b4f0-57b56baac438,555b0e4f-c9e5-47a3-8dcb-5a9a9c4354f1,2026-03,1,21,10,3
40435586-cbc9-4383-ae71-6eff368168d4,555b0e4f-c9e5-47a3-8dcb-5a9a9c4354f1,2026-02,2,20,3,8
93e1e3ee-dc51-4b21-91c2-c8cff80dc0c4,033f8ff3-b82a-45c9-905d-172af59fc7f9,2026-07,0,22,13,9
ffb94f63-70c0-4576-aa50-8e8a90761ebc,033f8ff3-b82a-45c9-905d-172af59fc7f9,2026-06,0,22,12,7
10dcf2b1-768e-4e92-a418-6c7793001ce7,033f8ff3-b82a-45c9-905d-172af59fc7f9,2026-05,1,21,8,7
589aa3f0-bc91-49f9-ac4e-9c7269caa59f,033f8ff3-b82a-45c9-905d-172af59fc7f9,2026-04,1,21,7,2
63d632f5-81eb-4906-aa67-b4f076f00bef,033f8ff3-b82a-45c9-905d-172af59fc7f9,2026-03,1,21,14,0
0b25fae2-472c-4d5e-88df-4c7795403e35,033f8ff3-b82a-45c9-905d-172af59fc7f9,2026-02,1,21,10,8
fa458f2f-8906-443c-aa5d-a30ed7742c1a,692909c0-619b-472a-8e83-d0d087d3ca74,2026-07,3,19,5,5
427112a4-e755-4a58-a3d4-4ed3837d8f99,692909c0-619b-472a-8e83-d0d087d3ca74,2026-06,3,19,6,2
b20ac8c6-d3a2-4ec9-ada9-6641f0aced7c,692909c0-619b-472a-8e83-d0d087d3ca74,2026-05,1,21,8,9
80541a56-cf74-418e-98ba-ebb55f77918a,692909c0-619b-472a-8e83-d0d087d3ca74,2026-04,2,20,2,8
1a74dc4f-afc8-426e-a1c4-99e4694f4b76,692909c0-619b-472a-8e83-d0d087d3ca74,2026-03,1,21,3,5
f2a9c1db-320d-480c-a0d4-24af4a21aabb,692909c0-619b-472a-8e83-d0d087d3ca74,2026-02,2,20,5,5
8608d4f9-baf5-4945-aa65-e6e520b3d517,67d755bf-a43f-4276-8a1f-7f16122bca42,2026-07,1,21,9,3
285af0c7-3fa4-4e7f-8ab0-3ac307408b3b,67d755bf-a43f-4276-8a1f-7f16122bca42,2026-06,1,21,4,7
5539538b-9220-4088-8a2c-8f3d40d0c205,67d755bf-a43f-4276-8a1f-7f16122bca42,2026-05,3,19,4,10
94cb3a4d-a28d-4fb0-828f-611cadb2c939,67d755bf-a43f-4276-8a1f-7f16122bca42,2026-04,3,19,1,3
c8b5698d-adf1-47df-a2d8-fc2992beb0e2,67d755bf-a43f-4276-8a1f-7f16122bca42,2026-03,2,20,7,6
40969639-4514-48fc-b516-a1703e3b9856,67d755bf-a43f-4276-8a1f-7f16122bca42,2026-02,3,19,7,9
0d539349-8e76-409b-8c30-0f613dfd0877,db4394ce-6f13-48d7-9c8e-2ea258c2139b,2026-07,1,21,13,0
8abde3b7-8cd2-4753-b12c-b3120dfbb2c8,db4394ce-6f13-48d7-9c8e-2ea258c2139b,2026-06,0,22,7,10
9ded9b0a-2f6f-4ab2-9389-77dab30903be,db4394ce-6f13-48d7-9c8e-2ea258c2139b,2026-05,0,22,9,6
5d722be7-b8aa-4fac-b4c2-cb57385c48b4,db4394ce-6f13-48d7-9c8e-2ea258c2139b,2026-04,0,22,13,7
73deac23-eb30-483f-9692-0aabc64cbb54,db4394ce-6f13-48d7-9c8e-2ea258c2139b,2026-03,0,22,7,3
dc04ddb4-0656-462c-89d3-c68ceb2c2eda,db4394ce-6f13-48d7-9c8e-2ea258c2139b,2026-02,1,21,14,8
eefabe27-a333-440d-88f3-71ae00156315,457db891-2d80-485a-8738-8972bfef538e,2026-07,1,21,7,9
22c75a51-eaf0-4ed5-822a-25bf60d787c9,457db891-2d80-485a-8738-8972bfef538e,2026-06,0,22,14,2
280b47da-1a9a-4592-9fda-37f9a555ad5f,457db891-2d80-485a-8738-8972bfef538e,2026-05,0,22,13,0
7e019e41-7917-41ac-aab8-a1349905770f,457db891-2d80-485a-8738-8972bfef538e,2026-04,1,21,7,7
6923904a-692c-4849-8189-14cd7c0498a5,457db891-2d80-485a-8738-8972bfef538e,2026-03,0,22,8,5
905013c2-fb15-41f2-8a3c-ee670dea11d6,457db891-2d80-485a-8738-8972bfef538e,2026-02,1,21,9,2
f54b6a4c-7b43-49d5-9ad1-80d733b3443e,e3b158c6-bbaf-4f54-aaa1-e033130068df,2026-07,0,22,15,8
d9c6470d-c47d-4561-a47d-f15b3b412d36,e3b158c6-bbaf-4f54-aaa1-e033130068df,2026-06,1,21,12,3
8cd29eb4-f012-47d7-b7a7-bbccc0e82c31,e3b158c6-bbaf-4f54-aaa1-e033130068df,2026-05,0,22,11,3
e5c71fd6-840c-4170-adae-3644468970bb,e3b158c6-bbaf-4f54-aaa1-e033130068df,2026-04,0,22,8,7
9559842a-1397-47ba-9dd4-27c915f8f2e2,e3b158c6-bbaf-4f54-aaa1-e033130068df,2026-03,1,21,5,10
d215033a-66f2-46d6-984a-23e7d4289633,e3b158c6-bbaf-4f54-aaa1-e033130068df,2026-02,0,22,5,8
39f6cae5-1c24-4b10-a7e3-af47f6ba3884,da8611d8-60b3-475e-9467-e6e03c28c3d3,2026-07,1,21,7,5
804a4cda-a08e-4785-a13e-1a08b1ddc608,da8611d8-60b3-475e-9467-e6e03c28c3d3,2026-06,1,21,10,4
c2cf9e16-51b4-4fe8-800d-f45cf04a66d2,da8611d8-60b3-475e-9467-e6e03c28c3d3,2026-05,1,21,15,8
8119860f-358c-481e-aa77-15aa6b3b1257,da8611d8-60b3-475e-9467-e6e03c28c3d3,2026-04,1,21,15,4
2809e1dc-44a5-4f37-8318-a46292d3e602,da8611d8-60b3-475e-9467-e6e03c28c3d3,2026-03,1,21,14,1
4b7aecd0-45ae-4832-86c0-90b05b6e5c09,da8611d8-60b3-475e-9467-e6e03c28c3d3,2026-02,0,22,13,1
2be054b8-4a59-4bfd-b957-860cf921e2eb,da6918b9-e28a-4c9b-b4bf-be32befa86b5,2026-07,1,21,10,2
db6b0c13-8206-466d-81e9-ca1bd4b56ebd,da6918b9-e28a-4c9b-b4bf-be32befa86b5,2026-06,0,22,15,9
b922c452-1135-4fb8-b557-1f54dd7eb019,da6918b9-e28a-4c9b-b4bf-be32befa86b5,2026-05,1,21,9,8
d7e9e4dc-6158-4037-997c-08fbed8c8dff,da6918b9-e28a-4c9b-b4bf-be32befa86b5,2026-04,0,22,11,6
e0941638-0530-42b8-a438-2e90d78ba8f6,da6918b9-e28a-4c9b-b4bf-be32befa86b5,2026-03,1,21,11,6
b785d5d8-d12c-475e-ae93-f92c463cd842,da6918b9-e28a-4c9b-b4bf-be32befa86b5,2026-02,1,21,10,3
724b26c2-7f87-4602-a0dc-3e8a18161a67,82b76527-c935-4b6e-b277-9eb2318aa67e,2026-07,1,21,4,9
8e4aab23-8dcb-4086-bc52-658433ce41ce,82b76527-c935-4b6e-b277-9eb2318aa67e,2026-06,3,19,2,4
b7266523-f472-476a-bba8-404204119510,82b76527-c935-4b6e-b277-9eb2318aa67e,2026-05,1,21,0,6
e0af3be5-f4cb-4b82-a9ed-cdf53479f20f,82b76527-c935-4b6e-b277-9eb2318aa67e,2026-04,3,19,2,9
166ec31b-6637-4a19-9a45-4efef21ae073,82b76527-c935-4b6e-b277-9eb2318aa67e,2026-03,2,20,4,3
eb183b66-dc3e-4880-b44b-4fd6df543874,82b76527-c935-4b6e-b277-9eb2318aa67e,2026-02,2,20,7,8
b04e7ba3-3448-4d1b-87ce-1cb4d1765a3c,5599d60f-6518-4ae5-b5d8-bb3c47f1aba5,2026-07,1,21,7,1
abd00b48-e4a4-4df3-b814-3361c73c38dc,5599d60f-6518-4ae5-b5d8-bb3c47f1aba5,2026-06,1,21,11,1
107a76d4-f487-4290-bcff-761c6df39c69,5599d60f-6518-4ae5-b5d8-bb3c47f1aba5,2026-05,0,22,5,2
236e8c98-e2a5-45dc-a83c-467785e23677,5599d60f-6518-4ae5-b5d8-bb3c47f1aba5,2026-04,1,21,5,1
fc922e38-69f5-4c92-8588-d0ccd20e696f,5599d60f-6518-4ae5-b5d8-bb3c47f1aba5,2026-03,0,22,6,5
2152ec82-50f5-4c98-ac1d-b1b7a2d418a8,5599d60f-6518-4ae5-b5d8-bb3c47f1aba5,2026-02,1,21,9,3
ff23f4b8-7083-47cb-b6fc-b3d85f8cfffa,ae5aa971-692a-42b8-a193-5408b3914ae9,2026-07,1,21,13,5
c467cbe9-746b-40b5-bc2b-390088fb54b7,ae5aa971-692a-42b8-a193-5408b3914ae9,2026-06,1,21,13,8
9eed4cd3-eead-41cc-8b44-17ff112c67b3,ae5aa971-692a-42b8-a193-5408b3914ae9,2026-05,0,22,9,5
1c602c45-aa33-45fd-92f8-40a42dbd0bb1,ae5aa971-692a-42b8-a193-5408b3914ae9,2026-04,0,22,6,2
6ad11b59-6d51-4c17-891f-004ae9544481,ae5aa971-692a-42b8-a193-5408b3914ae9,2026-03,0,22,5,7
d89caff7-7a7a-41fe-a429-2dadd4e90413,ae5aa971-692a-42b8-a193-5408b3914ae9,2026-02,0,22,5,10
5c043aa5-e1cd-4641-8008-5f39886726b3,c822b7e5-cd0d-48f8-8286-4b09bd12b1b1,2026-07,3,19,4,6
e937362e-903d-42d4-a8d6-6cfafe0d5978,c822b7e5-cd0d-48f8-8286-4b09bd12b1b1,2026-06,5,17,4,5
64ff0295-33e5-416f-ab35-58fc664cbe5e,c822b7e5-cd0d-48f8-8286-4b09bd12b1b1,2026-05,4,18,2,8
ead0cdfa-36a2-4bf9-b9c9-03a0367b26fd,c822b7e5-cd0d-48f8-8286-4b09bd12b1b1,2026-04,3,19,4,0
1839f4da-fc48-4eec-892a-e9823b71e1d4,c822b7e5-cd0d-48f8-8286-4b09bd12b1b1,2026-03,4,18,2,1
e8c34d50-0727-41e1-bd11-fe3f537e0d70,c822b7e5-cd0d-48f8-8286-4b09bd12b1b1,2026-02,2,20,0,7
b10f6af0-36f7-4942-8d3f-ec5c03588891,6ec8b880-8657-4261-aba3-0e9fea0e84ce,2026-07,1,21,12,5
e864e984-804e-4af8-911a-41eafd3b8a2c,6ec8b880-8657-4261-aba3-0e9fea0e84ce,2026-06,0,22,10,0
bdf4d50f-a331-448b-9b94-13cfbefd52da,6ec8b880-8657-4261-aba3-0e9fea0e84ce,2026-05,1,21,12,0
8aa3d7a1-8ed7-4bba-a1f4-07f8b789b684,6ec8b880-8657-4261-aba3-0e9fea0e84ce,2026-04,1,21,14,0
8691abfc-f0ad-4394-bee5-b15affd7cade,6ec8b880-8657-4261-aba3-0e9fea0e84ce,2026-03,1,21,7,9
d2df3a6b-64d3-422a-8339-8c00a3212bab,6ec8b880-8657-4261-aba3-0e9fea0e84ce,2026-02,1,21,15,3
d4331e7f-2f41-4600-9dab-b547da33e830,4a92cb5c-6bb1-4cb3-8a41-599177ff596f,2026-07,4,18,0,3
11a2c514-d046-4e41-b279-1675c4871eb3,4a92cb5c-6bb1-4cb3-8a41-599177ff596f,2026-06,6,16,0,3
4fb9d747-26c5-4506-aae4-a7a37439fef2,4a92cb5c-6bb1-4cb3-8a41-599177ff596f,2026-05,6,16,3,1
2c4f70fd-cc93-42e7-a93c-d6fbad91a4dc,4a92cb5c-6bb1-4cb3-8a41-599177ff596f,2026-04,6,16,0,2
d47ccb09-5560-445b-a1e4-14601b4dba92,4a92cb5c-6bb1-4cb3-8a41-599177ff596f,2026-03,4,18,2,5
4dfa9e48-6115-40df-b81d-51181003800b,4a92cb5c-6bb1-4cb3-8a41-599177ff596f,2026-02,6,16,0,10
e0c354b7-66d0-4399-93c1-44acba4961d1,1ed7b98c-7e1e-48dc-a3b8-05c2e927db93,2026-07,1,21,14,2
9d8d26dc-cb22-493d-9eec-4669756e39e0,1ed7b98c-7e1e-48dc-a3b8-05c2e927db93,2026-06,0,22,15,1
e14ac73b-5800-4249-9043-9c75d4fa5f8d,1ed7b98c-7e1e-48dc-a3b8-05c2e927db93,2026-05,0,22,15,1
ca0a284f-b515-4679-8394-82ec45d749be,1ed7b98c-7e1e-48dc-a3b8-05c2e927db93,2026-04,0,22,5,0
1f75c07b-e47b-48dc-a111-3b91ab353a85,1ed7b98c-7e1e-48dc-a3b8-05c2e927db93,2026-03,0,22,7,5
9b074594-48ca-4948-a715-0825df63f1ad,1ed7b98c-7e1e-48dc-a3b8-05c2e927db93,2026-02,1,21,10,8
ca7a05ae-ed34-4ca6-8ecb-b6cc8043b95c,eaa88430-0dfe-4c8b-88e7-006d4c186a37,2026-07,1,21,8,9
dde56cff-508e-4606-8d2a-458d11eea43e,eaa88430-0dfe-4c8b-88e7-006d4c186a37,2026-06,1,21,9,1
88a30c6c-4b4b-48ad-88c4-2fbf4eff2c77,eaa88430-0dfe-4c8b-88e7-006d4c186a37,2026-05,0,22,8,6
58c7b946-a1e2-4f80-88b4-ca6002416f4c,eaa88430-0dfe-4c8b-88e7-006d4c186a37,2026-04,0,22,6,1
60f380cb-5824-4436-b6a6-f745c25cb906,eaa88430-0dfe-4c8b-88e7-006d4c186a37,2026-03,1,21,15,1
27e9ea2b-9361-45d8-8169-c76ba8ff8a70,eaa88430-0dfe-4c8b-88e7-006d4c186a37,2026-02,1,21,7,5
a2f7f2e0-864e-4e3f-90b9-d4a303d9eafb,8ef1ecbd-3546-4c17-956b-cae06607d80a,2026-07,0,22,11,6
bb1fd740-d5df-4bea-a784-f97ecc7e7ec9,8ef1ecbd-3546-4c17-956b-cae06607d80a,2026-06,1,21,11,9
6f3b8add-f261-4b25-b28f-c4b1082ade46,8ef1ecbd-3546-4c17-956b-cae06607d80a,2026-05,1,21,9,6
679efa40-ea96-47d3-b599-988997877336,8ef1ecbd-3546-4c17-956b-cae06607d80a,2026-04,1,21,8,7
301e8856-c819-4ea8-8022-b9838bc47af1,8ef1ecbd-3546-4c17-956b-cae06607d80a,2026-03,0,22,8,4
0fea365b-ba5c-4b3f-9185-e8ec94bf6773,8ef1ecbd-3546-4c17-956b-cae06607d80a,2026-02,0,22,14,0
e50f1921-33f6-4bcb-921a-34a874bbed29,5fe2f125-6419-4f33-b6a6-2c2d8be35a3a,2026-07,1,21,9,4
caf41c82-1104-42fe-8033-631572b12bfb,5fe2f125-6419-4f33-b6a6-2c2d8be35a3a,2026-06,1,21,14,3
a2eb9817-147e-4df3-9353-5c6cfedf1308,5fe2f125-6419-4f33-b6a6-2c2d8be35a3a,2026-05,0,22,7,7
55e40e9b-9a3e-4b64-b9ac-6af87b0779d6,5fe2f125-6419-4f33-b6a6-2c2d8be35a3a,2026-04,0,22,12,3
b1ae230d-5523-4cc7-891c-6bcf50f1e06e,5fe2f125-6419-4f33-b6a6-2c2d8be35a3a,2026-03,0,22,9,3
c807f833-1f49-48b4-b07a-a3d14d21636d,5fe2f125-6419-4f33-b6a6-2c2d8be35a3a,2026-02,1,21,6,10
593e9203-8bb8-4b83-aabd-51db90df5233,a929dc16-0c29-4b0d-9edd-93111b79ca8a,2026-07,0,22,5,6
f9084b49-1cb0-4f89-960f-71f77de62222,a929dc16-0c29-4b0d-9edd-93111b79ca8a,2026-06,1,21,6,2
818f17a4-ea32-459a-9893-cdab21176176,a929dc16-0c29-4b0d-9edd-93111b79ca8a,2026-05,1,21,14,3
0ac24bda-7ab0-4f29-b0bf-ff64204d428c,a929dc16-0c29-4b0d-9edd-93111b79ca8a,2026-04,1,21,12,8
0414242a-bfd2-4c30-bdf6-0175b3da8dde,a929dc16-0c29-4b0d-9edd-93111b79ca8a,2026-03,0,22,9,2
c5c12d19-4936-4ea5-901c-f7e6f96dbfba,a929dc16-0c29-4b0d-9edd-93111b79ca8a,2026-02,0,22,9,0
05423585-e50a-45c5-a9d7-a18a1035e2f5,4db19165-70b3-4e7b-9ea5-4c8d8ae7e64d,2026-07,1,21,1,10
6dbcc11f-4f85-4f41-82f4-de651392edbc,4db19165-70b3-4e7b-9ea5-4c8d8ae7e64d,2026-06,3,19,10,9
3cfe0d3a-d737-44d9-aa01-292b42dcd4ef,4db19165-70b3-4e7b-9ea5-4c8d8ae7e64d,2026-05,2,20,9,9
166350d6-9c6f-4e54-b66f-7260ef225d08,4db19165-70b3-4e7b-9ea5-4c8d8ae7e64d,2026-04,1,21,9,7
4a3f85d1-2d3b-499c-bcad-f4432abc0412,4db19165-70b3-4e7b-9ea5-4c8d8ae7e64d,2026-03,2,20,4,8
547c94f6-d391-4920-9231-6f22980a30a2,4db19165-70b3-4e7b-9ea5-4c8d8ae7e64d,2026-02,2,20,0,5
bca11b8d-9f78-47f5-9c2b-77b222807cda,8772a587-a814-4c40-9ffa-01f07a23e11a,2026-07,0,22,14,0
d31dde27-9de9-4bca-b942-e79cf6869b58,8772a587-a814-4c40-9ffa-01f07a23e11a,2026-06,0,22,8,1
ba860bb6-0df8-4ceb-aa08-558caf08cde4,8772a587-a814-4c40-9ffa-01f07a23e11a,2026-05,0,22,9,4
7c8af5ed-d915-41ed-9ed8-757ad39479cf,8772a587-a814-4c40-9ffa-01f07a23e11a,2026-04,1,21,13,5
badd506c-6783-43c4-85da-2d237d1fe5b3,8772a587-a814-4c40-9ffa-01f07a23e11a,2026-03,1,21,9,7
8b034801-7e82-4361-873c-cde9160c84dc,8772a587-a814-4c40-9ffa-01f07a23e11a,2026-02,1,21,15,1
8b6ef214-380a-4a38-a798-30b46d27c215,13e6bfc3-3929-4f23-a54f-3f2bb2966312,2026-07,0,22,10,9
f499acd1-51be-4c1d-90df-97f8e4e64fe0,13e6bfc3-3929-4f23-a54f-3f2bb2966312,2026-06,0,22,12,5
4dde3f5c-efa4-4a76-a17d-3f42d9c9c8b4,13e6bfc3-3929-4f23-a54f-3f2bb2966312,2026-05,0,22,5,6
741faeaa-71b5-43c9-bd93-1c8aceafbbd8,13e6bfc3-3929-4f23-a54f-3f2bb2966312,2026-04,1,21,11,8
6dec89f8-b4a1-4a42-86b0-a9ed2ea82f4b,13e6bfc3-3929-4f23-a54f-3f2bb2966312,2026-03,1,21,9,2
995df0ed-b530-4a3f-9780-53540c6193f5,13e6bfc3-3929-4f23-a54f-3f2bb2966312,2026-02,0,22,15,4
c4adf267-7c47-4828-8d99-b28e8baa7c42,765aa0f5-1df7-4d13-b9a2-99c6ac1da22f,2026-07,2,20,4,8
523b6ecb-09d4-4f89-abd4-8d9a6f3ebb17,765aa0f5-1df7-4d13-b9a2-99c6ac1da22f,2026-06,3,19,4,0
fec39b46-15c1-4ba9-ba8b-60a3ad26dbf9,765aa0f5-1df7-4d13-b9a2-99c6ac1da22f,2026-05,4,18,4,10
c55e5e45-f9e4-4809-8e48-20c5b513b5b1,765aa0f5-1df7-4d13-b9a2-99c6ac1da22f,2026-04,5,17,3,1
ba69249b-c5bd-405f-a60b-44b5d19f2f25,765aa0f5-1df7-4d13-b9a2-99c6ac1da22f,2026-03,3,19,5,0
2534b26d-371b-4e6f-a3e8-d20344873879,765aa0f5-1df7-4d13-b9a2-99c6ac1da22f,2026-02,3,19,2,1
53516cee-41eb-4de8-a16a-d428a86722ac,96e871d5-f00c-404a-ad65-75765d43993e,2026-07,0,22,6,9
53079b93-8247-4c86-acc2-f0f622b38a27,96e871d5-f00c-404a-ad65-75765d43993e,2026-06,0,22,11,3
ef3fd816-c643-431c-90c4-fcb3d7f14cd5,96e871d5-f00c-404a-ad65-75765d43993e,2026-05,1,21,10,1
f2b77e13-3237-4e23-b7d0-afed33dacdc6,96e871d5-f00c-404a-ad65-75765d43993e,2026-04,1,21,9,9
1345c844-8f1d-4fec-9d7b-7404e784544e,96e871d5-f00c-404a-ad65-75765d43993e,2026-03,0,22,10,0
91393f0f-3a36-4026-a0fb-f336f62f3e6f,96e871d5-f00c-404a-ad65-75765d43993e,2026-02,1,21,10,8
a51ff968-8dcd-44f6-bd86-31094c26f97b,21873b7c-9ad6-416e-8e19-cf9163cac91b,2026-07,1,21,12,10
f9b902e2-f798-42aa-8e7e-7f43fd69d4a5,21873b7c-9ad6-416e-8e19-cf9163cac91b,2026-06,0,22,10,7
b8aaa87e-aaa1-475f-a416-5ed85f8a55a1,21873b7c-9ad6-416e-8e19-cf9163cac91b,2026-05,1,21,8,4
b80cd66e-8e94-439b-83c8-786530cc440f,21873b7c-9ad6-416e-8e19-cf9163cac91b,2026-04,0,22,12,8
f1ce3ad9-bdfd-40e3-9484-56e7c87faefb,21873b7c-9ad6-416e-8e19-cf9163cac91b,2026-03,0,22,12,5
7162a99f-e465-4d5a-bab9-797b5bf52550,21873b7c-9ad6-416e-8e19-cf9163cac91b,2026-02,1,21,8,4
bc888fb8-c3f2-4b64-a6eb-a20cfca618be,c3ba6d27-5250-4549-ad46-333b8f1907f5,2026-07,0,22,6,6
3e9f483d-1fe4-4aa6-a1e9-ff5986eabc10,c3ba6d27-5250-4549-ad46-333b8f1907f5,2026-06,1,21,10,7
c5162754-5575-4a64-b90c-d14e5cd35bc3,c3ba6d27-5250-4549-ad46-333b8f1907f5,2026-05,0,22,6,8
e18f9e17-5cc5-47ae-aea5-786166e0d4e0,c3ba6d27-5250-4549-ad46-333b8f1907f5,2026-04,0,22,6,1
f4ab2e67-c452-4c0d-91ff-e605a796c971,c3ba6d27-5250-4549-ad46-333b8f1907f5,2026-03,1,21,6,0
0dd2044d-3a57-4098-9144-75a4d7148d59,c3ba6d27-5250-4549-ad46-333b8f1907f5,2026-02,1,21,7,1
c7bd74ca-af5b-488d-962d-12d7da341c45,53a3e6bb-b2fc-4d1f-acfa-a053b6109c6d,2026-07,1,21,12,8
ec0401f8-8054-4eca-b3b9-db3a1455692e,53a3e6bb-b2fc-4d1f-acfa-a053b6109c6d,2026-06,0,22,6,10
0849e9e3-c5cc-4257-bb93-bc037b56e096,53a3e6bb-b2fc-4d1f-acfa-a053b6109c6d,2026-05,0,22,6,2
aba92050-f6d9-4400-9f84-a25528b3ef91,53a3e6bb-b2fc-4d1f-acfa-a053b6109c6d,2026-04,1,21,9,6
9b29d2c9-a391-40b9-82fc-b54b6b548feb,53a3e6bb-b2fc-4d1f-acfa-a053b6109c6d,2026-03,1,21,7,3
0a7f9aaa-328a-4056-9f12-919369b792f8,53a3e6bb-b2fc-4d1f-acfa-a053b6109c6d,2026-02,1,21,7,7
60f1f9b8-d2ab-4ca8-a12c-613297aa4874,0bf63119-100d-47bd-ac30-c233e86a4ebf,2026-07,1,21,7,9
85c7640e-316c-4ceb-b45e-8219d836eacf,0bf63119-100d-47bd-ac30-c233e86a4ebf,2026-06,0,22,8,0
7fc13689-79b4-4277-9cdf-9cae5d1fe073,0bf63119-100d-47bd-ac30-c233e86a4ebf,2026-05,1,21,11,3
08ab16b3-ae6c-45b2-9e6a-c08552ceea29,0bf63119-100d-47bd-ac30-c233e86a4ebf,2026-04,1,21,5,0
317aa783-1f16-4560-bae3-b4d4f1cd7f18,0bf63119-100d-47bd-ac30-c233e86a4ebf,2026-03,0,22,6,4
b55a9452-f8d0-4385-a9a7-1868dcc97152,0bf63119-100d-47bd-ac30-c233e86a4ebf,2026-02,1,21,6,2
27b7e22e-f43d-43c4-8908-b0a5fb34c052,9280ccaf-2cd7-4890-bdd7-4e459a68703d,2026-07,6,16,3,9
f5135737-88b7-42f1-b5c1-be00f909b0cc,9280ccaf-2cd7-4890-bdd7-4e459a68703d,2026-06,2,20,2,1
3e7f6574-c234-4017-aa74-328020b0cb3a,9280ccaf-2cd7-4890-bdd7-4e459a68703d,2026-05,6,16,4,2
15678f4b-a842-4645-be44-9b77e3014d57,9280ccaf-2cd7-4890-bdd7-4e459a68703d,2026-04,5,17,4,6
e39c11f3-b3e7-45c3-b0c1-ab6b81cee09b,9280ccaf-2cd7-4890-bdd7-4e459a68703d,2026-03,2,20,5,2
9e7e6636-ca0b-4387-b2f3-e9b0106a92f1,9280ccaf-2cd7-4890-bdd7-4e459a68703d,2026-02,4,18,1,0
8b3d320b-b8fd-4944-9993-c9f2dd059f4b,137b2a8e-ff95-441b-8784-ad3a73145ae4,2026-07,0,22,7,4
51359d8a-c369-4f85-9a58-bc90838433aa,137b2a8e-ff95-441b-8784-ad3a73145ae4,2026-06,1,21,9,7
ebaf54f0-2239-447f-a383-5142af6848ea,137b2a8e-ff95-441b-8784-ad3a73145ae4,2026-05,0,22,12,2
5cd9e021-c6d8-4b71-a86c-776cf957717b,137b2a8e-ff95-441b-8784-ad3a73145ae4,2026-04,0,22,9,7
6fd8a7bd-1de0-4a77-9e52-9624d14e8b96,137b2a8e-ff95-441b-8784-ad3a73145ae4,2026-03,0,22,11,6
856c961e-cee3-45c2-8174-cdd78d97ffcc,137b2a8e-ff95-441b-8784-ad3a73145ae4,2026-02,0,22,6,2
36bb3a1d-e0b1-4560-819f-7d355c9e58e3,ac1ebae7-118f-489c-8554-56261ef5acce,2026-07,0,22,11,2
97d514ed-bc56-46c9-a038-c8eeaf102b48,ac1ebae7-118f-489c-8554-56261ef5acce,2026-06,0,22,15,1
d851f1ff-6f0e-4561-bc81-780f43c3b1d2,ac1ebae7-118f-489c-8554-56261ef5acce,2026-05,1,21,9,8
ee0109d3-0a36-4760-b393-f97ce9922a82,ac1ebae7-118f-489c-8554-56261ef5acce,2026-04,0,22,6,8
df2ee321-67a5-4b7a-ba3e-2ca42379d1a7,ac1ebae7-118f-489c-8554-56261ef5acce,2026-03,0,22,15,2
1396ba3a-b455-481c-9ad0-543200b2afe2,ac1ebae7-118f-489c-8554-56261ef5acce,2026-02,1,21,8,5
16566f63-d95c-45fb-b770-0acb3ab47716,009cc850-8d30-42f1-850b-93806566e3b3,2026-07,3,19,0,0
621a42e3-b8cb-440e-ae50-3992b4006701,009cc850-8d30-42f1-850b-93806566e3b3,2026-06,1,21,2,1
dd808183-ae18-44d6-b836-b80d56fbed85,009cc850-8d30-42f1-850b-93806566e3b3,2026-05,1,21,8,1
05c0eee6-93d5-4305-b61e-cf1d5183e34d,009cc850-8d30-42f1-850b-93806566e3b3,2026-04,2,20,5,10
18637b7f-e692-4309-b024-0962acf009d8,009cc850-8d30-42f1-850b-93806566e3b3,2026-03,2,20,6,3
73184d79-1606-4d2b-b2bd-309a126d3db3,009cc850-8d30-42f1-850b-93806566e3b3,2026-02,1,21,5,0
9218496d-fbe9-46c8-8183-b5def893efe7,c3cb1bc2-b4bc-46a9-9d07-5af1a4286613,2026-07,3,19,8,0
1c07fac3-7416-42c0-96d4-9ced3ab3837d,c3cb1bc2-b4bc-46a9-9d07-5af1a4286613,2026-06,3,19,10,8
9e2dfd93-ca12-414a-b84d-513a920b7d56,c3cb1bc2-b4bc-46a9-9d07-5af1a4286613,2026-05,3,19,8,7
baf61a9b-4760-4a49-b124-1c11bb76dad1,c3cb1bc2-b4bc-46a9-9d07-5af1a4286613,2026-04,1,21,10,0
72b7e427-bfa9-4f33-ab26-02d2b544be92,c3cb1bc2-b4bc-46a9-9d07-5af1a4286613,2026-03,1,21,0,10
1c1468a3-7f7c-44a8-85b5-52a34daf6e76,c3cb1bc2-b4bc-46a9-9d07-5af1a4286613,2026-02,2,20,6,1
7f5751a1-acac-4eed-90e2-b364a82fb209,f2074da0-31ad-4f44-9f4e-6758c09dea0d,2026-07,0,22,5,4
18b18989-45e2-410c-9d7b-57a19fe4eb51,f2074da0-31ad-4f44-9f4e-6758c09dea0d,2026-06,1,21,7,10
8703fc5d-a673-4052-9bd9-6c2a7259b4b5,f2074da0-31ad-4f44-9f4e-6758c09dea0d,2026-05,1,21,11,0
11ee7157-a955-48cf-b3c0-20e205c67dd8,f2074da0-31ad-4f44-9f4e-6758c09dea0d,2026-04,1,21,11,8
4c6153bb-4410-40da-9152-e51b2cb8fdac,f2074da0-31ad-4f44-9f4e-6758c09dea0d,2026-03,0,22,13,1
ea1eadec-58a6-4776-b721-54b56ee2d4a1,f2074da0-31ad-4f44-9f4e-6758c09dea0d,2026-02,1,21,11,8
1b598cce-6067-49c3-97da-b1c623f6b914,a629701d-206c-49d4-ac22-4d735603870f,2026-07,3,19,3,10
33d26ee2-1cc8-4504-8b54-122aa0b842ed,a629701d-206c-49d4-ac22-4d735603870f,2026-06,3,19,5,10
64610d37-6a9f-4c3d-9a4e-ff23f3398bb7,a629701d-206c-49d4-ac22-4d735603870f,2026-05,3,19,3,4
4048b023-85e6-498f-b51c-848a0a6bc639,a629701d-206c-49d4-ac22-4d735603870f,2026-04,2,20,1,6
ed4c716c-ee1c-4f72-b9a4-fed0ec2b999b,a629701d-206c-49d4-ac22-4d735603870f,2026-03,4,18,2,10
c111b881-52d9-49bc-8f7a-c60790cbfdec,a629701d-206c-49d4-ac22-4d735603870f,2026-02,5,17,1,1
12191b5e-080f-48fb-b454-5057092f8742,38cd41e0-bbef-40b4-b450-64a130a935de,2026-07,0,22,10,3
daf090a7-1b70-49c6-aba2-4b72ecda7b09,5cb81f28-5cf3-4fb8-b33f-548cb308ab3a,2026-07,1,21,14,2
7fea862d-82e2-4e5f-801f-f87fb69aecb2,5cb81f28-5cf3-4fb8-b33f-548cb308ab3a,2026-06,1,21,14,5
356806af-fe62-4ede-8c7a-dc2b575fcbdc,5cb81f28-5cf3-4fb8-b33f-548cb308ab3a,2026-05,1,21,15,2
d86b554b-8a0c-46fa-b01c-a2a2e244a952,5cb81f28-5cf3-4fb8-b33f-548cb308ab3a,2026-04,0,22,7,3
b2c16000-ae7d-4711-8590-48807c32f997,5cb81f28-5cf3-4fb8-b33f-548cb308ab3a,2026-03,1,21,15,5
cc02b7ed-7a1d-4f39-83a5-56c9073e8168,5cb81f28-5cf3-4fb8-b33f-548cb308ab3a,2026-02,0,22,13,3
769dff84-2ad6-494d-96e6-f2c51df75391,71bd1626-70a0-402f-b406-318f885ee411,2026-07,6,16,2,0
8b649bf0-8791-4d43-92c1-376faee1d68f,71bd1626-70a0-402f-b406-318f885ee411,2026-06,2,20,3,10
8a2aee8f-8033-47b8-9725-c91897c23d50,71bd1626-70a0-402f-b406-318f885ee411,2026-05,4,18,3,4
caefcbe2-4498-4ae8-b456-c0f07c959f79,71bd1626-70a0-402f-b406-318f885ee411,2026-04,4,18,0,5
98f627fe-43b0-4e7f-acab-7246a52d8ae3,71bd1626-70a0-402f-b406-318f885ee411,2026-03,6,16,4,10
a5f9eb35-5734-4d98-9e14-2bd64cab5620,71bd1626-70a0-402f-b406-318f885ee411,2026-02,3,19,0,8
6e53db38-3207-4537-8357-aa6ff003cd32,98172343-218d-4f1a-83d9-2dabdc2f94e3,2026-07,1,21,7,0
4482bde4-3b1d-4667-bea4-dee60c8c9187,98172343-218d-4f1a-83d9-2dabdc2f94e3,2026-06,0,22,9,9
cebac9bc-0918-459b-94f4-3f9236f9c899,98172343-218d-4f1a-83d9-2dabdc2f94e3,2026-05,1,21,11,2
b0e84150-d063-4941-a03d-7256e7906f6a,98172343-218d-4f1a-83d9-2dabdc2f94e3,2026-04,0,22,10,5
d78f333f-6d88-4550-a890-d5e0f5edfc8e,98172343-218d-4f1a-83d9-2dabdc2f94e3,2026-03,0,22,6,9
a37dbc76-c45e-49ae-82ad-c8f9a946822b,98172343-218d-4f1a-83d9-2dabdc2f94e3,2026-02,1,21,10,0
f802008a-206d-48e3-a264-afb8e8cdc0e1,9cebedd9-c773-43b5-8ad3-aadb6e3b4684,2026-07,1,21,8,3
6d05c534-2d51-4ea3-872b-f3b64ae290f4,9cebedd9-c773-43b5-8ad3-aadb6e3b4684,2026-06,0,22,8,5
22132c0b-327f-493c-bf37-cca24f47e938,9cebedd9-c773-43b5-8ad3-aadb6e3b4684,2026-05,0,22,11,0
ab172c18-7960-40ae-99b9-a55119652100,9cebedd9-c773-43b5-8ad3-aadb6e3b4684,2026-04,0,22,5,10
28ef2ccd-e3f1-46a2-9710-3d8a25aecbcd,9cebedd9-c773-43b5-8ad3-aadb6e3b4684,2026-03,0,22,7,10
ab5c3d2e-72fe-4811-8c30-0f046f1aa242,bdab553e-38b0-4faf-bc1f-99a6f8c2139c,2026-07,3,19,2,1
fdae699c-7993-4271-a5fc-da248743a61a,bdab553e-38b0-4faf-bc1f-99a6f8c2139c,2026-06,5,17,1,7
31db70bb-bbbd-4bd4-b9bf-702e3816c14d,bdab553e-38b0-4faf-bc1f-99a6f8c2139c,2026-05,6,16,4,0
14b728df-25c3-48a7-8477-d5c27baab94b,bdab553e-38b0-4faf-bc1f-99a6f8c2139c,2026-04,6,16,0,0
5f04b1ab-d163-49e3-af64-6c8051a2424e,bdab553e-38b0-4faf-bc1f-99a6f8c2139c,2026-03,6,16,5,9
49fa590b-bb8f-483d-958d-c30f03641aba,bdab553e-38b0-4faf-bc1f-99a6f8c2139c,2026-02,2,20,4,7
b9df3ee9-b7a6-40e8-8302-85afe999173e,2c4cc94a-3a1f-4bf3-9849-4d4d083654aa,2026-07,1,21,7,2
9c34b892-8857-433e-8ede-06f965cf0da4,2c4cc94a-3a1f-4bf3-9849-4d4d083654aa,2026-06,0,22,14,8
2eded8cb-778e-44f2-8c44-27360d9dfd57,2c4cc94a-3a1f-4bf3-9849-4d4d083654aa,2026-05,0,22,11,9
c18066e9-ac96-472c-84fa-961ca5c20ca1,2c4cc94a-3a1f-4bf3-9849-4d4d083654aa,2026-04,0,22,15,5
2eea564f-5d24-426b-b3aa-b10d93e62602,2c4cc94a-3a1f-4bf3-9849-4d4d083654aa,2026-03,0,22,13,7
6faa2522-8065-491e-bb7f-e8267c1ed7c0,2c4cc94a-3a1f-4bf3-9849-4d4d083654aa,2026-02,1,21,7,7
54fdfe66-8591-4b4b-a606-84034c30d324,48368453-4748-494d-8134-d52273aff14a,2026-07,1,21,11,7
60e4e827-7d31-42ca-a739-c3628c9ad1e2,21b9eb5c-afbd-4713-be14-4360e5e82d55,2026-07,0,22,6,1
d40a9bfe-1140-40d0-b32e-f4a7b9785749,21b9eb5c-afbd-4713-be14-4360e5e82d55,2026-06,0,22,15,0
03a27062-ed4e-4bfa-80ec-8fa05c103db1,21b9eb5c-afbd-4713-be14-4360e5e82d55,2026-05,0,22,10,8
d156a57a-08e3-4500-b180-f15a8263e0bb,21b9eb5c-afbd-4713-be14-4360e5e82d55,2026-04,0,22,8,3
a334b8a0-df48-4f2f-b95d-d421bdbc4f59,21b9eb5c-afbd-4713-be14-4360e5e82d55,2026-03,0,22,7,5
07be8473-539d-4433-9e16-6b3e229e54a9,21b9eb5c-afbd-4713-be14-4360e5e82d55,2026-02,1,21,6,5
64d5b8c9-c798-4f19-bd1b-206dc0cf4951,129d76ed-d875-438d-8aeb-ad71031e3de2,2026-07,1,21,13,4
2f070a79-0398-4792-ba59-b1e780a3efc2,129d76ed-d875-438d-8aeb-ad71031e3de2,2026-06,0,22,5,6
78c8b986-f188-4cce-b1ea-eb7f34b87c9d,129d76ed-d875-438d-8aeb-ad71031e3de2,2026-05,0,22,10,3
b778b981-3b1d-428e-9b4a-e4cadd5737d2,129d76ed-d875-438d-8aeb-ad71031e3de2,2026-04,1,21,10,8
64c3558f-3e72-4304-a598-ec8cffac9c94,129d76ed-d875-438d-8aeb-ad71031e3de2,2026-03,1,21,10,2
996800cf-4aef-4922-a2f2-54697313af72,129d76ed-d875-438d-8aeb-ad71031e3de2,2026-02,0,22,12,2
f1692dcd-2680-47ed-ba94-ba7951be82ed,13c053c2-dfe2-4050-a08d-9695b43faefd,2026-07,4,18,0,9
5fe49e5f-d4b5-4011-85b3-bb8a337533b0,13c053c2-dfe2-4050-a08d-9695b43faefd,2026-06,3,19,5,9
91665641-e9a3-4fa5-af00-66ea088dcdd2,13c053c2-dfe2-4050-a08d-9695b43faefd,2026-05,5,17,2,6
7363ee63-9179-4a19-9f76-dc2430d6e29d,13c053c2-dfe2-4050-a08d-9695b43faefd,2026-04,4,18,0,0
dc107980-8efd-48ec-a98f-7b382fbe42e4,13c053c2-dfe2-4050-a08d-9695b43faefd,2026-03,4,18,4,1
55da7cce-ce10-4704-a5fb-830f37163e71,13c053c2-dfe2-4050-a08d-9695b43faefd,2026-02,6,16,1,2
797adc31-e0c2-47e1-b560-3a2ce4205522,6203e1ee-0792-49e0-822d-a1e187c0089f,2026-07,5,17,1,5
03f04164-61a3-443e-bc23-7aa85d62eee5,6203e1ee-0792-49e0-822d-a1e187c0089f,2026-06,4,18,1,2
66a63188-14b2-41da-a2e5-ab3dade68376,6203e1ee-0792-49e0-822d-a1e187c0089f,2026-05,2,20,5,1
9e51fd99-9310-4748-a5b2-03de45595219,6203e1ee-0792-49e0-822d-a1e187c0089f,2026-04,6,16,4,1
0f3cf817-89e4-4003-8fdd-553f9e0115d6,6203e1ee-0792-49e0-822d-a1e187c0089f,2026-03,3,19,0,6
1af27436-952f-4c48-b6bd-a06bdd630f2e,6203e1ee-0792-49e0-822d-a1e187c0089f,2026-02,4,18,4,4
e733bf7d-feb9-434c-8de8-1a88d4437353,df2a0329-c692-4e94-8099-b2befe8cb4f1,2026-07,5,17,0,1
b4b6543c-7786-47ed-9493-0fe953e5404b,df2a0329-c692-4e94-8099-b2befe8cb4f1,2026-06,2,20,5,7
d3904bea-b14b-4c44-ad79-35615de2aa19,df2a0329-c692-4e94-8099-b2befe8cb4f1,2026-05,6,16,0,10
4d8699a8-eb32-4a11-ab55-0a6a8dc6e7a0,df2a0329-c692-4e94-8099-b2befe8cb4f1,2026-04,4,18,3,6
7c0d1264-2598-411b-98f2-1875559b2a2f,df2a0329-c692-4e94-8099-b2befe8cb4f1,2026-03,5,17,3,6
2fa8aa5e-e8e3-4d27-a9bb-ef1d5dea50d0,df2a0329-c692-4e94-8099-b2befe8cb4f1,2026-02,4,18,2,2
b763955b-36fd-4db4-bffa-698eb2bd630c,24fa7844-f037-4700-ab8d-0966b364447a,2026-07,5,17,0,4
ff76592c-1bb0-4995-a2ed-76f87f1308c6,24fa7844-f037-4700-ab8d-0966b364447a,2026-06,3,19,4,0
12d3b15d-d754-4736-9d96-31efb632c745,24fa7844-f037-4700-ab8d-0966b364447a,2026-05,4,18,4,2
5a2d3691-b01a-4e90-bbab-e68b52698b34,24fa7844-f037-4700-ab8d-0966b364447a,2026-04,4,18,0,0
121296df-e5a3-413d-9d6e-d8dd35364e69,24fa7844-f037-4700-ab8d-0966b364447a,2026-03,3,19,3,8
a163d89b-b911-45e1-9bcf-8a36e626292a,24fa7844-f037-4700-ab8d-0966b364447a,2026-02,4,18,4,1
9df0413f-9457-48b8-9213-eee11a711531,44bd5790-7b96-4d36-bd8a-b546853f6215,2026-07,1,21,11,0
3d3ab5f8-9b39-4f83-a08b-f2478715eae7,44bd5790-7b96-4d36-bd8a-b546853f6215,2026-06,0,22,12,7
7bed3084-0ab7-48cb-a05b-839c64fd5c72,44bd5790-7b96-4d36-bd8a-b546853f6215,2026-05,0,22,8,1
add2785a-5178-4186-ac3c-08bcc671fd97,44bd5790-7b96-4d36-bd8a-b546853f6215,2026-04,0,22,7,7
96403881-1de2-43d5-8acb-9e7af07584d8,44bd5790-7b96-4d36-bd8a-b546853f6215,2026-03,0,22,6,9
8f6e50a4-098d-4238-a328-ba0be945c3aa,44bd5790-7b96-4d36-bd8a-b546853f6215,2026-02,1,21,8,0
681e4a34-3218-4fdd-a7cd-850ce99a87aa,5ae2f0cb-3910-4e07-8272-5fcf199e2b8c,2026-07,0,22,9,6
6cac2f1d-8e30-4055-834a-f735c837ad93,5ae2f0cb-3910-4e07-8272-5fcf199e2b8c,2026-06,1,21,6,9
7efb265e-2042-4c3e-a584-c609c5103478,5ae2f0cb-3910-4e07-8272-5fcf199e2b8c,2026-05,0,22,13,6
e677d8de-776f-42b3-b86e-01378b2ee709,5ae2f0cb-3910-4e07-8272-5fcf199e2b8c,2026-04,0,22,11,10
f1c2cd35-83d0-4b95-b951-257bf73fa1cd,5ae2f0cb-3910-4e07-8272-5fcf199e2b8c,2026-03,1,21,10,5
72f6666d-971a-4bca-bcd0-31a77fbbec72,5ae2f0cb-3910-4e07-8272-5fcf199e2b8c,2026-02,0,22,15,3
8ed79fc5-d9d5-4818-87eb-a1878d9e8e71,44da7025-7d88-4073-930e-4076ced86310,2026-07,0,22,12,4
ed295400-f252-47a1-b876-5c9dfa2d31ed,44da7025-7d88-4073-930e-4076ced86310,2026-06,0,22,12,10
de4acc10-4a0c-4f0b-a87d-f8b6c4a2f146,44da7025-7d88-4073-930e-4076ced86310,2026-05,1,21,10,10
b04564ff-b319-4f89-92df-d6b473332dd5,44da7025-7d88-4073-930e-4076ced86310,2026-04,1,21,5,7
04792703-f8a8-4dba-90d1-7b65339cd942,44da7025-7d88-4073-930e-4076ced86310,2026-03,0,22,11,2
caa6228b-f1dc-4c1d-8af6-e1d6910519ca,44da7025-7d88-4073-930e-4076ced86310,2026-02,0,22,10,9
d08f59d9-8366-4e3b-a0be-0814b7609a3d,57de502e-22e1-4ed1-9d06-915def99a041,2026-07,3,19,6,0
1e6861f0-e9e5-499a-b402-ec9b238f8b33,57de502e-22e1-4ed1-9d06-915def99a041,2026-06,1,21,10,0
7486ba24-8256-4ee0-ac12-f09d165d674e,57de502e-22e1-4ed1-9d06-915def99a041,2026-05,3,19,4,1
175e21cc-9a55-46ed-a73a-247744a427fa,7f68e163-f283-4265-82c1-9b29c3e5af07,2026-07,0,22,15,3
40129a36-67a3-4140-b80b-4048081e1302,7f68e163-f283-4265-82c1-9b29c3e5af07,2026-06,1,21,12,5
5a4dbafb-da2e-4cf7-bb59-abcb5e2e71d9,7f68e163-f283-4265-82c1-9b29c3e5af07,2026-05,1,21,9,5
8d548bce-20ce-468e-935b-3f8d125836a7,7f68e163-f283-4265-82c1-9b29c3e5af07,2026-04,0,22,11,9
62aebf62-cd28-4568-b7f7-7dab9e6875c3,7f68e163-f283-4265-82c1-9b29c3e5af07,2026-03,0,22,10,6
b1edd028-fb8f-422c-a807-08b1d719bd14,7f68e163-f283-4265-82c1-9b29c3e5af07,2026-02,0,22,7,6
9c59f0cc-6f48-402b-ae30-ed1c3a2e37f7,194c2d4d-cbaf-4d32-9d95-35974370aa55,2026-07,1,21,14,9
865281f0-5f8f-4ebe-ae8a-61e6034381ae,194c2d4d-cbaf-4d32-9d95-35974370aa55,2026-06,0,22,8,7
336ab182-620b-463a-ba86-37134efacff5,194c2d4d-cbaf-4d32-9d95-35974370aa55,2026-05,0,22,10,9
763ee219-f62f-479d-a762-f3674c21c3ff,194c2d4d-cbaf-4d32-9d95-35974370aa55,2026-04,0,22,12,5
438350be-f115-46fe-a9bc-aeec4f3ee958,194c2d4d-cbaf-4d32-9d95-35974370aa55,2026-03,0,22,10,3
f80fef7b-13f1-4e9f-bddb-598f8f8f9076,194c2d4d-cbaf-4d32-9d95-35974370aa55,2026-02,1,21,7,7
c6e0d21f-fa53-4061-85ac-2c256e4b58cd,a55b7345-8c8d-4be6-a6e5-176b404c932c,2026-07,1,21,9,10
06fe97c3-9762-4823-8514-8321d89dfdda,a55b7345-8c8d-4be6-a6e5-176b404c932c,2026-06,0,22,10,4
fc7f961c-0f83-42b5-8b9f-6644e67b7264,a55b7345-8c8d-4be6-a6e5-176b404c932c,2026-05,0,22,14,4
ff26ff59-1c59-464f-9b40-6cf9b4a4c4e8,a55b7345-8c8d-4be6-a6e5-176b404c932c,2026-04,0,22,9,4
5aed5dbc-bc9a-4075-921c-f919c178c5e4,a55b7345-8c8d-4be6-a6e5-176b404c932c,2026-03,0,22,8,7
9f2fbc84-bc16-4c3f-83f4-f56f2d253d3d,a55b7345-8c8d-4be6-a6e5-176b404c932c,2026-02,1,21,6,8
ee8f6374-543b-4529-8baf-ffef20b7fb2e,0a2d0c29-bf33-469b-bf9a-9918fd034a27,2026-07,0,22,10,3
108c6ee7-9f6c-4225-a24d-3c577db86f34,0a2d0c29-bf33-469b-bf9a-9918fd034a27,2026-06,1,21,12,4
4a72f32a-f5fa-4117-9890-965a71c5e381,0a2d0c29-bf33-469b-bf9a-9918fd034a27,2026-05,0,22,7,2
7ee5d375-e620-436e-b065-ecb5233bac22,0a2d0c29-bf33-469b-bf9a-9918fd034a27,2026-04,1,21,5,9
3e1f39de-04c3-406d-a79a-0f25c4c40a8b,0a2d0c29-bf33-469b-bf9a-9918fd034a27,2026-03,0,22,10,4
bffdb207-87e9-4521-a3a2-6c565c8203a3,0a2d0c29-bf33-469b-bf9a-9918fd034a27,2026-02,0,22,11,2
89088dfc-a757-44a2-af51-6518c432c49a,17df8764-268a-4bea-baad-d6c3edccd53b,2026-07,0,22,12,6
f4c9eab5-3142-41a0-a88f-37c957fe0225,17df8764-268a-4bea-baad-d6c3edccd53b,2026-06,1,21,13,6
0e5e2da6-28da-4842-889d-3da157f216b2,17df8764-268a-4bea-baad-d6c3edccd53b,2026-05,0,22,14,6
0952ebce-a315-4b8f-ade1-d2f98e56c761,17df8764-268a-4bea-baad-d6c3edccd53b,2026-04,1,21,10,5
a969a0e1-8bf8-4cac-ada5-bf4612052daf,17df8764-268a-4bea-baad-d6c3edccd53b,2026-03,1,21,9,8
0613d203-44ef-4f43-9645-51b89063304c,17df8764-268a-4bea-baad-d6c3edccd53b,2026-02,1,21,15,5
9a8bfc96-665b-4f8f-a304-233b903ee9ae,28eb26fa-ab54-4970-9074-337df40283f7,2026-07,1,21,10,7
5009709a-3dc3-4435-8fa2-5606b73b683a,28eb26fa-ab54-4970-9074-337df40283f7,2026-06,0,22,12,0
9a54a8c0-75b9-4539-86be-fd3d036456ca,28eb26fa-ab54-4970-9074-337df40283f7,2026-05,1,21,10,0
d95a1530-64a7-4292-b303-fc1390fc4e15,28eb26fa-ab54-4970-9074-337df40283f7,2026-04,1,21,10,2
f16abfe6-4bb2-4f21-9ca0-0ebfdaa5d4d2,28eb26fa-ab54-4970-9074-337df40283f7,2026-03,0,22,8,5
a0293d09-9f32-4d51-9041-887b370b9ca6,28eb26fa-ab54-4970-9074-337df40283f7,2026-02,0,22,14,7
73c420a3-9c5d-4dca-8c12-b07a098f759a,39b89e8b-c52e-4a98-859d-1d5d3c304b5c,2026-07,3,19,2,6
c83992e6-bee1-482b-8ff1-10e2b3cc8996,39b89e8b-c52e-4a98-859d-1d5d3c304b5c,2026-06,1,21,4,5
9d6d3bad-89ba-4f75-80b9-ed85139866a5,39b89e8b-c52e-4a98-859d-1d5d3c304b5c,2026-05,1,21,8,0
3766fb0d-cf29-4ec3-9e57-11143b07825d,39b89e8b-c52e-4a98-859d-1d5d3c304b5c,2026-04,3,19,8,10
19bf1196-a39d-4ed5-83e9-1bd2f36af088,39b89e8b-c52e-4a98-859d-1d5d3c304b5c,2026-03,2,20,5,9
69750d01-0b3a-4962-a0a5-3590f68b2680,39b89e8b-c52e-4a98-859d-1d5d3c304b5c,2026-02,2,20,7,0
81b23fe5-d1d4-4e92-a696-84a67a6fe8b9,fc0492fb-bde1-425a-8bf1-2e80906f861b,2026-07,1,21,5,3
812ded76-e436-4597-8657-ba6a430c142d,fc0492fb-bde1-425a-8bf1-2e80906f861b,2026-06,0,22,15,0
ea4b3724-5df1-4225-a5d4-f4d440b70807,fc0492fb-bde1-425a-8bf1-2e80906f861b,2026-05,1,21,11,9
4f8b733f-c119-47d5-920f-493b998ca0ce,fc0492fb-bde1-425a-8bf1-2e80906f861b,2026-04,1,21,7,8
8e0a31a0-cde1-4de4-9d9c-2fa9c17029a1,fc0492fb-bde1-425a-8bf1-2e80906f861b,2026-03,0,22,11,4
039b91fb-22c0-445b-aaf0-53d23dd1fc36,fc0492fb-bde1-425a-8bf1-2e80906f861b,2026-02,0,22,7,0
114012fa-c736-4c76-aaaa-f90b417c64c2,e7268767-badc-4731-83f1-3df575365ff3,2026-07,1,21,5,1
61e84b68-b677-4d8b-9794-061475d4ca95,e7268767-badc-4731-83f1-3df575365ff3,2026-06,0,22,15,8
54914a12-6d0c-426b-af5a-14bff3565240,e7268767-badc-4731-83f1-3df575365ff3,2026-05,1,21,11,5
475d4533-61c0-4e57-9166-73794f552d85,e7268767-badc-4731-83f1-3df575365ff3,2026-04,1,21,7,8
e29fdecc-1d14-446e-b0b1-ca7bd6690766,e7268767-badc-4731-83f1-3df575365ff3,2026-03,0,22,11,0
bdce9fcd-d7ef-40ea-bd9a-15a5d41f6d33,e7268767-badc-4731-83f1-3df575365ff3,2026-02,0,22,9,9
14796c8e-7574-4d06-905d-dada7baa60ce,4746108b-2b48-4072-8347-d981b2a167dd,2026-07,0,22,5,3
09aa642a-dc84-4c67-9997-e9245a5f585c,4746108b-2b48-4072-8347-d981b2a167dd,2026-06,0,22,13,2
20ec7b1f-4196-4da0-94e6-ac467118b9b5,4746108b-2b48-4072-8347-d981b2a167dd,2026-05,1,21,8,6
b97c2e83-f078-4ba0-bbf7-d92adf6a7a5f,4746108b-2b48-4072-8347-d981b2a167dd,2026-04,0,22,14,10
520eaead-1ebd-43cc-8868-26241bee5d57,4746108b-2b48-4072-8347-d981b2a167dd,2026-03,1,21,10,3
c3655316-6f5c-4289-bdcb-fa0882a7eb77,4746108b-2b48-4072-8347-d981b2a167dd,2026-02,0,22,11,6
da492fce-bc80-4d6b-b32e-b4f096100b18,de1b3959-8cfe-44d1-b188-e385a3913aa5,2026-07,1,21,9,0
f6445898-1bca-421d-9de9-c0ead811bc1f,de1b3959-8cfe-44d1-b188-e385a3913aa5,2026-06,1,21,14,3
4c05f77d-08d2-4aa1-9e3a-e51974573ba9,de1b3959-8cfe-44d1-b188-e385a3913aa5,2026-05,1,21,10,9
5e3b153e-0c49-4539-b762-a39daa9ee69d,de1b3959-8cfe-44d1-b188-e385a3913aa5,2026-04,1,21,7,4
d3838369-da74-47b7-b8c6-9a8eabc599bf,de1b3959-8cfe-44d1-b188-e385a3913aa5,2026-03,1,21,5,0
c2c74b41-9b81-411c-853b-32c30b7b278c,de1b3959-8cfe-44d1-b188-e385a3913aa5,2026-02,0,22,11,1
505e7062-cd44-4605-ab27-4763a37f6c92,974fa9da-cf65-4282-89de-2802d4861605,2026-07,2,20,5,8
dca13bde-2a88-4970-8624-987c92fe3372,974fa9da-cf65-4282-89de-2802d4861605,2026-06,3,19,2,1
1674b9e6-3311-4b01-9af5-4c8a16faa3dc,974fa9da-cf65-4282-89de-2802d4861605,2026-05,4,18,1,2
e8d7e595-e5a2-45a7-9d81-182b9533e18a,974fa9da-cf65-4282-89de-2802d4861605,2026-04,6,16,0,3
a1c1912f-511c-40bb-b905-fbee3f1ec19f,974fa9da-cf65-4282-89de-2802d4861605,2026-03,2,20,5,1
fdedcb93-4d0f-48a1-a9ba-87166e076c61,974fa9da-cf65-4282-89de-2802d4861605,2026-02,6,16,3,9
579f745a-18f0-4efe-a027-7835ed5d2ade,6e86596e-09e8-4e52-bbd5-84bfd775d319,2026-07,1,21,7,9
47eb0675-0c7f-46e0-b82b-ff1ce7d843a7,6e86596e-09e8-4e52-bbd5-84bfd775d319,2026-06,0,22,12,0
bcb63f2f-2da8-43a0-a12b-7678b2490a1e,6e86596e-09e8-4e52-bbd5-84bfd775d319,2026-05,1,21,9,5
1cc73449-3bd4-4cb6-9df7-087e9d1b52ef,6e86596e-09e8-4e52-bbd5-84bfd775d319,2026-04,1,21,11,5
563a3d3d-d7dc-46e0-94e9-f8f60b7b21bd,6e86596e-09e8-4e52-bbd5-84bfd775d319,2026-03,0,22,5,10
6a77cdb0-e3f0-43be-a683-ab8f76d3af76,6e86596e-09e8-4e52-bbd5-84bfd775d319,2026-02,0,22,9,10
f361292d-271b-4b41-8340-db0d46a7e0be,79ea5c3b-a456-4646-96ad-38b62deaa860,2026-07,6,16,0,2
3bb398e3-2332-4f62-bbef-0ed347a042e7,79ea5c3b-a456-4646-96ad-38b62deaa860,2026-06,6,16,1,4
9fafa156-ff44-46cb-ad56-4c9f31b55b14,79ea5c3b-a456-4646-96ad-38b62deaa860,2026-05,4,18,2,5
9350c51c-fd31-4fea-85f1-db6bae130b2e,79ea5c3b-a456-4646-96ad-38b62deaa860,2026-04,4,18,1,9
41590d3a-949f-4be4-a64e-d34467a85f6a,79ea5c3b-a456-4646-96ad-38b62deaa860,2026-03,6,16,4,3
9e7b8f32-b398-404c-8f2f-a12ee5a7a5e8,79ea5c3b-a456-4646-96ad-38b62deaa860,2026-02,6,16,0,5
672856f7-362e-4f24-9796-71cb04f992d8,b5731655-62fd-47ed-a094-320ed4b4ce4b,2026-07,1,21,13,4
13c6e123-8568-4658-8988-bd5defd180ab,b5731655-62fd-47ed-a094-320ed4b4ce4b,2026-06,0,22,15,0
341ccc7d-5140-4683-b6a5-213774ed2bbd,bfa0e697-2948-40b9-949d-992a5c256b49,2026-07,0,22,12,7
e5b8f1c2-0ea6-4cb4-97b2-ae1caa78cba1,bfa0e697-2948-40b9-949d-992a5c256b49,2026-06,0,22,11,3
a611b41e-49ff-4b64-bf8b-43e9784be1ad,bfa0e697-2948-40b9-949d-992a5c256b49,2026-05,0,22,12,9
b3b3cb31-cf93-4dc3-a510-7a07bbb3159b,bfa0e697-2948-40b9-949d-992a5c256b49,2026-04,1,21,8,1
74484d03-aa22-4e54-aa9e-4f9bf490836f,bfa0e697-2948-40b9-949d-992a5c256b49,2026-03,0,22,12,10
04a71b97-ca38-4348-861d-6b0670142c39,bfa0e697-2948-40b9-949d-992a5c256b49,2026-02,1,21,15,1
0e9e95be-667a-41d4-8e8f-822bcd9b0c87,3aa1a160-24f4-4554-81ad-4eb18e14b727,2026-07,1,21,14,7
c47657df-fa69-4145-bc31-e804ef656016,3aa1a160-24f4-4554-81ad-4eb18e14b727,2026-06,1,21,8,6
5d5835c8-c6c7-4af4-baa2-004e2536a86d,3aa1a160-24f4-4554-81ad-4eb18e14b727,2026-05,1,21,15,10
b5eb67c7-d0cf-47be-bb35-b603faa66d13,3aa1a160-24f4-4554-81ad-4eb18e14b727,2026-04,1,21,13,0
7e85c23e-f02d-4a7b-9dc2-8fe0cfdb9653,3aa1a160-24f4-4554-81ad-4eb18e14b727,2026-03,0,22,15,0
0be4218d-87fd-4564-84ea-5d482d078424,3aa1a160-24f4-4554-81ad-4eb18e14b727,2026-02,0,22,12,3
851acd88-8b37-4435-815d-5571155673b5,e498117e-3130-43f1-a8b2-9952445d9e23,2026-07,0,22,8,3
fa719619-3122-4ede-938a-90aea7264f35,e498117e-3130-43f1-a8b2-9952445d9e23,2026-06,0,22,12,10
f37118a9-f117-4426-91f3-921a2b1bb838,e498117e-3130-43f1-a8b2-9952445d9e23,2026-05,1,21,14,5
534b70d8-a420-4d28-bb5d-782b83dc6e3f,e498117e-3130-43f1-a8b2-9952445d9e23,2026-04,0,22,10,0
b985e9c8-3f90-494b-92b9-83a1862d6317,e498117e-3130-43f1-a8b2-9952445d9e23,2026-03,0,22,13,0
48bb7f57-5f12-4e28-bf57-c1d110269708,e498117e-3130-43f1-a8b2-9952445d9e23,2026-02,1,21,13,4
bc8d155d-aa7c-4cc1-9a7e-84007858872d,91f44267-9ca9-4728-bbb6-47cdf75e54b0,2026-07,1,21,12,7
a41a07ee-001b-4ecd-9e7d-5e781b3ed4ea,91f44267-9ca9-4728-bbb6-47cdf75e54b0,2026-06,0,22,15,1
ef64cec5-0d17-4c53-8572-de6610855426,91f44267-9ca9-4728-bbb6-47cdf75e54b0,2026-05,0,22,15,7
b8b830f7-6d67-4d0f-ad94-90fed4f47f23,91f44267-9ca9-4728-bbb6-47cdf75e54b0,2026-04,1,21,10,7
712f437f-f63e-4f3d-90fe-fdeb23d5b3f6,91f44267-9ca9-4728-bbb6-47cdf75e54b0,2026-03,0,22,14,10
0032c763-5026-4b29-a430-80636716b99b,91f44267-9ca9-4728-bbb6-47cdf75e54b0,2026-02,0,22,6,7
fde318f6-494d-475b-902d-7355de4c5467,da8ce03c-ee82-407f-8ea5-486bd9a0fbb8,2026-07,0,22,5,8
d4ad1580-c009-4dbe-a594-34d4dac015c5,da8ce03c-ee82-407f-8ea5-486bd9a0fbb8,2026-06,1,21,9,3
5862f427-6d9d-406b-8290-639ae937f4a8,da8ce03c-ee82-407f-8ea5-486bd9a0fbb8,2026-05,0,22,9,3
48b4550b-55bc-4b87-86e7-e1298dd0dab3,da8ce03c-ee82-407f-8ea5-486bd9a0fbb8,2026-04,0,22,6,9
4c4b7dbe-fbda-4fd3-8703-4286a7feb459,da8ce03c-ee82-407f-8ea5-486bd9a0fbb8,2026-03,0,22,14,3
a704cada-58b6-4e30-9a4a-34aeda97dd04,da8ce03c-ee82-407f-8ea5-486bd9a0fbb8,2026-02,0,22,12,5
14a5e9fb-3c3d-4f36-b755-9d2d503f5893,78f2b6f3-a1fd-4525-97e3-0357c4efec81,2026-07,0,22,15,5
2ec27942-3ef9-412c-a01c-50d787e55827,78f2b6f3-a1fd-4525-97e3-0357c4efec81,2026-06,1,21,9,4
b3c77c7c-13a5-47f8-9f31-e8f9aafa719c,78f2b6f3-a1fd-4525-97e3-0357c4efec81,2026-05,0,22,5,9
e176d9bf-f5ab-42a2-bf90-1f575fdc9c89,78f2b6f3-a1fd-4525-97e3-0357c4efec81,2026-04,1,21,9,5
5f526384-6372-4dd2-9088-2e2f11cb2710,78f2b6f3-a1fd-4525-97e3-0357c4efec81,2026-03,0,22,8,2
7f5e7793-ba47-4314-b226-55833c5e818d,78f2b6f3-a1fd-4525-97e3-0357c4efec81,2026-02,1,21,11,1
97ff03a5-e5cc-4b12-92b2-157f15b4b8bd,91d04517-3109-4ab1-bfe1-b6c857f3a46d,2026-07,1,21,6,1
4dd3232d-4070-42c2-8c0c-eb143fc0580e,91d04517-3109-4ab1-bfe1-b6c857f3a46d,2026-06,1,21,12,3
2c18d413-8aa2-44a6-8599-b38b646f7baf,91d04517-3109-4ab1-bfe1-b6c857f3a46d,2026-05,0,22,11,10
f8f82041-8147-4ea5-8ad7-96c37c5d85ed,91d04517-3109-4ab1-bfe1-b6c857f3a46d,2026-04,1,21,9,5
139843bf-ba79-4e5e-aaa7-d8a83fa993c9,91d04517-3109-4ab1-bfe1-b6c857f3a46d,2026-03,0,22,5,1
c292bfd0-66c6-496c-9b57-fbb951268ba1,91d04517-3109-4ab1-bfe1-b6c857f3a46d,2026-02,1,21,10,0
f5ba8ee3-4593-4529-90fc-63893717f004,93668de2-9fd6-475a-8b3f-1d572df1be43,2026-07,0,22,8,10
97681364-9ddf-449a-ac97-2ef7137601fc,93668de2-9fd6-475a-8b3f-1d572df1be43,2026-06,1,21,12,3
381630b6-621f-4d59-b235-2a75a428b70d,93668de2-9fd6-475a-8b3f-1d572df1be43,2026-05,0,22,6,1
dee40704-d135-44fe-b337-ad73ab340b3d,93668de2-9fd6-475a-8b3f-1d572df1be43,2026-04,0,22,6,10
237c8634-18e6-493c-8364-e7605a2a370b,93668de2-9fd6-475a-8b3f-1d572df1be43,2026-03,0,22,15,1
cf43acfb-3290-4d84-a408-11034bc446b3,93668de2-9fd6-475a-8b3f-1d572df1be43,2026-02,0,22,6,2
ed846636-a472-417a-a144-bb20cebe5919,a5080b8f-0251-40fc-85c6-dc3e103fe8f2,2026-07,1,21,13,6
52817207-22db-4fb6-a547-656908518f4d,a5080b8f-0251-40fc-85c6-dc3e103fe8f2,2026-06,1,21,11,10
56e870ea-1f48-4ab0-a1ce-8a9b89315310,a5080b8f-0251-40fc-85c6-dc3e103fe8f2,2026-05,0,22,12,6
ebe26979-a813-4b8c-982c-fa9359202387,a5080b8f-0251-40fc-85c6-dc3e103fe8f2,2026-04,1,21,10,3
89af82be-b45a-43c7-959f-b857d1c54092,a5080b8f-0251-40fc-85c6-dc3e103fe8f2,2026-03,0,22,7,8
3e481313-fdcf-4fc3-9783-7837e08aebe4,a5080b8f-0251-40fc-85c6-dc3e103fe8f2,2026-02,0,22,11,8
b0edb733-2d5a-45d0-a684-355b36839c63,2e080dee-650a-496c-8bc4-4078018afc15,2026-07,2,20,4,8
ac7f8737-5c01-497a-ac34-e91f2dda60b3,2e080dee-650a-496c-8bc4-4078018afc15,2026-06,3,19,3,6
ad1f7cd6-399d-4c5f-891e-a31812f49a3b,2e080dee-650a-496c-8bc4-4078018afc15,2026-05,1,21,3,2
995b0592-78a3-41a2-a983-8dcc6560baf0,2e080dee-650a-496c-8bc4-4078018afc15,2026-04,2,20,8,9
b6ec114b-a7c6-4466-9de7-c912b4499944,2e080dee-650a-496c-8bc4-4078018afc15,2026-03,1,21,2,1
f4646ae4-ef65-4ea1-abc9-46aa2e33b23e,2e080dee-650a-496c-8bc4-4078018afc15,2026-02,3,19,4,6
a8ea2df5-ec7f-46e0-b7cb-6d6a62925e5b,2f47c07c-47e8-496e-9ec4-329b6d3edd9c,2026-07,1,21,5,4
5729196f-8d48-45ba-bd36-8af1440e0ef4,2f47c07c-47e8-496e-9ec4-329b6d3edd9c,2026-06,0,22,7,7
2da61033-7a16-4f52-a791-a239eb791f52,2f47c07c-47e8-496e-9ec4-329b6d3edd9c,2026-05,0,22,12,4
c67db4c9-6157-40d0-bd79-b892fd70491a,2f47c07c-47e8-496e-9ec4-329b6d3edd9c,2026-04,1,21,8,6
9b43e9b7-bbc1-4d96-9f77-5a447bd52d83,2f47c07c-47e8-496e-9ec4-329b6d3edd9c,2026-03,0,22,14,7
457c7d9f-9218-4b58-a785-92a4f00806cf,2f47c07c-47e8-496e-9ec4-329b6d3edd9c,2026-02,1,21,12,6
08098595-6b0b-447c-a5e2-977aba05f032,f14c02d2-9d58-4728-96b9-574d4a23f672,2026-07,4,18,4,8
53bea7c8-dca8-4d04-910e-c45f1755e840,f14c02d2-9d58-4728-96b9-574d4a23f672,2026-06,4,18,1,8
674b1859-cabc-4c55-976c-90afe43ac191,f14c02d2-9d58-4728-96b9-574d4a23f672,2026-05,3,19,3,6
f113aa3c-75d1-4394-b56b-0697b91c29d5,f14c02d2-9d58-4728-96b9-574d4a23f672,2026-04,6,16,2,6
78ecbb3c-89e9-4d6b-ab98-9e6417a1f43c,f14c02d2-9d58-4728-96b9-574d4a23f672,2026-03,4,18,5,1
da8aef0d-f168-4dfe-bf5d-e10d5023f82f,f14c02d2-9d58-4728-96b9-574d4a23f672,2026-02,4,18,0,1
39f60bf3-b573-42e1-a4a1-a397b0d586ce,cebbe511-4c2c-4c7d-a230-f44666ef9523,2026-07,2,20,8,8
e32697b7-fe7d-47e3-929f-a34f6ac19a87,cebbe511-4c2c-4c7d-a230-f44666ef9523,2026-06,3,19,9,7
7327167a-7e09-465d-82b3-32cc31d59c1a,cebbe511-4c2c-4c7d-a230-f44666ef9523,2026-05,2,20,6,0
1ca15fd0-8995-45c3-b15c-436a9e9eed61,cebbe511-4c2c-4c7d-a230-f44666ef9523,2026-04,3,19,9,10
a18cdb32-2bc8-415a-ac30-6d46f4350645,cebbe511-4c2c-4c7d-a230-f44666ef9523,2026-03,1,21,3,5
2165f426-c50d-42c9-a387-3cac20a845f9,cebbe511-4c2c-4c7d-a230-f44666ef9523,2026-02,3,19,6,8
90884c3d-ef3f-4d3c-9026-b7aa440bee00,024fc515-8c79-4af4-82ff-a17837532fb4,2026-07,2,20,1,9
4540af01-836d-461a-823c-093d944605be,024fc515-8c79-4af4-82ff-a17837532fb4,2026-06,6,16,2,7
86fea1a5-d560-4756-a89f-faa9b031d96e,024fc515-8c79-4af4-82ff-a17837532fb4,2026-05,2,20,5,10
06b82b8e-1e02-4ecf-a157-7deb872486c2,024fc515-8c79-4af4-82ff-a17837532fb4,2026-04,5,17,0,6
fbfd1a59-d343-4551-a6ce-7406cf518269,024fc515-8c79-4af4-82ff-a17837532fb4,2026-03,3,19,1,0
498c0825-715e-4a8e-bb6b-5421c6aacf05,024fc515-8c79-4af4-82ff-a17837532fb4,2026-02,5,17,4,1
77c0bd76-0a35-46ec-8318-591707555049,10bb8735-74e2-4e89-b08a-ddcb9ba0953c,2026-07,1,21,5,8
7a9703bc-5406-4167-a544-ad498d3a6f62,10bb8735-74e2-4e89-b08a-ddcb9ba0953c,2026-06,1,21,6,3
e82e7abd-b14b-4876-8e81-1f1a6bf8f4b7,10bb8735-74e2-4e89-b08a-ddcb9ba0953c,2026-05,0,22,7,9
a412b822-d7de-449f-bcf9-a99b3e68feb5,10bb8735-74e2-4e89-b08a-ddcb9ba0953c,2026-04,0,22,7,8
bcf96b4b-78d2-44da-9955-b0af46ac81c9,10bb8735-74e2-4e89-b08a-ddcb9ba0953c,2026-03,0,22,15,10
30ea9322-6ac4-42ed-9a12-bc3adba6fdf7,10bb8735-74e2-4e89-b08a-ddcb9ba0953c,2026-02,0,22,9,4
fbcbd57a-4f4a-4701-b092-6c2ddc37202d,ab408c82-656d-4f9f-9ac3-cd515aabd147,2026-07,2,20,7,8
7695bad5-66a3-4c55-aa6c-beedb5a07fb7,ab408c82-656d-4f9f-9ac3-cd515aabd147,2026-06,3,19,1,9
b838743a-f7ee-461d-a8ad-10d73b12dc3e,ab408c82-656d-4f9f-9ac3-cd515aabd147,2026-05,1,21,6,3
1c613d55-6d10-4fe4-9655-2a6c994e76b9,ab408c82-656d-4f9f-9ac3-cd515aabd147,2026-04,1,21,4,4
3b457217-e082-48d5-bf64-0254b3808fac,ab408c82-656d-4f9f-9ac3-cd515aabd147,2026-03,3,19,5,9
0b89be28-bd84-400a-b91d-1864682452db,ab408c82-656d-4f9f-9ac3-cd515aabd147,2026-02,1,21,3,2
ad327d76-2e43-4039-a9e3-add0c61e0c0f,a2f7537c-c53c-43be-8c4d-6ea8415028a4,2026-07,0,22,8,9
92ba85bb-e06b-403e-abab-2a2029d6d19c,a2f7537c-c53c-43be-8c4d-6ea8415028a4,2026-06,0,22,12,9
542998c3-4fec-45dc-bef5-c9519463dbc6,a2f7537c-c53c-43be-8c4d-6ea8415028a4,2026-05,1,21,10,8
82c88d56-3f8c-4f1d-9eb7-cea9dd1e7f08,a2f7537c-c53c-43be-8c4d-6ea8415028a4,2026-04,0,22,11,1
0dbab83b-f6a7-4d33-bc5f-e899da851612,a2f7537c-c53c-43be-8c4d-6ea8415028a4,2026-03,1,21,6,7
b9f33b4e-52dd-4dcf-89d6-2f4a8515421d,a2f7537c-c53c-43be-8c4d-6ea8415028a4,2026-02,1,21,11,2
65e61ff2-2035-4481-9113-606992ff67dc,bb8eaeac-7bbd-45f8-a33b-04452a86fbf0,2026-07,0,22,12,3
225b917c-0b10-4eef-bf74-d461f0dc9bd8,bb8eaeac-7bbd-45f8-a33b-04452a86fbf0,2026-06,1,21,9,8
8f590fa4-0e36-49f1-a53c-0709a9c85a6a,bb8eaeac-7bbd-45f8-a33b-04452a86fbf0,2026-05,1,21,11,9
25e63f12-ecea-4ddf-a8a1-02f84a63ee10,bb8eaeac-7bbd-45f8-a33b-04452a86fbf0,2026-04,1,21,15,10
6c1180b8-95ec-48d5-af89-03fecb35138a,bb8eaeac-7bbd-45f8-a33b-04452a86fbf0,2026-03,0,22,13,9
0498a2d1-f569-4c1d-81c0-35496655a34a,bb8eaeac-7bbd-45f8-a33b-04452a86fbf0,2026-02,1,21,9,9
93b8726a-e05d-4116-9a25-5b352ba85ba1,84e38148-bef9-4992-af6d-2a0e2aa13272,2026-07,2,20,10,4
22bcf38f-590b-4e81-a231-b9590ae400ab,84e38148-bef9-4992-af6d-2a0e2aa13272,2026-06,2,20,7,2
1a9b164c-fc3d-4875-a3da-d1e495a5d8b3,84e38148-bef9-4992-af6d-2a0e2aa13272,2026-05,2,20,8,1
45c1b3a6-df37-4673-8878-065ba1b2f359,84e38148-bef9-4992-af6d-2a0e2aa13272,2026-04,3,19,4,10
2044cc34-f235-48f6-89bb-8b97599d1eee,84e38148-bef9-4992-af6d-2a0e2aa13272,2026-03,2,20,8,4
5c183cf4-147a-48d8-b49b-e9d12f29ca6d,84e38148-bef9-4992-af6d-2a0e2aa13272,2026-02,3,19,5,7
68547677-1dcb-4d62-a219-1969dee40bf1,5c3398d3-61f5-4acf-bb9b-8409b4851467,2026-07,1,21,5,7
0708562e-d1d1-4629-ab70-beadf03adc9b,5c3398d3-61f5-4acf-bb9b-8409b4851467,2026-06,0,22,9,8
7778400a-c382-41e2-b8fe-8b771d555d83,5c3398d3-61f5-4acf-bb9b-8409b4851467,2026-05,0,22,15,6
216b53fe-b39c-424e-acbe-15216b6bc089,5c3398d3-61f5-4acf-bb9b-8409b4851467,2026-04,0,22,13,2
b719d566-1e7f-44c8-a08d-52c2edb14327,5c3398d3-61f5-4acf-bb9b-8409b4851467,2026-03,0,22,12,2
c9e6d490-4590-4f54-83b9-2fd9869cc38c,5c3398d3-61f5-4acf-bb9b-8409b4851467,2026-02,0,22,14,4
6b25bfc3-38f3-429b-bd6e-259bd65a13d9,90479ef5-ca18-4bb8-8a7c-a99969de5449,2026-07,1,21,2,8
1cbc110e-7d6d-41a7-82cc-a9e925996073,90479ef5-ca18-4bb8-8a7c-a99969de5449,2026-06,3,19,6,8
fefec489-cc29-43a0-a867-2d539d74fd30,90479ef5-ca18-4bb8-8a7c-a99969de5449,2026-05,2,20,9,7
6f8b01ca-6c8d-4011-b09e-90ec4bfcded6,90479ef5-ca18-4bb8-8a7c-a99969de5449,2026-04,3,19,2,10
5518e4be-a48e-412c-aa18-9f8bd4bb6641,90479ef5-ca18-4bb8-8a7c-a99969de5449,2026-03,2,20,6,8
e952bffd-92f7-4336-9517-27c36399dcdb,90479ef5-ca18-4bb8-8a7c-a99969de5449,2026-02,2,20,4,8
c39f5f82-c413-4dca-9ad6-219956463e9a,9fc11c19-4fd2-4cb8-a8c9-410fcc79c098,2026-07,0,22,7,10
20fdf4f4-4859-4f52-8853-9e5defddc688,9fc11c19-4fd2-4cb8-a8c9-410fcc79c098,2026-06,0,22,5,4
23145827-d38c-4662-a401-56e80977f8c2,9fc11c19-4fd2-4cb8-a8c9-410fcc79c098,2026-05,1,21,6,5
d982861a-d581-4259-bd6b-7c0cc74b6f48,9fc11c19-4fd2-4cb8-a8c9-410fcc79c098,2026-04,0,22,14,5
15455886-be83-442e-aef0-049ad9aa17a2,9fc11c19-4fd2-4cb8-a8c9-410fcc79c098,2026-03,1,21,11,7
8c0a06ea-0a37-4cdf-970b-31447c65c534,9fc11c19-4fd2-4cb8-a8c9-410fcc79c098,2026-02,0,22,14,1
fede814d-f53d-469f-a404-5a0a812267e4,c5de4998-f45c-4402-abcc-2e6b450bd821,2026-07,1,21,7,1
5c1e0921-39b3-4bf9-b519-58e8a77ba5a4,c5de4998-f45c-4402-abcc-2e6b450bd821,2026-06,1,21,6,2
875ceae6-a69a-47b8-aba6-ed3cd82b8858,c5de4998-f45c-4402-abcc-2e6b450bd821,2026-05,0,22,6,6
b6bf578a-7955-4836-b32f-38d77592c4c4,c5de4998-f45c-4402-abcc-2e6b450bd821,2026-04,1,21,15,1
7f741dc6-f5e0-4b6e-b1a3-aa38b32d0981,c5de4998-f45c-4402-abcc-2e6b450bd821,2026-03,1,21,5,6
054d328f-c82e-42ff-9a98-95ca0d03ce72,c5de4998-f45c-4402-abcc-2e6b450bd821,2026-02,0,22,5,3
abedfad9-f21d-4eaa-b9c0-f0300ce86d39,83c12692-31b0-4f95-9fb2-2be01728e558,2026-07,3,19,7,1
cfe93502-7464-4d44-8c9e-ec0f7f8bcc27,83c12692-31b0-4f95-9fb2-2be01728e558,2026-06,3,19,9,9
0fd02d5f-1974-47aa-bf45-74eec7db146d,83c12692-31b0-4f95-9fb2-2be01728e558,2026-05,1,21,3,7
ab924793-d242-426c-bfe2-9b8c02396119,83c12692-31b0-4f95-9fb2-2be01728e558,2026-04,2,20,1,5
9f3786f8-8ae7-4ac6-ae9e-fffaaf199063,83c12692-31b0-4f95-9fb2-2be01728e558,2026-03,2,20,8,4
d7d9883b-7a87-4282-b4f1-031ab764c98a,83c12692-31b0-4f95-9fb2-2be01728e558,2026-02,1,21,1,8
ffa31cd5-eab2-458e-a342-e4a9f6a78d6a,37ea7dbc-bd25-4679-bb2e-23b7f60bb10c,2026-07,1,21,13,8
441f9b96-45f3-49b0-bca3-ff1a96ac0a1b,37ea7dbc-bd25-4679-bb2e-23b7f60bb10c,2026-06,1,21,15,4
2ceb10b9-e34e-4bd5-822e-348a3948d7d8,37ea7dbc-bd25-4679-bb2e-23b7f60bb10c,2026-05,1,21,13,1
059aa1f5-9d69-4207-b026-a0de27310e8f,37ea7dbc-bd25-4679-bb2e-23b7f60bb10c,2026-04,1,21,12,4
5805a95f-7d3c-476b-ba09-d1fc54b9411d,37ea7dbc-bd25-4679-bb2e-23b7f60bb10c,2026-03,0,22,8,5
e878b6d2-e6d5-4054-a2d5-56c71fdf3b51,37ea7dbc-bd25-4679-bb2e-23b7f60bb10c,2026-02,1,21,8,0
308ec685-8db0-44b5-9ae9-8b1402c1c8cd,56eb90fa-3458-4639-aaf8-0b1b51432e5e,2026-07,3,19,3,9
12ec718f-932d-4eb4-8c3f-4f75f7f1fab5,56eb90fa-3458-4639-aaf8-0b1b51432e5e,2026-06,1,21,7,5
732d0c38-8954-4d05-aa45-001d1134a62b,56eb90fa-3458-4639-aaf8-0b1b51432e5e,2026-05,3,19,8,3
ae4d225c-ddc5-48cb-abef-8aa010e66868,56eb90fa-3458-4639-aaf8-0b1b51432e5e,2026-04,3,19,6,4
9174bdc4-9980-45b5-9f49-848e5674bc05,56eb90fa-3458-4639-aaf8-0b1b51432e5e,2026-03,3,19,10,2
083caf39-6b23-4e55-b6ee-d8fd936f3e32,56eb90fa-3458-4639-aaf8-0b1b51432e5e,2026-02,2,20,10,8
90fc534b-adf6-4e01-aee3-1b0653124c56,e7b7d56d-6dc2-4510-8ac7-e7fdf7b7eec7,2026-07,0,22,15,8
a4ec33ad-9441-40c7-8e82-cbbe391c3859,e7b7d56d-6dc2-4510-8ac7-e7fdf7b7eec7,2026-06,0,22,8,5
af52738a-50c1-4a3c-9f4b-345f6c3f46e6,e7b7d56d-6dc2-4510-8ac7-e7fdf7b7eec7,2026-05,1,21,8,0
bd044ba4-04c4-4bba-aeaf-05ecb6d7a333,e7b7d56d-6dc2-4510-8ac7-e7fdf7b7eec7,2026-04,1,21,11,9
3e845049-37c1-4df6-b891-c1c3c92a4388,e7b7d56d-6dc2-4510-8ac7-e7fdf7b7eec7,2026-03,1,21,15,4
0d48a682-fa86-4acb-b20f-cdc15b724948,e7b7d56d-6dc2-4510-8ac7-e7fdf7b7eec7,2026-02,1,21,8,0
13424e40-e6a7-46eb-b0eb-7e3eca92a70f,1f8a89c4-860c-4d16-9fc1-2c1b4689ba23,2026-07,1,21,7,9
56f408c8-2424-4528-aac6-d4d29a78d113,1f8a89c4-860c-4d16-9fc1-2c1b4689ba23,2026-06,0,22,15,0
a26fee1a-b55b-43c2-8be5-9258d52877cf,1f8a89c4-860c-4d16-9fc1-2c1b4689ba23,2026-05,0,22,5,5
64cc9fab-7abd-418c-b400-b7646fb8f551,1f8a89c4-860c-4d16-9fc1-2c1b4689ba23,2026-04,0,22,15,7
c9b87180-d843-4b3b-98cc-c7415b52adcc,1f8a89c4-860c-4d16-9fc1-2c1b4689ba23,2026-03,1,21,14,9
0f2f59ff-7554-425f-9caa-32d397f3e2e7,1f8a89c4-860c-4d16-9fc1-2c1b4689ba23,2026-02,0,22,12,9
6696929c-cd4a-4b8c-b5a7-c8e85311579b,ece3a728-1821-4f16-af15-4fc1f10e243c,2026-07,0,22,14,10
d7d30183-6ba6-483e-ab0a-0feedf34f03d,ece3a728-1821-4f16-af15-4fc1f10e243c,2026-06,0,22,10,8
c6030c9d-0455-42b3-bedd-0359aec16436,ece3a728-1821-4f16-af15-4fc1f10e243c,2026-05,1,21,9,0
9ba057d5-b186-498a-809d-c5734ebe96f8,ece3a728-1821-4f16-af15-4fc1f10e243c,2026-04,1,21,6,0
fd7ac614-f72f-4e38-8543-f113ab2e9cfb,ece3a728-1821-4f16-af15-4fc1f10e243c,2026-03,1,21,7,0
16f837f6-cad3-49b3-ab86-4b7eda0562f1,ece3a728-1821-4f16-af15-4fc1f10e243c,2026-02,0,22,12,6
f02b7e27-c16f-4801-863c-44a6b1662636,07a06782-a249-43ee-9861-1e2fc00edae5,2026-07,1,21,10,9
0c123035-4a47-4b04-8991-35a1c122ac9e,07a06782-a249-43ee-9861-1e2fc00edae5,2026-06,1,21,14,7
479ad4cb-b215-4dd9-a26d-6d57f4168044,07a06782-a249-43ee-9861-1e2fc00edae5,2026-05,0,22,10,5
1c622f39-f7cd-4355-9617-dcae2b139544,07a06782-a249-43ee-9861-1e2fc00edae5,2026-04,1,21,8,1
d9f75a0f-4aa6-442c-8b3f-b96ebae75792,07a06782-a249-43ee-9861-1e2fc00edae5,2026-03,0,22,7,5
7bdab3d6-0f0f-4f79-9113-4ef41254adac,07a06782-a249-43ee-9861-1e2fc00edae5,2026-02,1,21,14,7
6d6eb45c-7461-4060-8157-bcf7d44f4bd6,1dd36d2a-3c27-4e99-81a3-db24afce861e,2026-07,0,22,10,9
fbe91b3a-6616-4b22-8efb-6168e4c5982b,1dd36d2a-3c27-4e99-81a3-db24afce861e,2026-06,1,21,8,2
c20f1412-938f-465a-99c2-7e0e8c780c86,1dd36d2a-3c27-4e99-81a3-db24afce861e,2026-05,0,22,13,10
c56a2f2c-26f3-4822-a7f5-786c42c042a2,1dd36d2a-3c27-4e99-81a3-db24afce861e,2026-04,0,22,14,4
4e20c4c9-8b72-4fc7-9249-814dfab19d7b,1dd36d2a-3c27-4e99-81a3-db24afce861e,2026-03,1,21,13,7
ed447f77-35dd-4ee6-8ddb-69d7dcb84d89,1dd36d2a-3c27-4e99-81a3-db24afce861e,2026-02,0,22,8,5
1fcb7b25-d4e8-4b82-bd83-0e3f74addde9,210193fa-13a9-4336-8276-a7ba84ff6f4b,2026-07,0,22,10,7
fd2511bb-bbb0-4e7d-8143-4e12382952bd,210193fa-13a9-4336-8276-a7ba84ff6f4b,2026-06,0,22,14,1
ff684163-e4b4-400f-92a8-de3c1d9d6703,210193fa-13a9-4336-8276-a7ba84ff6f4b,2026-05,0,22,10,1
a1d3cf8c-d0e2-479a-8259-5ea06a83fb15,210193fa-13a9-4336-8276-a7ba84ff6f4b,2026-04,0,22,14,10
d4d8f133-54c3-40fa-ab0c-89327d496e9f,210193fa-13a9-4336-8276-a7ba84ff6f4b,2026-03,1,21,5,9
c47b5dee-d5f8-4787-a13b-d8b8ec1adbbb,210193fa-13a9-4336-8276-a7ba84ff6f4b,2026-02,0,22,12,7
970fcfa4-df4c-4ee8-8f60-121f808c38bc,6f41ec60-fc36-4e95-ab35-ed017e1944a2,2026-07,0,22,11,10
e3050c49-6d36-424e-9452-1f32eb55bf5e,6f41ec60-fc36-4e95-ab35-ed017e1944a2,2026-06,0,22,11,8
2487ee3e-61f7-4ac9-8dcb-9fe0d6ac47de,6f41ec60-fc36-4e95-ab35-ed017e1944a2,2026-05,1,21,14,9
220401de-70e0-412a-b88c-b7d9c7fce597,6f41ec60-fc36-4e95-ab35-ed017e1944a2,2026-04,1,21,11,7
9721fb0a-51b8-4cbf-a308-5b3b2e48f648,6f41ec60-fc36-4e95-ab35-ed017e1944a2,2026-03,1,21,6,2
1471211c-96dd-43af-95a9-9c3cc56f39ed,6f41ec60-fc36-4e95-ab35-ed017e1944a2,2026-02,0,22,8,2
fef5356e-9a5d-4cc6-8db7-b1fcfb951a6f,dd41fd80-25c2-4d18-b99f-2aa8dec626e0,2026-07,0,22,8,7
2837a4cf-15d5-4d68-b600-27c1e877d25f,dd41fd80-25c2-4d18-b99f-2aa8dec626e0,2026-06,1,21,15,5
a2650ee0-a633-46ec-86e9-19f182dcbab3,dd41fd80-25c2-4d18-b99f-2aa8dec626e0,2026-05,0,22,5,0
ab6b0572-395a-441d-a2f3-fe7124674a8d,dd41fd80-25c2-4d18-b99f-2aa8dec626e0,2026-04,1,21,10,10
d293918e-6391-4471-a8e5-70f5407d04a8,dd41fd80-25c2-4d18-b99f-2aa8dec626e0,2026-03,1,21,14,3
5ddef425-cdf4-4a37-8ac6-9c5b63aeb9d6,dd41fd80-25c2-4d18-b99f-2aa8dec626e0,2026-02,0,22,8,6
d24b787b-3cf4-4ce4-baaa-e811624368e8,ffd28dac-4402-4061-bd63-9c2eaeed32ef,2026-07,2,20,0,8
93c7662a-f1b1-4fa8-8119-1c261d318cca,ffd28dac-4402-4061-bd63-9c2eaeed32ef,2026-06,2,20,4,1
52ea8d6a-caf9-4b18-9a5d-128ba35fe987,ffd28dac-4402-4061-bd63-9c2eaeed32ef,2026-05,1,21,7,6
aed08eab-f001-4455-8dcb-1474adea853d,ffd28dac-4402-4061-bd63-9c2eaeed32ef,2026-04,3,19,4,5
839d63d4-74f6-4e94-8ada-027b361743f7,ffd28dac-4402-4061-bd63-9c2eaeed32ef,2026-03,2,20,10,4
43718bc1-fa99-4f6f-8dc1-64248a6fe3cb,ffd28dac-4402-4061-bd63-9c2eaeed32ef,2026-02,2,20,1,4
28e23b1a-ccfa-4377-8d75-327d19e749a3,6167672a-2d55-45d9-b5b4-3333f3cb5590,2026-07,1,21,7,4
40ca339f-1e51-4c28-8ce8-82d48398a003,6167672a-2d55-45d9-b5b4-3333f3cb5590,2026-06,2,20,0,4
9d31b96d-0b7f-477f-8ab9-9d5006e66751,6167672a-2d55-45d9-b5b4-3333f3cb5590,2026-05,1,21,7,0
83606be1-07d2-4489-9f85-9b784ca095fc,6167672a-2d55-45d9-b5b4-3333f3cb5590,2026-04,3,19,0,4
4b466c9a-6318-4cb2-b65e-f94869e68ce8,6167672a-2d55-45d9-b5b4-3333f3cb5590,2026-03,1,21,8,10
3e7f8625-6a1b-4ac2-9bd5-dd29e42b983d,6167672a-2d55-45d9-b5b4-3333f3cb5590,2026-02,3,19,10,5
984ba021-3b61-4861-b59c-87059a426682,e9026fe8-88b8-4303-95f7-eea22a0d07c9,2026-07,0,22,13,4
bcef39f6-8b75-448b-956e-974bcc1058bf,e9026fe8-88b8-4303-95f7-eea22a0d07c9,2026-06,1,21,5,4
18d40842-16a6-4e47-b252-5b4051df04aa,e9026fe8-88b8-4303-95f7-eea22a0d07c9,2026-05,0,22,7,9
b572e3c9-0618-4fcd-9cda-8ddd3f38381c,e9026fe8-88b8-4303-95f7-eea22a0d07c9,2026-04,0,22,9,3
ed7f48f3-1f8a-497c-98f1-11f3e0ca3ed0,e9026fe8-88b8-4303-95f7-eea22a0d07c9,2026-03,0,22,7,4
42257dfa-99e7-4057-b2a4-ef6a9b8b3215,e9026fe8-88b8-4303-95f7-eea22a0d07c9,2026-02,1,21,8,9
88766eb7-4209-4633-bbe8-2e1961b04ec1,9100fc9e-e373-4de9-83ee-8093faa51ae1,2026-07,1,21,13,1
c54f17aa-3fdc-4071-a4f0-9689ab2bcfd1,9100fc9e-e373-4de9-83ee-8093faa51ae1,2026-06,0,22,12,8
345164ee-2c5d-480a-bdcf-ebc079c98016,9100fc9e-e373-4de9-83ee-8093faa51ae1,2026-05,1,21,11,5
0a8666dc-e48f-427a-823e-a00cdfaf15ff,9100fc9e-e373-4de9-83ee-8093faa51ae1,2026-04,0,22,14,0
c9b6c04d-1c34-42e2-9573-62c2265f78dd,9100fc9e-e373-4de9-83ee-8093faa51ae1,2026-03,0,22,8,6
baaec051-d8e9-4407-8fe0-57b2f673583a,9100fc9e-e373-4de9-83ee-8093faa51ae1,2026-02,1,21,7,8
d061d6c8-c5db-42a2-9f8f-1faa827114cd,5f278c3e-b991-4163-bb3c-40087bf6cb5e,2026-07,1,21,7,2
4cf9a785-9412-40ac-9d6c-fbac5eec9e86,5f278c3e-b991-4163-bb3c-40087bf6cb5e,2026-06,1,21,11,10
d3fc119c-2376-4609-b2dd-32052aa6d018,5f278c3e-b991-4163-bb3c-40087bf6cb5e,2026-05,0,22,6,5
23bc67d2-49fc-42c2-8191-dc9274da0850,5f278c3e-b991-4163-bb3c-40087bf6cb5e,2026-04,0,22,14,7
a417f133-bce1-425b-85b9-2e6b2ac9deaf,5f278c3e-b991-4163-bb3c-40087bf6cb5e,2026-03,1,21,9,5
33113245-425f-40f0-989e-87b752c0cd91,5f278c3e-b991-4163-bb3c-40087bf6cb5e,2026-02,0,22,14,2
c3d6ce7b-1344-4f9e-9cd2-220a17e4c8c6,5104331f-3d2e-473c-9d86-d3c3a6a90982,2026-07,1,21,13,6
e34a540f-8f7b-426a-98c6-055384f3571f,5104331f-3d2e-473c-9d86-d3c3a6a90982,2026-06,0,22,13,4
85fb83ed-cf94-4784-b988-8c774d9dfe1a,5104331f-3d2e-473c-9d86-d3c3a6a90982,2026-05,0,22,11,0
4010ca06-0490-4503-b00b-636280ce8a34,5104331f-3d2e-473c-9d86-d3c3a6a90982,2026-04,1,21,7,10
783b98fc-85a6-4606-96fb-9513a1cdf731,5104331f-3d2e-473c-9d86-d3c3a6a90982,2026-03,1,21,11,6
6147cbd8-0816-4c1e-84e3-faca990db925,5104331f-3d2e-473c-9d86-d3c3a6a90982,2026-02,1,21,14,1
be102d6b-9747-4e8d-9562-a42f1015316e,8faedda0-8177-453b-afca-9a02c45fb2f3,2026-07,1,21,11,6
0946f6e4-ff9f-46f4-8289-a96c7f0e21e6,8faedda0-8177-453b-afca-9a02c45fb2f3,2026-06,0,22,15,4
c8c41fa9-45c6-4392-be05-febfe6852097,8faedda0-8177-453b-afca-9a02c45fb2f3,2026-05,1,21,12,2
1a5d10c8-adf3-4f4b-aa28-63963c09948b,8faedda0-8177-453b-afca-9a02c45fb2f3,2026-04,0,22,13,8
f1fbed13-b44c-40a2-8577-c84040246106,8faedda0-8177-453b-afca-9a02c45fb2f3,2026-03,1,21,8,10
3a686abc-c68c-4392-a15f-5f21fe8643dd,8faedda0-8177-453b-afca-9a02c45fb2f3,2026-02,0,22,7,0
14298e81-60f9-4da9-8eda-b81f0f152c86,4df09699-6a4e-4ac4-b26f-572ebe12edd6,2026-07,1,21,9,9
b5413bd5-3c49-48b4-8191-316cebfe4406,4df09699-6a4e-4ac4-b26f-572ebe12edd6,2026-06,1,21,12,1
1433692e-a16c-48b6-bd39-c8545b4f4a9d,4df09699-6a4e-4ac4-b26f-572ebe12edd6,2026-05,0,22,15,8
e8c6e000-ef0e-458b-8597-9acda8aa5d4d,4df09699-6a4e-4ac4-b26f-572ebe12edd6,2026-04,0,22,5,2
181f9369-305d-41a1-9a46-027f1c79f4a7,4df09699-6a4e-4ac4-b26f-572ebe12edd6,2026-03,1,21,6,8
95f00c66-72f5-4f22-a166-d9c11d4c8970,4df09699-6a4e-4ac4-b26f-572ebe12edd6,2026-02,1,21,10,4
5714d882-1839-47e3-9813-22edfc40d5f0,208428f7-c4e3-4799-9619-74fc175e4855,2026-07,0,22,11,4
dc6b226a-0520-4363-b06c-1426909d6364,208428f7-c4e3-4799-9619-74fc175e4855,2026-06,1,21,7,1
57718daa-8ad2-40a7-a7ca-d399197197b6,208428f7-c4e3-4799-9619-74fc175e4855,2026-05,0,22,12,3
777fde29-c320-40e1-a958-fa98bb51120b,208428f7-c4e3-4799-9619-74fc175e4855,2026-04,0,22,12,10
2d599610-24e9-4104-8df4-08ee40c4c72b,208428f7-c4e3-4799-9619-74fc175e4855,2026-03,1,21,11,5
e54c823b-89af-4e38-a905-ab6f259db674,208428f7-c4e3-4799-9619-74fc175e4855,2026-02,0,22,13,2
06afca08-b879-4c81-ab30-33e9af3470ad,f08c083f-2286-4890-8f1a-b0fa03961ae5,2026-07,0,22,15,4
6967a4e7-c256-4689-acb0-785ae3aa7bcc,f08c083f-2286-4890-8f1a-b0fa03961ae5,2026-06,0,22,11,1
40472028-0e7f-4b7a-ad7a-322e343aa2f6,f08c083f-2286-4890-8f1a-b0fa03961ae5,2026-05,1,21,14,10
046f3f5f-5a6a-4382-a56c-2684c54f302b,f08c083f-2286-4890-8f1a-b0fa03961ae5,2026-04,0,22,11,7
3269b410-a627-4783-8ed6-73cab38a9874,f08c083f-2286-4890-8f1a-b0fa03961ae5,2026-03,1,21,13,8
177eacc7-2f88-4372-9c33-6840229150c5,f08c083f-2286-4890-8f1a-b0fa03961ae5,2026-02,0,22,5,9
8c736e37-9bc9-4d26-98fd-a8c03b4760bf,6f7ea124-f58c-43ba-b0e8-1d3dfb3d0996,2026-07,1,21,13,1
c8254dae-75c6-4f80-98f6-e2dba381afcd,6f7ea124-f58c-43ba-b0e8-1d3dfb3d0996,2026-06,0,22,6,9
93368a89-4cf6-462d-b797-e3a67eebdbd0,6f7ea124-f58c-43ba-b0e8-1d3dfb3d0996,2026-05,0,22,7,4
cf5ddd33-b80d-4400-95c2-e56ada59b7b9,6f7ea124-f58c-43ba-b0e8-1d3dfb3d0996,2026-04,1,21,5,4
2d6eee95-eb34-4e56-b644-04a9f1de96ef,6f7ea124-f58c-43ba-b0e8-1d3dfb3d0996,2026-03,1,21,11,9
a01853ca-f093-433c-a2fc-3848a85dc5f0,6f7ea124-f58c-43ba-b0e8-1d3dfb3d0996,2026-02,1,21,5,3
236a2088-c48a-45dd-a6ef-2fac4217d8ac,bc54e3e3-e1df-45d6-860e-9f362a77a7da,2026-07,3,19,3,2
c75bc647-ef7c-4fa7-9a2d-093352e60705,bc54e3e3-e1df-45d6-860e-9f362a77a7da,2026-06,1,21,5,9
aca2122f-8372-4a2d-adb2-cf65136651db,bc54e3e3-e1df-45d6-860e-9f362a77a7da,2026-05,1,21,4,0
df73dbe5-d147-4789-983d-7f46f83f81bd,bc54e3e3-e1df-45d6-860e-9f362a77a7da,2026-04,3,19,9,1
b66b856e-d0d2-4762-b726-a911af30108a,bc54e3e3-e1df-45d6-860e-9f362a77a7da,2026-03,1,21,1,4
c5dce5fe-4e0f-475c-9072-0a0364f28cf2,bc54e3e3-e1df-45d6-860e-9f362a77a7da,2026-02,2,20,9,5
0baec250-3e53-4544-8371-21c27f6312ec,f74b3b05-adc9-4393-ab8e-2e20f310cc26,2026-07,0,22,12,5
936a290e-6ad2-47a6-8fce-0ef2eb36a99f,f74b3b05-adc9-4393-ab8e-2e20f310cc26,2026-06,1,21,7,3
79362a50-d273-4b76-9b0e-407d106637f5,f74b3b05-adc9-4393-ab8e-2e20f310cc26,2026-05,1,21,5,3
a63020cb-d5ba-4159-b3ed-ffc49ee2cdaf,f74b3b05-adc9-4393-ab8e-2e20f310cc26,2026-04,0,22,8,6
73acef32-eb61-442c-8500-ec60248d5e75,f74b3b05-adc9-4393-ab8e-2e20f310cc26,2026-03,0,22,6,7
a646d577-8a50-4f32-b297-5b0ec7a83a85,f74b3b05-adc9-4393-ab8e-2e20f310cc26,2026-02,0,22,14,10
06a9bc5b-ba32-4b69-b42e-36d0d7985f5f,fcfe27a5-aecf-4ded-b9fb-dc53d4f786cb,2026-07,1,21,11,5
97dfa23a-c878-4080-8aa4-e9b2e8f93bc9,fcfe27a5-aecf-4ded-b9fb-dc53d4f786cb,2026-06,0,22,5,7
a006b358-e4e3-49d6-ae6a-a803d0c5aea9,fcfe27a5-aecf-4ded-b9fb-dc53d4f786cb,2026-05,0,22,12,8
85f548d2-afae-4a0c-8e9a-16f1ed40c43b,fcfe27a5-aecf-4ded-b9fb-dc53d4f786cb,2026-04,0,22,11,0
e4fafe5a-d274-4694-81b4-bc4a9cb1edca,fcfe27a5-aecf-4ded-b9fb-dc53d4f786cb,2026-03,0,22,15,6
13e98208-2532-4e51-9d23-dd499d1dc068,fcfe27a5-aecf-4ded-b9fb-dc53d4f786cb,2026-02,0,22,7,6
8ac23fc1-a63d-40b7-aa88-346223e4a4ec,6e2177b0-800e-4348-b5ca-8b16e36df335,2026-07,1,21,11,5
3b15da5f-2600-4b13-bd42-c07002609d55,6e2177b0-800e-4348-b5ca-8b16e36df335,2026-06,0,22,14,8
9705aa6f-09c8-470b-a418-361d573a19bc,6e2177b0-800e-4348-b5ca-8b16e36df335,2026-05,0,22,5,9
fde81b2a-3e76-4873-a5bd-63cd2ded9505,6e2177b0-800e-4348-b5ca-8b16e36df335,2026-04,1,21,13,2
1deeb524-bb52-49b9-b59a-1b81e6bb9bd8,6e2177b0-800e-4348-b5ca-8b16e36df335,2026-03,0,22,11,6
045cec62-7b2c-4ed4-bd20-025eae953dd0,6e2177b0-800e-4348-b5ca-8b16e36df335,2026-02,0,22,11,8
83277056-d367-4ed2-b5ed-7b07d6d5f571,d3fa7122-f6d2-4fea-98d2-8ed6dc173cb7,2026-07,2,20,3,10
a4bbb72a-a3df-4815-8fc1-867cca1ef9c3,d3fa7122-f6d2-4fea-98d2-8ed6dc173cb7,2026-06,3,19,6,3
a31a8118-0738-4ace-86d5-bdf1c85658ea,d3fa7122-f6d2-4fea-98d2-8ed6dc173cb7,2026-05,1,21,0,4
f6b97a70-9354-418d-ba59-6f36f1b9e8fd,d3fa7122-f6d2-4fea-98d2-8ed6dc173cb7,2026-04,3,19,6,9
84078382-640a-4d3b-afff-de418d7fb2c9,d3fa7122-f6d2-4fea-98d2-8ed6dc173cb7,2026-03,1,21,3,5
becafacb-e3a7-4528-9815-e9e57beb29f3,d3fa7122-f6d2-4fea-98d2-8ed6dc173cb7,2026-02,2,20,1,2
f1bc4963-2e0a-4e83-a4dc-029a437e1f41,135d249a-b869-4bf6-a450-5d8f90fc6564,2026-07,1,21,3,9
b78d506f-a61d-46e2-b2e3-4a64e41a7acb,135d249a-b869-4bf6-a450-5d8f90fc6564,2026-06,2,20,10,6
ad5ac4ff-8a33-457e-9f01-f49186838c63,135d249a-b869-4bf6-a450-5d8f90fc6564,2026-05,3,19,9,6
ec16f1bc-c5ce-41c8-b3dc-81a693b577a3,135d249a-b869-4bf6-a450-5d8f90fc6564,2026-04,1,21,10,9
e974d350-244c-4a1b-a320-93235f51c436,135d249a-b869-4bf6-a450-5d8f90fc6564,2026-03,2,20,1,8
0e793f40-ea08-4e4f-bacc-da56df5eaf75,135d249a-b869-4bf6-a450-5d8f90fc6564,2026-02,1,21,7,1
d22772f2-048b-4407-8f5c-1e56b4cb2a1e,4a1fec4c-f380-48fb-9acd-5ef161df991c,2026-07,1,21,11,8
1f47f6c8-d6d6-4636-a883-c531f7adba21,4a1fec4c-f380-48fb-9acd-5ef161df991c,2026-06,1,21,13,10
dbbeb225-d167-40a4-a652-8f860ce00c65,4a1fec4c-f380-48fb-9acd-5ef161df991c,2026-05,1,21,10,7
21c2ff1e-352d-4b59-8a88-2df2d8633a6a,4a1fec4c-f380-48fb-9acd-5ef161df991c,2026-04,0,22,7,7
f61fe3d5-7c85-4d10-ba53-82bba6154d5e,4a1fec4c-f380-48fb-9acd-5ef161df991c,2026-03,1,21,8,0
971cfa78-ab8e-45ba-a701-1b47f1514cb9,4a1fec4c-f380-48fb-9acd-5ef161df991c,2026-02,0,22,6,2
38c16c52-677e-4cef-9fe2-f51c489740f9,34cd047c-0421-4d3d-b1eb-74c5193b0ff2,2026-07,0,22,6,8
7f9b305f-d959-422c-b1d6-46c44c13fec4,34cd047c-0421-4d3d-b1eb-74c5193b0ff2,2026-06,0,22,6,6
9661116d-eca0-41a3-8a7d-3908c615a388,34cd047c-0421-4d3d-b1eb-74c5193b0ff2,2026-05,1,21,11,0
40d03842-bffa-4499-bb4a-7f06c6af4319,34cd047c-0421-4d3d-b1eb-74c5193b0ff2,2026-04,1,21,8,1
1c05ddc1-6e6f-4357-8c61-44d73787fcdd,34cd047c-0421-4d3d-b1eb-74c5193b0ff2,2026-03,1,21,9,0
c220b5e7-6b0e-48c9-8751-0a553bfa9226,34cd047c-0421-4d3d-b1eb-74c5193b0ff2,2026-02,0,22,8,1
9ee9df51-9829-4160-897c-5725cba5cf87,e1b53371-6c6f-4980-9ca0-53af61e94734,2026-07,0,22,7,5
9707a8c7-6897-4abd-aa85-df3761b2e312,e1b53371-6c6f-4980-9ca0-53af61e94734,2026-06,0,22,13,6
8c42e0e4-0cb9-4596-81ba-0e3f133b97e2,e1b53371-6c6f-4980-9ca0-53af61e94734,2026-05,1,21,13,1
17d947e5-f6ac-421e-8c02-88e4038cf684,e1b53371-6c6f-4980-9ca0-53af61e94734,2026-04,1,21,9,5
f320695c-b3bf-4a37-9841-5f85edced7b7,e1b53371-6c6f-4980-9ca0-53af61e94734,2026-03,0,22,6,2
ef389180-9765-4172-b604-07ce084ddbbe,e1b53371-6c6f-4980-9ca0-53af61e94734,2026-02,1,21,5,2
398d82c2-0a8c-4e8e-9597-c8635e867c2d,f7bd2526-a1b0-4954-b61c-ee69b49f15b4,2026-07,0,22,12,8
c9148054-1d52-47bb-bc54-4778dbc2befe,f7bd2526-a1b0-4954-b61c-ee69b49f15b4,2026-06,0,22,15,9
7a597514-ac33-4712-a6cd-1ff3ba1cbca6,f7bd2526-a1b0-4954-b61c-ee69b49f15b4,2026-05,0,22,5,6
9dd7c2fe-3bfc-4e9d-b6a9-f7c840745dc0,f7bd2526-a1b0-4954-b61c-ee69b49f15b4,2026-04,0,22,6,7
1a30b8b9-2995-46ac-864f-b7bce0847dfc,f7bd2526-a1b0-4954-b61c-ee69b49f15b4,2026-03,0,22,12,10
7ac0c307-cb57-4506-86e2-db28c7baabad,f7bd2526-a1b0-4954-b61c-ee69b49f15b4,2026-02,0,22,14,9
79145c5d-75df-4718-bae6-454b3ba85f78,c3497335-d1f1-4803-b6e9-1a733a4e242f,2026-07,1,21,6,10
7b6a61fb-58b3-473f-a7f0-3061bb419608,c3497335-d1f1-4803-b6e9-1a733a4e242f,2026-06,1,21,5,1
9c18279a-7584-4738-9d87-e0910cf66307,c3497335-d1f1-4803-b6e9-1a733a4e242f,2026-05,1,21,10,4
8c75c8e0-69a7-4388-83c7-66106af507c3,c3497335-d1f1-4803-b6e9-1a733a4e242f,2026-04,0,22,5,6
5b983bdd-ab2e-41b9-a7dd-0b9b401831e1,c3497335-d1f1-4803-b6e9-1a733a4e242f,2026-03,1,21,15,6
12fc43d1-4bc2-40df-bc24-92ce580b79f0,c3497335-d1f1-4803-b6e9-1a733a4e242f,2026-02,0,22,10,0
2a8b78ef-b015-4c8f-acd3-d9f108426f9a,890f24ef-b428-4193-8a6b-40bf74a427a3,2026-07,1,21,6,4
dc2ae95e-50a3-4f69-a2ef-549c6c0b64ae,890f24ef-b428-4193-8a6b-40bf74a427a3,2026-06,0,22,11,0
b7c63514-d508-4b3c-97c1-1a8d96c2ed1d,890f24ef-b428-4193-8a6b-40bf74a427a3,2026-05,1,21,8,6
3a9b80d0-04d6-4eb5-94f0-021d960d7707,890f24ef-b428-4193-8a6b-40bf74a427a3,2026-04,0,22,5,10
37555ad0-9668-4bb3-bb12-5aea2daf586a,890f24ef-b428-4193-8a6b-40bf74a427a3,2026-03,0,22,7,6
a181ba6e-af25-47e7-956b-3960d56251e8,244c29e7-764b-4ce2-9164-148a5d124f2a,2026-07,0,22,6,0
90856486-bbd4-4061-bfa6-7bc1c2b3164b,244c29e7-764b-4ce2-9164-148a5d124f2a,2026-06,1,21,7,0
6f645ad0-8d8c-4d9a-a887-43130bcde1de,244c29e7-764b-4ce2-9164-148a5d124f2a,2026-05,1,21,9,5
b25fbdc5-d383-4902-8fdb-122e8ee40b8f,244c29e7-764b-4ce2-9164-148a5d124f2a,2026-04,1,21,10,5
42e31f62-3228-44a9-8d75-22097d37501d,244c29e7-764b-4ce2-9164-148a5d124f2a,2026-03,0,22,7,8
0acd1aa9-3693-4575-8c59-ec3b4a7658e7,244c29e7-764b-4ce2-9164-148a5d124f2a,2026-02,0,22,7,5
4ba54ce2-318b-4f6a-b787-27f8033f4691,bc937cb0-9c8b-4859-b811-7b5b2a1edd4c,2026-07,1,21,8,8
be8c931e-3262-4b3c-aa0e-484e85a817df,bc937cb0-9c8b-4859-b811-7b5b2a1edd4c,2026-06,3,19,6,6
7ea97fae-0d9e-44b4-80cb-755aaa9039c7,bc937cb0-9c8b-4859-b811-7b5b2a1edd4c,2026-05,2,20,7,1
f14f1716-2dc6-4114-9d4b-a31caaf47d48,bc937cb0-9c8b-4859-b811-7b5b2a1edd4c,2026-04,1,21,0,10
c2163450-f0e6-40c0-a7e3-4817a3c297ab,bc937cb0-9c8b-4859-b811-7b5b2a1edd4c,2026-03,1,21,8,8
36297864-6bfd-43a6-b277-c4b26be79df0,bc937cb0-9c8b-4859-b811-7b5b2a1edd4c,2026-02,2,20,6,3
2236a672-f677-4e12-b862-e11f4574d53c,270807ea-9f56-4438-a0e5-f4896c064cda,2026-07,3,19,7,8
1d91d33a-ccc1-4b69-a062-33e0376bb8ec,270807ea-9f56-4438-a0e5-f4896c064cda,2026-06,1,21,7,8
44634d59-e1f0-4502-b6a3-ce11c967cb43,270807ea-9f56-4438-a0e5-f4896c064cda,2026-05,1,21,5,2
8b754d99-0a97-46b4-adcc-2bb63aba42b6,270807ea-9f56-4438-a0e5-f4896c064cda,2026-04,1,21,10,3
b4f638e3-7a61-44f4-910e-87e147324766,270807ea-9f56-4438-a0e5-f4896c064cda,2026-03,2,20,2,4
64ca3e53-24a5-470c-a1d2-d80be1c78c2a,270807ea-9f56-4438-a0e5-f4896c064cda,2026-02,2,20,9,7
070aa6ad-b505-419c-9e08-68bf53924ab2,6ed3f653-7d1d-40dd-a5e3-98cce7ac7aa7,2026-07,2,20,9,10
7c4a19ed-7fda-40e7-a2a6-7b9253b665e8,6ed3f653-7d1d-40dd-a5e3-98cce7ac7aa7,2026-06,2,20,10,10
7de40d43-e547-480c-91af-d0094a493b45,6ed3f653-7d1d-40dd-a5e3-98cce7ac7aa7,2026-05,1,21,8,5
d4afb42c-9309-4387-94fb-28258222328e,6ed3f653-7d1d-40dd-a5e3-98cce7ac7aa7,2026-04,2,20,6,1
b33f3c98-3251-4842-9888-1d93db381dc0,6ed3f653-7d1d-40dd-a5e3-98cce7ac7aa7,2026-03,2,20,2,5
3844e550-8c30-4a64-9d39-b4ff75b2f036,6ed3f653-7d1d-40dd-a5e3-98cce7ac7aa7,2026-02,1,21,2,5
3a72d5b5-5751-40c2-9d5f-098dde20a0ec,c63b1758-c99c-43d4-ad54-5b86ed14cd5d,2026-07,0,22,5,10
e241ee99-431f-4737-9583-94decb181c85,c63b1758-c99c-43d4-ad54-5b86ed14cd5d,2026-06,0,22,8,9
35853181-86fb-4418-8bc1-63c1feaba128,c63b1758-c99c-43d4-ad54-5b86ed14cd5d,2026-05,0,22,12,3
d17fb444-0687-483b-abef-49eb36bc9408,c63b1758-c99c-43d4-ad54-5b86ed14cd5d,2026-04,0,22,8,9
4a5c0b2c-63cd-4086-8bb8-bf53cb91fd45,c63b1758-c99c-43d4-ad54-5b86ed14cd5d,2026-03,0,22,5,2
09e1a685-17df-4a16-a590-8409946d4545,c63b1758-c99c-43d4-ad54-5b86ed14cd5d,2026-02,0,22,5,1
a6a0a1c0-0db7-410b-a532-54b4ebd2f7c5,41048425-a655-4d49-9961-624af791eaac,2026-07,0,22,5,10
9bd2c1cc-5b2d-422f-be8b-2e161c92bf40,41048425-a655-4d49-9961-624af791eaac,2026-06,0,22,12,7
1ee2180f-e79a-49c3-a7ff-e779c2471de4,41048425-a655-4d49-9961-624af791eaac,2026-05,0,22,10,10
045bd6e0-930f-4334-9887-79d60cfc8e3a,41048425-a655-4d49-9961-624af791eaac,2026-04,0,22,11,1
9f2e223b-1171-48bc-82cc-4109313ff3ae,41048425-a655-4d49-9961-624af791eaac,2026-03,1,21,8,4
64dda46b-217e-4934-b825-11ae076a7d21,41048425-a655-4d49-9961-624af791eaac,2026-02,1,21,6,5
cffe8815-4a7e-4168-afed-4141a4adfc8b,9438e025-ade4-4a30-960a-9b49c93f3aa2,2026-07,2,20,10,1
62e988c4-def3-4963-b6e8-ebf7d5c9f6c9,9438e025-ade4-4a30-960a-9b49c93f3aa2,2026-06,1,21,9,8
116f707f-61d9-4c65-bb0a-53c68da06c8d,9438e025-ade4-4a30-960a-9b49c93f3aa2,2026-05,1,21,3,6
8ad4aaf4-f2e9-4664-a663-dc60a8c08a22,9438e025-ade4-4a30-960a-9b49c93f3aa2,2026-04,1,21,3,5
3389f4d0-5ec7-4a43-96b1-ac534df0c317,9438e025-ade4-4a30-960a-9b49c93f3aa2,2026-03,1,21,5,0
991fc5ab-f0b6-41ab-8670-2b8fffd4fd53,9438e025-ade4-4a30-960a-9b49c93f3aa2,2026-02,1,21,10,3
27a9a6b6-e19c-4d1a-99d5-e161cbd777e3,fcdfb524-f31d-4f16-8c75-8ae05a307294,2026-07,0,22,6,3
d96c3563-a00e-4694-9bfc-311a58b84700,fcdfb524-f31d-4f16-8c75-8ae05a307294,2026-06,1,21,9,2
847beec2-4ce1-4528-b844-daec587627c2,fcdfb524-f31d-4f16-8c75-8ae05a307294,2026-05,0,22,7,6
34ee63a1-b5a4-4824-be8f-14d51c0d3726,fcdfb524-f31d-4f16-8c75-8ae05a307294,2026-04,0,22,12,1
dc9570b9-e210-43a3-8081-0d5a26a05d43,fcdfb524-f31d-4f16-8c75-8ae05a307294,2026-03,0,22,14,5
7011bf93-be3c-4bcb-afdd-a02d3b41dd24,fcdfb524-f31d-4f16-8c75-8ae05a307294,2026-02,1,21,6,10
caf820f4-c956-45a8-b2bf-fb8a8342542e,a3525058-74f2-4e5d-9caf-f9acb53c6954,2026-07,0,22,8,4
cd5e581d-8acb-479e-9e1b-35c0c7d8d03f,a3525058-74f2-4e5d-9caf-f9acb53c6954,2026-06,0,22,11,6
06bbab79-2d3c-4137-9fb6-2a44d9da2c5b,a3525058-74f2-4e5d-9caf-f9acb53c6954,2026-05,0,22,13,2
748516cd-157c-4858-9f31-c69f67c90566,a3525058-74f2-4e5d-9caf-f9acb53c6954,2026-04,1,21,15,6
9c16705e-2538-4ac9-bdf7-201194896239,a3525058-74f2-4e5d-9caf-f9acb53c6954,2026-03,0,22,10,5
0fd114b8-d520-49f6-9ded-49c74443034a,a3525058-74f2-4e5d-9caf-f9acb53c6954,2026-02,1,21,12,3
6c47d682-d008-4385-9ad6-bbdd2bb0436d,2737b249-bbed-4d63-a99b-3006b7744c69,2026-07,0,22,7,1
09ad51d6-b211-4dfb-9281-5e7215a1f040,2737b249-bbed-4d63-a99b-3006b7744c69,2026-06,1,21,7,1
26006bb6-ca4b-4c0c-a4a3-84a77c0ff172,2737b249-bbed-4d63-a99b-3006b7744c69,2026-05,0,22,13,1
600b0cb0-3350-43bf-ad1a-27f9ef6e25ef,2737b249-bbed-4d63-a99b-3006b7744c69,2026-04,1,21,15,0
3c5d9726-aa56-40d1-89d0-a5823c6ead35,2737b249-bbed-4d63-a99b-3006b7744c69,2026-03,1,21,14,8
f060ac90-ffa4-4913-b735-78742c46ec9e,2737b249-bbed-4d63-a99b-3006b7744c69,2026-02,0,22,11,0
7084aa63-ab7e-4032-a912-00859dffbcdf,6d30cd3d-7403-416b-a831-b7d794f8bc47,2026-07,3,19,1,6
e825e472-1b07-4fd3-9d0f-a887b6d3d40b,6d30cd3d-7403-416b-a831-b7d794f8bc47,2026-06,1,21,4,0
bd39b741-152e-4f10-8ac0-e1109c4066f0,6d30cd3d-7403-416b-a831-b7d794f8bc47,2026-05,2,20,8,3
9a2283e3-0eb2-49d5-b751-2a574d2b99ad,6d30cd3d-7403-416b-a831-b7d794f8bc47,2026-04,3,19,7,3
84ae63b1-fc9d-491a-bfc0-73e77ae4bff1,6d30cd3d-7403-416b-a831-b7d794f8bc47,2026-03,3,19,3,1
095f09b1-7cb9-41d8-b2bf-04241bca39f4,6d30cd3d-7403-416b-a831-b7d794f8bc47,2026-02,2,20,0,6
4639e17d-f9c9-4139-aed7-6c045609fc8e,0a54cf5c-0a30-4783-9a22-169d62bcc8c9,2026-07,0,22,8,3
7be32cb4-1f28-4845-b1db-8605d5d898e7,0a54cf5c-0a30-4783-9a22-169d62bcc8c9,2026-06,1,21,14,8
e5d703b1-539d-497a-b88d-cf903c16f8ce,0a54cf5c-0a30-4783-9a22-169d62bcc8c9,2026-05,0,22,13,2
38ef08cb-ac82-4701-9409-bed6724ab177,0a54cf5c-0a30-4783-9a22-169d62bcc8c9,2026-04,0,22,14,3
79869d92-14aa-4043-8784-027a5ddc1203,0a54cf5c-0a30-4783-9a22-169d62bcc8c9,2026-03,0,22,9,8
2fe2e3e4-16ac-49f6-92b0-4919a0c077fc,0a54cf5c-0a30-4783-9a22-169d62bcc8c9,2026-02,1,21,13,8
e7b4410e-5bb0-4617-ad51-ce4d1116c8ff,482ba374-a477-48f8-acd0-353643856861,2026-07,0,22,11,7
6fdf163a-9e39-4389-a75b-e29a7d3fee28,482ba374-a477-48f8-acd0-353643856861,2026-06,0,22,12,2
b2582bcb-bc7f-4c6e-ba23-388c55744da0,482ba374-a477-48f8-acd0-353643856861,2026-05,1,21,7,1
fc4aa13e-d3c5-482f-a8bd-cfff4bf304b1,482ba374-a477-48f8-acd0-353643856861,2026-04,1,21,8,3
68679248-107a-4c1f-ac27-5c44994939a2,482ba374-a477-48f8-acd0-353643856861,2026-03,0,22,6,1
9cca7c4f-94f0-4bef-82a3-8495a561fb36,482ba374-a477-48f8-acd0-353643856861,2026-02,1,21,6,3
7b5fe7e5-3dad-4bd7-b2f0-470ef9034a6f,5670d01a-a957-4bc5-a7b9-b19c7ae914a7,2026-07,0,22,15,4
48379fb6-f103-47ed-a9da-31ef8cc0184d,5670d01a-a957-4bc5-a7b9-b19c7ae914a7,2026-06,0,22,10,5
764813e8-3360-46e4-9298-5ae36263fd34,5670d01a-a957-4bc5-a7b9-b19c7ae914a7,2026-05,1,21,8,8
da7654bf-7ed1-40d3-a1d1-bbabe494439a,5670d01a-a957-4bc5-a7b9-b19c7ae914a7,2026-04,0,22,6,5
4d06dc35-c28b-487d-856e-69e041312eb3,5670d01a-a957-4bc5-a7b9-b19c7ae914a7,2026-03,0,22,7,10
170e553c-b898-4b25-86cd-468bcfe45878,5670d01a-a957-4bc5-a7b9-b19c7ae914a7,2026-02,0,22,14,9
1a24b1ea-49e1-4887-86f6-ea5530a68979,eb4cd8f9-da1f-4308-b6f4-d7a6cb912034,2026-07,1,21,8,6
57189fbd-2f6d-4976-8cd3-d63245be7012,eb4cd8f9-da1f-4308-b6f4-d7a6cb912034,2026-06,1,21,8,9
814bc841-5286-447e-b235-51bdc5081d16,eb4cd8f9-da1f-4308-b6f4-d7a6cb912034,2026-05,1,21,10,8
4cf15c76-27d6-43bb-91b9-c3e5205d0806,eb4cd8f9-da1f-4308-b6f4-d7a6cb912034,2026-04,1,21,10,8
34a4031e-4d2f-4ce1-bbb5-651f2d20da13,eb4cd8f9-da1f-4308-b6f4-d7a6cb912034,2026-03,0,22,8,0
ccdf08ec-bd66-4789-95ef-b0f3789ff70f,eb4cd8f9-da1f-4308-b6f4-d7a6cb912034,2026-02,1,21,15,6
550f7705-4d6e-4774-8540-ea1d2e14fe5d,809d7830-1e52-4669-91d1-b546acaa74c1,2026-07,0,22,13,4
953674f9-97b5-4e48-ade1-44d989184288,809d7830-1e52-4669-91d1-b546acaa74c1,2026-06,0,22,6,6
a8a3be09-fdf2-4b1a-a7d9-1d3385982264,809d7830-1e52-4669-91d1-b546acaa74c1,2026-05,1,21,12,1
1e5a7f92-1921-4a2a-81cf-29fa6b221fb3,809d7830-1e52-4669-91d1-b546acaa74c1,2026-04,1,21,13,2
6b3df568-f39d-4c17-ab6b-4dec9336296e,809d7830-1e52-4669-91d1-b546acaa74c1,2026-03,1,21,10,3
65dbb7c2-3a18-403d-ae5b-e2fae2d96a7f,809d7830-1e52-4669-91d1-b546acaa74c1,2026-02,0,22,10,5
aebab735-3192-4e0a-8a7e-830b04667090,8db2e339-db0e-4217-953a-c7aa6adea0bf,2026-07,1,21,0,7
97a35d98-f5dc-4bd2-8915-16fbb0afd8cd,8db2e339-db0e-4217-953a-c7aa6adea0bf,2026-06,3,19,2,5
a166d47b-835c-4286-b18b-a686516c6d95,8db2e339-db0e-4217-953a-c7aa6adea0bf,2026-05,2,20,10,10
db2b14e3-5672-4252-8b58-680703d82f18,8db2e339-db0e-4217-953a-c7aa6adea0bf,2026-04,3,19,3,2
f83aed89-f428-414b-916f-11c087e5e827,8db2e339-db0e-4217-953a-c7aa6adea0bf,2026-03,1,21,3,2
f855faad-c2c4-4103-8e3f-e7df210c6740,8db2e339-db0e-4217-953a-c7aa6adea0bf,2026-02,3,19,2,3
bd1e7645-2cc7-4c80-9d6e-f7597dda200c,41ebb9f8-62fb-4645-bf42-922e890f1fe7,2026-07,1,21,13,5
b3d4dbfd-aa70-471d-8503-06abaa237910,41ebb9f8-62fb-4645-bf42-922e890f1fe7,2026-06,1,21,15,6
ce7bccdc-e97a-4999-b6d0-50e0bfd28d69,41ebb9f8-62fb-4645-bf42-922e890f1fe7,2026-05,1,21,6,3
25d3426a-0685-4950-a6d1-22e3c8f8cd7a,41ebb9f8-62fb-4645-bf42-922e890f1fe7,2026-04,0,22,11,2
1d9f4e82-5956-47c0-81ac-c49e8d3d55f0,41ebb9f8-62fb-4645-bf42-922e890f1fe7,2026-03,1,21,15,5
3feaeb6a-891b-4f90-9b65-7d89bae12867,41ebb9f8-62fb-4645-bf42-922e890f1fe7,2026-02,0,22,15,9
30299220-bcbe-43f7-b12d-4775673c64d7,9eb2a895-3e50-4a94-8984-1d96609f3b97,2026-07,5,17,5,5
aa81dcc6-7711-4657-84f0-e659846c5c09,9eb2a895-3e50-4a94-8984-1d96609f3b97,2026-06,4,18,3,10
0e1acb64-fd9d-4c41-9445-b88438dac7f0,9eb2a895-3e50-4a94-8984-1d96609f3b97,2026-05,4,18,3,6
cb892c45-69ae-4783-867e-d7aa96e3b7b2,9eb2a895-3e50-4a94-8984-1d96609f3b97,2026-04,6,16,4,0
5fa420c5-0f83-4183-9882-18c636564564,9eb2a895-3e50-4a94-8984-1d96609f3b97,2026-03,2,20,0,10
dc3e0437-811a-4fcc-a66e-95c3fe6fb23d,9eb2a895-3e50-4a94-8984-1d96609f3b97,2026-02,5,17,2,3
5a862e21-57be-4ae2-ad2d-92e54a8d1517,fee3b507-980a-42a1-b326-cdaab6a63e04,2026-07,0,22,12,0
e31d1e8b-64f7-437d-97fe-24e2820c090e,fee3b507-980a-42a1-b326-cdaab6a63e04,2026-06,0,22,15,5
dceea7bd-591b-42cf-a7ce-8c63219e7df3,fee3b507-980a-42a1-b326-cdaab6a63e04,2026-05,1,21,10,5
b6bb7e0d-ccb1-49ef-a92a-33a10ae18371,fee3b507-980a-42a1-b326-cdaab6a63e04,2026-04,0,22,5,6
225737dd-3c0d-404f-9cf7-47456dc34913,7632ae62-8f4a-45ce-9e5c-9ec290bafb90,2026-07,3,19,9,5
cd9ed55d-63de-4774-beb4-a6494919c87c,7632ae62-8f4a-45ce-9e5c-9ec290bafb90,2026-06,2,20,2,3
bb03feae-9094-4a4d-a4fb-072412f1632c,7632ae62-8f4a-45ce-9e5c-9ec290bafb90,2026-05,2,20,6,8
cb1349b0-aaf9-43e5-87b9-c91b329e461e,7632ae62-8f4a-45ce-9e5c-9ec290bafb90,2026-04,1,21,2,10
f66535ae-936d-4ce0-a53f-4ad9dc1fb0bf,7632ae62-8f4a-45ce-9e5c-9ec290bafb90,2026-03,1,21,1,4
fc6c5cd3-535f-4d2f-9413-9ac63545e715,7632ae62-8f4a-45ce-9e5c-9ec290bafb90,2026-02,2,20,10,5
05c21b24-925e-4646-964a-39f95f61100f,6729e45e-1135-4176-b523-b4c5af5b721a,2026-07,0,22,6,7
46313f88-6287-4bd1-bdda-c8469763f1eb,6729e45e-1135-4176-b523-b4c5af5b721a,2026-06,1,21,11,7
f67a7c33-3ff6-4f39-bd2b-a2fa10e7b5ed,6729e45e-1135-4176-b523-b4c5af5b721a,2026-05,0,22,6,8
31022553-801e-4b44-bf4f-15b9dbb78ee3,6729e45e-1135-4176-b523-b4c5af5b721a,2026-04,0,22,14,10
a67d8a4b-2803-4c9a-80a1-3039358f1cfc,6729e45e-1135-4176-b523-b4c5af5b721a,2026-03,1,21,14,9
611421a1-d6a2-45af-b440-c71cab194ea3,6729e45e-1135-4176-b523-b4c5af5b721a,2026-02,1,21,9,3
1efca951-9965-4693-afcd-3aad894e75fc,2e9d1eae-af9e-4ac2-83f6-334feae25fb3,2026-07,1,21,9,1
2af203e0-ebef-4d55-8910-d1bcde2a1402,2e9d1eae-af9e-4ac2-83f6-334feae25fb3,2026-06,1,21,13,9
0a8bd6c1-ee16-427b-a130-176f219250b1,2e9d1eae-af9e-4ac2-83f6-334feae25fb3,2026-05,1,21,13,1
49a9b462-c08f-4301-9c46-bef80309f20a,2e9d1eae-af9e-4ac2-83f6-334feae25fb3,2026-04,0,22,12,5
3b36d322-51c3-46f3-8174-0bd0afa3f493,2e9d1eae-af9e-4ac2-83f6-334feae25fb3,2026-03,1,21,12,6
8b3abfa3-89b9-4816-b8c0-80045ffdd4d9,2e9d1eae-af9e-4ac2-83f6-334feae25fb3,2026-02,0,22,7,0
7bca6543-02e4-4b66-8e23-0177e1df3f09,1e8667b8-19cd-4c2d-a6b9-6ac7acac9e05,2026-07,1,21,5,10
91c2da6c-c902-47d0-88e4-9f8995e24080,1e8667b8-19cd-4c2d-a6b9-6ac7acac9e05,2026-06,3,19,5,0
70f7b389-64ca-4a1b-8ce8-4a8a12728e32,1e8667b8-19cd-4c2d-a6b9-6ac7acac9e05,2026-05,2,20,7,9
504c1efa-09f7-4ac8-be04-5f51d0aa8c31,1e8667b8-19cd-4c2d-a6b9-6ac7acac9e05,2026-04,1,21,8,6
e173004f-a5b5-4b2f-a35e-e450a5d3bf49,1e8667b8-19cd-4c2d-a6b9-6ac7acac9e05,2026-03,3,19,8,3
6d6d06c0-9ec2-47ff-b030-3340dd5a685f,1e8667b8-19cd-4c2d-a6b9-6ac7acac9e05,2026-02,2,20,10,6
6beee46d-a312-4284-845a-5d7f0acbc570,d8903a26-efea-4297-b988-164b3a51a321,2026-07,1,21,7,9
d817c5a5-eba6-4583-9a53-78aedc7a0f83,d8903a26-efea-4297-b988-164b3a51a321,2026-06,1,21,13,7
90b4e596-312f-4895-9bd2-c1baf85d6830,d8903a26-efea-4297-b988-164b3a51a321,2026-05,0,22,5,7
a74a4c89-982d-4eab-ad65-3bf3be938231,d8903a26-efea-4297-b988-164b3a51a321,2026-04,0,22,11,3
271fd383-382f-408e-83b0-cbc2661dadc2,d8903a26-efea-4297-b988-164b3a51a321,2026-03,1,21,12,5
05e7423c-7ab9-408b-9911-053a7e24cd78,d8903a26-efea-4297-b988-164b3a51a321,2026-02,0,22,13,1
657fd003-cfe6-45fd-b515-4c2c56554656,c06f6c24-c571-4a2e-ab88-14f868da1704,2026-07,1,21,6,9
6ccc4f96-6421-44b6-b1c4-e46b7f5c4afb,c06f6c24-c571-4a2e-ab88-14f868da1704,2026-06,1,21,15,8
6b7d1886-c3c4-41d9-a4a5-a9cc1a678c12,c06f6c24-c571-4a2e-ab88-14f868da1704,2026-05,1,21,6,5
2fe7ee83-f025-471f-82df-44f2bc2e2e1c,c06f6c24-c571-4a2e-ab88-14f868da1704,2026-04,0,22,15,1
8cfb945c-9427-4747-b5fe-e33e4cb04e8e,c06f6c24-c571-4a2e-ab88-14f868da1704,2026-03,1,21,15,6
7dbbfece-cce4-4d09-8af9-6270ce4215f8,c06f6c24-c571-4a2e-ab88-14f868da1704,2026-02,1,21,11,6
c1826390-57c8-4ec1-92df-ce661b3dd33a,27efb81b-d816-4ca1-aa42-0f11ba9f9efb,2026-07,1,21,7,9
a5001993-c95b-4090-b185-699b9908c53d,27efb81b-d816-4ca1-aa42-0f11ba9f9efb,2026-06,0,22,8,9
acbb5219-fab7-43cb-9cf3-c0dd5abff971,27efb81b-d816-4ca1-aa42-0f11ba9f9efb,2026-05,0,22,9,6
c8d49eb5-c8de-411d-b366-abc9bd4a4941,27efb81b-d816-4ca1-aa42-0f11ba9f9efb,2026-04,0,22,13,2
ac5c81b1-e816-4e16-9a3d-04471a0bc8e0,27efb81b-d816-4ca1-aa42-0f11ba9f9efb,2026-03,1,21,6,10
9fce1287-0d2d-4271-abf9-b9417610dbe0,27efb81b-d816-4ca1-aa42-0f11ba9f9efb,2026-02,1,21,8,3
460a7aac-938d-4c36-8f7b-3b2627d17714,554f394c-a042-431e-81b2-1db361df546e,2026-07,1,21,12,0
9a1bba75-a524-4cab-9cc5-b51082874a43,d3c472fe-21cc-45af-bcb4-02747da2c9de,2026-07,0,22,5,6
beb1b219-c4c1-44cb-95c7-8e2f30170fa3,d3c472fe-21cc-45af-bcb4-02747da2c9de,2026-06,0,22,12,8
ea0db992-c266-410a-925a-5374fe13ded7,d3c472fe-21cc-45af-bcb4-02747da2c9de,2026-05,0,22,13,9
b7de9c35-aef2-4fdb-8845-48a6a9880da4,d3c472fe-21cc-45af-bcb4-02747da2c9de,2026-04,1,21,6,1
77dd08fb-7dfd-4b97-8afc-93d08ec2b4dd,d3c472fe-21cc-45af-bcb4-02747da2c9de,2026-03,0,22,13,6
5ec7429f-60aa-483a-b129-e27d5ea36851,d3c472fe-21cc-45af-bcb4-02747da2c9de,2026-02,1,21,12,5
456b2dc2-83b7-4b91-8ea4-b0b50c0deb16,4135adb1-79ed-4479-8419-3da9bebf621a,2026-07,0,22,13,4
e9ed37d2-291b-4c93-a5cf-683211fe1229,4135adb1-79ed-4479-8419-3da9bebf621a,2026-06,1,21,7,3
4144b59c-6cef-41ae-9c6a-ea1e0ca8d8dd,4135adb1-79ed-4479-8419-3da9bebf621a,2026-05,1,21,12,0
608dc1fd-92b1-4fa2-9aae-ed11422ec294,4135adb1-79ed-4479-8419-3da9bebf621a,2026-04,0,22,12,4
fce693c2-b057-4325-9efc-56a364df6cfb,4135adb1-79ed-4479-8419-3da9bebf621a,2026-03,1,21,14,7
ea2e9f7e-0f30-4042-9acd-4f07175e7b3a,4135adb1-79ed-4479-8419-3da9bebf621a,2026-02,1,21,12,8
5bdf2336-289f-4436-aab2-382d3a267e93,308a7c7d-322a-440b-b7fd-46bd40419af0,2026-07,3,19,4,5
cad4d515-6627-4726-af02-d153e0b4592a,308a7c7d-322a-440b-b7fd-46bd40419af0,2026-06,1,21,2,1
98825fa8-92aa-4bf6-8274-e93edf602e82,308a7c7d-322a-440b-b7fd-46bd40419af0,2026-05,3,19,8,0
4127903d-f311-4a3b-86dd-77c460695990,308a7c7d-322a-440b-b7fd-46bd40419af0,2026-04,3,19,8,7
5ae6c439-7bc9-4914-b4e4-7ce2c38c7891,308a7c7d-322a-440b-b7fd-46bd40419af0,2026-03,3,19,7,7
1ddebaf5-07bc-4bfd-a773-aa2f2fe73f01,308a7c7d-322a-440b-b7fd-46bd40419af0,2026-02,1,21,2,9
3e6e7718-a68f-456d-8492-15dde06204b2,156d67d9-1fdf-48ef-90c1-9a13e83d805a,2026-07,1,21,11,8
007d6c7c-5022-4152-9a4d-45257af5ddba,156d67d9-1fdf-48ef-90c1-9a13e83d805a,2026-06,0,22,13,10
92265d15-c563-4b33-83c6-5df02d44b762,156d67d9-1fdf-48ef-90c1-9a13e83d805a,2026-05,0,22,7,2
8c800be2-d6e6-4cf7-9cf9-a2e3b10380ef,156d67d9-1fdf-48ef-90c1-9a13e83d805a,2026-04,0,22,7,3
3681b69c-72a9-4018-99ab-628b8eb462dc,156d67d9-1fdf-48ef-90c1-9a13e83d805a,2026-03,0,22,11,2
be5e82b7-c97e-429e-a775-4b90cbd11479,156d67d9-1fdf-48ef-90c1-9a13e83d805a,2026-02,1,21,6,9
71203a3a-8c5b-4342-b046-43bd7b38ff73,29deae47-9422-43ef-a683-ceb20dd94df6,2026-07,0,22,6,5
9f04886a-91d0-4c0b-a59e-787a6b169900,29deae47-9422-43ef-a683-ceb20dd94df6,2026-06,1,21,9,1
562bd564-0314-4ddf-aaa0-11d4d80e9090,29deae47-9422-43ef-a683-ceb20dd94df6,2026-05,1,21,10,4
da869d48-e1c6-4f20-9276-aa22cf4031f4,29deae47-9422-43ef-a683-ceb20dd94df6,2026-04,1,21,14,1
352babd1-1bef-4aab-8708-100109beb587,29deae47-9422-43ef-a683-ceb20dd94df6,2026-03,0,22,10,9
679ad3ff-5389-403c-991c-b74371223fb2,29deae47-9422-43ef-a683-ceb20dd94df6,2026-02,1,21,15,4
199074d0-1d26-481b-816c-a0fe774463fd,d6b9a115-bbee-45cf-b587-dd1c94c8055c,2026-07,3,19,5,1
ab125543-088b-47e3-856b-0d393e1baa81,d6b9a115-bbee-45cf-b587-dd1c94c8055c,2026-06,5,17,1,6
d3775f0f-1088-4eec-8870-b50774708346,d6b9a115-bbee-45cf-b587-dd1c94c8055c,2026-05,4,18,3,5
eaca5ad7-4d33-4e61-b55d-7dea8eaa4960,d6b9a115-bbee-45cf-b587-dd1c94c8055c,2026-04,2,20,4,2
2e98467e-f348-4032-94d9-77f81ac5f253,d6b9a115-bbee-45cf-b587-dd1c94c8055c,2026-03,2,20,3,3
50f2efd3-0c0b-492c-9ef5-95b5e3b5306e,d6b9a115-bbee-45cf-b587-dd1c94c8055c,2026-02,5,17,5,1
d8b88edd-59de-442f-9211-a04d99143ff5,a392ef10-1d48-40c1-9db1-b6f0aa438af1,2026-07,3,19,0,7
7e1dbc84-2098-40d3-9846-31e7688ca544,a392ef10-1d48-40c1-9db1-b6f0aa438af1,2026-06,3,19,5,6
b7074177-dddd-4071-8ea3-7bb06aa3a6ae,a392ef10-1d48-40c1-9db1-b6f0aa438af1,2026-05,2,20,4,2
eaf510bd-dd58-4211-a6a3-a6273549e3ab,a392ef10-1d48-40c1-9db1-b6f0aa438af1,2026-04,3,19,4,1
668d2721-695e-4898-a1b1-253448f16d26,a392ef10-1d48-40c1-9db1-b6f0aa438af1,2026-03,1,21,0,4
344bb99d-8b5d-43b8-97d2-3f7b5428ff29,a392ef10-1d48-40c1-9db1-b6f0aa438af1,2026-02,1,21,1,8
96a52bef-44d5-4441-94b8-c68f880dee96,1f965586-f722-469f-a346-1ee60e107854,2026-07,4,18,0,8
d8ea4595-98e9-4574-9276-23c4626d12e7,1f965586-f722-469f-a346-1ee60e107854,2026-06,4,18,1,3
db40a5a4-bf1d-4d2b-85de-11b0b57ba628,1f965586-f722-469f-a346-1ee60e107854,2026-05,2,20,4,7
d1ff2756-cf11-4feb-a599-f5cc2dcb6335,1f965586-f722-469f-a346-1ee60e107854,2026-04,6,16,2,6
eee5bba7-febd-4df8-9431-a7f22f14c3d2,1f965586-f722-469f-a346-1ee60e107854,2026-03,5,17,2,1
68503543-1b7b-411f-9efd-101a0c9f586f,1f965586-f722-469f-a346-1ee60e107854,2026-02,4,18,0,2
4a723bf5-7495-4c63-915c-b5f057c6e3be,53fa190c-9e85-4b6b-ae07-fe07b9e27bb2,2026-07,0,22,6,5
7bff1ca6-24a6-4f5c-93f0-4fa3cec03941,53fa190c-9e85-4b6b-ae07-fe07b9e27bb2,2026-06,1,21,13,2
9f33e693-ace4-4e7f-8758-b6540a18611b,53fa190c-9e85-4b6b-ae07-fe07b9e27bb2,2026-05,0,22,5,9
dc860995-4402-471f-9a3d-69a9a9c406a7,53fa190c-9e85-4b6b-ae07-fe07b9e27bb2,2026-04,0,22,7,6
be86b01d-8cec-4c30-afe7-721357195035,53fa190c-9e85-4b6b-ae07-fe07b9e27bb2,2026-03,0,22,12,1
78a3796b-484b-4f22-8881-5f92ae14cd99,53fa190c-9e85-4b6b-ae07-fe07b9e27bb2,2026-02,1,21,9,6
8a9dc9dc-e3a9-4410-8ad5-fd4663cbcd2c,fa3a12f8-60bb-49bb-a843-d86c8968b990,2026-07,1,21,13,2
33149bb2-dc3f-458d-8c43-21a19681298d,fa3a12f8-60bb-49bb-a843-d86c8968b990,2026-06,0,22,11,4
dbda3f09-05b2-423f-976d-c1bad788cf9e,fa3a12f8-60bb-49bb-a843-d86c8968b990,2026-05,1,21,14,9
e82849fe-9a7c-454d-91ca-8b8db551ce1b,fa3a12f8-60bb-49bb-a843-d86c8968b990,2026-04,1,21,15,6
81c96d88-2e33-4d28-ba70-192b4d50af93,fa3a12f8-60bb-49bb-a843-d86c8968b990,2026-03,1,21,13,10
d5019408-9254-4f78-89a8-92591c0bbda0,fa3a12f8-60bb-49bb-a843-d86c8968b990,2026-02,1,21,5,7
99366fec-5f25-4e6a-a881-015abf3bad37,4e0c4813-33a4-47a3-a994-c56f516b53f2,2026-07,0,22,5,10
d0d0bc5c-00aa-4c06-b1ea-055599b3e6bf,4e0c4813-33a4-47a3-a994-c56f516b53f2,2026-06,1,21,13,2
b99ab00c-54bf-4b17-a11f-0071a9ca96d2,4e0c4813-33a4-47a3-a994-c56f516b53f2,2026-05,1,21,11,10
beb4a430-25cd-40ad-94cc-08c38ed84c48,4e0c4813-33a4-47a3-a994-c56f516b53f2,2026-04,1,21,7,10
8714075c-7eee-4341-aa50-e07ad8d10835,4e0c4813-33a4-47a3-a994-c56f516b53f2,2026-03,0,22,11,4
1470acfb-ea23-46fb-8b23-cd436eb96ac4,4e0c4813-33a4-47a3-a994-c56f516b53f2,2026-02,0,22,8,7
9ea60b7e-4f3d-4207-ae4c-f7cca56e2a4f,8111a374-326a-431e-bd1d-017e65d0a888,2026-07,1,21,14,0
78b0cf86-e498-4466-81a5-1c864d171251,8111a374-326a-431e-bd1d-017e65d0a888,2026-06,1,21,5,1
f45867f5-b640-4f79-98c9-9a0bf969eb62,8111a374-326a-431e-bd1d-017e65d0a888,2026-05,0,22,10,7
c4dc974b-680e-43bc-b96c-dbcef0adde12,8111a374-326a-431e-bd1d-017e65d0a888,2026-04,1,21,11,0
3aae232c-34e3-45e4-8b4a-5bbddff11acd,8111a374-326a-431e-bd1d-017e65d0a888,2026-03,0,22,5,4
b469ca34-b3d6-4622-b49b-2da51bce0665,8111a374-326a-431e-bd1d-017e65d0a888,2026-02,1,21,8,6
4f88606a-6aa0-43b1-a062-92cd72d1f77c,62a03c72-ab56-4e7b-bcac-d426791b6883,2026-07,5,17,0,7
31bd8398-5938-4a93-a2d3-a87f39d689d2,62a03c72-ab56-4e7b-bcac-d426791b6883,2026-06,2,20,4,4
8c7aff27-9178-40b2-8ab7-80163f371039,62a03c72-ab56-4e7b-bcac-d426791b6883,2026-05,2,20,5,2
b3a42019-10dd-4838-b7dc-4a60fa780cea,62a03c72-ab56-4e7b-bcac-d426791b6883,2026-04,5,17,1,10
f9d6d9c3-6351-4f17-848a-377e49cacde9,62a03c72-ab56-4e7b-bcac-d426791b6883,2026-03,5,17,4,3
d170f561-ef11-4301-a03c-c280795aa410,62a03c72-ab56-4e7b-bcac-d426791b6883,2026-02,3,19,5,7
39a6130b-1bd6-471a-946d-7d50d4a1eaa1,c4e9fbaa-f78d-4256-8496-232ecba358c7,2026-07,0,22,5,2
4259ed51-8a9d-4179-8b6b-6405b641abcc,c4e9fbaa-f78d-4256-8496-232ecba358c7,2026-06,1,21,7,2
98e19057-3b86-4f3a-875d-86aadf8d1160,c4e9fbaa-f78d-4256-8496-232ecba358c7,2026-05,1,21,10,2
fc00a41c-a1fc-4382-9e31-033db845f763,c4e9fbaa-f78d-4256-8496-232ecba358c7,2026-04,0,22,11,3
12dc0307-290b-43ae-8a69-952f94dc9483,c4e9fbaa-f78d-4256-8496-232ecba358c7,2026-03,0,22,14,6
93a38cc8-709c-4a6c-a96a-693210011098,c4e9fbaa-f78d-4256-8496-232ecba358c7,2026-02,0,22,9,8
c218c564-a1f4-4741-9c44-fd3528850ee6,616d87ef-9bb4-4f83-8767-e92cc817a125,2026-07,1,21,6,5
ea7612ed-564b-4cfc-82e1-f2046284edd4,616d87ef-9bb4-4f83-8767-e92cc817a125,2026-06,1,21,4,5
fa28af20-1e49-469b-8a9e-c87376524734,616d87ef-9bb4-4f83-8767-e92cc817a125,2026-05,2,20,9,6
f0a80053-e821-48ca-8c1b-9dfcb12034ba,616d87ef-9bb4-4f83-8767-e92cc817a125,2026-04,2,20,2,6
dfb1af5b-1c83-4070-a809-9d642fee7417,616d87ef-9bb4-4f83-8767-e92cc817a125,2026-03,3,19,8,9
73f42ec6-41de-4c29-a953-9ee40d2e8cc2,616d87ef-9bb4-4f83-8767-e92cc817a125,2026-02,2,20,2,8
4b231bdb-3fb0-47ae-bf7b-399461e49407,45741b25-fe6d-4e99-a28e-af0429c654bd,2026-07,2,20,3,6
a779c1a1-20ea-4296-9068-20f31e30c9ed,45741b25-fe6d-4e99-a28e-af0429c654bd,2026-06,2,20,9,7
f43d72bd-a68f-46ee-87e1-a788fcb2794c,45741b25-fe6d-4e99-a28e-af0429c654bd,2026-05,3,19,0,4
fad65a62-3be0-46c6-919d-c0368396e1a0,45741b25-fe6d-4e99-a28e-af0429c654bd,2026-04,1,21,6,4
8d9229bd-af81-4d65-bee7-5fc7eeb19120,45741b25-fe6d-4e99-a28e-af0429c654bd,2026-03,2,20,1,5
6d987c8c-89f6-47d3-83b9-56f7afb3af18,45741b25-fe6d-4e99-a28e-af0429c654bd,2026-02,3,19,4,3
85e02a6a-8313-4a84-a4ed-b74ebad4039d,877eada1-fdbe-4ff9-b406-9f1e9cf96035,2026-07,0,22,15,2
4394940b-e89a-43ae-b31c-e8c7cab571b3,877eada1-fdbe-4ff9-b406-9f1e9cf96035,2026-06,0,22,10,9
1e7b34b2-376b-4d2d-ad89-277dccab9fd8,877eada1-fdbe-4ff9-b406-9f1e9cf96035,2026-05,1,21,8,2
571c2f32-b9f5-4336-bc99-ea708a159084,877eada1-fdbe-4ff9-b406-9f1e9cf96035,2026-04,0,22,10,9
e9bf6dda-ccb7-4402-b4fb-3e32601b102d,877eada1-fdbe-4ff9-b406-9f1e9cf96035,2026-03,1,21,10,0
a81b157e-b335-4c41-89a6-217727778053,877eada1-fdbe-4ff9-b406-9f1e9cf96035,2026-02,0,22,6,9
90f1ff4e-697f-4860-ba07-34e79e59d771,885c9200-8cfd-4bab-912a-827a569ab455,2026-07,1,21,13,6
69893ead-e351-4119-ba1d-e43b4674ca3d,885c9200-8cfd-4bab-912a-827a569ab455,2026-06,1,21,8,10
087d6d22-8d27-454c-8567-61dfac4010fb,885c9200-8cfd-4bab-912a-827a569ab455,2026-05,1,21,8,8
ea4a9fc7-fc89-4a71-9272-9fd0933e4603,885c9200-8cfd-4bab-912a-827a569ab455,2026-04,0,22,7,9
c1671823-3ac9-4ed3-a47c-267490791174,885c9200-8cfd-4bab-912a-827a569ab455,2026-03,0,22,12,0
b15108b5-7b9d-45ef-8a86-fe8bcc49273b,885c9200-8cfd-4bab-912a-827a569ab455,2026-02,1,21,7,3
43c8a255-78b2-47e7-9c39-35962a21f810,2a193f8d-be52-4979-b8e7-af03ea0a7919,2026-07,1,21,12,5
cc0908cf-44e6-4b9f-95e6-840faeffa2b7,2a193f8d-be52-4979-b8e7-af03ea0a7919,2026-06,1,21,6,8
fc4d6625-0743-4c4a-b1b6-0f3851655792,2a193f8d-be52-4979-b8e7-af03ea0a7919,2026-05,0,22,5,1
651c6d40-b7e1-420a-bf01-01aaf8e7f960,2a193f8d-be52-4979-b8e7-af03ea0a7919,2026-04,0,22,12,4
df1702fa-7713-4de6-8cab-7f5db02886a8,2a193f8d-be52-4979-b8e7-af03ea0a7919,2026-03,0,22,10,10
48609e7e-359f-48a8-a38a-848be211e595,2a193f8d-be52-4979-b8e7-af03ea0a7919,2026-02,1,21,5,2
67f31ab7-abc5-489b-84fa-993fa42b2015,2942ad99-153c-4d29-b6ff-097be28ed7c7,2026-07,1,21,9,6
79512b43-32e6-4e30-8d32-32e8e9f484a7,2942ad99-153c-4d29-b6ff-097be28ed7c7,2026-06,1,21,12,1
0ed61e14-30f5-4673-a3fe-60423bb45a62,2942ad99-153c-4d29-b6ff-097be28ed7c7,2026-05,0,22,8,1
9e78d72d-c2ff-4b09-860e-e15c2656f743,2942ad99-153c-4d29-b6ff-097be28ed7c7,2026-04,1,21,11,8
dac72fa2-ed85-442f-b6d8-f4ca43fc521f,2942ad99-153c-4d29-b6ff-097be28ed7c7,2026-03,0,22,11,4
3bf959b7-7609-46c1-a98b-6a4bda72fe5f,2942ad99-153c-4d29-b6ff-097be28ed7c7,2026-02,1,21,14,9
4c67b220-a720-4c72-9524-9df2c0bf1360,a322ea38-ec43-47d6-a805-c06b5196cde2,2026-07,1,21,13,10
9f170752-64b7-4cc8-9120-c5358191cbdb,a322ea38-ec43-47d6-a805-c06b5196cde2,2026-06,1,21,6,10
74f0a39d-aa8c-4ce5-b1c7-819b01d4b7b5,a322ea38-ec43-47d6-a805-c06b5196cde2,2026-05,0,22,5,4
c8142c33-8e03-4d48-ac6c-e0d9cc3e7a69,a322ea38-ec43-47d6-a805-c06b5196cde2,2026-04,0,22,6,10
5ee27d3a-a113-476f-8e39-365d589ab270,a322ea38-ec43-47d6-a805-c06b5196cde2,2026-03,1,21,14,0
9bce432c-10eb-45c5-a520-8184bae63727,a322ea38-ec43-47d6-a805-c06b5196cde2,2026-02,1,21,13,8
693e23d2-e6c9-4887-b488-0ba7493157a4,9856d08c-4dbe-48b1-ab16-29aecf6cd15a,2026-07,1,21,6,6
1ea916d5-dbaf-4c50-9303-287aa62af8ce,9856d08c-4dbe-48b1-ab16-29aecf6cd15a,2026-06,0,22,10,4
570176cf-dafe-44c3-9614-2b04304c9421,9856d08c-4dbe-48b1-ab16-29aecf6cd15a,2026-05,0,22,7,7
b8d83740-95d9-464d-b1d1-ac959e95554f,9856d08c-4dbe-48b1-ab16-29aecf6cd15a,2026-04,0,22,13,0
de931047-aa10-4a2b-bda6-f4a3d9ac7f1e,9856d08c-4dbe-48b1-ab16-29aecf6cd15a,2026-03,0,22,15,9
4ab7b1a5-5bc3-4ff8-a7cd-65773248aefd,9856d08c-4dbe-48b1-ab16-29aecf6cd15a,2026-02,0,22,13,7
ab775c38-3207-4759-8d52-46e0c05972d1,28826ffb-e935-4c8b-a2f7-d43d6ad28000,2026-07,1,21,12,9
aab135db-0dae-4afb-899d-abaf7450a2bc,28826ffb-e935-4c8b-a2f7-d43d6ad28000,2026-06,0,22,5,3
3c8fbf85-5392-4439-ba3e-19b70b9c2c5b,28826ffb-e935-4c8b-a2f7-d43d6ad28000,2026-05,0,22,15,1
f719479b-e3ce-4555-93d0-8087f75245f2,28826ffb-e935-4c8b-a2f7-d43d6ad28000,2026-04,1,21,13,1
976867c0-cde4-47f3-abc5-83eac639da81,28826ffb-e935-4c8b-a2f7-d43d6ad28000,2026-03,1,21,7,1
529fc867-adfb-4f6a-8ae9-7957ab9cd05d,28826ffb-e935-4c8b-a2f7-d43d6ad28000,2026-02,0,22,7,9
208307cd-cafe-4ef4-90f5-8b452857b35e,2326da6b-27bc-4f2d-bb30-eb12cc553360,2026-07,1,21,2,8
7804c6a2-a785-4ca2-8603-0862f38c48ab,2326da6b-27bc-4f2d-bb30-eb12cc553360,2026-06,3,19,2,10
cb1a91f2-4240-47c4-8687-d6655cf80c5b,2326da6b-27bc-4f2d-bb30-eb12cc553360,2026-05,1,21,8,5
f18379a0-0e43-4d59-815e-10c0ebd38f59,2326da6b-27bc-4f2d-bb30-eb12cc553360,2026-04,3,19,1,1
fddf9dac-0882-4e32-85c5-9455fa3f712d,2326da6b-27bc-4f2d-bb30-eb12cc553360,2026-03,1,21,5,6
0be23a2a-7f43-4e46-aaf2-a1268a1e6095,2326da6b-27bc-4f2d-bb30-eb12cc553360,2026-02,3,19,5,2
f54d58ca-96bc-4a2b-a875-5ab741b7e308,e177ad2c-1e8d-4cf9-ada8-dd42fb9d739c,2026-07,0,22,11,5
f7305ac1-d93b-4573-9608-f06a6235ae65,f0f04098-5ff1-4144-9e21-153702a6d077,2026-07,1,21,13,6
c86fcba5-3b6f-4a4d-be89-b1e7c50f17ed,f0f04098-5ff1-4144-9e21-153702a6d077,2026-06,1,21,9,2
0226d1d4-28c3-481a-8c92-aceb03b9b2eb,f0f04098-5ff1-4144-9e21-153702a6d077,2026-05,0,22,11,1
4922684f-28d7-4afb-b1eb-a0a183676ecc,f0f04098-5ff1-4144-9e21-153702a6d077,2026-04,0,22,11,9
625a2ef8-c795-4278-ae4b-242db36a9685,f0f04098-5ff1-4144-9e21-153702a6d077,2026-03,1,21,6,9
399fa553-f432-44c9-a141-d5dcad75a443,f0f04098-5ff1-4144-9e21-153702a6d077,2026-02,0,22,12,7
2374776b-9536-45df-a63b-63c9a2d912d9,b1644b71-799e-4674-aec6-e61fffbcb5a1,2026-07,1,21,6,3
3c06b651-6ce7-4194-ae16-e2782879f02f,b1644b71-799e-4674-aec6-e61fffbcb5a1,2026-06,1,21,7,6
4cd4fd0b-8a8a-4986-9424-26a2a6136d18,b1644b71-799e-4674-aec6-e61fffbcb5a1,2026-05,1,21,11,0
dac1d884-d413-450e-b38d-cb6165011140,b1644b71-799e-4674-aec6-e61fffbcb5a1,2026-04,1,21,9,8
1256bbee-8e60-4092-b97e-b2a7fdfc7c88,b1644b71-799e-4674-aec6-e61fffbcb5a1,2026-03,0,22,10,2
68e5ba55-2d94-4cc8-b6a0-b81b9726ed38,b1644b71-799e-4674-aec6-e61fffbcb5a1,2026-02,1,21,14,2
4df66ec4-6f00-4967-89ed-57404ac69b3f,c8c7da67-e978-4d8a-9f00-99b4b1fd5aaf,2026-07,3,19,4,7
9eb539e8-990c-4801-8f62-2383e0059eb3,c8c7da67-e978-4d8a-9f00-99b4b1fd5aaf,2026-06,1,21,2,3
3b864a26-9001-42d4-aaa9-992ac32d3107,c8c7da67-e978-4d8a-9f00-99b4b1fd5aaf,2026-05,3,19,10,1
fd7afdb6-3d31-4de0-9439-db3a42e8b1e5,c8c7da67-e978-4d8a-9f00-99b4b1fd5aaf,2026-04,2,20,7,9
0e93e88a-23aa-45e0-acd7-83919492f798,c8c7da67-e978-4d8a-9f00-99b4b1fd5aaf,2026-03,2,20,7,3
176a04f3-478b-4d92-bd3c-8b19ef7e0859,c8c7da67-e978-4d8a-9f00-99b4b1fd5aaf,2026-02,1,21,9,5
ba63d97f-67ae-4232-855d-b08940a75a42,e6caf497-b7d7-4f5d-810f-c112dc4b645b,2026-07,0,22,14,9
fd8da81e-a4aa-4687-989d-336109a89cfb,e6caf497-b7d7-4f5d-810f-c112dc4b645b,2026-06,1,21,6,3
9dd11dc4-7936-4c9c-bb8d-5b9ff69b53ac,e6caf497-b7d7-4f5d-810f-c112dc4b645b,2026-05,1,21,12,5
df40d022-b85f-44d1-8a43-367f5268148c,e6caf497-b7d7-4f5d-810f-c112dc4b645b,2026-04,1,21,13,6
f3d3caac-4014-4fad-b8bb-3cec284691b3,e6caf497-b7d7-4f5d-810f-c112dc4b645b,2026-03,1,21,5,5
bf5e40cd-10db-440a-9a33-06da3fc1a391,e6caf497-b7d7-4f5d-810f-c112dc4b645b,2026-02,1,21,5,7
e1a00544-3b52-4b0f-a0fc-6aea513d7c20,671c624d-8489-43b4-8093-7c331e3deb9f,2026-07,0,22,12,10
23806f1a-9d66-4cea-976e-d0301eba45e6,671c624d-8489-43b4-8093-7c331e3deb9f,2026-06,1,21,13,9
81ef6720-3b63-4c12-822f-45e5d1487e5b,671c624d-8489-43b4-8093-7c331e3deb9f,2026-05,0,22,7,2
c5c5b981-e3fa-41fb-9d14-1b4d955e7cf3,671c624d-8489-43b4-8093-7c331e3deb9f,2026-04,0,22,13,2
2765bf9c-18be-44e3-91e9-533ba13f1220,671c624d-8489-43b4-8093-7c331e3deb9f,2026-03,0,22,9,0
e65e333a-c184-4831-b312-9c5fd8e32dfe,671c624d-8489-43b4-8093-7c331e3deb9f,2026-02,1,21,5,6
a21d713c-5853-4254-ac0c-db01a8a70cd2,f62de975-9035-4a14-bfb3-449876e58156,2026-07,1,21,5,6
ac76096c-3828-49c9-b6de-a1e059d4daf4,f62de975-9035-4a14-bfb3-449876e58156,2026-06,0,22,11,9
eb00f7d0-691f-43e6-884d-175b467ddeb5,f62de975-9035-4a14-bfb3-449876e58156,2026-05,0,22,15,0
07e36b8a-f3b6-48a6-a5b0-16105c6ae309,f62de975-9035-4a14-bfb3-449876e58156,2026-04,0,22,6,5
2b23b52d-a2d6-4edb-b252-9204f68ef9f7,f62de975-9035-4a14-bfb3-449876e58156,2026-03,1,21,6,10
a2536697-4984-4072-b3fe-88a94020c097,f62de975-9035-4a14-bfb3-449876e58156,2026-02,1,21,14,8
937762ad-4d9d-43e7-b8a6-7c9ef297960b,c0dbfd17-2428-45ec-98bf-71474cd0ab91,2026-07,0,22,11,7
b63f3962-9667-42df-9e83-4fb457cf2e45,c0dbfd17-2428-45ec-98bf-71474cd0ab91,2026-06,1,21,11,8
0e85d70e-ead1-4673-89b6-1740aa42d251,c0dbfd17-2428-45ec-98bf-71474cd0ab91,2026-05,1,21,9,10
dadb18b3-9b14-4d22-91c9-e662b9f5d15f,c0dbfd17-2428-45ec-98bf-71474cd0ab91,2026-04,0,22,15,3
ed19eb1a-8f69-4a9f-ab8d-fee090a8f6c6,c0dbfd17-2428-45ec-98bf-71474cd0ab91,2026-03,1,21,9,6
46cd6736-5f68-4748-a40a-97f3329f65eb,c0dbfd17-2428-45ec-98bf-71474cd0ab91,2026-02,0,22,15,9
0fcb5d42-abc2-470c-9267-6b4d3a063c1a,4303086e-daf0-427e-b8d8-4d7df24f1c98,2026-07,0,22,13,8
b784a717-9566-4ffa-a6c7-7af9856012d7,4303086e-daf0-427e-b8d8-4d7df24f1c98,2026-06,0,22,14,6
cfa3dec1-96c9-4f0b-a0ad-1072a155914d,4303086e-daf0-427e-b8d8-4d7df24f1c98,2026-05,1,21,8,8
76acc694-9661-4a66-a859-8f32db7fdaae,4303086e-daf0-427e-b8d8-4d7df24f1c98,2026-04,1,21,9,3
88b07fca-99ba-4162-88d8-f837bbc3bead,4303086e-daf0-427e-b8d8-4d7df24f1c98,2026-03,0,22,14,4
71c346b4-b705-4be6-a486-86117d5e050d,4303086e-daf0-427e-b8d8-4d7df24f1c98,2026-02,1,21,8,0
25d1c5a2-f8ff-4edb-9153-a16b368e7ac5,2b7eb652-f379-4a6f-8b61-39366f6fa132,2026-07,1,21,6,5
488d4655-2547-4965-ad79-91454e2a06bf,2b7eb652-f379-4a6f-8b61-39366f6fa132,2026-06,0,22,9,10
667acd1b-012d-469c-830b-0a291613b35c,2b7eb652-f379-4a6f-8b61-39366f6fa132,2026-05,0,22,7,3
f20b9d41-ead6-4d43-ae2a-a57dc47f851c,2b7eb652-f379-4a6f-8b61-39366f6fa132,2026-04,0,22,10,5
15a3aca8-e28a-4833-b9b9-2b7c580fa28e,2b7eb652-f379-4a6f-8b61-39366f6fa132,2026-03,0,22,14,1
ad844d86-ef0a-40d6-8ff9-c5bad1b186e1,2b7eb652-f379-4a6f-8b61-39366f6fa132,2026-02,0,22,5,9
c7c85c0b-3a6d-42c0-9f7d-4b7c5bed8d9f,d863e254-1298-4dd6-8afe-230f4ae808a9,2026-07,1,21,10,5
673b8e94-3dc5-4007-b292-dbba3448e5a1,d863e254-1298-4dd6-8afe-230f4ae808a9,2026-06,0,22,8,6
855110d2-7e83-45b8-813e-66d14c3fcf20,d863e254-1298-4dd6-8afe-230f4ae808a9,2026-05,0,22,13,0
46a375f7-843e-40b0-9d73-748d84ec4fc4,d863e254-1298-4dd6-8afe-230f4ae808a9,2026-04,1,21,14,4
6fcb597b-ee42-420f-85fd-0541d9091835,d863e254-1298-4dd6-8afe-230f4ae808a9,2026-03,0,22,9,4
2f6de69f-cc86-4cf2-b717-20c69ef52695,d863e254-1298-4dd6-8afe-230f4ae808a9,2026-02,1,21,11,10
4064d926-a333-4d4f-b3df-f5c375f08d1c,e919d7f4-6bf3-4f5d-8db1-3a1113dd13c6,2026-07,0,22,5,6
ff2eba0b-9b85-47ce-a3ff-36253afbd721,e919d7f4-6bf3-4f5d-8db1-3a1113dd13c6,2026-06,1,21,6,3
c336c08e-c1ed-4869-8d35-8179040ff603,e919d7f4-6bf3-4f5d-8db1-3a1113dd13c6,2026-05,1,21,8,4
03a45aaa-9b34-464f-84a8-b3d701e273ec,e919d7f4-6bf3-4f5d-8db1-3a1113dd13c6,2026-04,1,21,13,2
ddc1ac77-6e8c-4905-b26d-302e0496a79d,e919d7f4-6bf3-4f5d-8db1-3a1113dd13c6,2026-03,0,22,15,6
a170ddd3-80e1-45ae-b843-8272ca97c8eb,e919d7f4-6bf3-4f5d-8db1-3a1113dd13c6,2026-02,0,22,6,5
8273a1be-164d-452a-a926-60fe51358936,c14875cc-351c-4481-8fc0-59dd1e73b75b,2026-07,1,21,10,7
cc93e102-a1b8-4628-9e76-ebce3419832b,c14875cc-351c-4481-8fc0-59dd1e73b75b,2026-06,1,21,14,2
06a42bb1-fae4-4b42-9945-e13e8e450401,c14875cc-351c-4481-8fc0-59dd1e73b75b,2026-05,1,21,9,8
73964bb0-de4c-4837-99e1-842769e09a48,c14875cc-351c-4481-8fc0-59dd1e73b75b,2026-04,0,22,11,4
e9836eac-d845-451e-be7e-9dbc9013750f,c14875cc-351c-4481-8fc0-59dd1e73b75b,2026-03,0,22,12,4
b658d0d6-7b25-4300-8d97-d1c5104ef6ff,c14875cc-351c-4481-8fc0-59dd1e73b75b,2026-02,0,22,13,4
8ec07f1e-e226-4303-94a0-3cb09b83a436,e0252551-2953-469b-b8d3-389fee65d7dd,2026-07,1,21,10,2
1aeb8c4a-d012-4439-90bb-6ec540bbbbb4,e0252551-2953-469b-b8d3-389fee65d7dd,2026-06,1,21,9,6
878eee39-4e56-49b5-95bc-1366165e6036,e0252551-2953-469b-b8d3-389fee65d7dd,2026-05,1,21,8,8
4dd8aa50-b502-48f1-8d50-177432134b58,e0252551-2953-469b-b8d3-389fee65d7dd,2026-04,0,22,6,4
82325312-d376-4e2f-9e71-45e9ed18dfb1,e0252551-2953-469b-b8d3-389fee65d7dd,2026-03,1,21,14,4
bc3c61b6-4995-428e-ae4b-c8ffcf787a1f,e0252551-2953-469b-b8d3-389fee65d7dd,2026-02,0,22,11,5
90775945-f9e0-472a-8066-b70f0cde5377,085a2ceb-ac23-44aa-9926-56c3a013de03,2026-07,0,22,13,4
6f77ad75-6d6a-40d8-93f6-181e39bc1a54,085a2ceb-ac23-44aa-9926-56c3a013de03,2026-06,1,21,9,5
b7d3bf80-79c6-4e2f-bf30-f87c57d80a83,085a2ceb-ac23-44aa-9926-56c3a013de03,2026-05,0,22,8,3
c936e0e6-b658-48ff-8889-01a1f9ee2946,085a2ceb-ac23-44aa-9926-56c3a013de03,2026-04,0,22,11,3
b535310a-2659-4cc2-9c80-e1f046b5bbf0,085a2ceb-ac23-44aa-9926-56c3a013de03,2026-03,1,21,15,10
cfb55658-e1cb-4e96-befb-3fa521964d49,085a2ceb-ac23-44aa-9926-56c3a013de03,2026-02,1,21,11,10
b37db280-15b5-4d07-9ed5-587639216c98,561f4e4d-0cbc-4d2c-85d0-31e9fb0012f4,2026-07,1,21,3,1
b93ba4de-73b3-41a0-a228-67734089c1b0,561f4e4d-0cbc-4d2c-85d0-31e9fb0012f4,2026-06,2,20,2,6
87e36e2b-74e8-43bc-bb40-e55a24671079,561f4e4d-0cbc-4d2c-85d0-31e9fb0012f4,2026-05,3,19,7,8
4671ab91-b97f-4d52-bece-6bfd543cedc4,561f4e4d-0cbc-4d2c-85d0-31e9fb0012f4,2026-04,1,21,8,0
04e8c0d1-5926-411e-bcd6-73d12f2de632,561f4e4d-0cbc-4d2c-85d0-31e9fb0012f4,2026-03,3,19,0,3
fa45ab1e-1a19-4659-8764-631f39038f67,561f4e4d-0cbc-4d2c-85d0-31e9fb0012f4,2026-02,3,19,10,9
d3a29b44-a95f-426a-bca3-dd0355865ebe,5db931e2-3c80-4427-82a9-37fee22c0a53,2026-07,1,21,3,8
2c8a6f1a-bb7f-4944-807d-4ea749cad64a,5db931e2-3c80-4427-82a9-37fee22c0a53,2026-06,2,20,10,5
c4202c5f-1e1b-4075-b9b8-aee39d008e13,5db931e2-3c80-4427-82a9-37fee22c0a53,2026-05,1,21,8,5
5f394755-2af2-412d-8141-e0c8579ab970,5db931e2-3c80-4427-82a9-37fee22c0a53,2026-04,1,21,3,1
e95f2e4e-034f-40f1-82e3-82d97f8eb3c2,5db931e2-3c80-4427-82a9-37fee22c0a53,2026-03,3,19,5,9
a5440990-00be-4d82-8f78-f4da6282140c,5db931e2-3c80-4427-82a9-37fee22c0a53,2026-02,2,20,1,8
f531721e-2b63-4838-91f6-f3c1f8ed11d0,3c9dc861-7883-49b9-a3e3-2b0d29ca2ba9,2026-07,0,22,13,0
f88a6d33-574c-4425-bcd1-ca001f7297b4,3c9dc861-7883-49b9-a3e3-2b0d29ca2ba9,2026-06,1,21,13,0
11205741-2332-4c9b-b42e-224ef4b3da5f,3c9dc861-7883-49b9-a3e3-2b0d29ca2ba9,2026-05,0,22,8,8
2af8868b-4065-4071-9b8f-295e792f1110,3c9dc861-7883-49b9-a3e3-2b0d29ca2ba9,2026-04,0,22,10,7
56812d73-2f15-491e-bd04-8fe0e0251aac,3c9dc861-7883-49b9-a3e3-2b0d29ca2ba9,2026-03,0,22,14,7
ca232cf1-8a02-402a-9586-22f60db4e10c,3c9dc861-7883-49b9-a3e3-2b0d29ca2ba9,2026-02,0,22,11,4
a14c9f8f-ab0e-4d64-a619-4b87262c5606,c06e1d95-b09f-4489-81c3-7866cbf1a0c5,2026-07,0,22,12,7
07f3a5a6-255a-4012-9b47-2c86473b6dcd,c06e1d95-b09f-4489-81c3-7866cbf1a0c5,2026-06,0,22,12,2
572b301b-85b1-4d0a-9087-2e1b66d1773d,c06e1d95-b09f-4489-81c3-7866cbf1a0c5,2026-05,0,22,7,7
e314216d-e251-4032-9a71-28fa7c653719,c06e1d95-b09f-4489-81c3-7866cbf1a0c5,2026-04,0,22,12,6
9056d296-4e15-4668-9db8-1d71de999480,c06e1d95-b09f-4489-81c3-7866cbf1a0c5,2026-03,1,21,10,4
5eebbb75-5968-4188-8815-960ecae2b5ce,c06e1d95-b09f-4489-81c3-7866cbf1a0c5,2026-02,0,22,13,9
bc9aa496-7887-4a07-bda7-aa2574124c62,209311d8-3065-4f89-be4c-8429dde22e37,2026-07,2,20,1,3
ad2e61bd-ea83-465e-83b7-2243df5d0626,209311d8-3065-4f89-be4c-8429dde22e37,2026-06,3,19,7,1
5b9a4c8e-8a67-4dba-ade6-d867d4a54229,209311d8-3065-4f89-be4c-8429dde22e37,2026-05,3,19,4,3
09e44b15-2d37-496a-bd13-d0557c09aeaa,209311d8-3065-4f89-be4c-8429dde22e37,2026-04,1,21,6,3
a29b4c7c-69c7-47eb-8d27-4492b9b926e0,209311d8-3065-4f89-be4c-8429dde22e37,2026-03,1,21,6,5
ba8f2c46-e187-490c-b682-6e1a55d9fcc0,209311d8-3065-4f89-be4c-8429dde22e37,2026-02,1,21,9,9
735d4bf7-7dc8-4d5b-b078-93dc438b94d4,70876684-231b-41e4-9042-b4f27b56abaf,2026-07,1,21,10,2
528ca553-03fb-495c-a8b6-bd87f67ad758,70876684-231b-41e4-9042-b4f27b56abaf,2026-06,1,21,13,4
66e5c597-910a-4efc-8e5e-970acd7b674e,70876684-231b-41e4-9042-b4f27b56abaf,2026-05,1,21,15,10
5fc0acc5-13a0-4ac6-913f-841ceef4076a,70876684-231b-41e4-9042-b4f27b56abaf,2026-04,1,21,15,7
fd1d13ca-1909-4798-9500-f8a1af581d62,70876684-231b-41e4-9042-b4f27b56abaf,2026-03,0,22,15,0
d04da2dc-19b9-49d2-a129-0f8944c020ac,70876684-231b-41e4-9042-b4f27b56abaf,2026-02,0,22,15,6
8b31aee4-01bd-45c8-9736-82f4355b6e05,e92a46b5-7dd8-4322-bf7f-575449b01094,2026-07,1,21,8,8
3c676b70-cedc-408c-b214-e75c6b835953,e92a46b5-7dd8-4322-bf7f-575449b01094,2026-06,3,19,5,10
7abe0c8b-2906-4225-8b42-ce36ced7f926,e92a46b5-7dd8-4322-bf7f-575449b01094,2026-05,1,21,1,2
f6db603d-0f2c-4f6c-8151-a05aae605597,e92a46b5-7dd8-4322-bf7f-575449b01094,2026-04,3,19,4,10
efc29d74-abda-4aea-a87f-19781f0fba6a,e92a46b5-7dd8-4322-bf7f-575449b01094,2026-03,2,20,3,7
55ec75b2-4203-4cd8-90ef-8c3c9e8fdd30,e92a46b5-7dd8-4322-bf7f-575449b01094,2026-02,3,19,8,5
084fa290-4cc6-4c5c-a0fa-bcdfab2202a8,940ca94e-cbdd-4a2a-8d4e-b35961b49b27,2026-07,3,19,3,3
d6097183-6f5a-48c7-af99-b58e545c927c,940ca94e-cbdd-4a2a-8d4e-b35961b49b27,2026-06,3,19,2,4
b6fb0a93-c953-45e7-98f2-ca24a514d463,940ca94e-cbdd-4a2a-8d4e-b35961b49b27,2026-05,2,20,2,9
5129bd2b-821c-4b7f-851d-bc521a40be23,940ca94e-cbdd-4a2a-8d4e-b35961b49b27,2026-04,2,20,4,7
e3b18b72-5428-40fc-8768-69fcf7c5afd7,940ca94e-cbdd-4a2a-8d4e-b35961b49b27,2026-03,5,17,1,5
94328932-0908-4c98-939d-1d5e2672107b,940ca94e-cbdd-4a2a-8d4e-b35961b49b27,2026-02,4,18,2,6
d9c83d9f-5b58-428a-92be-aaff9a969531,a0f22ff0-da45-410b-8937-25d76d91f2d1,2026-07,1,21,8,1
eb0b3101-069c-4e7b-b9f9-d28f97e680c0,a0f22ff0-da45-410b-8937-25d76d91f2d1,2026-06,0,22,5,8
a77d872d-022b-4c44-a858-077fe85d960d,a0f22ff0-da45-410b-8937-25d76d91f2d1,2026-05,1,21,5,8
673e2a12-6f6e-4d7d-b30d-df2848538518,a0f22ff0-da45-410b-8937-25d76d91f2d1,2026-04,0,22,12,7
fea432e8-4d84-4dc0-a803-dee36778fb15,a0f22ff0-da45-410b-8937-25d76d91f2d1,2026-03,0,22,14,8
f71430f4-edd5-4cc2-93c3-b918a5aca1b9,a0f22ff0-da45-410b-8937-25d76d91f2d1,2026-02,0,22,11,6
f4b952fa-37a7-4536-ad07-66b2d0e7b1da,6092d8ec-aac2-4dfb-a042-ef15d77c8890,2026-07,0,22,5,8
d1565da6-3ea0-4a9d-bde7-f4ebccccb85c,6092d8ec-aac2-4dfb-a042-ef15d77c8890,2026-06,0,22,8,2
9920bf75-34c2-4bf8-a2d3-204cf6630574,6092d8ec-aac2-4dfb-a042-ef15d77c8890,2026-05,0,22,15,8
da5c335a-e5a2-4f6c-b3f8-3f8ae45e6891,6092d8ec-aac2-4dfb-a042-ef15d77c8890,2026-04,0,22,11,2
0f49084b-be9c-42f4-941c-98ffa1ea9870,6092d8ec-aac2-4dfb-a042-ef15d77c8890,2026-03,0,22,6,0
6228bf37-ebdc-45d9-b6e8-16e976485167,6092d8ec-aac2-4dfb-a042-ef15d77c8890,2026-02,1,21,6,10
b77c9b04-1a97-44da-aa30-da9e3f1bae26,944cc784-84c2-4af6-9791-97cc1d41a1d0,2026-07,1,21,15,0
e83b66cc-f0a3-4a63-86e8-064d3f524813,944cc784-84c2-4af6-9791-97cc1d41a1d0,2026-06,1,21,11,8
b001da91-e50a-4149-bd67-8ba870d08a00,944cc784-84c2-4af6-9791-97cc1d41a1d0,2026-05,0,22,8,9
5e7b2efb-7dbd-476a-8952-b0df2845209f,944cc784-84c2-4af6-9791-97cc1d41a1d0,2026-04,1,21,11,10
4b1f46f8-2ecc-4b3b-baf7-cc340f43fa2f,944cc784-84c2-4af6-9791-97cc1d41a1d0,2026-03,0,22,8,1
2db09314-9612-4af7-80a8-0d0d4ececa99,944cc784-84c2-4af6-9791-97cc1d41a1d0,2026-02,1,21,10,8
3cb68d39-6a68-45c8-8395-6390227bd4d9,1207b3ed-0a11-4ecb-91e6-8523b1ba02ac,2026-07,2,20,3,8
8e7058bc-16b3-4dea-af97-b9cd611c36a0,1207b3ed-0a11-4ecb-91e6-8523b1ba02ac,2026-06,2,20,6,2
eb20348c-142e-4643-a9b0-3b210b7a1846,1207b3ed-0a11-4ecb-91e6-8523b1ba02ac,2026-05,1,21,3,1
67574fd4-6168-4fb6-8ccf-c2a924300b3e,1207b3ed-0a11-4ecb-91e6-8523b1ba02ac,2026-04,2,20,4,3
b1348c4e-7d17-43b6-8c6a-2721ef62ebe1,1207b3ed-0a11-4ecb-91e6-8523b1ba02ac,2026-03,3,19,8,2
e1c5ef29-3380-4aed-beac-17fe86eeaf63,1207b3ed-0a11-4ecb-91e6-8523b1ba02ac,2026-02,3,19,7,4
21db8994-cd55-4416-8619-1d521a049151,952ec524-2778-45d2-8d69-d0b163fcfb8f,2026-07,1,21,15,8
aac09098-e762-429b-badf-7620c3f587ae,952ec524-2778-45d2-8d69-d0b163fcfb8f,2026-06,0,22,7,8
ba6469d5-8bac-483f-b459-e64d3e642c46,952ec524-2778-45d2-8d69-d0b163fcfb8f,2026-05,1,21,10,0
98329b3f-1cfc-42cf-b71f-ff21a84d090a,952ec524-2778-45d2-8d69-d0b163fcfb8f,2026-04,0,22,10,5
3199be63-b096-48b0-a25c-26c7a599ff5d,952ec524-2778-45d2-8d69-d0b163fcfb8f,2026-03,1,21,11,10
94caced8-c452-4567-962e-0de094e068f8,952ec524-2778-45d2-8d69-d0b163fcfb8f,2026-02,0,22,14,10
94fbbd25-0c0c-45a9-8edf-37d1bef5d633,ab236748-dbd9-4d4e-9b09-66e0ae34a01e,2026-07,1,21,11,3
e87161b3-ed20-445d-ba77-e3649f295083,ab236748-dbd9-4d4e-9b09-66e0ae34a01e,2026-06,1,21,5,6
d8fa4a6b-0e0d-4c09-9e4e-5c3e6ea175a1,ab236748-dbd9-4d4e-9b09-66e0ae34a01e,2026-05,0,22,11,10
35b5a6b7-b140-42c2-8600-7a1e287019e3,ab236748-dbd9-4d4e-9b09-66e0ae34a01e,2026-04,0,22,10,6
e324a972-d0a1-4eb1-bdc0-0f6e87783bd1,ab236748-dbd9-4d4e-9b09-66e0ae34a01e,2026-03,0,22,13,4
d19c9336-ec31-4eaf-b745-9d88d9eeba17,ab236748-dbd9-4d4e-9b09-66e0ae34a01e,2026-02,1,21,10,9
8ddbe64c-1123-479e-a608-1140ad76fe05,bc58df32-7c50-478c-99eb-5178770bf6df,2026-07,0,22,14,4
dac26dcc-4e1d-423e-a723-91e22b3fc237,bc58df32-7c50-478c-99eb-5178770bf6df,2026-06,0,22,13,8
19edcf00-9fe3-49dd-8965-05fc3a1765a7,bc58df32-7c50-478c-99eb-5178770bf6df,2026-05,0,22,14,4
1e66ede6-f606-45de-8865-650c6ae262ec,bc58df32-7c50-478c-99eb-5178770bf6df,2026-04,1,21,9,8
1de0ca88-356c-4f62-993d-1f343c97a34f,bc58df32-7c50-478c-99eb-5178770bf6df,2026-03,1,21,5,8
097674b0-fd57-41b0-82cb-1c561c7a3df3,bc58df32-7c50-478c-99eb-5178770bf6df,2026-02,0,22,10,6
b2ff84ad-5dc9-4662-a6c3-76c7dc70e1c9,570db3ae-e515-49b9-889c-995b6301380c,2026-07,0,22,9,6
9a35fbf7-6d58-43ed-be50-7528194df677,570db3ae-e515-49b9-889c-995b6301380c,2026-06,0,22,7,7
1c10cb82-2d76-4adc-a092-3f957982fc6b,570db3ae-e515-49b9-889c-995b6301380c,2026-05,0,22,13,10
18caff79-c739-47de-94f5-4bdbc073035a,570db3ae-e515-49b9-889c-995b6301380c,2026-04,0,22,9,8
bc04003e-e2cd-42a1-8985-0dac57f75925,570db3ae-e515-49b9-889c-995b6301380c,2026-03,1,21,7,4
db230f46-a0da-43af-ba4c-4bd3d57c7bbb,570db3ae-e515-49b9-889c-995b6301380c,2026-02,1,21,15,0
81465535-3224-4999-9489-1bb1651d45b2,62ea8f30-f807-4f49-a201-14a3aff107a8,2026-07,3,19,0,8
dc00ec71-87bd-437f-af9f-32fad18a33af,62ea8f30-f807-4f49-a201-14a3aff107a8,2026-06,3,19,3,6
053a7582-47b4-47ca-be6f-abdfbc17872b,62ea8f30-f807-4f49-a201-14a3aff107a8,2026-05,6,16,1,5
f4a3e15e-2b18-43b6-94fb-6fd5fa8fce17,62ea8f30-f807-4f49-a201-14a3aff107a8,2026-04,4,18,3,10
737f8b3b-5da1-4fb3-b3af-1b6e763f9d5a,62ea8f30-f807-4f49-a201-14a3aff107a8,2026-03,6,16,0,1
7e700e59-f4a2-4641-8794-74588a142c53,62ea8f30-f807-4f49-a201-14a3aff107a8,2026-02,6,16,3,5
6242fc66-ac70-465f-b5af-155491a8907c,7045d5b1-a7d8-408f-a6e6-29a55c4d4fa9,2026-07,0,22,12,3
38c8ca3a-7ca7-4b60-9708-7a8e06df6dfa,7045d5b1-a7d8-408f-a6e6-29a55c4d4fa9,2026-06,0,22,9,0
57b98528-de03-44f8-8726-ab4e7ede01ab,7045d5b1-a7d8-408f-a6e6-29a55c4d4fa9,2026-05,1,21,10,1
2771b71f-92f5-4a96-bae0-fdd32a93f178,7045d5b1-a7d8-408f-a6e6-29a55c4d4fa9,2026-04,0,22,7,3
524ddd6d-604c-416a-8010-1218eb4a8232,7045d5b1-a7d8-408f-a6e6-29a55c4d4fa9,2026-03,0,22,11,1
d9f9878b-c810-448c-8ea9-1e2d4e0f7d87,7045d5b1-a7d8-408f-a6e6-29a55c4d4fa9,2026-02,0,22,6,10
92c16429-0ec0-4b25-b3c3-36ccb00879fe,af7354ab-8885-46c1-a03d-851c37672e6c,2026-07,0,22,10,2
069a29a2-5634-4e33-949a-0ebf946cec46,af7354ab-8885-46c1-a03d-851c37672e6c,2026-06,1,21,5,7
b1aed376-9a49-4d43-bd84-4e23c2403503,af7354ab-8885-46c1-a03d-851c37672e6c,2026-05,0,22,6,9
28bf9e11-d2b9-47aa-a0dc-3648a9c3e164,af7354ab-8885-46c1-a03d-851c37672e6c,2026-04,1,21,15,8
27ebeb0c-2fd7-4b92-9974-a6fdf0c53dd1,af7354ab-8885-46c1-a03d-851c37672e6c,2026-03,1,21,12,0
9656c243-a3cf-4a3e-b42b-99ea80f27417,af7354ab-8885-46c1-a03d-851c37672e6c,2026-02,0,22,6,10
7ba4907c-6ee5-4a5e-a7aa-237714c878f9,128f4649-00e1-45af-b4fd-b3b61e7d98da,2026-07,1,21,8,1
55508bb5-552c-4b6a-8fcf-20c38f8beeee,128f4649-00e1-45af-b4fd-b3b61e7d98da,2026-06,1,21,11,10
9be0246f-fdaa-479a-a3e5-0ff487415661,128f4649-00e1-45af-b4fd-b3b61e7d98da,2026-05,0,22,7,10
f7774993-8155-402b-b813-21ae02efdc38,128f4649-00e1-45af-b4fd-b3b61e7d98da,2026-04,1,21,15,5
5abbd3b1-7b8a-4898-98b3-f9f1b1edb922,128f4649-00e1-45af-b4fd-b3b61e7d98da,2026-03,1,21,6,10
a27e702d-5617-413a-97fd-5b8e74d11735,128f4649-00e1-45af-b4fd-b3b61e7d98da,2026-02,0,22,5,8
0c1da1fb-c602-4935-8ef9-53288d612fdd,4c57513d-51ef-4839-86f3-61bdad7e62e7,2026-07,0,22,10,6
eac4ce97-ad49-45a1-9ee2-02e4aeaf6571,4c57513d-51ef-4839-86f3-61bdad7e62e7,2026-06,1,21,14,1
9a0ea393-1a4c-437d-a3c9-1d1c2b28244b,4c57513d-51ef-4839-86f3-61bdad7e62e7,2026-05,1,21,14,0
2181a6cd-badc-4772-b80e-9b7892870e32,4c57513d-51ef-4839-86f3-61bdad7e62e7,2026-04,1,21,10,2
f103db43-5a22-4fef-bddf-6c51f34e6ff9,4c57513d-51ef-4839-86f3-61bdad7e62e7,2026-03,1,21,10,10
735da832-5d3c-4bc9-9151-1a4be9fe0e8c,4c57513d-51ef-4839-86f3-61bdad7e62e7,2026-02,1,21,5,10
20fa2c7b-9b65-4d76-8b09-2117ccfe7f1b,ade7f91d-c033-4b9e-9fd9-b090add9b019,2026-07,1,21,11,0
828e09eb-a28c-482b-9f95-ddbcfb514026,ade7f91d-c033-4b9e-9fd9-b090add9b019,2026-06,0,22,6,2
a82f9636-9ae7-4c39-90df-f29d1623d00f,ade7f91d-c033-4b9e-9fd9-b090add9b019,2026-05,0,22,9,3
144a9fc9-e63e-4c4c-9029-51b980694e37,ade7f91d-c033-4b9e-9fd9-b090add9b019,2026-04,0,22,10,6
3fe83830-2eb3-4256-b637-b29a8d405f4a,ade7f91d-c033-4b9e-9fd9-b090add9b019,2026-03,1,21,10,5
c3124283-4a68-4bde-9090-ec72a0ec4ace,ade7f91d-c033-4b9e-9fd9-b090add9b019,2026-02,0,22,7,8
0792cd19-fb84-46e0-9c97-af027e51a1a4,4a4376b2-3f75-400a-93eb-1a53242d2235,2026-07,6,16,3,8
988b2ff5-d16f-4a68-8c4c-89d8df7669c3,4a4376b2-3f75-400a-93eb-1a53242d2235,2026-06,4,18,2,10
02147877-3149-43fc-a8f8-da9c24ab788e,4a4376b2-3f75-400a-93eb-1a53242d2235,2026-05,4,18,3,0
ac72ffe7-b8b2-4f2a-bb53-0d21467990a5,4a4376b2-3f75-400a-93eb-1a53242d2235,2026-04,4,18,1,2
15b90299-e380-456f-be89-764770cc5ed1,4a4376b2-3f75-400a-93eb-1a53242d2235,2026-03,3,19,2,7
cd2c5d62-cdb4-4486-b9a2-af1fc346bb7a,4a4376b2-3f75-400a-93eb-1a53242d2235,2026-02,3,19,0,1
91d57c56-f5ee-4c4c-9155-0b0b202be0c2,f60c7173-ca0c-46c3-86ec-714d6658f81d,2026-07,2,20,8,7
a39264c5-a16d-4b40-8daa-a8bce5f529d2,f60c7173-ca0c-46c3-86ec-714d6658f81d,2026-06,2,20,5,6
b5d4c6e5-127b-4300-8fc6-2d7dd84f86f5,f60c7173-ca0c-46c3-86ec-714d6658f81d,2026-05,1,21,0,10
338a1675-867b-4e7f-8750-9ec204c358e6,f60c7173-ca0c-46c3-86ec-714d6658f81d,2026-04,1,21,9,4
dcd0d356-720a-41d1-bbe9-c699daa28950,f60c7173-ca0c-46c3-86ec-714d6658f81d,2026-03,3,19,8,1
3f9257ea-511b-4951-8c16-c7f60f331ba0,f60c7173-ca0c-46c3-86ec-714d6658f81d,2026-02,3,19,1,10
7d59a6a7-3809-4a47-af3f-157f54f16574,6483974b-6944-4487-85ba-49e73b4795e8,2026-07,2,20,0,6
7e029809-e4cc-4c85-b910-45811bd3adc6,6483974b-6944-4487-85ba-49e73b4795e8,2026-06,3,19,4,5
efabab16-ec95-43c6-a33b-e27382bd8e87,6483974b-6944-4487-85ba-49e73b4795e8,2026-05,1,21,7,6
71ff37ef-58ce-40c1-8b0a-5b670c06554b,6483974b-6944-4487-85ba-49e73b4795e8,2026-04,3,19,1,6
8883a2b5-768f-46f6-9bea-5e72f0d7136e,6483974b-6944-4487-85ba-49e73b4795e8,2026-03,2,20,9,8
bace1270-94f6-43e0-bc28-ad9599535d37,6483974b-6944-4487-85ba-49e73b4795e8,2026-02,3,19,3,4
29bc0298-15af-4968-90da-a7991ff8c228,d6eaf6d8-2431-4343-8b02-a145d5fc480b,2026-07,1,21,14,0
8f81b46e-5d95-49f4-b743-38ac3c292851,d6eaf6d8-2431-4343-8b02-a145d5fc480b,2026-06,0,22,12,5
eb6b134a-ba3d-47b4-8588-e7ed57acd0a2,d6eaf6d8-2431-4343-8b02-a145d5fc480b,2026-05,0,22,14,8
51a87bc0-4c24-46bb-b3ef-55410edd8e6b,d6eaf6d8-2431-4343-8b02-a145d5fc480b,2026-04,0,22,7,7
73a367a7-dba8-478b-bc0c-b9f465344678,d6eaf6d8-2431-4343-8b02-a145d5fc480b,2026-03,1,21,14,9
a9403890-c90a-4698-9548-67432142fcba,d6eaf6d8-2431-4343-8b02-a145d5fc480b,2026-02,0,22,14,6
21f21551-8bde-433f-addb-4c0330543e69,71f7ec58-bd72-45fd-8eb9-e4d6bc82a900,2026-07,1,21,10,2
dd1aaa6c-f836-4d3d-b89f-1bc62816aea3,71f7ec58-bd72-45fd-8eb9-e4d6bc82a900,2026-06,1,21,8,4
1e7bd001-1929-4225-90b9-61c5cf68c890,71f7ec58-bd72-45fd-8eb9-e4d6bc82a900,2026-05,0,22,12,5
003d5c18-dda1-4728-9e26-c7b946720e33,71f7ec58-bd72-45fd-8eb9-e4d6bc82a900,2026-04,0,22,8,10
55eab4a7-4d83-4b0d-9680-fa1bb85a54bd,71f7ec58-bd72-45fd-8eb9-e4d6bc82a900,2026-03,1,21,12,10
6f54c5d2-b05c-41a1-92c7-8811b7c9b914,71f7ec58-bd72-45fd-8eb9-e4d6bc82a900,2026-02,0,22,9,5
347c76a9-1b8e-4c97-9883-210dc247c58c,d89cfaa9-d2a8-44e2-b086-531578a4fba4,2026-07,0,22,15,8
45d1f7fa-61e9-46d6-8d8f-d72497e46622,d89cfaa9-d2a8-44e2-b086-531578a4fba4,2026-06,0,22,15,7
7649ed89-1e20-4beb-9b9f-2b27a223f111,d89cfaa9-d2a8-44e2-b086-531578a4fba4,2026-05,0,22,14,4
54ecb692-ae28-483b-b258-c35bd26f0271,d89cfaa9-d2a8-44e2-b086-531578a4fba4,2026-04,0,22,12,6
a74e6633-6aa2-4f9a-8568-5d2e8617c883,d89cfaa9-d2a8-44e2-b086-531578a4fba4,2026-03,0,22,6,10
6be8abed-790e-4c8d-80bc-b18d49b39d19,cc2d3a8b-43fd-4ba6-9ab6-e47d7de509c8,2026-07,3,19,2,5
aa7ecdde-f897-45cc-8526-85859bf9e00a,cc2d3a8b-43fd-4ba6-9ab6-e47d7de509c8,2026-06,3,19,7,7
182f1059-6cf3-42b3-b5e1-a30e68eb572d,cc2d3a8b-43fd-4ba6-9ab6-e47d7de509c8,2026-05,2,20,1,10
a4149bc7-b1ca-420b-95d3-047654009c8a,cc2d3a8b-43fd-4ba6-9ab6-e47d7de509c8,2026-04,3,19,3,4
5a1c8ce3-790a-4cdb-9a86-51f2e6345e01,cc2d3a8b-43fd-4ba6-9ab6-e47d7de509c8,2026-03,1,21,8,4
fd31ea4d-8420-4c12-8e09-b256166204ad,cc2d3a8b-43fd-4ba6-9ab6-e47d7de509c8,2026-02,1,21,6,3
63bc0667-93f1-4a08-8c16-b96ddf35454f,8953a919-d946-4ef7-9afe-8e9e922dc7c2,2026-07,0,22,13,6
d97fa2bc-3c5d-4692-9492-065d7d80b9c1,8953a919-d946-4ef7-9afe-8e9e922dc7c2,2026-06,0,22,13,0
a42b2704-de4f-4c2d-bf46-fe1f532222e3,8953a919-d946-4ef7-9afe-8e9e922dc7c2,2026-05,1,21,8,3
a2279449-98d3-4b7d-ae4f-8b742a906b81,8953a919-d946-4ef7-9afe-8e9e922dc7c2,2026-04,1,21,15,4
37557706-e12f-4b2c-9ccd-5cd519cc6dcf,8953a919-d946-4ef7-9afe-8e9e922dc7c2,2026-03,1,21,15,8
e2e23a55-98cf-423c-922a-9b0888db3cec,8953a919-d946-4ef7-9afe-8e9e922dc7c2,2026-02,0,22,7,8
42865de0-61c8-4c94-b24e-e95bc827635b,005c41e8-e60c-45c4-bfff-cabdf9386bef,2026-07,3,19,3,4
75479d58-a78b-4220-a9f0-55c4714730c8,005c41e8-e60c-45c4-bfff-cabdf9386bef,2026-06,3,19,0,9
07a7a763-ddb3-4d9a-a9e2-2cfa6e0bbb4b,005c41e8-e60c-45c4-bfff-cabdf9386bef,2026-05,1,21,5,7
b7decbf7-ab03-48dd-b36a-83c1731318f2,005c41e8-e60c-45c4-bfff-cabdf9386bef,2026-04,3,19,7,5
766aba18-81cd-47ae-a93a-c6814574b8e7,005c41e8-e60c-45c4-bfff-cabdf9386bef,2026-03,1,21,7,2
0434efe6-7a99-494e-bf27-65c0acdd4b24,005c41e8-e60c-45c4-bfff-cabdf9386bef,2026-02,3,19,8,6
e669efb9-1391-4ff3-aec8-0f2b723ee2e8,b44c2f30-841d-4992-8537-1cd636d99238,2026-07,1,21,8,0
44592565-e9e6-46be-a3b3-5d126b8da8f8,b44c2f30-841d-4992-8537-1cd636d99238,2026-06,1,21,12,5
2b741f7e-3c39-4489-a397-097e2aeaabfc,b44c2f30-841d-4992-8537-1cd636d99238,2026-05,0,22,5,7
95bac68d-96e0-46d3-90ac-5295fcd2a162,b44c2f30-841d-4992-8537-1cd636d99238,2026-04,0,22,14,6
a493cebc-f906-4f9d-bc8c-eb83c93c5fb6,b44c2f30-841d-4992-8537-1cd636d99238,2026-03,0,22,15,8
db198e3c-a2c7-46e6-8c8b-983b62cad13e,b44c2f30-841d-4992-8537-1cd636d99238,2026-02,1,21,10,7
de58f78c-caca-4566-9a9a-d74e141b23a7,aab939b0-6851-41f9-970f-25f909bd1b33,2026-07,3,19,2,10
de1d93c8-3720-4f2c-914b-e3fc96d435c9,aab939b0-6851-41f9-970f-25f909bd1b33,2026-06,5,17,0,0
d641353a-fb66-4d0a-866b-f193841db3b5,aab939b0-6851-41f9-970f-25f909bd1b33,2026-05,5,17,2,3
c5dcddfe-84e8-4641-bc85-00e38e89a865,aab939b0-6851-41f9-970f-25f909bd1b33,2026-04,4,18,4,5
74272311-b762-4a76-8402-f5d51fd037f4,aab939b0-6851-41f9-970f-25f909bd1b33,2026-03,6,16,1,9
0f548ac2-9225-4d10-8a73-4a0864f9d1af,aab939b0-6851-41f9-970f-25f909bd1b33,2026-02,4,18,4,4
51d14f49-b482-4089-a591-5b47f921fb09,3736901b-6896-4dae-ac2c-7be46ff5b46c,2026-07,1,21,7,9
2307cbc7-346b-4665-b41a-3c92c39034fb,3736901b-6896-4dae-ac2c-7be46ff5b46c,2026-06,0,22,9,9
2dc23bcf-ee51-4111-a643-99bedafce949,3736901b-6896-4dae-ac2c-7be46ff5b46c,2026-05,1,21,12,4
bba8bb72-b55c-45cf-9a3a-d12329b4516a,3736901b-6896-4dae-ac2c-7be46ff5b46c,2026-04,0,22,10,9
b9bf6ae8-2856-435d-961a-6b260b0fb3ad,3736901b-6896-4dae-ac2c-7be46ff5b46c,2026-03,0,22,8,1
be449246-3338-411b-b978-efac6fbfedf7,3736901b-6896-4dae-ac2c-7be46ff5b46c,2026-02,1,21,7,9
dc296c26-55db-4bde-b863-9dc7354bf2ff,c46f2a6e-8252-463f-b35e-3efcad5432ac,2026-07,1,21,9,10
ffb6890e-3379-4c80-a357-4835aef76f00,c46f2a6e-8252-463f-b35e-3efcad5432ac,2026-06,0,22,9,1
4c1b31ee-836b-4951-8eca-9930b1e63f39,c46f2a6e-8252-463f-b35e-3efcad5432ac,2026-05,1,21,12,1
6694c0dd-268f-4f78-a8be-1f7d8e4e64e1,c46f2a6e-8252-463f-b35e-3efcad5432ac,2026-04,1,21,6,0
6877afb1-ce6a-42b8-ac2a-a8480f7f120e,c46f2a6e-8252-463f-b35e-3efcad5432ac,2026-03,0,22,8,5
e466597e-ffda-4aa3-b2f1-a78b6200e55b,c46f2a6e-8252-463f-b35e-3efcad5432ac,2026-02,0,22,6,5
7f7eb1e1-3726-4e61-ad5f-beaec36fc7f9,a7fb0a5d-aada-47c3-8091-8f139ffc46ac,2026-07,0,22,5,8
4ba108a8-ba49-4af4-a696-57f824d19480,a7fb0a5d-aada-47c3-8091-8f139ffc46ac,2026-06,1,21,7,0
983a6937-7606-481f-857f-cde53b58d88d,a7fb0a5d-aada-47c3-8091-8f139ffc46ac,2026-05,1,21,13,7
3b1d0766-1448-4b1c-a10b-27a9889105b4,a7fb0a5d-aada-47c3-8091-8f139ffc46ac,2026-04,0,22,14,7
16f2dbc6-4f43-4013-a3e4-12375dbb5e08,a7fb0a5d-aada-47c3-8091-8f139ffc46ac,2026-03,1,21,10,9
25275ad7-87ce-494b-82ab-1074b425169a,a7fb0a5d-aada-47c3-8091-8f139ffc46ac,2026-02,0,22,12,0
1c1cbb96-3ab4-46ae-8b92-6aaf33db8102,51b4fcb0-6b62-4415-8a66-85828a0a5a9b,2026-07,3,19,1,0
6cb3636d-73d4-41c9-bbe1-94ea30295c8c,51b4fcb0-6b62-4415-8a66-85828a0a5a9b,2026-06,1,21,0,8
13a152d5-04ad-4e52-a059-78d3cd7e89ef,51b4fcb0-6b62-4415-8a66-85828a0a5a9b,2026-05,2,20,0,4
0038be63-fee5-4d19-add6-1d0bffcd46c6,51b4fcb0-6b62-4415-8a66-85828a0a5a9b,2026-04,3,19,7,10
f89cb36b-5fc9-4a70-9293-db9f970a9660,51b4fcb0-6b62-4415-8a66-85828a0a5a9b,2026-03,1,21,8,8
79a8ee31-fc7e-441a-9b7d-ee43ee2f170b,51b4fcb0-6b62-4415-8a66-85828a0a5a9b,2026-02,1,21,1,8
17b03e48-b9bc-4814-b431-8731f0dcc2a6,78133e3a-dd3a-4c34-80b2-e89d269599f0,2026-07,0,22,12,7
43b61d75-c4d3-4598-b23b-66457caedd23,78133e3a-dd3a-4c34-80b2-e89d269599f0,2026-06,0,22,7,3
ab3c0877-d0e0-44eb-aeab-e2a840ce8aa3,78133e3a-dd3a-4c34-80b2-e89d269599f0,2026-05,1,21,15,8
7a6f0b05-bc61-46a9-ab76-3738108cf3a4,78133e3a-dd3a-4c34-80b2-e89d269599f0,2026-04,1,21,13,10
4c1ad7ae-c78e-4006-a207-c7d5d38d7df0,78133e3a-dd3a-4c34-80b2-e89d269599f0,2026-03,1,21,13,1
13cd81aa-cf48-4e17-a140-b36bf724f61a,78133e3a-dd3a-4c34-80b2-e89d269599f0,2026-02,0,22,8,1
e3792c53-cfc7-45ff-b036-bc18db61dfca,d78b9cae-7a7d-4017-9ba8-e9c43970b164,2026-07,0,22,5,6
c6e3d048-7226-4fc2-bfdf-c0a3e8346dff,d78b9cae-7a7d-4017-9ba8-e9c43970b164,2026-06,0,22,10,10
323cc442-b880-4a0c-a792-0b72fc2d7f3f,d78b9cae-7a7d-4017-9ba8-e9c43970b164,2026-05,0,22,11,0
c193444c-8710-48fd-837d-5f33542cbc45,d78b9cae-7a7d-4017-9ba8-e9c43970b164,2026-04,0,22,5,8
42666aa0-e1e1-4b3e-9459-e9905ccf8690,d78b9cae-7a7d-4017-9ba8-e9c43970b164,2026-03,0,22,11,1
451cc129-1444-483b-a8c0-490d1ff123b7,d78b9cae-7a7d-4017-9ba8-e9c43970b164,2026-02,1,21,12,10
ca0c763f-b1c2-4786-8dd7-d6a5a3d93bf4,b2fa5c3c-6c14-44f1-9a25-50fc6c673c5a,2026-07,0,22,10,0
f0bd170a-70ed-4d45-90bd-09e674185e5a,b2fa5c3c-6c14-44f1-9a25-50fc6c673c5a,2026-06,1,21,5,7
1b79925a-e780-4f2d-a7ea-b1c08b6b69a7,b2fa5c3c-6c14-44f1-9a25-50fc6c673c5a,2026-05,0,22,11,5
c27342fc-8c74-4e69-9828-c07602e7a730,b2fa5c3c-6c14-44f1-9a25-50fc6c673c5a,2026-04,0,22,14,0
a42fb8c5-644d-42f1-96e0-1b82892bb62e,7cd9c28a-1820-412b-a55c-253d3bb426d0,2026-07,1,21,15,4
e4ee951e-60b4-494b-8ce4-6494f5a9caa3,7cd9c28a-1820-412b-a55c-253d3bb426d0,2026-06,1,21,12,3
4e03f55f-279c-4f8c-bbc0-9f5c54bc592e,7cd9c28a-1820-412b-a55c-253d3bb426d0,2026-05,0,22,10,0
f8c1cb6e-3129-4fc9-b6a5-4aa40cefde33,7cd9c28a-1820-412b-a55c-253d3bb426d0,2026-04,1,21,11,5
2072fc5f-dfbe-4afb-8960-fdc3d08d7e65,7cd9c28a-1820-412b-a55c-253d3bb426d0,2026-03,0,22,9,9
45ac703c-22c0-4647-a73d-b0af3bc3d0d5,7cd9c28a-1820-412b-a55c-253d3bb426d0,2026-02,0,22,15,6
88fe5afb-5a52-4e70-b96e-756c6d1353db,5455cfbc-b5d2-4bcd-a26d-90ee773eb42e,2026-07,1,21,10,7
685383f5-b880-4d03-bac6-a86cecfbab81,5455cfbc-b5d2-4bcd-a26d-90ee773eb42e,2026-06,0,22,6,2
2550bf5c-3213-4a8b-b858-fdf40a508b6e,5455cfbc-b5d2-4bcd-a26d-90ee773eb42e,2026-05,0,22,12,8
747c1cbe-9d1a-46c4-9ede-5d819a95b6bf,5455cfbc-b5d2-4bcd-a26d-90ee773eb42e,2026-04,0,22,8,8
4fc2232a-b9dc-4cf5-8622-7cb3750ae3ad,5455cfbc-b5d2-4bcd-a26d-90ee773eb42e,2026-03,1,21,13,4
adadff68-9d99-46de-9c0a-4f0cecce4951,5455cfbc-b5d2-4bcd-a26d-90ee773eb42e,2026-02,0,22,14,9
34fd0a1a-4021-4936-80a8-e865cec4b1ee,dc960f6c-3b71-4192-a7ce-10110c09a333,2026-07,6,16,4,10
c6165e39-5a13-455c-8969-5fb456bfe89c,dc960f6c-3b71-4192-a7ce-10110c09a333,2026-06,3,19,4,10
ccad6000-84b7-45f3-935f-29c7aa705303,dc960f6c-3b71-4192-a7ce-10110c09a333,2026-05,3,19,1,6
cf85d019-348b-4d4b-952d-4a61a8cc249e,dc960f6c-3b71-4192-a7ce-10110c09a333,2026-04,4,18,4,1
25ce2a9a-6ac3-4eb1-90e6-68fe40355c0f,dc960f6c-3b71-4192-a7ce-10110c09a333,2026-03,4,18,0,9
f6580d3f-c6c0-487f-9173-295ae1fdd360,dc960f6c-3b71-4192-a7ce-10110c09a333,2026-02,6,16,1,4
f44cbf58-45d2-4bae-84d5-d127554ce993,388106be-4652-47af-b510-ad8627a7a485,2026-07,1,21,7,10
a6300ec9-ede0-48d0-abd3-505433e14a49,388106be-4652-47af-b510-ad8627a7a485,2026-06,0,22,15,7
db7f1fca-6a22-4cdc-904d-60c19d395e32,388106be-4652-47af-b510-ad8627a7a485,2026-05,0,22,11,10
599533fc-f6e3-45e9-92ea-813662952094,388106be-4652-47af-b510-ad8627a7a485,2026-04,0,22,14,2
51d3b90e-20c1-43a3-8e9b-27503aaefdde,388106be-4652-47af-b510-ad8627a7a485,2026-03,1,21,10,3
b4052157-72c3-45fd-a788-2254d3e08530,388106be-4652-47af-b510-ad8627a7a485,2026-02,1,21,14,4
90a570a0-476a-448d-8ca1-94790f3cb2c8,30cf89b3-120e-4f15-a4f4-d5918eeabdaf,2026-07,0,22,5,7
c6b50f66-6dcf-432c-9add-379b3ab4c321,30cf89b3-120e-4f15-a4f4-d5918eeabdaf,2026-06,1,21,11,6
24427f50-fb6c-49bb-8b54-2cf2d327ea8a,30cf89b3-120e-4f15-a4f4-d5918eeabdaf,2026-05,0,22,6,2
924c045a-c49a-4d88-bf02-4db678fdca17,f94795c7-d7b8-49cb-889e-5ec3018b1417,2026-07,3,19,3,5
503957bc-8046-4d6d-b770-12b1262f404d,f94795c7-d7b8-49cb-889e-5ec3018b1417,2026-06,4,18,5,9
b80a8d93-9f89-4d51-9940-3e3f9b58d113,f94795c7-d7b8-49cb-889e-5ec3018b1417,2026-05,6,16,2,1
ca2766b2-c3ce-4dbf-b66e-d7b465aa3e3f,f94795c7-d7b8-49cb-889e-5ec3018b1417,2026-04,4,18,0,1
6b16e4fd-f83e-4e7a-9692-bf2cfbc45bb0,f94795c7-d7b8-49cb-889e-5ec3018b1417,2026-03,6,16,5,4
fb5819c9-e228-472c-bb09-c92b4a8f15a2,f94795c7-d7b8-49cb-889e-5ec3018b1417,2026-02,6,16,4,2
cce1f730-7f1e-489a-9027-b33e2a482d30,0c7215e0-56d8-461d-862b-fafb51c408cb,2026-07,2,20,3,0
b7e78dc2-e4d0-44ce-8596-7d46abbe8732,0c7215e0-56d8-461d-862b-fafb51c408cb,2026-06,3,19,6,6
9efafbab-6326-4735-a451-c7a41993b8f5,0c7215e0-56d8-461d-862b-fafb51c408cb,2026-05,2,20,3,4
2eff9599-e8e6-4008-b32b-2db005e975c5,0c7215e0-56d8-461d-862b-fafb51c408cb,2026-04,1,21,4,3
063b21a7-a368-4b26-a533-7eb54b449d5c,0c7215e0-56d8-461d-862b-fafb51c408cb,2026-03,1,21,1,8
3c8b2fbd-ca30-4d48-9bc6-699e06e27ff8,0c7215e0-56d8-461d-862b-fafb51c408cb,2026-02,2,20,9,3
efa71c95-01fa-402b-b733-1b834aeee941,281b04eb-1ea1-468b-aa3d-9e69c1e9caf4,2026-07,1,21,7,8
a43683ce-0702-4739-87e1-e8fcaeab872f,281b04eb-1ea1-468b-aa3d-9e69c1e9caf4,2026-06,0,22,9,7
4c5cdebd-0264-48a4-ab0d-350d3134361a,281b04eb-1ea1-468b-aa3d-9e69c1e9caf4,2026-05,0,22,12,7
07d9d407-0ba0-4aee-9e47-2fee31628f70,281b04eb-1ea1-468b-aa3d-9e69c1e9caf4,2026-04,1,21,5,3
0e9f352e-0150-4a4b-92d6-4c021a20891e,281b04eb-1ea1-468b-aa3d-9e69c1e9caf4,2026-03,0,22,13,0
dd8f0c2f-2f00-4821-a53a-300fc5add4b8,281b04eb-1ea1-468b-aa3d-9e69c1e9caf4,2026-02,1,21,6,7
2d1e1edf-4ea3-481b-a6ab-1bf98f63d2e7,603f653b-cd9d-4a78-9ada-bd830d1222de,2026-07,5,17,3,9
4020f3d5-cdef-49ce-aa9b-0c5b800fd1f4,603f653b-cd9d-4a78-9ada-bd830d1222de,2026-06,6,16,0,10
c2eec765-89b5-4928-b7a1-78a9f0df6bd3,603f653b-cd9d-4a78-9ada-bd830d1222de,2026-05,3,19,4,8
edfbb6e9-de32-4ef9-8112-e2bbc180d8ab,603f653b-cd9d-4a78-9ada-bd830d1222de,2026-04,6,16,4,5
b90b2368-6f9d-4a67-8795-64cba001220b,603f653b-cd9d-4a78-9ada-bd830d1222de,2026-03,4,18,4,2
c16ac1fb-7d45-48be-8e4f-dac422863c18,603f653b-cd9d-4a78-9ada-bd830d1222de,2026-02,5,17,1,7
21dd3f28-d496-4ef2-b60e-9ae26194e153,f153f231-d371-4e91-a4c6-9cb42160a339,2026-07,1,21,5,6
4dc55c22-1817-461e-89c5-08d761c755f1,f153f231-d371-4e91-a4c6-9cb42160a339,2026-06,0,22,15,3
e7703102-2364-47bb-a5be-065d106011c0,f153f231-d371-4e91-a4c6-9cb42160a339,2026-05,0,22,5,4
6808561f-ee7b-4dbb-be68-d75083b1b829,f153f231-d371-4e91-a4c6-9cb42160a339,2026-04,0,22,6,0
2b52a170-b78c-4966-9344-4446aea744ca,f153f231-d371-4e91-a4c6-9cb42160a339,2026-03,1,21,13,9
8546bede-c8f9-4013-9694-8b09e2b27ad7,f153f231-d371-4e91-a4c6-9cb42160a339,2026-02,1,21,14,9
7d61eddf-14b6-47a8-98e7-b3cbbfeea868,c39d254c-3822-4610-aef6-1c12ba686970,2026-07,1,21,8,4
f0195daf-c435-4d95-b7da-c67118ad49f0,c39d254c-3822-4610-aef6-1c12ba686970,2026-06,0,22,14,3
70e5f538-7319-4eca-876a-324ef0bb20ae,c39d254c-3822-4610-aef6-1c12ba686970,2026-05,1,21,8,6
01aea28d-880d-4dbc-9381-4c332e768b57,c39d254c-3822-4610-aef6-1c12ba686970,2026-04,1,21,5,6
b8c292f2-5190-4942-885a-e7c10147e3ec,c39d254c-3822-4610-aef6-1c12ba686970,2026-03,1,21,12,10
5dd38657-59dc-4c45-970d-d37a7015d7ed,c39d254c-3822-4610-aef6-1c12ba686970,2026-02,0,22,10,4
1b8f0537-c7d3-4d1b-80a6-3ebbb725ebdb,608cf4ae-33c5-4e50-bfe2-a4b8318de781,2026-07,0,22,5,9
d54e2f5d-d084-4dea-92aa-25f55e474a30,608cf4ae-33c5-4e50-bfe2-a4b8318de781,2026-06,1,21,7,2
2c184eab-ecf2-4b4c-a6a1-4da102b0d81e,608cf4ae-33c5-4e50-bfe2-a4b8318de781,2026-05,1,21,13,3
85416ab7-d77e-4a81-8f3a-9825819f624c,608cf4ae-33c5-4e50-bfe2-a4b8318de781,2026-04,1,21,12,7
fdc1407c-762e-4fb6-be19-1286bd807d0a,608cf4ae-33c5-4e50-bfe2-a4b8318de781,2026-03,1,21,9,10
02fcaea8-5ecd-4892-8521-f851d76d3411,608cf4ae-33c5-4e50-bfe2-a4b8318de781,2026-02,0,22,6,10
fd9fff28-17c3-4949-8d4e-e042a19a9fd2,e9c83264-d7ed-4f2a-9357-0550e0acff05,2026-07,1,21,6,1
e2cce4a3-f7da-4a0d-a792-fded21afc21f,e9c83264-d7ed-4f2a-9357-0550e0acff05,2026-06,0,22,9,8
91b4ff4f-10e4-4b45-9e59-44602abe2bdc,e9c83264-d7ed-4f2a-9357-0550e0acff05,2026-05,1,21,9,6
e29e78b8-061a-4c7f-a4a9-d5fbf822fea8,e9c83264-d7ed-4f2a-9357-0550e0acff05,2026-04,1,21,7,4
d325671b-d626-48cb-8020-1fbe2cd5e498,e9c83264-d7ed-4f2a-9357-0550e0acff05,2026-03,0,22,5,9
837fcba7-095c-4d21-8b39-45f114f201b1,e9c83264-d7ed-4f2a-9357-0550e0acff05,2026-02,1,21,10,7
5aa4e40f-110a-420a-b677-acaefa8a8840,058835db-aa7d-4d63-8bbb-8ee34e102435,2026-07,1,21,11,2
59554650-d6fc-435d-8e4b-f37db1dde562,058835db-aa7d-4d63-8bbb-8ee34e102435,2026-06,0,22,10,4
bc745aa9-7f5d-42d0-bbd8-cd06452cfc61,058835db-aa7d-4d63-8bbb-8ee34e102435,2026-05,0,22,15,5
827d4c9b-e260-49bc-89da-a57d0cd36bb1,058835db-aa7d-4d63-8bbb-8ee34e102435,2026-04,0,22,5,1
d8ca98f8-ebb2-4d1d-861c-655d3f4d05e4,058835db-aa7d-4d63-8bbb-8ee34e102435,2026-03,0,22,14,5
d6381e70-28bd-4f74-a3f3-15b53facbc14,058835db-aa7d-4d63-8bbb-8ee34e102435,2026-02,0,22,12,1
88973848-e182-4849-b889-4e240a7d1779,60b1e498-e015-40c1-9f47-89deff8c391e,2026-07,1,21,4,0
807426e7-b31d-4450-aae8-1f8b641645db,60b1e498-e015-40c1-9f47-89deff8c391e,2026-06,3,19,7,1
941fa65c-77e4-40a2-b73f-97907e6b559b,60b1e498-e015-40c1-9f47-89deff8c391e,2026-05,3,19,3,4
1dc73de8-d558-44b1-bc35-ed59dcc149bf,60b1e498-e015-40c1-9f47-89deff8c391e,2026-04,1,21,4,5
041d22ca-b971-4131-96e8-6d62fb7988e7,60b1e498-e015-40c1-9f47-89deff8c391e,2026-03,2,20,0,2
2d66dd94-679a-46b8-bb43-a5bd351a57ce,60b1e498-e015-40c1-9f47-89deff8c391e,2026-02,3,19,0,1
1ff73d11-3f2a-49e7-9931-2282eb1f7a73,70a47f0f-b8a9-4542-a67e-22d00147db82,2026-07,0,22,10,8
14cacf68-346a-49a9-bdff-54861f1b0da9,70a47f0f-b8a9-4542-a67e-22d00147db82,2026-06,0,22,9,6
37e5edb0-f70e-4cda-872f-7ef4f52a977a,70a47f0f-b8a9-4542-a67e-22d00147db82,2026-05,0,22,8,5
d82033c8-2f0f-4b40-8456-d009e8375496,70a47f0f-b8a9-4542-a67e-22d00147db82,2026-04,0,22,9,10
bf66c252-5d00-415b-9946-94134c0b4af6,70a47f0f-b8a9-4542-a67e-22d00147db82,2026-03,1,21,9,0
02e507bc-cadd-4996-a536-bf364bf4c547,70a47f0f-b8a9-4542-a67e-22d00147db82,2026-02,1,21,10,2
1a8ea966-1323-441f-8144-39f9a0cb34bd,b38798c8-eeb0-41fb-9619-cbad58a71345,2026-07,3,19,4,6
a9b8d4d1-90ad-42de-91bd-e451fe63cf6e,b38798c8-eeb0-41fb-9619-cbad58a71345,2026-06,3,19,5,8
af738837-8d95-493d-a689-b3552c77dc43,b38798c8-eeb0-41fb-9619-cbad58a71345,2026-05,3,19,7,4
f4f08b10-bd01-4d2d-bc0f-8039151ab53e,b38798c8-eeb0-41fb-9619-cbad58a71345,2026-04,1,21,4,5
a9d964b1-c80c-44e2-8df6-f05000023a1e,b38798c8-eeb0-41fb-9619-cbad58a71345,2026-03,1,21,6,1
a18bc980-0ee1-4751-8a11-756ae1f3ca32,b38798c8-eeb0-41fb-9619-cbad58a71345,2026-02,2,20,10,9
bbd99460-c79f-4a1d-9af0-8226f08e1453,6700045a-c01d-4393-a161-3a4542c4a471,2026-07,1,21,15,8
a2aa5224-22ae-49df-bd1b-f6d1a1687f70,6700045a-c01d-4393-a161-3a4542c4a471,2026-06,1,21,14,10
30710d76-b500-4778-a158-993f8744c033,6700045a-c01d-4393-a161-3a4542c4a471,2026-05,0,22,9,10
fd30c9e5-c65a-4ce3-9691-35b10395a349,6700045a-c01d-4393-a161-3a4542c4a471,2026-04,1,21,9,3
39179acd-60ea-42f3-ad52-c7e333e5b9e7,6700045a-c01d-4393-a161-3a4542c4a471,2026-03,0,22,11,5
4782d82f-e63b-4bf3-9024-2dda46b5bd6f,6700045a-c01d-4393-a161-3a4542c4a471,2026-02,1,21,13,4
7a8ed9ae-3780-4fb3-8cc9-b2bfe07604b3,d6f2237d-4f28-499c-bb1b-712a2be2e0da,2026-07,4,18,4,7
7507ba3d-4d03-41bd-a660-bc78cb95628c,d6f2237d-4f28-499c-bb1b-712a2be2e0da,2026-06,3,19,5,9
67e9a335-0af6-49d1-afd2-55611b33e935,d6f2237d-4f28-499c-bb1b-712a2be2e0da,2026-05,6,16,4,7
5f98be45-98cd-4633-9384-782242340f2b,d6f2237d-4f28-499c-bb1b-712a2be2e0da,2026-04,2,20,3,5
63223b8d-a777-4a25-a853-cdbf8f393493,d6f2237d-4f28-499c-bb1b-712a2be2e0da,2026-03,5,17,3,9
69202fa0-b747-40ad-b2a9-fefdfbe25ebf,d6f2237d-4f28-499c-bb1b-712a2be2e0da,2026-02,2,20,1,6
c91ad2fa-c988-48b3-bce3-3ba7ab64ff4f,4f042aeb-d4bf-4632-9633-734d0ef1d9ac,2026-07,1,21,9,0
ac9369c8-b306-45ed-bc30-7dc9419aee58,4f042aeb-d4bf-4632-9633-734d0ef1d9ac,2026-06,0,22,15,10
d079a0e0-ea32-42a4-b257-884860eb4616,4f042aeb-d4bf-4632-9633-734d0ef1d9ac,2026-05,0,22,15,1
30e09519-f3fb-4969-9a12-d7b35cdf392f,4f042aeb-d4bf-4632-9633-734d0ef1d9ac,2026-04,0,22,6,8
cc02e86f-abe2-4b85-9caf-ce11eb3538c6,4f042aeb-d4bf-4632-9633-734d0ef1d9ac,2026-03,0,22,6,7
164ec824-e3ec-4d91-a3dd-e3280d3ceeee,4f042aeb-d4bf-4632-9633-734d0ef1d9ac,2026-02,0,22,6,1
01272354-4643-4aa8-8b06-be106f4ccaf6,971d8162-50bf-49f8-adf8-ffc36e79e16c,2026-07,2,20,9,9
d7ec5900-8832-4201-a52a-82dfad159970,971d8162-50bf-49f8-adf8-ffc36e79e16c,2026-06,2,20,7,10
7ccaf150-7b9e-4a2c-8867-f263ec32d186,971d8162-50bf-49f8-adf8-ffc36e79e16c,2026-05,2,20,2,5
38d2ed07-7332-47a9-a45d-fa318d79ee83,971d8162-50bf-49f8-adf8-ffc36e79e16c,2026-04,2,20,9,0
f72f397c-38b2-4cc3-b542-279eae13bfb0,971d8162-50bf-49f8-adf8-ffc36e79e16c,2026-03,3,19,4,2
7cbcc19e-1ba7-4816-bd3c-8a4f01557603,971d8162-50bf-49f8-adf8-ffc36e79e16c,2026-02,1,21,5,3
f039eb6a-092b-4393-8b21-fc6cb719f1fb,d6cc4a2a-4713-46a2-b06a-d3549166836c,2026-07,0,22,7,10
a5c016e1-50a2-4307-964b-f27676a37dbc,b89faaa1-7b72-44e7-bde1-b0245ed5508f,2026-07,0,22,11,4
a086e706-2878-48ab-a0d8-913856623ccf,b89faaa1-7b72-44e7-bde1-b0245ed5508f,2026-06,0,22,6,6
38731322-88ef-4c48-b444-198b491da870,b89faaa1-7b72-44e7-bde1-b0245ed5508f,2026-05,0,22,8,5
79635011-50eb-49e0-8c15-533f5b621782,b89faaa1-7b72-44e7-bde1-b0245ed5508f,2026-04,0,22,14,0
89377deb-96cf-42f0-92a8-6ae0fa2b25bf,b89faaa1-7b72-44e7-bde1-b0245ed5508f,2026-03,1,21,10,5
28b24a6b-457f-4913-84ea-f24d522ea5a1,b89faaa1-7b72-44e7-bde1-b0245ed5508f,2026-02,1,21,12,8
e34a4b57-7921-41df-babe-a4fe8d19365b,325c58ba-905a-4cfa-83e4-3e79b57a44ec,2026-07,1,21,8,8
390a5f5a-2059-414d-b341-929912c79d89,325c58ba-905a-4cfa-83e4-3e79b57a44ec,2026-06,0,22,9,10
52373c7c-f12c-4b31-a24d-32c03de17189,325c58ba-905a-4cfa-83e4-3e79b57a44ec,2026-05,0,22,12,0
48cc1e25-56b7-449e-a3c8-557094370789,325c58ba-905a-4cfa-83e4-3e79b57a44ec,2026-04,0,22,8,3
1e52f7c9-56f6-491a-a76a-337803beb4b0,325c58ba-905a-4cfa-83e4-3e79b57a44ec,2026-03,0,22,5,10
fbbbde95-0433-4107-970d-4f5245f35570,325c58ba-905a-4cfa-83e4-3e79b57a44ec,2026-02,0,22,15,9
cbc9d9eb-c2fd-4efd-8a3c-b0c1ceca4d00,70770191-22c8-4a63-8fdf-fdcc07142c64,2026-07,1,21,11,3
3483aa50-a6ff-4cd2-8cb8-59737045751b,70770191-22c8-4a63-8fdf-fdcc07142c64,2026-06,0,22,9,8
cf4795d1-597a-4ffb-96f3-5935bf8161b1,70770191-22c8-4a63-8fdf-fdcc07142c64,2026-05,0,22,9,9
c0793c0d-843b-45ba-8d5c-1bac5efd64c6,70770191-22c8-4a63-8fdf-fdcc07142c64,2026-04,0,22,11,7
838468a7-a187-4976-b4b0-e4ddf8f0e564,70770191-22c8-4a63-8fdf-fdcc07142c64,2026-03,1,21,8,1
bd2decd3-0806-4970-9ffd-ada25da499bb,70770191-22c8-4a63-8fdf-fdcc07142c64,2026-02,0,22,14,1
4c3164b2-fff2-4120-9984-a8ddabbe9c89,6dfa1518-ba35-4d00-b8dc-6ab35f0308b2,2026-07,3,19,0,3
4da4c128-ba3b-49a3-b475-46a4c714c0ca,6dfa1518-ba35-4d00-b8dc-6ab35f0308b2,2026-06,2,20,4,9
65a8be7a-d177-46f6-98b2-29577fc0fb44,6dfa1518-ba35-4d00-b8dc-6ab35f0308b2,2026-05,4,18,5,8
35fd74f6-3b45-4704-a70d-39ade126e85f,6dfa1518-ba35-4d00-b8dc-6ab35f0308b2,2026-04,2,20,4,10
c06e2e44-f948-4617-8898-515e038a5a05,6dfa1518-ba35-4d00-b8dc-6ab35f0308b2,2026-03,2,20,4,4
535a18d3-9800-416f-b742-ba73c6cf7354,6dfa1518-ba35-4d00-b8dc-6ab35f0308b2,2026-02,3,19,5,8
d2883606-226d-4247-ac82-363cdaa7fb33,0ada5e68-2a0f-42d6-b418-5445bf5797bf,2026-07,0,22,12,0
92bcfe9e-ab8a-479f-b67d-428e7f302eb3,0ada5e68-2a0f-42d6-b418-5445bf5797bf,2026-06,1,21,6,5
e9f09b85-75ce-4b41-8fc3-3b4acfaafc49,0ada5e68-2a0f-42d6-b418-5445bf5797bf,2026-05,1,21,14,5
59ce2327-6328-47e5-af9b-52dc86247d39,0ada5e68-2a0f-42d6-b418-5445bf5797bf,2026-04,0,22,8,9
7f4ae192-f12f-41f1-8d46-be7c91c96c31,0ada5e68-2a0f-42d6-b418-5445bf5797bf,2026-03,1,21,9,1
f9929dab-8321-461d-8448-1d2b8c446e18,0ada5e68-2a0f-42d6-b418-5445bf5797bf,2026-02,1,21,7,4
e89dbba4-3584-4ace-8eba-c1b148a7243e,35e34ca1-b06f-4caa-baf1-519fb00f36b7,2026-07,0,22,11,4
e061bcad-3a06-421c-94a8-2d777b28603f,35e34ca1-b06f-4caa-baf1-519fb00f36b7,2026-06,1,21,15,7
3d60a73d-d636-442c-9d86-a64d1ae65fcd,35e34ca1-b06f-4caa-baf1-519fb00f36b7,2026-05,0,22,11,1
94fab40d-6f39-44b9-89cf-2d96f572a098,35e34ca1-b06f-4caa-baf1-519fb00f36b7,2026-04,1,21,5,4
96fe1c16-29a2-408e-ad0e-0b027def242d,35e34ca1-b06f-4caa-baf1-519fb00f36b7,2026-03,1,21,5,4
1bd56358-e025-49de-8423-03b5b96ee697,35e34ca1-b06f-4caa-baf1-519fb00f36b7,2026-02,1,21,12,0
b65a0c82-adc8-4096-9cd7-bded5686515b,3ce024ee-07a0-4cdc-8b58-93e4e8cd9550,2026-07,1,21,10,8
84ed33f6-b3ac-4067-9966-504085205fe6,3ce024ee-07a0-4cdc-8b58-93e4e8cd9550,2026-06,0,22,10,9
571831f5-9be2-43c5-9918-60a3c9441de2,3ce024ee-07a0-4cdc-8b58-93e4e8cd9550,2026-05,0,22,7,8
64df9132-9ac6-4a64-8954-4e6f8eba1e63,3ce024ee-07a0-4cdc-8b58-93e4e8cd9550,2026-04,1,21,14,8
e139cce8-772e-490f-b22a-c52ed4454585,3ce024ee-07a0-4cdc-8b58-93e4e8cd9550,2026-03,0,22,8,2
b476fbe6-0fb5-4b40-849c-116b5605b58f,3ce024ee-07a0-4cdc-8b58-93e4e8cd9550,2026-02,1,21,15,5
0f11c3bf-992c-424a-b3c4-d5f91569540b,cba70765-fcf1-4b0f-9455-a897bf1d5d0a,2026-07,1,21,6,7
224ad252-65ad-4466-abab-5bd1dc356b1b,cba70765-fcf1-4b0f-9455-a897bf1d5d0a,2026-06,0,22,9,7
f1445f0e-db0e-45bc-bf36-a9170b37b3e0,cba70765-fcf1-4b0f-9455-a897bf1d5d0a,2026-05,1,21,9,4
43dd63fc-0673-4380-bd35-6ae9d3451b14,cba70765-fcf1-4b0f-9455-a897bf1d5d0a,2026-04,1,21,15,9
a313cfe4-c673-43c3-87ef-d794687152b2,cba70765-fcf1-4b0f-9455-a897bf1d5d0a,2026-03,0,22,9,6
c19874cc-f4b6-4d07-b326-87d10f7138ed,cba70765-fcf1-4b0f-9455-a897bf1d5d0a,2026-02,0,22,9,5
016b8b74-4861-4276-b55e-f523218828ce,8d7f2e51-9388-4991-ba17-86ae452c8138,2026-07,1,21,12,3
1e3c34f7-f50a-4d40-9755-4b54affaebc8,8d7f2e51-9388-4991-ba17-86ae452c8138,2026-06,1,21,9,6
d9827ecd-8bfc-4354-985e-d6c73393df7d,8d7f2e51-9388-4991-ba17-86ae452c8138,2026-05,0,22,8,9
9da71b27-2d09-4808-96a8-ceb1b6bbe744,8d7f2e51-9388-4991-ba17-86ae452c8138,2026-04,1,21,15,5
419e953d-3b27-4fe9-9f6a-639b060f9ba4,8d7f2e51-9388-4991-ba17-86ae452c8138,2026-03,0,22,7,0
362479f8-a8a7-4551-8556-6420cd8baf83,609e6dd4-8064-4640-a50c-9c1426e3556a,2026-07,1,21,15,1
ca8ee9e8-aae7-4be0-bdfc-f091cf6f50fb,609e6dd4-8064-4640-a50c-9c1426e3556a,2026-06,0,22,9,10
b3f22157-9840-487c-bac0-149a8da01646,609e6dd4-8064-4640-a50c-9c1426e3556a,2026-05,0,22,12,9
0aa3d48d-427f-4cea-b2a5-017af4f46302,609e6dd4-8064-4640-a50c-9c1426e3556a,2026-04,0,22,12,3
e0e3276a-dff8-40a2-899d-1bb240d91b1c,609e6dd4-8064-4640-a50c-9c1426e3556a,2026-03,0,22,13,3
62aa5103-44cc-40f4-9035-19860b48afb1,609e6dd4-8064-4640-a50c-9c1426e3556a,2026-02,0,22,15,8
78b0dec1-42b5-436b-9583-c98028512772,680b017a-79bf-4bdf-8bbf-aa423bf301c8,2026-07,1,21,9,10
220f6014-59ef-4991-82b9-e16196bb10d7,680b017a-79bf-4bdf-8bbf-aa423bf301c8,2026-06,1,21,11,8
db50cfdd-ec81-4fd1-be38-635bfeee701d,680b017a-79bf-4bdf-8bbf-aa423bf301c8,2026-05,1,21,15,6
305c2116-a5b9-43b2-87ec-5f270b3371be,680b017a-79bf-4bdf-8bbf-aa423bf301c8,2026-04,1,21,14,8
e6c9baaa-ef97-4e60-bd46-3f9909a9d4fa,680b017a-79bf-4bdf-8bbf-aa423bf301c8,2026-03,1,21,7,10
4195ae6c-17f9-4f33-b646-787dc58dd027,680b017a-79bf-4bdf-8bbf-aa423bf301c8,2026-02,0,22,10,6
52a4409f-cb42-4fe7-bb3f-f22d71e17108,995faa5e-7f63-4c34-8c39-ebaf70087be2,2026-07,1,21,5,9
142590c1-9c49-460c-8d70-218ffcfc5e36,995faa5e-7f63-4c34-8c39-ebaf70087be2,2026-06,1,21,14,8
ea09c734-0ad2-4ce4-906c-5e0044e19eb1,995faa5e-7f63-4c34-8c39-ebaf70087be2,2026-05,1,21,5,7
db7f2211-8f1d-4a9c-aace-332a8e6b92e3,995faa5e-7f63-4c34-8c39-ebaf70087be2,2026-04,1,21,5,2
31335afb-537a-4703-bcdd-28c9d0db050a,995faa5e-7f63-4c34-8c39-ebaf70087be2,2026-03,1,21,12,7
fada3cb3-bc0b-448a-acd8-dc63b0d825d9,995faa5e-7f63-4c34-8c39-ebaf70087be2,2026-02,0,22,5,8
30478440-9077-428d-a5ee-75de656354e3,7987a6d1-8781-42da-8e7c-6474dbd6e103,2026-07,0,22,14,9
7523576a-4d42-4c61-82f2-6f6dde4f6061,7987a6d1-8781-42da-8e7c-6474dbd6e103,2026-06,0,22,7,3
becaee59-36c3-4943-8864-8ea552fff48e,7987a6d1-8781-42da-8e7c-6474dbd6e103,2026-05,1,21,9,5
2d5cf188-9d06-4df9-8b28-2eb4f67a836a,7987a6d1-8781-42da-8e7c-6474dbd6e103,2026-04,0,22,7,6
b809a22d-79ce-456e-9c25-94f37d01c4aa,7987a6d1-8781-42da-8e7c-6474dbd6e103,2026-03,0,22,13,0
23f86808-8b60-4414-b01e-21291a2599ba,7987a6d1-8781-42da-8e7c-6474dbd6e103,2026-02,1,21,13,9
a72cd874-458f-44df-aafb-7527ccf03531,98f31d03-88e7-448f-93a0-7459d7df8af6,2026-07,1,21,13,7
d152afae-8bfa-4038-b4de-3b3fdc47b723,98f31d03-88e7-448f-93a0-7459d7df8af6,2026-06,0,22,6,10
16a42c0f-c8e8-4a02-bb75-0f89267beef0,98f31d03-88e7-448f-93a0-7459d7df8af6,2026-05,0,22,10,1
6771adbb-8031-42a7-b1a0-399a26ba3efc,98f31d03-88e7-448f-93a0-7459d7df8af6,2026-04,0,22,5,7
9b317dda-0438-4200-8b98-0dd60d8477c1,98f31d03-88e7-448f-93a0-7459d7df8af6,2026-03,1,21,6,7
625610c0-c9c0-4857-8bd7-a4e2db3a63dd,98f31d03-88e7-448f-93a0-7459d7df8af6,2026-02,0,22,8,9
f40e851d-ea47-4b87-803e-dcc3a01d880e,7ce07a62-407d-4ef6-b458-05accc1a818f,2026-07,0,22,12,3
ca3b8269-cad7-4f16-a9ce-2a59cb005601,7ce07a62-407d-4ef6-b458-05accc1a818f,2026-06,0,22,9,0
58ff89d3-aa37-4e15-80ef-f81865ff0cfe,7ce07a62-407d-4ef6-b458-05accc1a818f,2026-05,0,22,10,9
f1ff5176-5919-400a-990d-be864f853ba3,7ce07a62-407d-4ef6-b458-05accc1a818f,2026-04,0,22,11,9
17a212bb-9e6e-499c-ba38-3e6813f75628,7ce07a62-407d-4ef6-b458-05accc1a818f,2026-03,0,22,9,0
13cc0089-96bc-4247-8055-55b33e46132f,7ce07a62-407d-4ef6-b458-05accc1a818f,2026-02,1,21,11,0
fc166131-4b59-4f15-b12e-f8f0c6b75938,9eafdd9d-f0c3-4816-aec6-63b4f104b0b2,2026-07,1,21,13,3
e472648a-1167-4e50-abdf-aad2292771eb,9eafdd9d-f0c3-4816-aec6-63b4f104b0b2,2026-06,1,21,12,9
3b30b244-6b55-4947-8802-377de464e929,9eafdd9d-f0c3-4816-aec6-63b4f104b0b2,2026-05,0,22,8,5
a8d6fa1b-ddb7-48a1-9f5e-15dab7b1dabe,9eafdd9d-f0c3-4816-aec6-63b4f104b0b2,2026-04,0,22,8,2
524c9a35-1074-45ae-b6b8-3245319129f5,9eafdd9d-f0c3-4816-aec6-63b4f104b0b2,2026-03,0,22,14,10
2132b44a-7555-494f-81ec-cbbd1becb7d8,9eafdd9d-f0c3-4816-aec6-63b4f104b0b2,2026-02,0,22,13,5
66ab5620-0e94-4bb7-8e55-fa09dd1e9e11,1500cb23-4c46-48cd-a3fc-1a5796c6907d,2026-07,1,21,6,1
8d12a982-c96d-4b64-9112-aa33395a5c9b,1500cb23-4c46-48cd-a3fc-1a5796c6907d,2026-06,1,21,11,7
1223f544-0284-4279-b0ad-2cf35cb63e8d,1500cb23-4c46-48cd-a3fc-1a5796c6907d,2026-05,0,22,10,6
7da4cc73-225a-44ed-8988-e6a8c591c445,1500cb23-4c46-48cd-a3fc-1a5796c6907d,2026-04,1,21,11,8
08c91230-82a7-4b4a-9bd1-bb8031f951db,1500cb23-4c46-48cd-a3fc-1a5796c6907d,2026-03,1,21,10,8
ef04a68f-348b-454d-8d50-e6943511be53,1500cb23-4c46-48cd-a3fc-1a5796c6907d,2026-02,0,22,14,5
9b67ee78-0e69-41d6-9179-0d64d11d2c56,ece035f9-2ae4-4f21-9914-d80f7aaad2e4,2026-07,0,22,13,5
866dfafb-6db7-4db0-affc-7a99e949d78e,ece035f9-2ae4-4f21-9914-d80f7aaad2e4,2026-06,1,21,7,0
7fcafa47-fdd3-4bc3-8ec9-96bd2037dea0,ece035f9-2ae4-4f21-9914-d80f7aaad2e4,2026-05,1,21,8,9
ba4de628-48df-4d19-9704-a34506aa3913,ece035f9-2ae4-4f21-9914-d80f7aaad2e4,2026-04,0,22,5,0
270dbec5-06db-4d64-9780-a36a7395d7a7,ece035f9-2ae4-4f21-9914-d80f7aaad2e4,2026-03,0,22,15,1
5df817a8-5898-4046-ac65-97439504c9de,ece035f9-2ae4-4f21-9914-d80f7aaad2e4,2026-02,0,22,12,5
54678612-b72d-4d45-b3d0-357978a873ea,25460e67-8195-4e3a-b103-fe2f4bf6a74d,2026-07,1,21,10,5
3333d5b8-0f85-4cf4-9c65-9ae594f44785,25460e67-8195-4e3a-b103-fe2f4bf6a74d,2026-06,1,21,6,5
dab2401a-6e26-4bb8-98b9-fcb863e0be1a,25460e67-8195-4e3a-b103-fe2f4bf6a74d,2026-05,0,22,6,2
663b07be-b5c4-4201-b563-6911f28af5c7,25460e67-8195-4e3a-b103-fe2f4bf6a74d,2026-04,0,22,15,0
e3047fcc-0dd9-4009-a7ba-457727bd9a32,25460e67-8195-4e3a-b103-fe2f4bf6a74d,2026-03,0,22,9,7
156b180d-614c-46c9-8507-66a223d6d55b,25460e67-8195-4e3a-b103-fe2f4bf6a74d,2026-02,1,21,13,2
777303c9-cb78-4227-9c03-c7547d384d52,10653388-f954-42c6-a7ef-8fc995eb15a9,2026-07,0,22,12,10
fdcae4c2-7ed6-4ecd-aada-d37bc3a32ced,10653388-f954-42c6-a7ef-8fc995eb15a9,2026-06,1,21,14,4
42b3898d-660a-4682-8740-a7f6e4844d0e,10653388-f954-42c6-a7ef-8fc995eb15a9,2026-05,0,22,11,3
c0cc2baa-301d-445c-af8e-8d5d3ce04943,10653388-f954-42c6-a7ef-8fc995eb15a9,2026-04,1,21,12,9
c66a6f6e-e3c3-41e1-b1ed-ae95b8d5f4c3,10653388-f954-42c6-a7ef-8fc995eb15a9,2026-03,0,22,12,0
0e39a5d0-534e-49fd-a3ac-22af5e77a3cd,10653388-f954-42c6-a7ef-8fc995eb15a9,2026-02,1,21,15,2
7dc37a4d-8866-4b45-80f3-3065d0a265cc,1b04417b-7bed-45a8-a80c-b499773e93f6,2026-07,0,22,8,1
ff76d1a3-16a6-4eac-b052-8e4f9e88f8aa,1b04417b-7bed-45a8-a80c-b499773e93f6,2026-06,0,22,13,1
9471a465-c8e2-4417-88bc-35bb82e69ed7,1b04417b-7bed-45a8-a80c-b499773e93f6,2026-05,1,21,6,10
77f5959c-2606-474e-9a1c-ee95c8aff303,1b04417b-7bed-45a8-a80c-b499773e93f6,2026-04,1,21,5,2
dcebc351-1d54-4738-8df5-484e35e631e4,1b04417b-7bed-45a8-a80c-b499773e93f6,2026-03,1,21,6,7
f68de165-0094-4777-aece-7ed8532a31a6,1b04417b-7bed-45a8-a80c-b499773e93f6,2026-02,0,22,9,3
de107b2c-baa4-4050-a3fe-499f4f15335f,1b7e1fa2-f087-4df2-a8c4-d3d35c3cf16c,2026-07,1,21,9,8
370d401b-9eab-433c-a760-701bb1cdbe5f,1b7e1fa2-f087-4df2-a8c4-d3d35c3cf16c,2026-06,3,19,7,0
f627f525-2726-4dba-92a4-a24dd6aa9aa4,1b7e1fa2-f087-4df2-a8c4-d3d35c3cf16c,2026-05,1,21,2,5
20d98752-c720-4e75-ba87-0dfe4ed88e91,1b7e1fa2-f087-4df2-a8c4-d3d35c3cf16c,2026-04,3,19,10,5
0b9e6d3b-b707-45fa-aebc-16079ce83fee,1b7e1fa2-f087-4df2-a8c4-d3d35c3cf16c,2026-03,1,21,3,5
53f12f63-6f3b-4ada-b576-e7e902a1c904,1b7e1fa2-f087-4df2-a8c4-d3d35c3cf16c,2026-02,3,19,10,0
bca6de13-87bd-49ed-99ba-800bc57be230,7102d329-3428-4c69-b9db-7ba8832be7d7,2026-07,0,22,8,7
9c16f484-6cf9-49b6-8e46-6a1cca5e70f4,7102d329-3428-4c69-b9db-7ba8832be7d7,2026-06,0,22,10,9
f0a6c31f-2484-4c73-982c-7f89964a20c7,7102d329-3428-4c69-b9db-7ba8832be7d7,2026-05,1,21,5,8
680fd5b6-2926-49db-9ed8-ae8afb2ff66d,7102d329-3428-4c69-b9db-7ba8832be7d7,2026-04,1,21,7,7
f81652b6-429b-423f-9354-092c7172e0e4,7102d329-3428-4c69-b9db-7ba8832be7d7,2026-03,0,22,12,7
32b0ec35-b8aa-4159-9b54-fa11404ccc28,7102d329-3428-4c69-b9db-7ba8832be7d7,2026-02,1,21,11,7
c49e080f-576a-4db2-8d91-58d167bea04c,9222b7d7-411c-4450-9f57-77ad8b63e395,2026-07,1,21,7,1
8538d49f-4e5a-46d8-a92e-d7b4cee0476d,9222b7d7-411c-4450-9f57-77ad8b63e395,2026-06,1,21,9,10
1a34851a-3f67-4e97-bdf9-609e0e6e3c09,9222b7d7-411c-4450-9f57-77ad8b63e395,2026-05,1,21,11,1
ce973589-3326-41fd-a5cc-eafe8ed191bf,9222b7d7-411c-4450-9f57-77ad8b63e395,2026-04,1,21,5,4
fb4f1921-f93e-494f-9539-1f034eb66292,9222b7d7-411c-4450-9f57-77ad8b63e395,2026-03,0,22,13,0
1c9dbd4c-06d2-46bb-8c85-6c80547bf696,9222b7d7-411c-4450-9f57-77ad8b63e395,2026-02,1,21,13,3
479a614a-b535-4b4a-905d-f978ffd9f435,5998cc34-cf42-417a-a0c4-6956acab7914,2026-07,1,21,2,3
77c478ce-abd3-4fe7-905a-8a513346710c,5998cc34-cf42-417a-a0c4-6956acab7914,2026-06,2,20,3,2
8e0b8673-9ddb-4b69-a4fa-a37d6fe4da5d,5998cc34-cf42-417a-a0c4-6956acab7914,2026-05,2,20,1,3
74b74a84-e01e-411d-a933-749f5b04ed24,5998cc34-cf42-417a-a0c4-6956acab7914,2026-04,2,20,6,3
68f822af-6940-403a-9391-86d6e18f07b9,5998cc34-cf42-417a-a0c4-6956acab7914,2026-03,3,19,2,4
ecf3e4d3-0680-459d-bc2c-f02195102ba5,5998cc34-cf42-417a-a0c4-6956acab7914,2026-02,1,21,4,10
d363a67f-b199-4671-b6de-aa8521047d08,83c009a7-fe47-4ae0-9834-6870ad55dec2,2026-07,1,21,10,8
69f068db-7aad-48c1-9e48-007e5c576838,83c009a7-fe47-4ae0-9834-6870ad55dec2,2026-06,1,21,6,9
f45d508d-3888-433d-9e64-a5bf2c640899,83c009a7-fe47-4ae0-9834-6870ad55dec2,2026-05,1,21,14,8
70a5f97d-b803-4693-af33-e27920cd95bc,83c009a7-fe47-4ae0-9834-6870ad55dec2,2026-04,1,21,11,1
6e18572c-a203-416c-a737-c7902de35ad3,83c009a7-fe47-4ae0-9834-6870ad55dec2,2026-03,0,22,14,3
d4143a87-b241-4728-80b9-62ab3a738b19,83c009a7-fe47-4ae0-9834-6870ad55dec2,2026-02,0,22,7,5
e25315ce-931a-433f-b907-825eafa7f067,77b4dc15-f2d6-42db-987b-cc5541016cd6,2026-07,3,19,10,3
06f1129f-2b73-4be6-bbfb-81b08a15abf7,77b4dc15-f2d6-42db-987b-cc5541016cd6,2026-06,3,19,3,10
0e82c037-de41-447b-bef1-3b5a38b0efd8,77b4dc15-f2d6-42db-987b-cc5541016cd6,2026-05,2,20,2,1
4d322331-140a-4928-9e3f-3d69c975bd69,77b4dc15-f2d6-42db-987b-cc5541016cd6,2026-04,2,20,7,10
8fb5e042-2bf5-4d94-b986-00e9c2421c5a,77b4dc15-f2d6-42db-987b-cc5541016cd6,2026-03,1,21,8,0
a4f6d2f2-2167-45d3-828f-fa3240301c93,77b4dc15-f2d6-42db-987b-cc5541016cd6,2026-02,2,20,10,8
19b960f3-5a50-4db1-889f-99631a52e851,49fa6261-6c8b-43bc-8b46-026d9e34dab3,2026-07,0,22,14,2
72fb0879-3e71-430c-af31-caf96e2201cd,49fa6261-6c8b-43bc-8b46-026d9e34dab3,2026-06,0,22,15,2
56d5f9c4-f669-4801-93e1-f1da7f4da310,49fa6261-6c8b-43bc-8b46-026d9e34dab3,2026-05,1,21,8,8
3a4b3495-c029-4bb9-b45b-5622a3e66a6c,49fa6261-6c8b-43bc-8b46-026d9e34dab3,2026-04,1,21,6,9
6364ca13-37b9-4b44-a181-09cb27b93829,49fa6261-6c8b-43bc-8b46-026d9e34dab3,2026-03,1,21,11,8
5c6052a9-2409-423d-a0d6-5650a67bf2ce,49fa6261-6c8b-43bc-8b46-026d9e34dab3,2026-02,0,22,14,8
413726fd-73cf-4e3f-9bd2-5b628ab692db,bc94a55c-d734-4028-9576-51c5729dc967,2026-07,2,20,9,6
f37958c8-6ea5-42a0-97ca-5b082acf67ae,bc94a55c-d734-4028-9576-51c5729dc967,2026-06,1,21,5,4
c2a0e19b-ca7c-430a-91e9-b908c30c3134,bc94a55c-d734-4028-9576-51c5729dc967,2026-05,1,21,10,4
1fe844a0-725f-429c-b758-3f0971713106,bc94a55c-d734-4028-9576-51c5729dc967,2026-04,3,19,9,8
95bcb169-3196-492c-bc5a-1f2cfe50d385,bc94a55c-d734-4028-9576-51c5729dc967,2026-03,1,21,10,4
d1f12e26-29a3-499d-baca-bf2ba9aa8b50,bc94a55c-d734-4028-9576-51c5729dc967,2026-02,3,19,3,2
fce41b47-31c2-41b3-a115-e9c0b518a01a,4342f3e0-326c-4582-b4f1-4bf1111e82a5,2026-07,1,21,12,7
4ab24e5e-2c6d-4faa-b66b-026621e44377,4342f3e0-326c-4582-b4f1-4bf1111e82a5,2026-06,1,21,6,1
5a66f554-5af2-47c0-8b6c-9185a0a6b2c5,4342f3e0-326c-4582-b4f1-4bf1111e82a5,2026-05,1,21,6,10
d92e205a-c4ff-4f91-a5a5-c250a997f5a0,4342f3e0-326c-4582-b4f1-4bf1111e82a5,2026-04,0,22,5,10
7097c519-6bda-43d5-a553-5a0b3e84aaf7,4342f3e0-326c-4582-b4f1-4bf1111e82a5,2026-03,1,21,5,2
b22f0e76-3f8b-495c-813e-8282be4aa4c7,4342f3e0-326c-4582-b4f1-4bf1111e82a5,2026-02,0,22,14,0
b6ca5834-3ed3-460b-b1ba-f972d4110af7,5024cb83-b861-469a-ba3e-170777c0fb68,2026-07,1,21,11,10
f917ba98-42d8-48b8-b5bc-00359e5192af,5024cb83-b861-469a-ba3e-170777c0fb68,2026-06,1,21,11,0
bcf59e93-d40f-48c4-a631-09a3a1641a3a,5024cb83-b861-469a-ba3e-170777c0fb68,2026-05,0,22,13,0
7c623e94-bf22-4d82-bf12-bb28e9ed50c5,5024cb83-b861-469a-ba3e-170777c0fb68,2026-04,0,22,9,0
c7ac027c-c7c7-4400-b9e9-4f66fe1427fb,5024cb83-b861-469a-ba3e-170777c0fb68,2026-03,1,21,5,8
67226ba8-6198-4a01-9246-0ae88f2f5df2,5024cb83-b861-469a-ba3e-170777c0fb68,2026-02,1,21,11,7
7b7d7e8b-9fde-4575-9640-4937ac1fd7b5,554ad7fa-5860-44f9-936d-88543f20d497,2026-07,0,22,11,2
381bffa0-1021-46d5-bc40-4dff7c6ced9b,554ad7fa-5860-44f9-936d-88543f20d497,2026-06,0,22,13,7
258f303a-db35-4c82-a40a-d089f59a0f1e,554ad7fa-5860-44f9-936d-88543f20d497,2026-05,1,21,9,3
06b6b7dc-cf99-4a68-b59e-369e6134155f,554ad7fa-5860-44f9-936d-88543f20d497,2026-04,1,21,11,10
b9021b61-5700-4007-b2d9-3369d2ae5cba,554ad7fa-5860-44f9-936d-88543f20d497,2026-03,0,22,9,3
fce6df8c-f7d1-45b5-906c-f1ec22d1a19e,554ad7fa-5860-44f9-936d-88543f20d497,2026-02,0,22,14,5
f78033e4-5952-452d-81f9-2ddcb32e6cfc,d5a93db9-9f0b-42bb-9882-0c841deeff6c,2026-07,0,22,7,5
d0076711-367d-483f-bc44-d947544be898,8413f6a1-c5d3-4aff-b6dd-c47dc684aa2b,2026-07,0,22,13,8
39931fd8-59e6-4fef-a581-b8e228814a4c,8413f6a1-c5d3-4aff-b6dd-c47dc684aa2b,2026-06,1,21,9,10
761b2c27-03e8-4dab-9abf-d2b1c07dc4ea,8413f6a1-c5d3-4aff-b6dd-c47dc684aa2b,2026-05,1,21,7,0
a54aa051-44d6-4814-8370-465566be1885,8413f6a1-c5d3-4aff-b6dd-c47dc684aa2b,2026-04,1,21,6,10
20b63507-74a1-4c25-8c88-3abcb786469d,8413f6a1-c5d3-4aff-b6dd-c47dc684aa2b,2026-03,1,21,15,8
e5aaef7b-4ab5-4651-aae1-b6a82a87bb0e,8413f6a1-c5d3-4aff-b6dd-c47dc684aa2b,2026-02,1,21,7,0
e643e756-0e46-4568-b10c-809352d22639,b5b414ac-2f4b-4568-97f3-ada752747836,2026-07,3,19,0,0
274f9205-3562-4fff-9687-fb1447779da8,b5b414ac-2f4b-4568-97f3-ada752747836,2026-06,2,20,4,2
55956a33-911f-42c3-9699-a6ac830f0f6b,b5b414ac-2f4b-4568-97f3-ada752747836,2026-05,6,16,3,9
218f3538-dc0e-4c86-b558-a8de51864b94,b5b414ac-2f4b-4568-97f3-ada752747836,2026-04,2,20,1,8
3bc2120b-d860-4567-9a4b-679e846988ec,b5b414ac-2f4b-4568-97f3-ada752747836,2026-03,6,16,2,10
3e59d027-b8fc-4f6d-b320-753ba1ef9f69,b5b414ac-2f4b-4568-97f3-ada752747836,2026-02,3,19,2,1
20228652-7352-4125-bd9f-ee10d81b485e,003eaf72-a659-4fc9-b389-92e8dde85a9f,2026-07,3,19,5,7
a2364312-529e-4a69-a0b8-9b45a4e59c7f,003eaf72-a659-4fc9-b389-92e8dde85a9f,2026-06,6,16,2,1
b14e3c09-cee0-46f8-8169-7723d3d1f1f0,003eaf72-a659-4fc9-b389-92e8dde85a9f,2026-05,2,20,3,4
495fb61e-7f20-4571-b4c1-866e9b1b9c2a,003eaf72-a659-4fc9-b389-92e8dde85a9f,2026-04,6,16,0,8
c66d4a4e-3c94-4619-bb71-c7e8bbd80491,003eaf72-a659-4fc9-b389-92e8dde85a9f,2026-03,2,20,4,5
c9ba5cee-bb05-4bca-bf7b-d0011dbe0c61,003eaf72-a659-4fc9-b389-92e8dde85a9f,2026-02,6,16,0,0
1c4e0419-2ece-4ffc-88b0-fdb3b4b33fa4,6d5a2659-b9d1-48a9-98bd-c6d1f05552e4,2026-07,0,22,6,7
4a629df3-3380-46cd-acac-813b84c7775e,6d5a2659-b9d1-48a9-98bd-c6d1f05552e4,2026-06,0,22,6,5
4c982a98-86fc-4d53-8db9-d2b5a86d24ba,6d5a2659-b9d1-48a9-98bd-c6d1f05552e4,2026-05,0,22,11,4
027cd2e7-45f0-4ecb-a958-9aba2b7c537f,6d5a2659-b9d1-48a9-98bd-c6d1f05552e4,2026-04,0,22,7,1
6cf7fb5a-22cf-485c-82ab-0ad3886ec4b8,6d5a2659-b9d1-48a9-98bd-c6d1f05552e4,2026-03,1,21,5,1
f9d24300-7389-4366-b483-dc6abfd93c97,6d5a2659-b9d1-48a9-98bd-c6d1f05552e4,2026-02,0,22,5,9
8f92e315-26c3-458a-8557-9f8f1d46ceec,f86c3d5c-37a9-41d1-b606-0be37a529594,2026-07,0,22,13,3
26cae1fc-d81d-4698-89a7-b6fd99423b8e,f86c3d5c-37a9-41d1-b606-0be37a529594,2026-06,0,22,7,0
1b16c807-3054-4772-89ae-10fc8f31bc75,f86c3d5c-37a9-41d1-b606-0be37a529594,2026-05,1,21,13,3
79ca1dd9-e4db-40b4-9c39-36d9cbe86d37,f86c3d5c-37a9-41d1-b606-0be37a529594,2026-04,0,22,10,0
e6714006-7a5e-4c56-a934-30385d69a5b3,f86c3d5c-37a9-41d1-b606-0be37a529594,2026-03,0,22,11,6
7cab95d1-c2c4-430e-b1ef-78a4e10a7af8,f86c3d5c-37a9-41d1-b606-0be37a529594,2026-02,1,21,6,3
510ade57-5664-4a7b-b9df-9e1f665be39a,7d552d0e-d6ab-42af-9d86-bace0c61ef75,2026-07,3,19,5,3
286414cb-b01a-4d9f-bd0a-30649ca2ed1b,7d552d0e-d6ab-42af-9d86-bace0c61ef75,2026-06,2,20,2,4
13a09c8f-309f-48cb-94c7-7c9abdeb72e7,7d552d0e-d6ab-42af-9d86-bace0c61ef75,2026-05,2,20,2,6
8ae0505b-51d8-413f-a66a-69a23f259dea,7d552d0e-d6ab-42af-9d86-bace0c61ef75,2026-04,1,21,6,1
9ce3c216-d649-424b-8ed5-d39deb0727be,7d552d0e-d6ab-42af-9d86-bace0c61ef75,2026-03,3,19,2,5
6d85ec95-9294-49bd-accf-8344f694e6d6,7d552d0e-d6ab-42af-9d86-bace0c61ef75,2026-02,3,19,3,8
c563c88e-34ac-465c-b01a-03a91187ffad,edda6399-9c98-4213-9aab-e80339958da9,2026-07,0,22,7,8
be671842-7946-4c2d-817d-b3ae958fb057,edda6399-9c98-4213-9aab-e80339958da9,2026-06,1,21,15,2
84d5a98c-2c85-4295-a6fa-37298fc6c0a2,edda6399-9c98-4213-9aab-e80339958da9,2026-05,0,22,7,2
633291d7-2a1c-4b38-a676-def92a666aa6,edda6399-9c98-4213-9aab-e80339958da9,2026-04,1,21,9,8
38fdffba-8f97-46a8-884a-a8f878f10f48,edda6399-9c98-4213-9aab-e80339958da9,2026-03,1,21,7,6
efb6bdce-f0db-40ba-aea2-1ca369bc6b78,edda6399-9c98-4213-9aab-e80339958da9,2026-02,0,22,8,1
3c47cfe6-5917-4748-a2fb-bc4766384ef6,49a8b877-3368-4732-9738-81bce46d9be8,2026-07,0,22,14,2
d4feb9b5-6fbf-4efc-a573-a8c2fbff7f75,49a8b877-3368-4732-9738-81bce46d9be8,2026-06,0,22,5,4
8f7b7ec1-abe0-4590-ad6b-16b94595e2a2,49a8b877-3368-4732-9738-81bce46d9be8,2026-05,0,22,7,0
dc4a41c1-4a65-4496-9ad3-6640e9bf83b6,49a8b877-3368-4732-9738-81bce46d9be8,2026-04,1,21,11,3
ec1ab692-8022-4ce5-af0c-1b3e2b127ce0,49a8b877-3368-4732-9738-81bce46d9be8,2026-03,0,22,11,2
8eaa8fdd-97ce-4b62-a583-bc28fe0a2e02,49a8b877-3368-4732-9738-81bce46d9be8,2026-02,1,21,10,2
ca4b4665-70ae-4f3f-8cad-6939b9fec81b,a79bee6a-8ede-4066-b664-303330f21182,2026-07,1,21,14,8
b3f285b4-47e7-4b34-9e43-95b8983cc023,a79bee6a-8ede-4066-b664-303330f21182,2026-06,1,21,12,2
42e87ff6-11e8-47c1-b85a-f756e2ae08f6,a79bee6a-8ede-4066-b664-303330f21182,2026-05,1,21,13,8
1f19bfee-11b5-42c8-b382-3345b85ded9a,a79bee6a-8ede-4066-b664-303330f21182,2026-04,0,22,8,1
bf96182f-cd93-4cc9-b469-51ce08e28f1e,a79bee6a-8ede-4066-b664-303330f21182,2026-03,0,22,7,10
188ea930-87a6-4643-8d60-4f74ce6ad082,a79bee6a-8ede-4066-b664-303330f21182,2026-02,0,22,7,3
df0b4632-e32a-48b6-be36-3e3d555010f9,7e6c9a3b-53a2-4019-8404-99984ca30189,2026-07,1,21,6,7
3c053cd9-7e6b-40a2-a07d-6bcc614a3306,7e6c9a3b-53a2-4019-8404-99984ca30189,2026-06,0,22,12,9
c3a02441-ac28-486a-98d7-e748a28f42c6,7e6c9a3b-53a2-4019-8404-99984ca30189,2026-05,1,21,8,5
c6760964-9578-43d2-90bb-915aae98cdb7,7e6c9a3b-53a2-4019-8404-99984ca30189,2026-04,0,22,5,9
22fe805b-da50-4191-bfe0-e1a4774e1a4a,7e6c9a3b-53a2-4019-8404-99984ca30189,2026-03,0,22,12,2
835291fa-82ce-486f-b346-156974646c67,7e6c9a3b-53a2-4019-8404-99984ca30189,2026-02,1,21,13,8
40312ee4-4daf-41e6-9409-04a0f06f30f6,01123f95-8d85-41a4-acfb-070a8814c836,2026-07,6,16,1,1
a9a4a8f4-5490-439e-b247-d3f6d59baa99,01123f95-8d85-41a4-acfb-070a8814c836,2026-06,2,20,3,7
5a427399-6594-4dc4-9c76-f60ca5f068eb,01123f95-8d85-41a4-acfb-070a8814c836,2026-05,5,17,3,2
aa10188d-29cd-4259-9588-1efde43c23e4,01123f95-8d85-41a4-acfb-070a8814c836,2026-04,6,16,2,3
ab3fec1a-d50d-41ac-871a-14f5732d0db9,01123f95-8d85-41a4-acfb-070a8814c836,2026-03,4,18,0,6
cdd24352-9d24-4e8d-a370-945c15232155,01123f95-8d85-41a4-acfb-070a8814c836,2026-02,6,16,1,10
c8961d5b-fe1b-43d1-9935-2e5ec4f28458,d3747db9-45c5-4472-bb41-900a15f67849,2026-07,3,19,9,7
c21a57b9-a0ff-454e-b0db-d8b1e638a3cc,d3747db9-45c5-4472-bb41-900a15f67849,2026-06,1,21,2,6
db5641bb-885c-4f1d-86a6-7195c185b202,d3747db9-45c5-4472-bb41-900a15f67849,2026-05,1,21,4,8
faf3c8d8-c761-41fb-a45e-6c4310ae6185,d3747db9-45c5-4472-bb41-900a15f67849,2026-04,1,21,7,5
8e6354ae-1aee-4889-9e5c-d3974976744b,d3747db9-45c5-4472-bb41-900a15f67849,2026-03,3,19,7,3
4282be86-539a-4b6c-91a8-bf5a2192beff,d3747db9-45c5-4472-bb41-900a15f67849,2026-02,1,21,1,9
6a5f03ef-bd0b-4fbc-ab4d-f486beea72c5,1dc9dbe9-1497-4b4b-81f3-63eeeb2c460a,2026-07,1,21,2,3
c64bc6ed-3792-4e7e-a010-21b625ba987c,1dc9dbe9-1497-4b4b-81f3-63eeeb2c460a,2026-06,2,20,8,3
5c4377d7-b2a0-47b7-856c-6236a83ee90f,1dc9dbe9-1497-4b4b-81f3-63eeeb2c460a,2026-05,2,20,9,8
86acaa09-3723-4495-b311-d1d074f86a8c,1dc9dbe9-1497-4b4b-81f3-63eeeb2c460a,2026-04,3,19,8,10
91486b82-729e-4b0e-958a-d82d0cbd04cb,1dc9dbe9-1497-4b4b-81f3-63eeeb2c460a,2026-03,2,20,4,8
c3a95252-2045-4755-bef0-78abe6affd22,1dc9dbe9-1497-4b4b-81f3-63eeeb2c460a,2026-02,2,20,7,8
95d11bb0-cf75-4087-afec-8bcfec45d4fd,6dc1e9b2-969b-4c0f-a6b9-0023ebc43acb,2026-07,1,21,14,2
4b8e6d07-569e-4adb-a996-ad483320322d,6dc1e9b2-969b-4c0f-a6b9-0023ebc43acb,2026-06,1,21,11,1
8bde84df-c63b-46ec-b603-2aa5ff496a8c,6dc1e9b2-969b-4c0f-a6b9-0023ebc43acb,2026-05,0,22,15,2
e954575d-1017-4596-a445-3f5df2f22cdd,6dc1e9b2-969b-4c0f-a6b9-0023ebc43acb,2026-04,0,22,5,4
a89ac7aa-ee11-4979-bed6-4838b9387005,6dc1e9b2-969b-4c0f-a6b9-0023ebc43acb,2026-03,0,22,10,9
0e4341a5-b65c-4be7-9dd0-eee6ed52ac52,6dc1e9b2-969b-4c0f-a6b9-0023ebc43acb,2026-02,0,22,6,1
c381a6e9-a795-4808-92bc-a0b82c0e59e2,4bb85093-fb6b-4162-a954-bc7a0250bcf2,2026-07,1,21,11,5
6cbe0a53-1603-4cc9-b605-6380e7492189,4bb85093-fb6b-4162-a954-bc7a0250bcf2,2026-06,0,22,9,1
f4157ac5-eb3c-4a8e-aecc-f95a8acb2bd3,4bb85093-fb6b-4162-a954-bc7a0250bcf2,2026-05,0,22,13,4
2b37c474-d104-4bbc-9290-07f9b8f8dd72,4bb85093-fb6b-4162-a954-bc7a0250bcf2,2026-04,1,21,5,1
69c2050c-4a91-4a44-b9b0-d2d1346a3258,4bb85093-fb6b-4162-a954-bc7a0250bcf2,2026-03,0,22,13,10
f2817a10-f5eb-405f-a569-b5f51222f3a8,4bb85093-fb6b-4162-a954-bc7a0250bcf2,2026-02,1,21,15,7
33ca25a3-af31-4485-ad69-8560f36fbc20,1f9e1390-dced-4d42-b7a3-a0a40d967b28,2026-07,3,19,7,9
0762be97-3039-415f-82ef-52798857dc3f,1f9e1390-dced-4d42-b7a3-a0a40d967b28,2026-06,1,21,4,7
493c2a22-8eba-4779-89cf-a591fa29a8e2,1f9e1390-dced-4d42-b7a3-a0a40d967b28,2026-05,3,19,5,0
116d3cc3-f651-4ffe-8075-943fe8321310,1f9e1390-dced-4d42-b7a3-a0a40d967b28,2026-04,3,19,1,4
9c63a956-0388-43ca-ad4a-37386a29d119,1f9e1390-dced-4d42-b7a3-a0a40d967b28,2026-03,1,21,7,5
3665539c-77f8-405a-bdc2-2f11871488f8,1f9e1390-dced-4d42-b7a3-a0a40d967b28,2026-02,1,21,4,0
8cefd39f-4018-4e94-a040-cab8c8c3c7f0,6735cd62-b3e5-4045-b4bb-cfa4164374b6,2026-07,0,22,14,4
150dc214-c609-45d8-9986-45d9840cd9c4,6735cd62-b3e5-4045-b4bb-cfa4164374b6,2026-06,1,21,5,10
43180051-c0d8-4839-95b8-97a42648c892,6735cd62-b3e5-4045-b4bb-cfa4164374b6,2026-05,0,22,10,3
c3813d44-1b5a-4f30-8d83-c79b0bbac0e0,6735cd62-b3e5-4045-b4bb-cfa4164374b6,2026-04,0,22,8,6
817f5db4-3cec-42e8-acd2-f95b9f392dfa,6735cd62-b3e5-4045-b4bb-cfa4164374b6,2026-03,0,22,9,5
82d2ed5e-e2c0-49ec-947b-dee588394115,6735cd62-b3e5-4045-b4bb-cfa4164374b6,2026-02,1,21,10,0
db15f0fe-d73a-497b-873e-e7b6d9a4f82d,f3c72ba4-6fcf-48b3-8212-246922d9c619,2026-07,2,20,2,10
f9a8ade7-fb47-44af-b2b0-8b3d2bd103bf,f3c72ba4-6fcf-48b3-8212-246922d9c619,2026-06,3,19,1,10
b6b787ed-6231-41db-8a69-d0ffe2adb25e,f3c72ba4-6fcf-48b3-8212-246922d9c619,2026-05,2,20,7,9
9e0e2780-0a2a-4f58-b74b-75cdfea04403,f3c72ba4-6fcf-48b3-8212-246922d9c619,2026-04,3,19,3,6
43b4627c-70c2-4348-8826-2156dca38acb,f3c72ba4-6fcf-48b3-8212-246922d9c619,2026-03,3,19,9,3
9a8fc406-d609-4e76-94b6-f063e91ba1e7,f3c72ba4-6fcf-48b3-8212-246922d9c619,2026-02,3,19,0,8
43b8bb72-91be-433a-8e68-82a62ce029b8,e2d50d9d-5ed1-446a-8ea6-1cd8e33f9193,2026-07,1,21,13,8
8b2becba-dd81-447f-ae1d-6ab122b7c9d6,e2d50d9d-5ed1-446a-8ea6-1cd8e33f9193,2026-06,0,22,13,2
6ff6744b-793a-46f3-b47a-e0088c65ced4,e2d50d9d-5ed1-446a-8ea6-1cd8e33f9193,2026-05,0,22,13,6
e0a25e21-6b07-4a2a-86d0-582d51b689f0,e2d50d9d-5ed1-446a-8ea6-1cd8e33f9193,2026-04,0,22,5,3
e7849945-b87d-4201-b567-edb86a605238,e2d50d9d-5ed1-446a-8ea6-1cd8e33f9193,2026-03,1,21,8,2
e505f9a3-41a1-4eb3-a923-d86373a11daf,e2d50d9d-5ed1-446a-8ea6-1cd8e33f9193,2026-02,0,22,5,6
c58b1bd0-8c3f-4ee6-a7cf-e5414de28a33,3aa93b12-0122-4edc-957b-eaa8806e822a,2026-07,2,20,8,1
59f3d020-2ae5-4144-aca0-1d5224acf1f6,3aa93b12-0122-4edc-957b-eaa8806e822a,2026-06,3,19,8,0
02f290e8-e84a-4a6c-95c7-ecc7a231135b,3aa93b12-0122-4edc-957b-eaa8806e822a,2026-05,3,19,0,4
45d67c5e-c7a1-498f-a9cb-89f1c74d433b,3aa93b12-0122-4edc-957b-eaa8806e822a,2026-04,1,21,6,6
1461481d-0a1d-4776-ac62-84f42153f6cf,3aa93b12-0122-4edc-957b-eaa8806e822a,2026-03,2,20,10,8
2a64dd13-40e7-4a2d-a8d5-1d9523743ff7,3aa93b12-0122-4edc-957b-eaa8806e822a,2026-02,2,20,5,9
7eb45168-8fdd-471e-886c-2471dc023e3c,a066cab2-ebf5-4658-93a3-703cf020b9aa,2026-07,0,22,6,3
4b9ed826-1671-4c3f-bf17-aa595bf09a83,a066cab2-ebf5-4658-93a3-703cf020b9aa,2026-06,1,21,7,7
bfdb5ff3-cda1-4f9e-bf47-df9e17e76667,a066cab2-ebf5-4658-93a3-703cf020b9aa,2026-05,1,21,7,9
7bd9572e-a49d-4479-9a57-c2a5da3623af,a066cab2-ebf5-4658-93a3-703cf020b9aa,2026-04,1,21,10,6
0dff89b9-2a55-4b9a-b062-ce8f5119f6cc,a066cab2-ebf5-4658-93a3-703cf020b9aa,2026-03,0,22,14,3
d512dfae-10e7-4245-8821-3715f427122b,a066cab2-ebf5-4658-93a3-703cf020b9aa,2026-02,0,22,15,9
99af472c-ab87-496f-b02c-db2ba840cb6b,0aedbe9c-bc9e-4999-9941-f73029adf29f,2026-07,1,21,9,1
a2c6202c-56c7-4034-aa9c-96f2fd7fcd50,0aedbe9c-bc9e-4999-9941-f73029adf29f,2026-06,0,22,9,0
3b22eea6-857e-4cb2-9643-a5b5a3230c00,0aedbe9c-bc9e-4999-9941-f73029adf29f,2026-05,1,21,15,7
00338ae9-a218-4edc-a641-55e99d0f8b48,0aedbe9c-bc9e-4999-9941-f73029adf29f,2026-04,0,22,5,0
3e98fe0d-374b-49c6-89e2-bbb424216485,0aedbe9c-bc9e-4999-9941-f73029adf29f,2026-03,0,22,14,8
1dde9ec0-85a0-4965-87f3-be5719c8b5cb,0aedbe9c-bc9e-4999-9941-f73029adf29f,2026-02,0,22,11,10
4e986463-17a1-4401-8cf9-a9b007b824e4,e3758f62-2cfc-4243-9714-9222053ec7c2,2026-07,1,21,5,1
4c46294b-9048-4a54-b0c5-5f58c558c780,e3758f62-2cfc-4243-9714-9222053ec7c2,2026-06,1,21,15,1
728459bc-c3ab-4b37-bce1-50c563052764,e3758f62-2cfc-4243-9714-9222053ec7c2,2026-05,0,22,7,1
08b9e6ce-4cf2-4d78-a81f-64049c9f25c9,e3758f62-2cfc-4243-9714-9222053ec7c2,2026-04,0,22,12,10
391f1cbe-19a7-4f0d-ba46-0cfde2049dac,e3758f62-2cfc-4243-9714-9222053ec7c2,2026-03,0,22,7,1
4c0b42a1-17fa-47e7-8497-9543579b7c31,e3758f62-2cfc-4243-9714-9222053ec7c2,2026-02,0,22,8,0
c45ae8af-574e-4d88-9c18-6806c5ce2d8b,eaa2e107-2656-4e8d-974c-b1f90ba4717e,2026-07,2,20,4,8
ffa40cae-60cd-4eb2-bb2f-6fb5bbd488a4,eaa2e107-2656-4e8d-974c-b1f90ba4717e,2026-06,4,18,1,0
3e816980-e5a2-4829-aa45-3ff875ea401a,eaa2e107-2656-4e8d-974c-b1f90ba4717e,2026-05,3,19,5,5
ddb1e3bb-2ccc-40d7-b6de-95fe524cbb9e,eaa2e107-2656-4e8d-974c-b1f90ba4717e,2026-04,2,20,3,8
37de7e11-4542-4868-88c8-331529876656,eaa2e107-2656-4e8d-974c-b1f90ba4717e,2026-03,4,18,1,8
c2aab4c9-17ae-431d-a2a6-28943dd461c7,eaa2e107-2656-4e8d-974c-b1f90ba4717e,2026-02,3,19,3,5
e1455126-e0d9-427d-9173-cd7ec9cfcd95,e782b7f2-341a-400a-afef-5b7f5bc5a94f,2026-07,0,22,7,1
0d52a415-0ec8-415c-a633-25034278bca1,e782b7f2-341a-400a-afef-5b7f5bc5a94f,2026-06,1,21,10,1
14f5064a-2840-44e7-b3be-bc3c6236a08a,e782b7f2-341a-400a-afef-5b7f5bc5a94f,2026-05,1,21,11,4
44fad84a-5922-473f-9ca5-f373e3a545cf,e782b7f2-341a-400a-afef-5b7f5bc5a94f,2026-04,1,21,6,8
890fdea9-0b0a-4632-b4cd-44619f6934b6,e782b7f2-341a-400a-afef-5b7f5bc5a94f,2026-03,0,22,8,7
846dfe5f-332c-4f32-83a7-5610ea7f7b3d,e782b7f2-341a-400a-afef-5b7f5bc5a94f,2026-02,1,21,15,1
2db580dd-9005-409a-9526-5c0d2f3067e9,c32f6632-5f47-4b30-8ab2-9cbd2a4e8798,2026-07,0,22,14,7
93a48b1d-4208-4cc0-bcfa-49357fe78c5d,c32f6632-5f47-4b30-8ab2-9cbd2a4e8798,2026-06,1,21,12,4
6705175f-a62a-4b4b-8b0c-8989e8884845,f7dacb0c-5cf8-443c-92e4-9db3743b1aab,2026-07,0,22,12,4
478a45ec-cce1-49db-b986-c6da34138cbe,f7dacb0c-5cf8-443c-92e4-9db3743b1aab,2026-06,1,21,13,3
87f60710-bca8-479c-94c8-2abb9f9beb7b,f7dacb0c-5cf8-443c-92e4-9db3743b1aab,2026-05,1,21,15,10
a6df5407-b88f-4bee-bbba-c61350cd3ff7,f7dacb0c-5cf8-443c-92e4-9db3743b1aab,2026-04,1,21,6,4
811d1a63-deda-4929-a65c-b09a5280c715,f7dacb0c-5cf8-443c-92e4-9db3743b1aab,2026-03,0,22,13,7
17d4b2e1-9164-4e04-ba0c-726c5eba1252,f7dacb0c-5cf8-443c-92e4-9db3743b1aab,2026-02,1,21,14,4
