SurveyID,EmployeeID,SurveyDate,EngagementScore,JobSatisfaction,WorkLifeBalance
bf5f5006-1338-486e-a281-436b0ce09d9b,d85264b7-130e-4f14-970d-b80f9f87f4c4,2023-06-01,5,3,5
4a121e3e-8ae8-45ab-9655-0fecbbf14770,d85264b7-130e-4f14-970d-b80f9f87f4c4,2023-12-01,4,5,2
b610131e-4777-4265-a551-4166f7a6d4c6,d85264b7-130e-4f14-970d-b80f9f87f4c4,2024-06-01,5,3,5
6a12e11e-18a0-4244-9f23-21e7f56d490c,39bb11e3-8432-4211-9125-6accd0d799c0,2023-06-01,3,4,2
79da2f97-1666-4365-9e32-7928a6825d2a,39bb11e3-8432-4211-9125-6accd0d799c0,2023-12-01,4,4,5
856e779b-e584-4b5c-8787-0785fce440c7,39bb11e3-8432-4211-9125-6accd0d799c0,2024-06-01,5,3,3
01505ca5-470d-4d18-913f-d66d49a8992e,41fe4ef1-e753-4584-83eb-8d980c5e1e82,2023-06-01,3,5,3
76440afa-da1f-47c2-9812-44af4c93ece2,41fe4ef1-e753-4584-83eb-8d980c5e1e82,2023-12-01,3,4,5
644f34fb-5371-4d79-bc3a-02fc581dfa89,a344149f-bc18-412b-940e-29c201e37a54,2023-06-01,3,4,4
6334ea7f-c26c-4776-8f1c-45c85e16bb55,a344149f-bc18-412b-940e-29c201e37a54,2023-12-01,2,4,3
592eeadd-070b-461e-996c-7e8550552502,a344149f-bc18-412b-940e-29c201e37a54,2024-06-01,4,4,2
6817f6e7-364a-40c6-b22d-5e096d8b8f02,7005687a-9bf2-49a1-ada1-97c42963f3ed,2023-06-01,4,2,4
7676ccb2-a45b-42a5-9177-9bade41cd349,7005687a-9bf2-49a1-ada1-97c42963f3ed,2023-12-01,3,4,2
f1fc3873-337a-4fcf-a932-2d0b6d2d1994,7005687a-9bf2-49a1-ada1-97c42963f3ed,2024-06-01,3,2,4
c80f027c-4593-4b73-aa62-4e4d52190727,7e265d70-9188-4135-8f84-55b39076442e,2024-06-01,4,5,4
b6fdbb44-2883-4f92-ad8d-7279ecdf08fd,93893360-8fd5-40d9-a827-3d8dc0d2f698,2023-06-01,3,4,4
a10e6a57-801d-4796-b0dc-4423b3780248,93893360-8fd5-40d9-a827-3d8dc0d2f698,2023-12-01,3,4,4
395cbae6-3b60-424a-a6f0-9383ff141945,93893360-8fd5-40d9-a827-3d8dc0d2f698,2024-06-01,3,4,5
48e4d320-a3d8-433e-aac8-e48ab531fc46,ddf2f671-973b-4de9-afc4-04e64c763b88,2023-06-01,3,3,1
fe86dda4-9a41-4f23-9571-1c3e64ab3bb6,ddf2f671-973b-4de9-afc4-04e64c763b88,2024-06-01,4,2,3
384cadaf-809e-4b19-8177-2fca44fda738,555ee223-e3a0-411a-bd41-37eb57af5802,2023-06-01,5,3,4
7221ef9e-33e7-4c4f-8f4e-040a7d3c75ab,555ee223-e3a0-411a-bd41-37eb57af5802,2023-12-01,4,3,4
cc0b898d-27c3-46ce-b7f1-a4e20c679915,555ee223-e3a0-411a-bd41-37eb57af5802,2024-06-01,5,5,3
13634cad-2a18-4e31-9269-81ec7351321c,5ca802ef-bd45-459e-8fb9-c2b0ce1e03cc,2023-06-01,4,4,2
569972e2-5da7-4e93-b992-0a2f7a2ec04b,5ca802ef-bd45-459e-8fb9-c2b0ce1e03cc,2023-12-01,4,4,2
633f5a6b-5def-4167-a229-66f130feebaa,95fee654-165a-4426-8f15-5aa7615c5e52,2023-06-01,4,5,2
b6132bd3-56f9-462e-ab6b-ea096eaff6cd,95fee654-165a-4426-8f15-5aa7615c5e52,2024-06-01,4,4,3
d3ec0d83-9c8a-4354-b704-20e7318988d1,f9bec295-192b-427e-b468-b90a36d3ed6e,2023-06-01,5,5,3
05d72b39-2c4c-4a92-b232-123ee415d3f8,f9bec295-192b-427e-b468-b90a36d3ed6e,2023-12-01,4,3,4
c896b0b2-a9d2-4ceb-ae39-41a62f00b273,f9bec295-192b-427e-b468-b90a36d3ed6e,2024-06-01,4,5,2
8c6a573f-9702-4dc2-abce-525cb805457a,c3301c22-2b4b-4c7f-827f-90a886d47311,2023-06-01,5,3,2
f3e44f89-32d6-4693-a3d3-968a064493ef,c3301c22-2b4b-4c7f-827f-90a886d47311,2023-12-01,3,3,5
8b5daf82-711f-4c32-bf58-43bb66e39109,c3301c22-2b4b-4c7f-827f-90a886d47311,2024-06-01,4,3,4
07ffb1fd-8a2d-4f77-89b2-e9c9dc5941f8,75540a9f-e62c-4345-88b2-726080c8100d,2023-06-01,3,4,2
1205adae-7863-42b0-9e64-f5a3b2ade1a6,75540a9f-e62c-4345-88b2-726080c8100d,2023-12-01,3,3,2
b6e82b29-891d-4cf0-9181-ad0f14291ab9,75540a9f-e62c-4345-88b2-726080c8100d,2024-06-01,3,3,4
cf71a1d3-3459-4c76-a4c5-8a0b09b0247a,a21c8a2b-18ab-4040-b6ca-9d87668287e2,2023-06-01,3,3,2
fc6208dc-8872-4658-abfc-c17474d44257,a21c8a2b-18ab-4040-b6ca-9d87668287e2,2023-12-01,3,5,5
847d43fd-eae4-4c90-ad53-a49f40c1c731,a21c8a2b-18ab-4040-b6ca-9d87668287e2,2024-06-01,5,4,4
0c1519c8-7eac-4581-8163-d3eca2f981fa,0dc34f7f-1c7f-4008-9b7a-8c416421e4fa,2023-12-01,3,3,2
254939fd-a4b6-48f5-b819-94d45a2cfd9f,0dc34f7f-1c7f-4008-9b7a-8c416421e4fa,2024-06-01,5,3,5
c599b933-e335-49e1-90da-8fa5dbdde566,254e5290-7c0b-4c32-a48f-ce956be85d4a,2023-06-01,3,3,5
e16fb324-d59e-46da-8e50-bcd1d01bde8f,254e5290-7c0b-4c32-a48f-ce956be85d4a,2023-12-01,5,3,4
73ffce02-fbbb-4095-a620-51aadb45d6a5,254e5290-7c0b-4c32-a48f-ce956be85d4a,2024-06-01,3,4,2
20b8befc-222d-46f0-825f-67a2f2103ae8,8763f813-0fd1-448e-ae96-bd0f6be5d249,2023-12-01,2,2,2
072acbff-55ad-4223-9110-77485cc23596,8763f813-0fd1-448e-ae96-bd0f6be5d249,2024-06-01,2,3,4
6a5e938f-bd13-4256-acad-644dbbe2f9c9,526dd8a4-62c4-44d0-8e3b-c6005383a6e8,2023-06-01,5,4,3
894e4e19-3853-4ae7-8bea-834df4687943,526dd8a4-62c4-44d0-8e3b-c6005383a6e8,2023-12-01,3,3,5
e4fd0909-0f97-4da0-9614-4a54624e901a,526dd8a4-62c4-44d0-8e3b-c6005383a6e8,2024-06-01,5,4,2
e62b8a5c-c71b-41f4-9f5f-5a2195f51ced,0a372f95-d7ee-49d9-a2df-e7ddf82290de,2023-06-01,4,3,4
94d79edf-5d55-4ed6-afec-4e618db66d38,0a372f95-d7ee-49d9-a2df-e7ddf82290de,2023-12-01,3,3,3
9e5afa57-4e05-41d2-8a4b-773dbf26d8b5,0a372f95-d7ee-49d9-a2df-e7ddf82290de,2024-06-01,2,4,3
eb767c29-e890-46da-a6e4-0e0f76cbac60,3cd82c5e-529d-4500-8d52-deee030c1ea3,2023-06-01,4,3,3
2b482eff-172d-4609-8c36-68cfbec003ee,3cd82c5e-529d-4500-8d52-deee030c1ea3,2023-12-01,4,4,3
7976334e-f327-429f-abca-7202b3209cdc,3cd82c5e-529d-4500-8d52-deee030c1ea3,2024-06-01,5,4,3
175bb7bf-0a73-43f7-9311-e2a612897abd,40d6cd96-c5d0-4455-b009-0b0046dcb51b,2023-06-01,3,2,1
81a57743-05d7-4d9e-a097-c6bb386c690f,40d6cd96-c5d0-4455-b009-0b0046dcb51b,2023-12-01,2,4,4
e50f54cc-97ba-4621-bb02-c6d4f2bfc3aa,40d6cd96-c5d0-4455-b009-0b0046dcb51b,2024-06-01,3,4,4
080af698-859e-458a-9815-c240b787b2f7,ce210808-0643-4154-b355-0f4fdb9309a7,2023-06-01,4,5,5
bade5418-ba38-418c-a838-120c60d3bbe4,630716e5-012e-462e-997f-4bddc29d22c6,2023-06-01,5,4,3
70d259a0-208f-47f9-bd08-fa8efe06d2b2,630716e5-012e-462e-997f-4bddc29d22c6,2023-12-01,4,3,2
311c62ff-3cc2-4693-ae77-37542d38f45d,630716e5-012e-462e-997f-4bddc29d22c6,2024-06-01,3,4,4
ba0bfbb6-2c49-4c50-89d4-51578fc1a913,543b70df-c750-4d2d-8b42-9ad31bebe5d1,2023-12-01,2,2,1
0f2145b4-a95f-4b6e-aa23-678e2b4effcd,543b70df-c750-4d2d-8b42-9ad31bebe5d1,2024-06-01,3,4,1
214ca1af-b4db-4074-abd3-158ccef260b9,8a6cb659-c889-4932-ba72-818cd81574f2,2023-06-01,3,3,2
67ad0a90-385c-4dcb-89a9-d827a3803870,8a6cb659-c889-4932-ba72-818cd81574f2,2024-06-01,4,5,4
4a71377e-bd95-4f43-a3c6-2ab0df67b8ca,9c6389a2-f1aa-472a-a405-217b6094b685,2023-06-01,3,3,3
8377c191-9dda-4859-84d7-14642d1c8f8f,9c6389a2-f1aa-472a-a405-217b6094b685,2023-12-01,4,5,2
ff0557a2-a27a-428c-bae7-e8cd26de81af,9c6389a2-f1aa-472a-a405-217b6094b685,2024-06-01,4,5,5
dd883bff-c5e4-48a5-8441-ad8c8a154951,7359f127-082a-47a1-afd6-d98dac6f8531,2024-06-01,2,3,4
7c956a93-7f16-41ed-859b-d1f43649281c,74376a27-d9d0-49bf-9c83-bc4ab403c567,2023-06-01,3,2,1
a948074e-3185-4917-8a3b-7c8d32da069c,74376a27-d9d0-49bf-9c83-bc4ab403c567,2023-12-01,1,2,2
157973e9-040a-4e95-a712-1b034254b47b,74376a27-d9d0-49bf-9c83-bc4ab403c567,2024-06-01,2,2,3
d58a6c1c-6033-4e00-8825-ccdd83d53048,fc790a5e-5361-4772-af8b-ee1d742b0fe6,2023-06-01,5,3,5
4f25e525-e38b-4e6c-80aa-f92b089d1649,fc790a5e-5361-4772-af8b-ee1d742b0fe6,2023-12-01,3,5,4
f4d21296-00e1-4c16-b353-796548bb638d,fc790a5e-5361-4772-af8b-ee1d742b0fe6,2024-06-01,3,5,5
c84e1cc1-35b0-4ef1-acb9-238eb0715754,00c00a8f-b622-4a76-9e00-ce938c614b1d,2023-06-01,3,4,3
6e5be497-4a48-4580-b45b-4b1dd7afaaea,00c00a8f-b622-4a76-9e00-ce938c614b1d,2023-12-01,4,2,4
521296c0-217c-4315-8dc1-5cfb3a5e5105,4433f642-09a1-4035-a78c-a2ccd919d61e,2023-06-01,5,3,3
95c4f28f-a888-43ca-8194-bf391c874bf5,4433f642-09a1-4035-a78c-a2ccd919d61e,2023-12-01,4,4,2
1f0c246a-6ccf-496a-9a75-24f1772ae1b7,4433f642-09a1-4035-a78c-a2ccd919d61e,2024-06-01,3,4,4
ba9867a1-2c21-40a3-b43b-c2cecbeeb2e8,b047d3dc-6bf9-498c-b69c-1cf1896bd490,2023-06-01,3,3,3
aa59daa2-2046-43f5-8da1-a22acdc632de,b047d3dc-6bf9-498c-b69c-1cf1896bd490,2023-12-01,2,2,2
84ffc7e7-9527-4952-8402-3f6fab073e53,b047d3dc-6bf9-498c-b69c-1cf1896bd490,2024-06-01,3,3,1
43eb4bbc-d539-4dcf-a45e-332e292c0d73,dc9895f6-cdf4-4d24-b2ae-243f43b91385,2023-06-01,2,2,1
5c476366-5066-46e0-9a0e-91f316873cf1,dc9895f6-cdf4-4d24-b2ae-243f43b91385,2023-12-01,3,3,3
ab026cf2-f069-4e0d-b8c4-c4efa1cd9631,dc9895f6-cdf4-4d24-b2ae-243f43b91385,2024-06-01,2,2,2
c50a4a26-9239-455a-8973-5b84b9d7a57d,ed93b858-9ed1-469e-bd16-df78e690e7f2,2023-06-01,1,3,2
dfe45a40-facb-46c8-99e6-d08ee324990c,ed93b858-9ed1-469e-bd16-df78e690e7f2,2023-12-01,3,3,2
ff9f2732-fcd8-4d01-8df4-1e665b78a96c,ed93b858-9ed1-469e-bd16-df78e690e7f2,2024-06-01,1,1,1
d9373cbd-e206-4d9d-bc36-ac9a4ae86e6d,81cceb49-66a1-46ba-8b01-e8605c24a206,2023-06-01,4,4,3
01f2592b-f718-4a42-9e95-e5ee8de1fdcf,2e30c9a4-5232-45c6-bd48-e95d079c2f48,2023-06-01,4,4,4
bcca827c-7415-4557-a7bd-c165cf0e231f,2e30c9a4-5232-45c6-bd48-e95d079c2f48,2023-12-01,4,3,2
5dfbad44-bd0e-4f5a-996b-32250fac14ab,2e30c9a4-5232-45c6-bd48-e95d079c2f48,2024-06-01,3,4,4
8d30c4cd-a4be-4abc-93d5-47df219877b5,6f2df1ae-9656-40c3-a15c-8dfce6aad49d,2023-06-01,2,3,2
bb3e4461-35f6-4fea-96fe-716ae8de6adc,6f2df1ae-9656-40c3-a15c-8dfce6aad49d,2023-12-01,3,2,4
bd50e8e9-3519-44ff-a942-5f287120a127,c84bb11c-b275-448f-9887-a3f3b3f991a8,2023-06-01,2,2,3
55532418-a7ca-41b7-8ced-6c54e5c0c03f,c84bb11c-b275-448f-9887-a3f3b3f991a8,2023-12-01,3,4,4
58157342-5680-40a1-8603-db0591f87ddd,c84bb11c-b275-448f-9887-a3f3b3f991a8,2024-06-01,3,2,1
8e2fdc43-0ed9-41d9-a062-3e7c85a10dbf,2c96d918-aa1b-41cb-b9aa-f807ad8d789e,2023-12-01,2,2,1
5c986ebf-0aba-4a65-9cd4-b2ef615dfc4e,2c96d918-aa1b-41cb-b9aa-f807ad8d789e,2024-06-01,2,2,1
d83604de-b211-4fd4-b4b0-6d1a0cb4212c,456c7c4e-8d4d-4bfc-bc77-8e985bd62a93,2023-06-01,2,4,1
dc21fbfb-a79d-430c-8a8c-34a915a13417,456c7c4e-8d4d-4bfc-bc77-8e985bd62a93,2023-12-01,3,4,2
fccd15d3-9a0d-4471-9a87-7d528fc41cf7,456c7c4e-8d4d-4bfc-bc77-8e985bd62a93,2024-06-01,2,4,2
4f589685-c27e-4270-82ff-466fa495d891,5aa6d796-b898-4b8b-8db4-92f492653467,2023-06-01,2,4,4
5bda0967-41a0-4e40-bc74-30745bde5ca1,5aa6d796-b898-4b8b-8db4-92f492653467,2023-12-01,3,2,2
a03aef33-9368-4944-b482-0219f0e19520,5aa6d796-b898-4b8b-8db4-92f492653467,2024-06-01,2,4,4
a00d799e-bf8d-4f48-aa5b-519eda47bbb4,1731a96b-9624-4e2e-8cc8-8305124009a7,2023-06-01,4,4,4
1c6fc416-9821-46a8-bc8a-89d9c6df59d2,1731a96b-9624-4e2e-8cc8-8305124009a7,2023-12-01,4,4,2
0cb49368-097b-4c03-8ee4-507d4123b8ba,1731a96b-9624-4e2e-8cc8-8305124009a7,2024-06-01,4,4,2
b6a3bf84-e7b6-4eac-b0d3-33ffc19bb926,da753927-de44-4e0d-9307-126a419b2d50,2023-06-01,3,4,4
f918a680-a0bb-44ce-9ae1-9aba25ec093d,da753927-de44-4e0d-9307-126a419b2d50,2023-12-01,2,2,2
b17834dc-01bc-474e-95c5-1dd3df91fbac,da753927-de44-4e0d-9307-126a419b2d50,2024-06-01,2,3,4
8ddb52ed-6f22-4981-b5d1-b7e72bd3c05f,5ddbdf87-d237-4781-919f-4f16173784ea,2023-06-01,4,4,3
6d6aa20e-ebd8-4f83-8bcc-812910cc2e47,5ddbdf87-d237-4781-919f-4f16173784ea,2023-12-01,3,3,2
10b916e0-85fe-4115-b29f-756c28dfe3ca,5ddbdf87-d237-4781-919f-4f16173784ea,2024-06-01,4,3,3
75c4ec47-8016-4973-a902-f6a873eefbcc,df8c0789-d679-4bbc-ad61-e54c0aa8945d,2023-06-01,2,3,1
bb424a20-e8a3-4d19-be7d-580f16ade472,df8c0789-d679-4bbc-ad61-e54c0aa8945d,2023-12-01,3,4,2
2fabd503-ca82-45c9-800c-f7bfad007694,df8c0789-d679-4bbc-ad61-e54c0aa8945d,2024-06-01,4,4,2
c5625f97-0c50-4b68-8bc6-d628c0fa6ccf,ac0ead81-053b-44b1-9fa9-2f1726c8d34b,2023-06-01,5,4,3
2c4ae4f5-8dff-4c0a-86d6-8ed91c027172,ac0ead81-053b-44b1-9fa9-2f1726c8d34b,2023-12-01,4,5,4
e00bcfab-7153-476c-adb9-cadfc0d46d77,ac0ead81-053b-44b1-9fa9-2f1726c8d34b,2024-06-01,5,4,3
f36f7289-cc70-43cb-a6f8-dc7403d7a35c,96c48ecd-be97-49b3-932c-91f6a499e210,2023-06-01,2,4,2
ea8c2f25-b359-476f-8a87-177172f2eb33,96c48ecd-be97-49b3-932c-91f6a499e210,2023-12-01,2,4,3
2467071a-56d8-414c-9a5c-683888034421,96c48ecd-be97-49b3-932c-91f6a499e210,2024-06-01,3,4,3
d7080f5a-8571-4f8d-933f-2a7b9d37fdf2,44648b05-d262-4b91-8ffb-696fb5481313,2023-06-01,5,5,3
25482bc5-89b6-4a9c-b5b6-342c40b45354,44648b05-d262-4b91-8ffb-696fb5481313,2023-12-01,3,4,4
2ba40e74-605e-48aa-81bc-d3aa267f2d9b,44648b05-d262-4b91-8ffb-696fb5481313,2024-06-01,3,5,5
e1b85450-1424-44c2-874d-c6b20a8f9fae,e06610e2-d22f-4215-9c34-b28aa310fdff,2023-06-01,3,2,2
09dd354f-6668-43f7-a2b8-942b44305a7f,e06610e2-d22f-4215-9c34-b28aa310fdff,2023-12-01,2,3,3
95567cc2-2b5b-49e0-9749-7622794b26e6,e06610e2-d22f-4215-9c34-b28aa310fdff,2024-06-01,1,3,1
47ef30b9-43e0-42c8-b0cf-e5337b36e14e,33cc38fb-8b13-4389-82c8-e22e8e93085d,2023-06-01,1,2,2
e805eb43-0b64-42cc-a2dd-aa82422072fa,33cc38fb-8b13-4389-82c8-e22e8e93085d,2023-12-01,3,2,2
41091403-e892-40b9-b4aa-b2b487833efb,33cc38fb-8b13-4389-82c8-e22e8e93085d,2024-06-01,1,2,3
f7cd30dc-bd22-4d7b-a97b-532886fc710d,4fa58af1-b9a9-4357-b44e-39101f2b7306,2023-06-01,5,4,3
d3dcd055-d2cc-4a69-a109-93afcc7813f1,4fa58af1-b9a9-4357-b44e-39101f2b7306,2023-12-01,5,5,5
92903093-7d38-4799-b1cc-06426092c6ae,4fa58af1-b9a9-4357-b44e-39101f2b7306,2024-06-01,3,5,5
a8205f14-a9ae-46fa-a53e-fad52c7de788,85130bdf-9b69-4030-bc14-b7ccf9677cd8,2023-06-01,3,3,4
c4bf2248-8a60-4de7-8f76-59eb1170f4af,85130bdf-9b69-4030-bc14-b7ccf9677cd8,2023-12-01,4,3,3
5bf447fe-e5d2-4de2-a5fb-d7e78fa63e8f,85130bdf-9b69-4030-bc14-b7ccf9677cd8,2024-06-01,4,4,2
3d66cf23-1ba3-46f8-ae36-f6153eb779f8,b1ba7560-9137-4c27-b0a7-8b9ce2c2eaf9,2023-06-01,3,2,1
4c8fb712-d435-4f4f-8810-2b8af1a4350a,b1ba7560-9137-4c27-b0a7-8b9ce2c2eaf9,2023-12-01,3,4,3
20a320fe-0724-44d0-b020-799bf7ffbd4c,3818fbea-1c9f-471b-bfd1-b86a11590cfa,2023-12-01,4,3,2
0cb292e6-76ea-482a-be81-6d3d4129f329,3818fbea-1c9f-471b-bfd1-b86a11590cfa,2024-06-01,2,4,1
7521a81d-071e-47a2-8592-bb82c17b540e,db238baf-fa14-4c2d-95a8-395c609c2294,2023-06-01,4,4,1
6ae17db2-77f0-4fe0-83b0-2d22abee8054,db238baf-fa14-4c2d-95a8-395c609c2294,2024-06-01,3,3,2
db6755eb-3e48-4a7d-b227-10e0473d1eb8,3d584bcc-df1a-498e-b5c3-3a353cc6ad8d,2024-06-01,4,3,2
56d2e648-e279-46f1-97a7-333ff3206b85,8e425a5e-469f-4a68-b63b-007238d79179,2023-12-01,2,4,3
599d6aac-6e4b-49d9-9767-30e56edc0e26,8e425a5e-469f-4a68-b63b-007238d79179,2024-06-01,2,3,4
1e6b51be-367b-4e9c-a634-9dc1732a0807,fe370fa3-8228-487f-a9a4-11df92fc4e20,2023-06-01,5,4,2
88691416-cb77-4c30-8cb9-6d038e4a954c,d2c880e6-fcf1-471f-ad62-75af8df0e4eb,2023-06-01,3,3,4
5ea9a191-b7f4-42bd-84e0-ddd80f288ce3,d2c880e6-fcf1-471f-ad62-75af8df0e4eb,2023-12-01,3,3,3
3c7eb840-ec06-480d-8926-ce7dd62e4917,d2c880e6-fcf1-471f-ad62-75af8df0e4eb,2024-06-01,2,2,1
ec5d8604-7a30-49d0-bf37-2c93f1cf0dbb,b7befe44-6ce5-41ec-83b8-20a70ace89b9,2023-06-01,3,3,4
43c76cd9-667d-44f4-b93d-c6135080e790,b7befe44-6ce5-41ec-83b8-20a70ace89b9,2023-12-01,2,3,2
919f4b27-1e90-45f5-81dd-4deb3e6f0306,b7befe44-6ce5-41ec-83b8-20a70ace89b9,2024-06-01,3,4,3
9136e56b-109b-4d5c-bef5-005a96ff5b47,d4c22a55-0471-4827-8f15-a62d3856bf3b,2023-06-01,2,2,3
dbcb7abf-7369-4a46-ad18-33cf3c541c03,d4c22a55-0471-4827-8f15-a62d3856bf3b,2023-12-01,1,3,1
42dc4f2d-54a0-4085-aed6-7fcdb52f0d01,d4c22a55-0471-4827-8f15-a62d3856bf3b,2024-06-01,1,2,1
439ded23-cc94-4d3f-bd15-dbf56b853feb,ce18dadc-2b90-4385-9158-f8ab2956b564,2023-06-01,4,2,2
44e617f6-181c-403f-b2b3-c16d8f27ec97,ce18dadc-2b90-4385-9158-f8ab2956b564,2023-12-01,4,2,3
f0e6f4aa-3989-4732-b5df-026678d91bac,ce18dadc-2b90-4385-9158-f8ab2956b564,2024-06-01,2,3,3
06ea8a2f-4a72-4366-b22c-a12e1753d8be,e800fa7a-0025-4772-8c5c-60e979f7b02c,2023-06-01,4,3,3
c42da23d-3196-4724-8e29-1df91633ae94,e800fa7a-0025-4772-8c5c-60e979f7b02c,2023-12-01,3,4,3
096a100e-19d8-4ab3-8625-99e12a34295e,81f91d32-85b5-4e9a-bbe0-4edc79c032bc,2023-06-01,2,4,3
5f3f4392-33b3-4667-815a-fefbad625f6a,81f91d32-85b5-4e9a-bbe0-4edc79c032bc,2023-12-01,2,4,4
cafa05bc-20e1-46c7-b3ca-60eb6a10caaf,81f91d32-85b5-4e9a-bbe0-4edc79c032bc,2024-06-01,3,2,3
e84fe68a-9e8f-4c21-bd3a-f6f0d5a81687,ce8e066d-bf71-4044-8854-fc0328983d5d,2023-06-01,4,2,1
50cab3ff-8c29-4187-8e51-7e5b34bb61d8,ce8e066d-bf71-4044-8854-fc0328983d5d,2023-12-01,2,3,1
1a390259-5ea9-4550-aa5d-e7a68cfb0821,54c2c80f-93cd-4331-ae33-a7b3e0647f9c,2023-06-01,1,2,1
c5b8e1a9-097c-42a4-a7bd-dda8526f38df,54c2c80f-93cd-4331-ae33-a7b3e0647f9c,2023-12-01,3,3,2
2183b017-93fd-4c69-8e20-583cf9a06065,54c2c80f-93cd-4331-ae33-a7b3e0647f9c,2024-06-01,1,1,2
d595ecfa-f76a-4fcd-ac5b-fbf1c843afb3,f5114312-5644-4042-a24c-2a5b968935c5,2023-06-01,4,2,2
b81e7965-0687-46b6-bf8e-a67f4aaf39a2,f5114312-5644-4042-a24c-2a5b968935c5,2023-12-01,4,3,3
c8750cd4-3857-4f46-9cbc-dceeb7a5af60,f5114312-5644-4042-a24c-2a5b968935c5,2024-06-01,4,4,4
ec1a8a20-b25a-46c3-9f43-de1374ba4030,f774f46a-e32c-4a13-8218-9ba4f2ee8e78,2023-12-01,3,3,4
a545bc24-e102-4196-aa1f-4628869c1ba0,f774f46a-e32c-4a13-8218-9ba4f2ee8e78,2024-06-01,4,2,2
3cf0b320-669d-43c5-bfff-b69222589a63,3e9a5a42-aacf-4a7c-88b6-19fe91ed982a,2023-06-01,1,3,1
d203bda1-3deb-4b5c-9fc2-5eb17ed7a5b3,3e9a5a42-aacf-4a7c-88b6-19fe91ed982a,2023-12-01,3,2,1
6075603c-2f10-4ee8-9d3f-614eee026570,77d4a991-fb0f-4b52-97ee-3e209c3e5724,2023-12-01,4,2,3
735d82d8-6684-421d-afa4-5c2b7c0d6467,77d4a991-fb0f-4b52-97ee-3e209c3e5724,2024-06-01,3,3,1
b37083dd-9e9c-427f-b86b-b95836b0f452,1daaf593-d813-4d03-9afe-a305aad6986a,2023-12-01,2,1,2
a33fca9d-a299-42e0-aed5-bd6c167c6e54,b7251c3a-5796-4eff-a231-52b84894580e,2023-06-01,4,3,3
6c68f97e-0f68-490a-867f-bae97a8ae116,b7251c3a-5796-4eff-a231-52b84894580e,2023-12-01,2,3,2
ecfff111-0dc9-4def-88cf-3e44cb18b973,b7251c3a-5796-4eff-a231-52b84894580e,2024-06-01,2,3,1
31cb193e-cf0d-4fb0-8ec7-257f049c9510,f555012d-2d12-4013-b51e-ff95bac02786,2023-06-01,5,5,4
87b15372-f15e-40cf-a7f9-2aa1e651d1e0,f555012d-2d12-4013-b51e-ff95bac02786,2023-12-01,3,3,3
996db579-55f4-482f-b183-b6bef9369439,e2adefb3-9e9b-4fdd-9fd0-84c65137702c,2023-06-01,4,4,3
84fdd16e-3446-49f6-be96-3dfa39580799,e2adefb3-9e9b-4fdd-9fd0-84c65137702c,2023-12-01,4,2,3
8158ad4d-b276-490b-ac03-1d8a5196a9e3,e2adefb3-9e9b-4fdd-9fd0-84c65137702c,2024-06-01,4,4,3
9c5f03c8-e003-46ac-bfe9-5a43f07b9a62,a63b557e-647f-43a0-8b53-468086b5f416,2023-06-01,2,2,1
0ee560c4-b158-4cfb-99ba-51595cea1ed2,a63b557e-647f-43a0-8b53-468086b5f416,2023-12-01,3,2,1
1d8d31ad-e58c-4778-a275-7960495499de,c0f5f3f0-f258-4bd1-a81e-807fd5df90a0,2023-06-01,5,5,5
39ac570b-6350-4890-b22c-02dd6698ac07,c0f5f3f0-f258-4bd1-a81e-807fd5df90a0,2023-12-01,5,5,2
05a35237-8f63-465d-9c94-aa54e26bb8ba,c0f5f3f0-f258-4bd1-a81e-807fd5df90a0,2024-06-01,3,4,4
573320fc-be40-4d42-bdf1-a550ff57bf16,c829e47f-933e-44f8-9f3d-25264029c26e,2023-06-01,3,2,1
e37b2988-0b61-4909-90fa-37b750b84fd8,c829e47f-933e-44f8-9f3d-25264029c26e,2023-12-01,3,2,1
941d5f17-69d0-4e39-853c-b930c76acf7e,c829e47f-933e-44f8-9f3d-25264029c26e,2024-06-01,3,1,1
b7d60abe-7eac-4106-8db0-a16a8e365f34,ae90fc59-0ee6-49fb-807c-0107e1cc29c5,2023-06-01,2,4,1
efae8d8c-72eb-4a11-bd7b-abc8876a9c33,ae90fc59-0ee6-49fb-807c-0107e1cc29c5,2023-12-01,3,3,2
7401201c-5026-417f-81e9-efd4069f6a8c,ae90fc59-0ee6-49fb-807c-0107e1cc29c5,2024-06-01,4,4,3
e05db5a2-c1f0-49ca-8c06-924a1bba4b5d,e11200db-2e7c-4d81-b313-f677f9bc12cb,2023-06-01,3,3,1
d10e8f39-5478-43b2-b02d-f2a95b48b2c4,e11200db-2e7c-4d81-b313-f677f9bc12cb,2023-12-01,1,3,3
ebc3cc09-0b45-4c25-a488-0b6543c4ca8a,e11200db-2e7c-4d81-b313-f677f9bc12cb,2024-06-01,1,2,1
64a5ea60-5830-4ec8-b883-107af3265bad,4e89e578-b3e7-40ec-8190-2daf789ae4ad,2023-06-01,4,3,4
c449e1ca-6dc1-4a79-9436-cb258e261a36,4e89e578-b3e7-40ec-8190-2daf789ae4ad,2023-12-01,3,2,2
fe69436e-425f-4b50-b5fd-ca1864ebd659,4e89e578-b3e7-40ec-8190-2daf789ae4ad,2024-06-01,3,3,2
584b0d26-a997-4da8-b720-7f6139e3e146,4c0e1d10-c487-4981-b91a-71f1dbd78ea4,2023-12-01,4,3,4
dc06ad89-5fa4-42ad-aea2-04e224ecd160,4c0e1d10-c487-4981-b91a-71f1dbd78ea4,2024-06-01,3,3,2
d5c5ec7f-9e2a-4356-baec-c7bc6bc5d624,2318b5e1-2d30-420b-94ab-a93ba861f50b,2023-06-01,3,1,1
86d1fef2-e078-43fb-8e3e-10c553afa215,2318b5e1-2d30-420b-94ab-a93ba861f50b,2024-06-01,3,2,1
7d2524a6-aa65-47eb-873c-13c2699509b1,d5d70af6-3d6e-4a87-9be0-852c21690127,2023-06-01,3,3,4
3710b130-b4f1-4de4-aa1d-17f9f6771638,d5d70af6-3d6e-4a87-9be0-852c21690127,2023-12-01,2,4,3
71c29b51-e12c-4900-8e56-dc7fcdf09350,d5d70af6-3d6e-4a87-9be0-852c21690127,2024-06-01,4,3,1
4b0fb2ba-edb8-449a-a7c6-cd7adb14939b,784007a1-78b2-41ca-9cb2-75f3175db8d7,2024-06-01,3,3,4
53fcee5d-eeb9-4068-8677-5dc800e3f891,97ea281b-0e5f-4277-975c-af98206928b4,2023-06-01,3,4,5
d7015dfc-4f03-4ba2-85b8-acb972616f5c,97ea281b-0e5f-4277-975c-af98206928b4,2023-12-01,3,3,2
18bb398d-cf71-45c5-bfb0-154e29ebcf60,97ea281b-0e5f-4277-975c-af98206928b4,2024-06-01,5,4,3
d587849f-bd57-47fa-9d94-e40bb8b2382b,2c9e6be5-dea5-446d-be0e-1edb469f1e48,2023-06-01,2,1,1
4f562f90-6cc6-4f76-8618-59dd266ae076,2c9e6be5-dea5-446d-be0e-1edb469f1e48,2023-12-01,1,1,3
91a952cc-a36a-4615-b9ba-46bd1bc06cd6,2c9e6be5-dea5-446d-be0e-1edb469f1e48,2024-06-01,2,3,2
d28fc95d-10a2-4673-bcb6-e6a499f61b2d,426200c9-c9bb-4773-84c9-b06ba643f51b,2023-06-01,2,3,2
7073b37b-cb6b-4f87-a753-61c85cdf38b3,426200c9-c9bb-4773-84c9-b06ba643f51b,2023-12-01,2,2,2
e7f9e1af-e360-4eee-b35c-2007b8835c51,426200c9-c9bb-4773-84c9-b06ba643f51b,2024-06-01,2,3,3
f9c488b0-89e3-49c7-81a8-60c0d867cc3c,3fcedc19-8a37-45ec-ae9b-35a2dc139816,2023-06-01,4,2,3
d9ed7f86-bf2c-4e76-8f36-d0b8cc5e745a,3fcedc19-8a37-45ec-ae9b-35a2dc139816,2023-12-01,4,3,1
aa0e446f-8e6a-4c96-8f3e-f3187dbe5b60,3fcedc19-8a37-45ec-ae9b-35a2dc139816,2024-06-01,4,3,2
9da123a9-b6dc-4704-a20a-98809ff91a36,994d2720-c8cf-4e93-85ab-0b7516943efc,2024-06-01,3,3,5
dfb77b7e-cec7-40f3-b8b1-ca3681b211e1,e0556e08-a460-4d98-a492-74a34a9b2c2d,2023-06-01,2,4,1
76515509-5bdf-49ea-a070-805467f4db44,e0556e08-a460-4d98-a492-74a34a9b2c2d,2023-12-01,4,3,4
cb90e2de-def3-4182-ad1c-f7dfefedb28e,e0556e08-a460-4d98-a492-74a34a9b2c2d,2024-06-01,3,2,2
7e8aecd1-e794-4e84-8578-cab58b8487a4,bae6e5cc-583b-4a95-9a57-a41fd83ff1b7,2023-06-01,4,3,3
ead0b540-9dc9-4651-8b7d-115f8c69b4b8,bae6e5cc-583b-4a95-9a57-a41fd83ff1b7,2023-12-01,4,4,1
50894220-a587-4c26-a097-72be3f2da613,20711a1c-8a89-47ef-8b64-34fca4b8eee1,2023-06-01,5,4,3
7e141b3e-469f-4d87-a26e-10c4c87ce9b5,20711a1c-8a89-47ef-8b64-34fca4b8eee1,2023-12-01,3,4,2
10924fa5-13b3-40f2-ac81-05d80f40dfe2,20711a1c-8a89-47ef-8b64-34fca4b8eee1,2024-06-01,3,4,3
d4f5f217-ba6e-4595-91ec-a919284c23fb,61d91000-d0e7-435a-90d2-519fd3d55efc,2023-06-01,3,3,3
6d159285-9e37-4cac-a7e9-7638c67f7f91,61d91000-d0e7-435a-90d2-519fd3d55efc,2024-06-01,2,3,2
7d8aeddc-39c3-4ac6-8731-a49cefce6bce,c4375cd4-3608-43f9-9799-97cfd7668a25,2023-06-01,4,2,1
8ed69ba4-5926-499f-86bb-d915ce026c83,c4375cd4-3608-43f9-9799-97cfd7668a25,2023-12-01,2,2,2
09581b09-f59c-487a-ba92-7617a2f19f00,c4375cd4-3608-43f9-9799-97cfd7668a25,2024-06-01,4,4,4
0ddaaa39-edc4-4a14-908f-afbb7d332411,e5f46248-1611-42e2-83e7-260863c29d11,2023-06-01,2,3,3
ab44ab0e-5fda-48d1-8b06-9a6ab8a4c4ff,e5f46248-1611-42e2-83e7-260863c29d11,2023-12-01,3,4,2
a05d0d36-3225-4624-8946-aa9c05d09728,e5f46248-1611-42e2-83e7-260863c29d11,2024-06-01,4,4,1
330d494d-cec5-4bb2-b91e-cb3b367899f4,f47e37f2-344a-4c01-8134-677e2382f837,2023-06-01,3,4,2
ae3e1a31-c32e-49a1-9df6-ab08687b7eff,f47e37f2-344a-4c01-8134-677e2382f837,2023-12-01,4,2,1
16dff7f7-f748-4c3e-b0bc-3fbd721b263b,f47e37f2-344a-4c01-8134-677e2382f837,2024-06-01,3,3,3
f04e7b87-0adc-4d13-89e3-c7b8b02da0db,47ce62c5-ea02-40df-991d-e5a7f0dd4ce6,2023-06-01,2,3,1
730cab07-89fe-4067-a0c4-ab7cf3e03ce5,47ce62c5-ea02-40df-991d-e5a7f0dd4ce6,2023-12-01,2,2,1
c2c1a26a-5cdc-4eab-8bbe-959b47eff1f7,47ce62c5-ea02-40df-991d-e5a7f0dd4ce6,2024-06-01,3,3,1
5a19b022-1861-458a-bef4-0493e0802a65,1dc35fbf-ffe5-4b2a-81ab-3d79afcd6523,2023-06-01,2,4,1
7cc3bab6-90ed-4681-8e1a-2c299444385e,1dc35fbf-ffe5-4b2a-81ab-3d79afcd6523,2023-12-01,2,3,3
c4c4ca23-762a-4e4a-9e5f-b02ae023eb4c,35c5430d-94e4-4c74-8b1e-8d244c56abd4,2023-06-01,4,2,4
49f54eb3-1db5-4b2d-a82c-18b30ca318f7,35c5430d-94e4-4c74-8b1e-8d244c56abd4,2023-12-01,2,4,4
d41792d8-f8c8-4cc8-b333-7bb7b35661ee,35c5430d-94e4-4c74-8b1e-8d244c56abd4,2024-06-01,2,3,1
0968f6b8-9955-4016-b31d-683f3c5942cd,4806dda9-b0db-4b42-97c9-77e7e81c30eb,2023-06-01,2,2,4
1809b613-01a8-4387-8728-5ee542afeee7,4806dda9-b0db-4b42-97c9-77e7e81c30eb,2023-12-01,3,2,3
adf23b51-a800-444e-a1de-4c133d8a59a2,4806dda9-b0db-4b42-97c9-77e7e81c30eb,2024-06-01,4,3,2
510769ac-934d-455c-91a5-d0c33e39ddd0,72010f81-b32b-461e-950d-b2d480ee3dee,2023-06-01,4,3,1
79f4d136-b473-4bb2-b6f5-db94ecec543f,72010f81-b32b-461e-950d-b2d480ee3dee,2023-12-01,4,2,1
dfdafa3f-9540-4b94-8d05-d44d5c2f0776,72010f81-b32b-461e-950d-b2d480ee3dee,2024-06-01,2,2,2
214869f1-bbea-48d2-898a-f68fbbb512ba,85fc90b8-28c1-45f5-8dba-1d739cdad787,2023-06-01,2,2,2
2089a0a0-f171-410f-9726-39afe93f55d5,85fc90b8-28c1-45f5-8dba-1d739cdad787,2023-12-01,3,2,2
66ecbb2e-71ec-4bd3-8101-6b5d292a093a,85fc90b8-28c1-45f5-8dba-1d739cdad787,2024-06-01,3,4,3
4e8ac87a-4781-4eaf-b7df-f61321194aef,5d5a2fa6-e6b9-4137-93f2-9f6f9cbbe7e1,2023-06-01,3,2,2
3f597351-a417-41d8-9dfd-3ab8e21026e9,5d5a2fa6-e6b9-4137-93f2-9f6f9cbbe7e1,2024-06-01,3,4,4
751a9d3a-e89a-44be-bed2-8f09f5c95a89,ae849f25-8e59-4b7b-b02a-53434841bcd4,2023-06-01,4,3,1
9a06e40a-0959-4b56-a605-80f3fdc52e0a,ae849f25-8e59-4b7b-b02a-53434841bcd4,2023-12-01,4,3,3
a2939df2-ee6d-474e-80cc-5c8a41f20469,ae849f25-8e59-4b7b-b02a-53434841bcd4,2024-06-01,3,4,4
5d9d13dd-974f-4222-ac67-cc6927349c30,4fcf49a8-35de-4205-b241-f8279c2f3faf,2023-06-01,2,2,4
9497ffee-be35-43ae-8582-d44b54d6ac19,4fcf49a8-35de-4205-b241-f8279c2f3faf,2023-12-01,3,4,2
0779cf73-1214-480d-b3a8-23a5412d5539,4fcf49a8-35de-4205-b241-f8279c2f3faf,2024-06-01,4,2,3
cb81cc09-10bf-4cb2-b9aa-2b76827869a6,444c8dc3-243a-4f89-af20-f76e15ee9b27,2023-06-01,2,4,4
27cd7081-452f-4eb8-8a88-7279c59cb5e4,444c8dc3-243a-4f89-af20-f76e15ee9b27,2023-12-01,4,2,3
d614278a-879b-4512-93c2-f48d91715023,444c8dc3-243a-4f89-af20-f76e15ee9b27,2024-06-01,2,3,3
f09f94fc-0f9e-48be-b2b1-5de5d49c35aa,d295f594-9f6b-484f-a528-9f78b0d051f4,2023-12-01,2,3,3
8dd253e8-835d-42f1-b047-ab2c18bab0ca,627e968b-dab7-4119-a257-85e504785bb3,2023-06-01,3,4,3
2f6e6b5c-225b-411e-a4f5-46e408fc1626,627e968b-dab7-4119-a257-85e504785bb3,2023-12-01,5,4,3
175ed62f-5d9a-4ff2-807f-ce1d746a45fc,627e968b-dab7-4119-a257-85e504785bb3,2024-06-01,3,3,4
e8f9da5e-9e87-4781-aa40-dd97b2f08fe9,4f69890d-c83f-476f-986f-a24897090da3,2023-06-01,3,3,1
572c8e09-8aa7-4844-8e7f-a4e97e698036,4f69890d-c83f-476f-986f-a24897090da3,2023-12-01,3,3,4
54286038-b121-4521-b4f8-e0ad9d741959,e9962ed3-0fec-4e5c-b8b4-7a7c1b8e1563,2023-06-01,2,1,1
177048af-f479-4b32-b008-489740d0eea9,e9962ed3-0fec-4e5c-b8b4-7a7c1b8e1563,2023-12-01,2,2,3
26aab916-c359-4f3a-a53f-316dc791a396,eb4caa37-01ea-4918-9f4b-169245cdd2f6,2023-06-01,2,2,1
f12a1e57-90ae-47bf-a380-47599fc059c2,eb4caa37-01ea-4918-9f4b-169245cdd2f6,2023-12-01,2,2,1
d8b560cf-9892-413f-a654-26cefb4c0c56,eb4caa37-01ea-4918-9f4b-169245cdd2f6,2024-06-01,4,2,4
63844c3e-2424-4c38-9af5-8ee7eecdc82f,16b8edea-a30a-4622-a601-e234d13689a5,2023-06-01,2,3,1
7485495d-d96e-451d-a935-afc7ea7e0854,16b8edea-a30a-4622-a601-e234d13689a5,2023-12-01,2,3,1
89971c9a-8a52-42e6-b658-ab4ff0fe02c9,16b8edea-a30a-4622-a601-e234d13689a5,2024-06-01,2,2,2
cd3870cf-80d5-4720-9a79-b14777860ac8,9ed0cb0e-f79b-4827-924c-329357c94cbe,2023-06-01,2,3,3
72587271-207b-48d4-bbb0-acad0c23ac2b,9ed0cb0e-f79b-4827-924c-329357c94cbe,2023-12-01,4,2,4
7d652737-219e-4b00-af12-d909b452b338,9ed0cb0e-f79b-4827-924c-329357c94cbe,2024-06-01,4,3,2
d8550d59-75cb-49cf-8c77-3b72826f644e,3ff9348d-502c-4be6-bbdd-beaf1cff154f,2023-12-01,3,2,4
c38ba77c-695f-4950-8896-1518ad6f7ed3,3ff9348d-502c-4be6-bbdd-beaf1cff154f,2024-06-01,4,4,3
fefc59e0-7536-4317-be69-db24b1269790,d3451ad7-45e6-47c9-a0c7-31ae286d5c0a,2023-12-01,3,4,4
132ec993-b37c-4242-bf2e-bb9ef94061ff,d3451ad7-45e6-47c9-a0c7-31ae286d5c0a,2024-06-01,3,3,2
edcc3e6d-f800-488f-b669-e2443c9e62da,6109afc3-da46-4c6c-85f2-5aa42d228d0f,2023-06-01,2,4,3
0387fc83-fb70-48ac-8cc9-e44d650e0ced,6109afc3-da46-4c6c-85f2-5aa42d228d0f,2023-12-01,2,2,1
a93e1db4-9965-4e5f-8812-c7a6f1181a93,6109afc3-da46-4c6c-85f2-5aa42d228d0f,2024-06-01,3,4,1
58fece3d-6b28-42a0-92ac-598e336e26bc,dd9af298-236b-421c-8e76-ca5bc47d15d1,2023-06-01,3,3,1
f83dc4be-e02f-4389-944f-056de759a3f8,dd9af298-236b-421c-8e76-ca5bc47d15d1,2023-12-01,3,3,1
e55a5157-11de-48ec-96af-97d063a040fc,dd9af298-236b-421c-8e76-ca5bc47d15d1,2024-06-01,1,2,3
0ace90aa-73c3-46c6-90bf-a357542ace11,d86ccdbc-aa73-4ed2-abab-f102ec26452f,2023-06-01,2,3,4
9c434c60-679b-4f4f-9ec7-882a2bc7023a,d86ccdbc-aa73-4ed2-abab-f102ec26452f,2023-12-01,2,3,4
2f2329d1-fa73-48f2-b3bd-cf52a40922bb,09fe69ac-28ad-4d15-a8b8-c4a2763384e6,2023-12-01,3,3,4
a2d5f3fb-c8a1-4d55-a806-b1f3a35b79e3,09fe69ac-28ad-4d15-a8b8-c4a2763384e6,2024-06-01,4,2,4
23aea612-d402-4283-971c-c94b53627c31,b81c2d28-3fcb-4616-a31f-55704d4be4b2,2023-06-01,2,2,4
ad8c3d36-5fe5-4454-bf68-173dc7924f09,b81c2d28-3fcb-4616-a31f-55704d4be4b2,2023-12-01,2,3,4
94e5fddf-e75b-4bc2-b0dd-8293f3774a59,b81c2d28-3fcb-4616-a31f-55704d4be4b2,2024-06-01,4,3,1
6bb80862-8034-4fd6-85f5-57c1f71346f2,cc0362ad-98f8-494f-83fe-c88849963c64,2023-06-01,1,3,1
e45a28b9-a6ef-4ece-bbcc-5b20cc8178e1,cc0362ad-98f8-494f-83fe-c88849963c64,2023-12-01,3,2,1
a3a8e4d5-48da-49cc-a615-e4003d2d30a0,cc0362ad-98f8-494f-83fe-c88849963c64,2024-06-01,1,3,1
e176731c-a809-497c-b035-601e64c3f970,eefd2914-bc1a-4583-a177-b3b68b6d8551,2023-06-01,1,3,2
ceac91fa-d04a-4ece-ac20-4f10d9120ec4,eefd2914-bc1a-4583-a177-b3b68b6d8551,2024-06-01,1,1,1
f972258d-af70-4257-a622-7ca8bb71a039,5f4665a5-457f-4b7b-b201-ac3bc27a94ae,2023-06-01,3,2,1
d05cc02a-11a0-4d89-802f-65be66643bca,5f4665a5-457f-4b7b-b201-ac3bc27a94ae,2023-12-01,2,2,3
1bb30a47-388b-4ccf-b630-129997f20be7,9f63ee9e-13ac-4740-873b-0596493e267b,2023-06-01,2,3,2
98a60c23-5938-482f-86a6-004d7c6c1e03,9f63ee9e-13ac-4740-873b-0596493e267b,2023-12-01,2,4,4
6658ca69-7174-4b17-ac5c-cfe91b37d1e9,9f63ee9e-13ac-4740-873b-0596493e267b,2024-06-01,2,3,2
a7c18ac2-6757-4bdd-90cb-646f96b020a2,b510a7ee-0c6d-4b82-a0f1-ed6217ca7e48,2023-06-01,3,2,4
b419429a-f419-4d9c-98ce-f6acf21a56a4,b510a7ee-0c6d-4b82-a0f1-ed6217ca7e48,2023-12-01,2,2,1
7fdba87b-4075-41d6-97f6-f3ca4d56293d,b510a7ee-0c6d-4b82-a0f1-ed6217ca7e48,2024-06-01,3,2,4
e2a9a711-1b67-4b37-9aca-f9081623cda8,26a2ee15-8cff-4ec3-968e-d788cf060515,2023-06-01,2,1,2
0d6ae0e5-2515-4b29-a3fb-cf2d673fef19,26a2ee15-8cff-4ec3-968e-d788cf060515,2023-12-01,3,1,1
0f3215d4-c0b4-4623-a28a-d055567a7736,26a2ee15-8cff-4ec3-968e-d788cf060515,2024-06-01,1,3,2
9f2c522c-4e7a-47bc-9d7d-cafdcfe74796,0d65cf78-b7f3-4305-b83c-6f558de40c0a,2023-06-01,4,3,3
eab326e1-7112-42e4-bbc2-1461580a49d5,0d65cf78-b7f3-4305-b83c-6f558de40c0a,2024-06-01,2,4,4
a7882161-7fa7-419c-96ec-3cfb7bbf78b5,724ce511-6d59-4b6b-a591-bc9cf8bf5834,2023-06-01,4,2,1
e92486b8-19ff-4305-9575-09389074677a,724ce511-6d59-4b6b-a591-bc9cf8bf5834,2024-06-01,2,2,1
8220ec5e-22ee-4641-b23e-bafd38fd0ff9,90b4ea17-3706-4df1-a43d-a63ce36ec447,2023-06-01,1,3,2
9b31926a-2e46-4087-8afb-3fc03da09435,90b4ea17-3706-4df1-a43d-a63ce36ec447,2023-12-01,2,1,1
59cc5569-4ad5-4483-bdaf-53e3b7246a20,90b4ea17-3706-4df1-a43d-a63ce36ec447,2024-06-01,3,1,1
2d7da78c-ee3f-446a-aeb1-f8210ace93bc,407b47a5-ae83-44b5-8d41-209bde3e62c2,2023-12-01,4,4,3
9cf98926-bf18-46eb-91a4-3e87c0c8c4b9,407b47a5-ae83-44b5-8d41-209bde3e62c2,2024-06-01,4,2,3
80f31679-57c2-42e7-ae06-e95a18bc97f6,bd928bef-5104-4ece-a692-aea36ae984e1,2023-06-01,3,5,5
77c96a83-fb77-4876-9102-ae3de0856f4d,bd928bef-5104-4ece-a692-aea36ae984e1,2023-12-01,5,3,3
435bb659-7a6f-494f-bf42-5ff3934b413b,bd928bef-5104-4ece-a692-aea36ae984e1,2024-06-01,3,5,2
3a327c7d-155c-4937-8417-9b1b8e79d4a5,2beb2383-49a5-4e4d-a6b9-063980773f9b,2023-06-01,1,3,1
4f628c4a-ca8c-4ff2-971a-97bc61eff9ef,2beb2383-49a5-4e4d-a6b9-063980773f9b,2024-06-01,2,3,1
455bbfa7-0d55-4a53-b891-6a3d037bafa9,7de7e43f-205e-499b-ab07-b25e8c685c35,2023-06-01,4,3,4
9ffa60ed-15fc-4477-900c-a3b9225cd90b,7de7e43f-205e-499b-ab07-b25e8c685c35,2023-12-01,3,2,2
739279d7-722f-46d8-9dde-e46573ca93b8,7de7e43f-205e-499b-ab07-b25e8c685c35,2024-06-01,2,2,1
a56000cf-4afb-437a-832e-8c1a6d6abd2d,e94d8713-411f-41cb-8f2f-70e902302d28,2023-06-01,2,3,2
df78f328-13a0-4f77-9ac9-66f6bc183fe5,e94d8713-411f-41cb-8f2f-70e902302d28,2024-06-01,4,4,4
df2ace27-ebb0-44b7-995c-1566f9a14316,38d797e2-190f-448e-b40f-cb478ca572e4,2023-06-01,3,3,1
e894ac9b-a690-4d5a-9532-07f8fdf58147,38d797e2-190f-448e-b40f-cb478ca572e4,2023-12-01,2,2,4
8cd4e50d-a688-4503-bc09-4540f5fe449b,38d797e2-190f-448e-b40f-cb478ca572e4,2024-06-01,2,3,2
f4e97ab8-b7b7-45b2-9f50-0b9f66f10251,60943214-35db-455d-bf10-592be9d56ed0,2023-06-01,3,2,1
1e6d2665-927d-42bb-bb5b-4608bc096fcf,60943214-35db-455d-bf10-592be9d56ed0,2023-12-01,4,3,2
4d88a87a-28a4-4f82-9606-f36e7f027c33,60943214-35db-455d-bf10-592be9d56ed0,2024-06-01,4,2,4
9c357090-5671-4c4a-90ca-41b1c9985469,75686acb-b05b-4966-aa9b-e6b17ec3fa2e,2023-06-01,3,2,4
a67ce230-9a65-42b0-bdfe-a1089c193a97,75686acb-b05b-4966-aa9b-e6b17ec3fa2e,2023-12-01,4,4,4
e70d7fb8-6217-491a-8f9f-4f63cb212a3a,75686acb-b05b-4966-aa9b-e6b17ec3fa2e,2024-06-01,4,2,1
1d8af0a7-7bd6-45ef-9178-30ed790d57cc,f5bbaa6b-d3c9-4543-a98f-56ade63f89ac,2023-06-01,4,3,1
48a58d2a-9414-4de8-ac7d-96d7faa7f0de,f5bbaa6b-d3c9-4543-a98f-56ade63f89ac,2023-12-01,4,3,4
3eb02002-ca36-43ca-80d0-358e1a5f56fe,f5bbaa6b-d3c9-4543-a98f-56ade63f89ac,2024-06-01,3,4,3
d3d6f5b0-3bc7-4a58-8f50-fdc8d736bfe7,801d6e70-2cc0-4a16-a769-12ee20f01d56,2023-06-01,3,2,1
4baa7214-4d8a-40f8-bedf-b8c5316adbd4,801d6e70-2cc0-4a16-a769-12ee20f01d56,2023-12-01,1,1,3
e73daf92-b7d4-4eda-b330-cde1040c8af0,801d6e70-2cc0-4a16-a769-12ee20f01d56,2024-06-01,2,2,1
19c93c75-9428-4fac-bd0e-c0a71743ec3f,932339de-a50a-4650-b0f7-f36968bf725b,2023-12-01,2,3,2
0e173b88-b8c6-4022-8c77-a4b754acc61b,932339de-a50a-4650-b0f7-f36968bf725b,2024-06-01,3,3,4
987c108f-b3d4-4772-b58f-a49d38a65b6d,23298e2c-27fb-411b-b871-7a7193ab2963,2023-06-01,1,1,3
b646bf9d-cbae-4331-a91c-b4567d1c6172,23298e2c-27fb-411b-b871-7a7193ab2963,2023-12-01,2,2,1
d058fc75-faa0-45fb-91d8-cbb6c840e3f9,23298e2c-27fb-411b-b871-7a7193ab2963,2024-06-01,1,1,2
e80268a5-a171-4936-af28-9df5201022e4,5d569243-9e8e-40cc-8234-652100fb21f4,2023-06-01,3,2,1
3a26ac3a-ba7b-42fe-b16f-64243c882f70,5d569243-9e8e-40cc-8234-652100fb21f4,2023-12-01,3,2,1
ef6c9027-fbc7-4ac5-a933-5dc79f61e707,5d569243-9e8e-40cc-8234-652100fb21f4,2024-06-01,1,2,1
31e07374-4aa5-46bc-8385-46ada283b4bb,a555780f-bdd1-4446-983b-16b64b01ddb1,2023-06-01,3,4,2
7252576f-1725-449b-a4c5-2598e0f7830a,a555780f-bdd1-4446-983b-16b64b01ddb1,2023-12-01,4,3,4
618983a6-237b-4db4-b7f0-caf4b62c017f,a555780f-bdd1-4446-983b-16b64b01ddb1,2024-06-01,3,4,2
bc6b28b6-214f-4728-ae98-28313c52735d,0345a706-f99a-45e0-8c76-880ef60d93a0,2023-06-01,2,3,3
1f0ca0f8-5938-41a6-93e3-09e83c8d3022,0345a706-f99a-45e0-8c76-880ef60d93a0,2023-12-01,2,1,1
ea3ae9ad-1d46-4fda-802b-35d8060095d1,0345a706-f99a-45e0-8c76-880ef60d93a0,2024-06-01,1,1,2
734e693d-e513-4390-aee5-72983456f640,325a1685-4f4b-4f35-8c39-db1c4e13ef64,2023-06-01,1,2,2
f948cec7-e8b9-447f-89f3-280ec2dcd66d,325a1685-4f4b-4f35-8c39-db1c4e13ef64,2023-12-01,1,2,2
ce4194e8-73c8-4e77-bc19-2f22817bd156,5f896efc-8285-4e50-91a2-70f3a776cb34,2023-06-01,2,4,2
df4061f9-43be-472d-a1d9-4ea83328a614,5f896efc-8285-4e50-91a2-70f3a776cb34,2023-12-01,3,3,1
b9601675-4ddd-4a33-95b2-41c9f886e1ac,5f896efc-8285-4e50-91a2-70f3a776cb34,2024-06-01,2,4,1
aeda819a-f2e8-4198-8cc0-71ed18917323,5c0dde1d-4315-4c36-9a1e-9bf888dedfe2,2023-12-01,2,1,3
4ce73de9-e47e-42c9-8c0d-763fc2f1e931,5c0dde1d-4315-4c36-9a1e-9bf888dedfe2,2024-06-01,2,1,3
97118d92-62d9-4cb9-a1d0-9ffac245b410,3f96bea4-9550-425b-9510-87ae5a7ea6de,2023-06-01,3,3,3
a763b394-6053-4fc6-adc5-cb886c3643ed,3f96bea4-9550-425b-9510-87ae5a7ea6de,2023-12-01,3,4,4
b8d7c554-bac5-46a5-8782-5bbcf1131380,3f96bea4-9550-425b-9510-87ae5a7ea6de,2024-06-01,3,3,3
46559865-89eb-4a25-a3a3-0ca9bcf5317b,891da385-8611-4e15-97e3-458e495d7276,2023-06-01,3,3,1
e4caf1ff-c343-4e35-8a10-1c6213ae656d,891da385-8611-4e15-97e3-458e495d7276,2023-12-01,4,4,1
ea10dc8e-ed63-472e-8754-f9b3f1453133,891da385-8611-4e15-97e3-458e495d7276,2024-06-01,3,4,2
4609b46b-e9b0-4c0d-9b52-20f6bce38e29,ddd3ee9a-b633-461a-86d4-9de82e3ce069,2023-06-01,3,5,5
3bd616ae-4527-420d-a4a9-3f976e8b8431,ddd3ee9a-b633-461a-86d4-9de82e3ce069,2023-12-01,4,5,4
bcd50dcd-d16f-459d-8c64-5c51bfbe3d94,ddd3ee9a-b633-461a-86d4-9de82e3ce069,2024-06-01,3,4,4
63330e5e-8256-4462-9b27-3e47972964d7,b51584ab-d762-4045-bb6b-5103a077001d,2024-06-01,3,3,1
9b1137c1-cec6-4a6d-ad7f-bb3dee072150,3b84bf0b-885b-464c-86df-9899a9ebfde9,2023-06-01,2,3,3
3f575bac-e9e8-40b4-adbd-08b22eda68c7,3b84bf0b-885b-464c-86df-9899a9ebfde9,2023-12-01,2,1,1
8c06584f-3edf-4eb7-8bc6-c1d792ac8943,3b84bf0b-885b-464c-86df-9899a9ebfde9,2024-06-01,1,3,1
f0603ca4-757d-4825-b0b0-b870e7ce3ab3,d4579b01-5df4-4a37-90a7-1be070bf7e05,2024-06-01,3,2,2
7b5b8f19-bddf-409b-a6c2-2c7ddff673ad,afca0a3e-a6d4-441c-9fd3-fc269529a200,2023-06-01,3,2,3
9e289a48-f0e9-4c75-9bbd-cd480513daee,afca0a3e-a6d4-441c-9fd3-fc269529a200,2023-12-01,4,4,4
0387388c-ee42-45c4-97b0-2a39ca18c4c3,afca0a3e-a6d4-441c-9fd3-fc269529a200,2024-06-01,3,4,3
cebac6be-1697-408e-aa79-d504a20bbd7b,a35c2939-9d48-4a98-9ff3-b7eeb0c91455,2023-12-01,3,4,4
26534de9-0715-42f3-93b0-44aace0df801,a35c2939-9d48-4a98-9ff3-b7eeb0c91455,2024-06-01,3,3,1
63af60e4-ee82-42e7-bb1f-0490b6912b8d,153e36d9-359e-4ce6-8d1e-0eb0c798fb3a,2023-06-01,3,3,1
8106230a-0244-4bb8-9f92-50ea9873e92d,153e36d9-359e-4ce6-8d1e-0eb0c798fb3a,2023-12-01,2,1,2
4303a3eb-6364-41d7-b661-a04bb7eef238,153e36d9-359e-4ce6-8d1e-0eb0c798fb3a,2024-06-01,1,2,3
57df98c0-3520-4e96-8ada-26a856afde8d,7db84503-15be-4955-a77c-0223c0473f29,2023-06-01,4,4,3
8c6d8854-1483-4db5-bcb6-12ccbc12db41,7db84503-15be-4955-a77c-0223c0473f29,2023-12-01,5,5,2
c193d770-827c-47a1-b80f-19950411227f,7db84503-15be-4955-a77c-0223c0473f29,2024-06-01,5,4,4
11de349e-8014-465d-9d57-5ed0e3aac3c3,a511d1f2-3f42-46b1-8ce8-0fc1eda03484,2023-12-01,2,3,4
a601aec5-b544-4b4c-86bd-dcd8c60737f5,a511d1f2-3f42-46b1-8ce8-0fc1eda03484,2024-06-01,2,4,2
cc720d59-c03d-4dd6-a765-cfa12aab48ed,7b27d01b-4c72-4a2d-b7e1-21e87ff47c91,2023-06-01,2,2,3
ab3bee9a-8113-4069-892a-1b9dd60c5237,7b27d01b-4c72-4a2d-b7e1-21e87ff47c91,2023-12-01,4,3,1
0da3396c-55aa-4fc3-8dc1-7305f8b8eef7,7b27d01b-4c72-4a2d-b7e1-21e87ff47c91,2024-06-01,4,3,2
ded824e3-ecc3-4f17-8b70-05c8d33664a9,53c0c8af-143a-42cf-90ea-9fd153105cce,2023-06-01,4,4,4
2b51d29a-61f1-4e6f-97af-41bbeadb2a09,53c0c8af-143a-42cf-90ea-9fd153105cce,2023-12-01,5,5,5
5cc89d3f-1380-4acc-91f6-f998398c71e0,53c0c8af-143a-42cf-90ea-9fd153105cce,2024-06-01,4,4,4
d624c983-f90b-4058-a2e3-5321cb1c4443,857c90f7-22ad-4bf5-87d3-60a8c8682ce5,2023-06-01,4,3,4
205a0b46-1ecd-45a3-bab6-5f709866a1f7,857c90f7-22ad-4bf5-87d3-60a8c8682ce5,2023-12-01,3,4,4
48ca6df9-d467-4041-9661-f9f16edfd7e4,857c90f7-22ad-4bf5-87d3-60a8c8682ce5,2024-06-01,4,4,2
8f32f945-49f9-4fe2-81ae-33a2e7724c6e,63ea8af5-49bb-4cc2-bd0b-f0db7263ce23,2023-06-01,3,4,2
fd369730-04f6-458b-a525-326f20d51c02,63ea8af5-49bb-4cc2-bd0b-f0db7263ce23,2024-06-01,3,4,3
5d5b4629-86fa-4e6e-85b7-4dae763f2f50,3e2d6ef6-a477-4105-9cbc-0447b18f56b2,2023-06-01,2,4,3
36d8066e-2224-49f6-82f9-7d6913052c9b,3e2d6ef6-a477-4105-9cbc-0447b18f56b2,2023-12-01,2,4,2
31d0c294-f4e6-4ce3-b86a-bf326c61ada8,3e2d6ef6-a477-4105-9cbc-0447b18f56b2,2024-06-01,2,4,4
adbea38c-5cb4-4c87-b69e-2294ec0ac6b3,30cbbd22-243e-4f2b-8b80-7eda9664bb1b,2023-06-01,3,2,4
3fa29d75-c7b1-47d1-bd4d-0775e6197d7f,30cbbd22-243e-4f2b-8b80-7eda9664bb1b,2023-12-01,2,3,2
a9db90ec-c5bf-4060-9bbd-ebee4bc0ac0d,30cbbd22-243e-4f2b-8b80-7eda9664bb1b,2024-06-01,2,4,4
5eaf886f-0797-4738-a348-cc2f86a3561f,35de6050-e5ca-4246-a36d-2ed83ac0b993,2023-12-01,1,2,1
03b3b8dc-d5d4-437e-bddf-a5cf46b88b2d,35de6050-e5ca-4246-a36d-2ed83ac0b993,2024-06-01,1,3,2
de6968b2-12ef-48b0-ad51-ba6165fd40a7,f031f4b5-0af6-40d4-864f-1b4510c6b826,2024-06-01,3,4,3
c17afb60-24f3-46a6-bc3c-b80596dfb1b0,dd5408b5-a2f9-493a-8594-e9dc4413cecb,2023-06-01,3,4,2
10823b19-0a46-4769-b753-9c8680615d71,dd5408b5-a2f9-493a-8594-e9dc4413cecb,2023-12-01,3,2,3
6d6da5e5-b615-41aa-adaf-b55bed33a159,dd5408b5-a2f9-493a-8594-e9dc4413cecb,2024-06-01,2,2,2
bee56c7c-5995-4347-a702-aee8a4891443,aa5ba654-63eb-4b30-9fa0-a9b506664837,2023-06-01,1,1,2
684713ad-e1f6-4887-a2ab-63f7d04576b9,aa5ba654-63eb-4b30-9fa0-a9b506664837,2023-12-01,3,3,1
e395fb4a-315c-4bc2-872f-24259fec1060,aa5ba654-63eb-4b30-9fa0-a9b506664837,2024-06-01,3,2,1
1b7f4097-2773-44c6-aca3-e1c516af7b47,a700aaa9-a00d-42ee-88e8-bae0ceaa1610,2023-06-01,3,1,3
86171aa1-1ed0-4051-bb15-689682579c98,a700aaa9-a00d-42ee-88e8-bae0ceaa1610,2023-12-01,3,2,1
e7d93a95-4520-43b4-b1cc-210fced8c07c,a700aaa9-a00d-42ee-88e8-bae0ceaa1610,2024-06-01,3,3,1
1812084d-3e01-45fd-98cc-c3bfaa3fe2c4,3c793c83-b5d2-4c1e-ba41-d4343667fa67,2023-06-01,2,4,3
3ef517a1-0e96-4a23-bc89-c7f77467bdd0,3c793c83-b5d2-4c1e-ba41-d4343667fa67,2023-12-01,2,3,3
8d867642-8ae7-4010-9254-01d3d99688a5,3c793c83-b5d2-4c1e-ba41-d4343667fa67,2024-06-01,4,4,4
993d82e7-3e21-45cd-a6a6-4909cc6ef43d,0ae1930c-73b7-4a96-9c27-86cc74e6674d,2023-12-01,5,3,4
63067ec4-9ef4-4b1c-80b9-2ff1d19fcb61,0ae1930c-73b7-4a96-9c27-86cc74e6674d,2024-06-01,4,3,2
92dc810d-ba2c-441d-9a6b-b890c05e4d85,0d39f601-db45-4d94-80fc-af9657a7577b,2024-06-01,2,2,2
5e27582b-140b-4952-8a8a-559ae2d8d4a0,c35ede2b-81c0-4f9a-b989-74819a977673,2023-06-01,4,4,5
b974bded-46bd-4413-830f-12f6227dbe18,c35ede2b-81c0-4f9a-b989-74819a977673,2023-12-01,4,5,3
a416a8c8-e3c7-4267-b3a2-acc64379b5fc,c35ede2b-81c0-4f9a-b989-74819a977673,2024-06-01,3,3,5
02416327-9f74-415f-875b-99ddfcae23f5,efc679de-95ae-4f43-8723-9cbc533618a5,2024-06-01,3,3,2
8273cd9c-f873-435c-9fe6-8f9eeae4738e,f94574b7-6a04-40b1-900b-eea46257330a,2023-06-01,3,2,2
49a960b1-b639-45d9-83e5-3a3964ff23fe,f94574b7-6a04-40b1-900b-eea46257330a,2023-12-01,1,2,1
51e07616-4591-4c7b-bdb3-9e5bc18eb10b,f94574b7-6a04-40b1-900b-eea46257330a,2024-06-01,1,3,2
ac749994-016a-486b-9247-780cd970775e,1929b0d2-8c21-4d3c-af92-653d47525339,2023-06-01,3,2,3
fe957426-701c-4877-81b7-543dcd350de9,1929b0d2-8c21-4d3c-af92-653d47525339,2023-12-01,3,1,1
285d9b86-fc51-4cb5-a864-f8a64c04dc5f,1929b0d2-8c21-4d3c-af92-653d47525339,2024-06-01,1,1,3
e1356c34-23c2-4603-ad0a-5a41ecf8c567,7233f83a-2b1f-462c-ab9e-5f4fe792a184,2023-06-01,4,3,2
3c651874-f49e-4445-ad4e-9e9ed30bb16e,7233f83a-2b1f-462c-ab9e-5f4fe792a184,2023-12-01,3,3,2
fc7fd936-f3ce-4dfc-a3a0-d7c85c2566e4,7233f83a-2b1f-462c-ab9e-5f4fe792a184,2024-06-01,2,3,2
68426f28-6ee4-4a4e-b293-c2d52e637999,9b7f8d5d-d5d6-4c93-b4f8-b70c6b20b7e9,2023-06-01,3,3,1
2f9a1993-62e3-499c-b162-2617cd0c5d28,9b7f8d5d-d5d6-4c93-b4f8-b70c6b20b7e9,2024-06-01,3,2,2
17c4b90d-9669-49cb-991c-23a623f1a3ea,13f4f9d1-fdd6-4375-8e84-0394afb4507e,2023-06-01,3,1,3
2226b78f-1483-4f1b-b614-63e293f0ec15,8bbcf34f-fa49-4736-883b-1412f1424334,2023-06-01,2,3,3
31f5818d-c0b7-49df-940c-5345c29de691,8bbcf34f-fa49-4736-883b-1412f1424334,2024-06-01,3,2,3
c1ad8b73-509e-49f6-bca3-409549f47729,54b9faeb-4ca8-4631-9d61-6e8f5e6d513d,2024-06-01,2,4,1
bdb3e96d-c641-4aa9-b75f-301e355a6668,415b86a1-447e-411f-9904-2570e6e1fdd9,2023-12-01,1,1,1
ce45e745-c3f0-4963-9aeb-27ddff621dfe,415b86a1-447e-411f-9904-2570e6e1fdd9,2024-06-01,3,2,1
bd1db206-d1d5-4a71-a88f-1369177caeaa,3547a4ae-e653-4fd6-9e4f-db2bce0fb0e3,2023-06-01,4,3,2
1165213f-70aa-4209-911f-778249bfbcf1,3547a4ae-e653-4fd6-9e4f-db2bce0fb0e3,2023-12-01,3,3,4
bdf0f821-9a91-4c99-aae9-395c996e5b03,3547a4ae-e653-4fd6-9e4f-db2bce0fb0e3,2024-06-01,4,5,5
863a9c7e-b11a-4fb3-afde-a7b935cfd7c1,728f6baa-c7d5-46b4-9758-7c1f94d5dfd7,2023-06-01,2,4,2
8a7583e3-b6b4-4cfe-a6b0-ed6bae5e7b73,728f6baa-c7d5-46b4-9758-7c1f94d5dfd7,2023-12-01,2,3,2
0ddab3fb-c0f2-4378-98cb-70ee3007a37c,728f6baa-c7d5-46b4-9758-7c1f94d5dfd7,2024-06-01,3,2,2
b5746bed-2d49-4c1c-a0f6-64c0cbc02b7d,a93c4e3c-ae9e-45cc-9e4e-cbbc80a2f4a2,2023-06-01,3,5,4
5773288e-53e4-4c8a-8945-b41fcbc8fbf1,a93c4e3c-ae9e-45cc-9e4e-cbbc80a2f4a2,2023-12-01,4,3,4
5970137b-c753-4f67-95b6-63b0b4c662f5,a93c4e3c-ae9e-45cc-9e4e-cbbc80a2f4a2,2024-06-01,4,4,5
8f9b1fa8-61f7-417e-aa82-e192c6c37209,590abfa1-ce8b-4a0f-81e2-d19ef0343901,2023-06-01,3,4,1
1be4db61-a047-428f-ab69-e8f4c15140ff,590abfa1-ce8b-4a0f-81e2-d19ef0343901,2023-12-01,3,2,3
7e4ce2fa-d79d-4d8d-ade8-9bf7c127f9ab,935090e5-07f7-4727-9660-e88b2efdc951,2023-06-01,4,3,3
e5d5a7e3-69b5-432d-938f-31b5a5d38a3f,935090e5-07f7-4727-9660-e88b2efdc951,2023-12-01,3,3,1
01fd4fbb-6b91-4fe5-83ab-da148291e96f,935090e5-07f7-4727-9660-e88b2efdc951,2024-06-01,4,4,4
7240964f-b9b0-4833-b5ae-c85527755196,85cb7e8e-3649-4503-9bbc-1155e2c07f09,2023-06-01,4,5,5
1251082f-fb37-47eb-9930-7e47faf5a581,85cb7e8e-3649-4503-9bbc-1155e2c07f09,2023-12-01,3,3,3
f16210d4-a3bf-4d97-8a39-0cb61cca4558,85cb7e8e-3649-4503-9bbc-1155e2c07f09,2024-06-01,5,4,5
d9d0c02a-bc0e-4d61-a7a8-032d848f430b,b0960f3d-32e8-4b87-a639-670b4ee15fcc,2024-06-01,3,4,3
7d914b1d-70dd-4424-a33d-b4908fe82500,a0502e0c-c265-49cc-919d-00c24eef8a44,2023-12-01,2,3,3
1ccd595c-2acc-4041-8c76-b9fad45b4721,a0502e0c-c265-49cc-919d-00c24eef8a44,2024-06-01,2,4,3
5b773504-2b5d-44c2-983b-f380cda5bc6d,2ffa7266-27d9-485f-80dc-7503e461639d,2023-06-01,1,3,2
8eaa7989-2b9c-43a7-9447-b36c64857798,2ffa7266-27d9-485f-80dc-7503e461639d,2023-12-01,2,3,1
0eb46c4e-3727-42a2-a8a8-5bd7deb4ae27,2ffa7266-27d9-485f-80dc-7503e461639d,2024-06-01,3,2,1
35c65aa8-e596-421a-aca5-aa521520f43e,ba53b816-74e1-4106-bba1-00df8675899f,2023-06-01,2,2,1
798eb01a-4693-4afe-85d8-f83491627da9,ba53b816-74e1-4106-bba1-00df8675899f,2023-12-01,2,3,1
2f691f4c-4d37-4c8d-92c6-70e1e4afb2b5,ba53b816-74e1-4106-bba1-00df8675899f,2024-06-01,3,1,1
4c53f068-b584-4e6d-88f0-6c9ddd1b6875,0d060939-a59d-408d-8ad5-0c81b551cbc7,2023-06-01,2,3,2
95e2ae99-9efd-4ab1-8ed9-8770495b1b87,0d060939-a59d-408d-8ad5-0c81b551cbc7,2023-12-01,1,1,2
1e8d118d-61e5-4eba-b4cb-6db9779f76ac,0d060939-a59d-408d-8ad5-0c81b551cbc7,2024-06-01,1,2,3
8b8f0e8c-da23-4b03-bf1f-df79828ce7c4,0f46d0e4-8aec-4624-a472-bf2b91444339,2023-06-01,4,3,1
de2b2473-9873-4baa-af8d-38b99066c5aa,0f46d0e4-8aec-4624-a472-bf2b91444339,2024-06-01,2,4,1
765ac523-b5c1-4f2a-a4a8-dc1a16ba2549,7b594bde-977e-43f2-be60-51ca2caef4b4,2023-12-01,2,2,4
0367082a-b15d-4e17-8a60-95759e2172db,7b594bde-977e-43f2-be60-51ca2caef4b4,2024-06-01,2,2,4
3ad6c197-fc62-4ee2-b0f3-56e3abe216a0,17eddfe2-c1b2-410e-8455-1d131ea3cb72,2024-06-01,2,4,1
0f5f0dfa-5a90-480b-8e90-63df4ee6c0f7,e476261d-3da3-4da2-b1f8-3700b3e13ab1,2023-06-01,2,2,4
860e0f33-6b4e-461c-bd6b-94d03df40021,e476261d-3da3-4da2-b1f8-3700b3e13ab1,2024-06-01,3,4,1
55cbaee9-093b-45dc-a38e-4592739ace22,21976e6e-b1ab-4b66-ae83-de0b09d5a842,2023-06-01,3,4,4
17dfc4cd-7d7e-4bbb-bdde-2e5eb3f9a5d7,21976e6e-b1ab-4b66-ae83-de0b09d5a842,2023-12-01,4,5,3
dcf88b7f-63db-4e22-8c2b-f9a7cf3f0d35,21976e6e-b1ab-4b66-ae83-de0b09d5a842,2024-06-01,4,3,5
7ec6e856-a68c-47dd-9733-d4ff2accd966,234969bd-aa8c-41bb-a3df-4fa2ceab1f82,2023-06-01,4,2,2
0ebb074f-ef55-4778-aa02-619351162d22,234969bd-aa8c-41bb-a3df-4fa2ceab1f82,2023-12-01,3,3,1
4d7bc445-24c9-47f3-aff0-286eeee37f9f,234969bd-aa8c-41bb-a3df-4fa2ceab1f82,2024-06-01,3,2,2
4ba7e5f5-64ec-491d-b16c-369a73e4aae6,755152f4-ca21-43bd-bf20-66c83377b407,2023-06-01,4,3,5
80aa369b-7f2a-47ad-b88c-0e448b0d6047,755152f4-ca21-43bd-bf20-66c83377b407,2023-12-01,3,3,2
d678eab4-72df-4571-9138-f632c7c4bfd4,755152f4-ca21-43bd-bf20-66c83377b407,2024-06-01,5,4,3
ff5caca7-9fe0-4df9-badd-251ca410b004,f6443027-37fb-4f01-af99-f67244851ee0,2023-06-01,3,2,1
7eca3ffe-1963-49a1-82bf-20900953f7ea,f6443027-37fb-4f01-af99-f67244851ee0,2023-12-01,3,3,1
1f262f21-6522-4fc8-97a3-c034c4d81af2,f6443027-37fb-4f01-af99-f67244851ee0,2024-06-01,2,2,2
4d2463d3-1778-4f5b-a529-b3cbf7ffe47d,1ac23ea9-6a82-470c-bcdb-d5d44701d985,2023-06-01,4,4,3
6efe373c-ae53-4288-b944-355c1ecf7d92,1ac23ea9-6a82-470c-bcdb-d5d44701d985,2024-06-01,4,4,1
18d90e9f-dc48-4ca9-970a-82646df2f92a,38d61447-76aa-4e88-a250-9bdd08cb1be6,2023-06-01,2,3,1
c7882ee5-4ef7-4c71-a1dd-e790b0b07af2,38d61447-76aa-4e88-a250-9bdd08cb1be6,2023-12-01,1,2,1
f6329ac8-394c-4211-b3d9-a2a37cf184e2,38d61447-76aa-4e88-a250-9bdd08cb1be6,2024-06-01,3,3,2
a6bdf901-7220-4fad-972e-bc87e81c29cf,7ca3060c-d284-4d76-9a58-093a9a57361d,2023-06-01,3,3,4
417b614f-34b8-4dca-9051-6ed7a7ab5592,7ca3060c-d284-4d76-9a58-093a9a57361d,2023-12-01,3,4,1
df6919b1-09e4-470c-826c-8f1c3cfe5e15,7ca3060c-d284-4d76-9a58-093a9a57361d,2024-06-01,4,4,2
de284f41-530d-4e64-a895-431001998313,d37acc0b-3015-4421-b219-7bb5910c9594,2024-06-01,2,2,2
7dd2bcb3-02b7-4c0d-b034-046ac8286ee3,ad4e4541-b812-48d6-b3c8-13cd52da3487,2023-06-01,3,2,3
1adf6bd2-5919-45ff-a4ac-b36318c35ac4,ad4e4541-b812-48d6-b3c8-13cd52da3487,2023-12-01,1,2,1
c1c04d22-9622-4919-b3c8-e77b983304cb,ad4e4541-b812-48d6-b3c8-13cd52da3487,2024-06-01,1,2,1
307add58-6cf0-481e-bacb-698f8a2744b8,d245afd2-806c-4ee9-9cc4-f77f1678924c,2023-06-01,2,4,4
10cf89b3-ab9e-47e5-a5ab-890d4afee297,d245afd2-806c-4ee9-9cc4-f77f1678924c,2024-06-01,4,2,2
bad0b98e-1227-4cdc-91f3-62e42bef45b1,3b918027-6ae6-44f5-8409-4a6b55db19f7,2023-06-01,4,2,4
0d599dba-9a5f-439c-9a58-be43bcb0f75c,3b918027-6ae6-44f5-8409-4a6b55db19f7,2023-12-01,3,3,3
66f018c4-cace-499e-9e68-7f75e6f7a344,3b918027-6ae6-44f5-8409-4a6b55db19f7,2024-06-01,2,4,4
c4164459-eb4b-4436-9431-33743f30af89,eca58caf-3448-4cf9-900e-db8379a75fd1,2023-12-01,3,3,3
c2d2a294-92fb-47cc-86f3-a88b47ad1757,eca58caf-3448-4cf9-900e-db8379a75fd1,2024-06-01,3,4,1
9f8dc93a-efc0-4a05-8611-acd88fc297d2,b8715a82-94de-4f4a-af75-d5cb80c0d14f,2023-06-01,3,4,3
bcea0648-491e-4ec8-907d-30c9ddf36bec,b8715a82-94de-4f4a-af75-d5cb80c0d14f,2023-12-01,4,3,3
6891a49b-6130-47bf-9cf6-4a65a9bacfd3,b8715a82-94de-4f4a-af75-d5cb80c0d14f,2024-06-01,4,2,4
12164a3c-891a-44e2-a3fe-86369cf46c70,77437f99-ce95-4b42-b6c8-273228f5673c,2023-12-01,4,2,2
e8dec5b6-94c3-43a3-8d32-545406bafc96,77437f99-ce95-4b42-b6c8-273228f5673c,2024-06-01,3,2,1
ba3771d9-0740-44de-a2a5-672a0aea05d8,01bebd44-1118-470e-ab89-f458de26f7e2,2023-06-01,2,2,1
ac7f72b6-d64e-41c0-9080-e56d6b60e954,01bebd44-1118-470e-ab89-f458de26f7e2,2024-06-01,2,2,3
6cb5f19c-26d5-40e2-ab0d-cf33c7e7d353,24a068e8-4de1-4f13-acaf-11d2331376a9,2023-06-01,2,3,2
d2338502-247a-406a-a926-aeb159aea940,24a068e8-4de1-4f13-acaf-11d2331376a9,2023-12-01,3,4,4
4bd9c198-239c-4dd6-84e5-ab64b267b29d,24a068e8-4de1-4f13-acaf-11d2331376a9,2024-06-01,4,4,3
1cd3c14f-1e0d-469b-bf1e-4c476d28e038,b44f6998-3679-4f1e-a566-9ea95ab83acf,2023-06-01,3,4,2
f961fd9e-192a-448b-ae7d-3d8525a21567,b44f6998-3679-4f1e-a566-9ea95ab83acf,2023-12-01,3,2,1
627b1f6d-b53a-444b-97ea-347c3453c81d,8f3b2d87-6177-4ac6-8b97-d84398b5b24c,2023-06-01,2,2,4
e5eea07f-94a4-4fbb-a6be-2d261a995e17,8f3b2d87-6177-4ac6-8b97-d84398b5b24c,2023-12-01,3,4,3
95e1a8c2-8e90-4be1-90e0-455e1078f06e,8f3b2d87-6177-4ac6-8b97-d84398b5b24c,2024-06-01,2,3,3
7035fec8-50c0-4113-a773-6fc789ce69f0,a1a709bf-9ff1-404f-9a20-27fc718ee7b4,2023-06-01,5,4,4
3a6049b4-6024-47b9-aa30-271d883ca1ee,a1a709bf-9ff1-404f-9a20-27fc718ee7b4,2023-12-01,3,3,4
d603af37-381f-496d-ae41-c9533ac47ca6,a1a709bf-9ff1-404f-9a20-27fc718ee7b4,2024-06-01,3,4,5
a3a191f8-22ed-4df2-91af-ab9b7bc6d492,eba0678a-6cd5-467a-a78a-4ab0d8e50bc3,2023-06-01,2,2,1
9393496f-8f3f-4f7b-8656-f1d4e9ebec3f,eba0678a-6cd5-467a-a78a-4ab0d8e50bc3,2023-12-01,1,3,2
00a6df90-8153-41a8-8887-836f8ef43854,952b9457-0b6c-4f6c-9287-efce386960df,2023-12-01,2,4,4
4c2effcf-2576-4ac6-ba6c-bd351a232b19,952b9457-0b6c-4f6c-9287-efce386960df,2024-06-01,3,2,2
b3f0647e-4e12-40fd-85ef-c4215c7ae248,a7054c2a-8db5-4c66-b483-4e4a4cee6379,2023-06-01,4,4,5
d333cbdc-cb09-42f0-8169-30757c8daab8,a7054c2a-8db5-4c66-b483-4e4a4cee6379,2023-12-01,3,5,5
d141280e-8d08-419b-bd5e-07331a5d8665,a7054c2a-8db5-4c66-b483-4e4a4cee6379,2024-06-01,5,3,5
0ba06a2b-f568-4c04-89ab-b90d05bb04bf,af2e1f25-de9f-4284-9242-8b49cfc30600,2023-06-01,4,2,3
5c7de100-7a6c-4b9c-bd17-45d13d81d766,af2e1f25-de9f-4284-9242-8b49cfc30600,2023-12-01,2,3,4
9171a56c-5510-485b-9bbe-6123e5d069d2,c15d9f05-62af-410b-870c-ad2c69fd69a5,2023-06-01,4,4,3
3fb65660-20fa-4aaf-b66f-e6b379a950f8,c15d9f05-62af-410b-870c-ad2c69fd69a5,2023-12-01,2,3,2
f067ee9a-90df-4ddd-aaba-d83db33c76d2,c15d9f05-62af-410b-870c-ad2c69fd69a5,2024-06-01,3,2,2
be45ad0a-3855-4057-8809-7a57a83f336d,18567d8c-45d1-4425-bba3-dedc715525de,2023-12-01,3,1,1
5e92ac67-5275-4b52-9caa-6bc025aa3d9a,18567d8c-45d1-4425-bba3-dedc715525de,2024-06-01,2,3,1
9eb8bdb8-77b0-4f04-a4db-e22634645ebb,d87e98fe-aa7b-4caf-ac65-73b1e6faa18d,2023-12-01,2,1,1
ca5803f1-da67-486f-a4f1-4c8b0675a5cc,d87e98fe-aa7b-4caf-ac65-73b1e6faa18d,2024-06-01,2,2,1
c804411b-8f04-4184-af20-b89418b63e32,54761c7e-f119-4dae-b624-b90ef587a52c,2023-06-01,2,2,3
22c33746-a923-4983-981f-dbb9f6dcdf21,54761c7e-f119-4dae-b624-b90ef587a52c,2024-06-01,3,1,3
28dcf6c0-3724-4730-aa42-dc996406536c,f03ef8f4-23b9-42a0-901e-25cc43656199,2023-12-01,4,4,4
7f590fc6-b66a-466a-8654-368035961e09,f03ef8f4-23b9-42a0-901e-25cc43656199,2024-06-01,2,4,3
11c8df6b-0855-4b9d-a364-b7163eb1a83c,c66f2ed3-51c0-48e5-8f7e-56303b1e7707,2023-06-01,3,3,3
c06d8768-c9e1-4bdc-8852-2e961b42a126,c66f2ed3-51c0-48e5-8f7e-56303b1e7707,2023-12-01,3,3,3
d4b30c05-d8f8-4537-b24e-a1fdab4e7ec0,c66f2ed3-51c0-48e5-8f7e-56303b1e7707,2024-06-01,1,1,1
26c6540d-804f-48f6-90fa-b17511a6d092,6e4fa479-3872-4c5e-80de-3c020f6b846c,2023-06-01,2,3,1
ca339775-7251-4780-aa99-5b67c205aa53,6e4fa479-3872-4c5e-80de-3c020f6b846c,2023-12-01,4,3,1
8171f818-5171-4894-8b16-3699809821aa,6e4fa479-3872-4c5e-80de-3c020f6b846c,2024-06-01,4,4,3
b470bafd-03a6-48cf-b8eb-23975e439681,2d3fc1f9-6d11-4754-a511-ed464204f3d3,2023-12-01,2,2,4
680312cd-e1bd-4e72-8fab-8e4c110c53cb,2d3fc1f9-6d11-4754-a511-ed464204f3d3,2024-06-01,3,3,3
6b8dbc53-2048-43a3-8bd5-ad580f6ae995,0bf9d595-3962-445b-bf0d-10c3f8304888,2023-06-01,3,4,1
3d41d45e-e33c-4790-90bb-543541bd482e,0bf9d595-3962-445b-bf0d-10c3f8304888,2023-12-01,2,4,4
a109b435-21f1-4188-ab56-8f6673e3b550,0148d784-6c51-4ba7-a2bf-64f8b45296ca,2023-12-01,2,3,1
3c0c687e-a9d6-4f57-ba01-b01751fff88a,0148d784-6c51-4ba7-a2bf-64f8b45296ca,2024-06-01,2,3,1
6028635c-a822-4eb3-ad25-7b360684f3bd,69f7dbdc-85a9-49e1-af19-6b21f58ecadd,2023-12-01,3,3,3
8152d0d9-2c7e-4da8-a72a-dfe59b9dba70,69f7dbdc-85a9-49e1-af19-6b21f58ecadd,2024-06-01,2,4,1
adf1957c-c25e-4fa5-854a-ef33ccce2cc5,77593479-b6b7-4198-9003-56e7d4b7d3fe,2024-06-01,1,1,1
d4e6691d-9c20-4d5d-920e-79159d62131b,b4b435e7-7cc3-4401-9c6d-1b5fbae418ab,2023-06-01,3,2,2
523451ff-2a40-4d34-973a-c6667e69afb7,b4b435e7-7cc3-4401-9c6d-1b5fbae418ab,2023-12-01,2,3,1
d17647c0-7560-49be-befc-7302ad8d9ec0,b4b435e7-7cc3-4401-9c6d-1b5fbae418ab,2024-06-01,1,3,3
0364ca82-00d2-4f59-9c7e-b2d671a69f9e,c7199121-5c2a-4b11-965f-5fabf8946d13,2023-12-01,3,3,1
2172d1f2-48db-4142-9a72-c46f1f5d929b,c7199121-5c2a-4b11-965f-5fabf8946d13,2024-06-01,3,2,4
b3b2e2e6-1885-477f-89cb-31e264ab4862,ff45e9fd-9f44-4ac1-abac-0e613db45891,2023-12-01,3,1,1
6c6e7a58-272e-4268-9195-95b4eb2d0647,ff45e9fd-9f44-4ac1-abac-0e613db45891,2024-06-01,2,3,1
1c8cfc81-40b9-440e-bd09-e302f4a6bfdd,45159234-e6d1-4aec-962a-72e4a762e31f,2023-12-01,5,5,5
919240ea-183a-47d0-83f5-c5f2b06a2235,45159234-e6d1-4aec-962a-72e4a762e31f,2024-06-01,4,5,5
fd42df14-a771-48b5-a752-de2743c1b7de,f2da5281-5fad-47d8-8c2f-efe51f6cf5ca,2023-12-01,3,2,2
49440565-d8b5-4c95-8402-958dbb8e16ff,f2da5281-5fad-47d8-8c2f-efe51f6cf5ca,2024-06-01,4,2,2
8d353354-11ed-4993-bc75-376b73c3ca4a,b46ad5a2-f188-4c6e-a8a6-984e736ac4af,2024-06-01,3,2,4
ae766b4c-f59b-4f88-9d36-147022fb0834,87714701-33ce-4a1f-b50b-9751fdf8bd40,2023-06-01,2,3,3
0e2d68d2-ee36-4975-838f-7c2c4d3fc48e,87714701-33ce-4a1f-b50b-9751fdf8bd40,2023-12-01,1,1,3
8baade37-ac64-47f7-a505-3ea24e5757b4,87714701-33ce-4a1f-b50b-9751fdf8bd40,2024-06-01,2,3,1
f0881912-9bb7-41fe-9fc4-93f967074c62,8e40cca6-bd73-466c-9f22-e98dc94bfdd7,2023-06-01,3,2,3
142dbbb9-3a1f-4814-ad2a-644a3e24b3bb,8e40cca6-bd73-466c-9f22-e98dc94bfdd7,2023-12-01,3,3,1
6cd8f299-b45c-4ddc-8f5c-5dbd5dd05d47,8e40cca6-bd73-466c-9f22-e98dc94bfdd7,2024-06-01,1,1,1
38356c52-8d01-4193-a708-91754824c87e,4341cf20-704d-4ce4-a55a-74994facd575,2023-06-01,2,2,2
b64dd0f4-4223-495e-b83c-f2b880613e1a,4341cf20-704d-4ce4-a55a-74994facd575,2024-06-01,3,3,1
358c83c1-354d-4ba6-9c8d-ffcda3e75edd,2eea99bf-d836-438f-9415-f47083760572,2023-06-01,4,2,4
90f1b807-5b2e-4ab9-90a3-2c056fb26c90,2eea99bf-d836-438f-9415-f47083760572,2023-12-01,3,4,4
d67e4af9-5d9a-4d29-92ad-e3e3f09fc813,2eea99bf-d836-438f-9415-f47083760572,2024-06-01,4,4,1
49e7c877-1fda-4a92-97ae-e66a5152fc96,563bf4e9-4d94-470a-a9cb-3b9ee6af92d9,2024-06-01,2,3,2
ce2bec0c-4c7f-4792-a592-c2e02ecc2301,426017a8-588a-4376-84bd-063c333d1da8,2024-06-01,2,2,3
3da5cfeb-8e8a-4535-8e27-5aec04796444,9579d4d2-81a7-4a16-a5a5-8308e6093578,2023-06-01,3,2,1
940910fd-2ce8-4ede-b41d-170c2a451046,9579d4d2-81a7-4a16-a5a5-8308e6093578,2023-12-01,1,3,2
35958e34-50a7-4506-a0f3-33f1457e4d9a,9579d4d2-81a7-4a16-a5a5-8308e6093578,2024-06-01,2,1,3
35211fc3-394d-4108-9c64-ca9c06699bfd,9a4eec7e-93fc-48c6-b37f-811f065c1bd2,2023-06-01,2,4,2
005690ec-7892-4592-b7c7-3b9cbcba2827,9a4eec7e-93fc-48c6-b37f-811f065c1bd2,2023-12-01,4,4,3
be624733-0790-40c6-ae6c-4c90a384b1e7,9a4eec7e-93fc-48c6-b37f-811f065c1bd2,2024-06-01,4,4,2
07a294b3-9cbd-4695-af63-fd41143bd81b,82eb394d-597a-4913-aa41-88b994d6e6dc,2024-06-01,3,3,1
e86f49b4-b8bb-4577-a1d0-947f2330e2a1,49eee6e5-31b2-4db1-b216-ef11af6fd24d,2023-06-01,3,2,3
ff6d732d-959c-47f6-ad16-733201e317d7,49eee6e5-31b2-4db1-b216-ef11af6fd24d,2023-12-01,1,3,1
8251a5cc-106a-4f88-a6b0-c4c6b466c762,49eee6e5-31b2-4db1-b216-ef11af6fd24d,2024-06-01,3,2,3
50d0a63f-a161-44d4-b5a5-d79bbbff8691,58bab088-49cd-4894-834b-1906efcbb635,2023-06-01,2,3,2
073c9f51-c47c-4705-a33f-279098e6708b,58bab088-49cd-4894-834b-1906efcbb635,2024-06-01,2,3,2
276e6c4c-6e44-4853-8000-f2503746f0cd,e13f028c-078b-4c9c-b6d4-22e2f83ace50,2023-12-01,3,3,1
1055de31-ef41-4330-9ab0-5a1e6fafe9fb,e13f028c-078b-4c9c-b6d4-22e2f83ace50,2024-06-01,1,2,1
72d018b8-2306-43bb-bac6-00a74f3dbdb5,22b2e1ea-b73d-4484-963d-2fe633fc684e,2023-12-01,4,2,3
4bd2f7c2-eaa1-47cd-ba57-3d12b3ea7871,22b2e1ea-b73d-4484-963d-2fe633fc684e,2024-06-01,2,3,4
953401c5-ae74-4210-b624-697dfa20aa14,83e624dc-2f94-4149-9e35-837bf43b232f,2023-06-01,4,3,4
16c18b3c-9397-4433-8998-a3eec6a6b508,83e624dc-2f94-4149-9e35-837bf43b232f,2023-12-01,4,4,2
abaeeedc-f5a9-4c6f-b1ff-42fff455b709,4a89d93d-ab46-4433-9e93-3dd01840742b,2023-06-01,1,2,1
f85e99a7-b3c2-4515-ada0-4c00492cd4b0,4a89d93d-ab46-4433-9e93-3dd01840742b,2024-06-01,3,2,2
cbb58119-bb65-46ac-9c15-c6b0352b9e20,a46efb1d-ce51-4b74-8a8f-68abcd4f9cf3,2023-12-01,2,3,3
d21e740c-eb88-4990-b4d1-cd22d3f1cfb4,a46efb1d-ce51-4b74-8a8f-68abcd4f9cf3,2024-06-01,3,2,2
34631b6e-095c-4596-a707-3c1919fe7481,3331ba84-dbcc-41ed-a54b-3e61970d091b,2024-06-01,3,1,1
ce0195f4-0994-4fd8-befa-59972c85875a,0071ef89-d819-4571-96e2-17beed1d9bd5,2023-06-01,4,3,5
fbe461c7-d6bf-4dbf-b1da-d20c318459eb,0071ef89-d819-4571-96e2-17beed1d9bd5,2023-12-01,4,4,4
993f5fdc-e064-4bdd-899a-f5180a2633e3,0071ef89-d819-4571-96e2-17beed1d9bd5,2024-06-01,3,4,5
bb02deff-ebd9-4859-985a-6c4b94fdbef2,aa78e4dc-723d-4fb4-a497-353e301addff,2023-06-01,2,4,1
dbccee4c-f9a7-486e-80a3-a69ad2c63d47,aa78e4dc-723d-4fb4-a497-353e301addff,2023-12-01,2,4,4
b298040d-d5bd-4598-9636-b10e68184121,aa78e4dc-723d-4fb4-a497-353e301addff,2024-06-01,3,3,3
76f500e7-6da9-4b97-9c08-63da29d2a67b,327e437b-22c7-4b97-a3a4-1d21df695d84,2023-12-01,3,2,3
b406deb4-acac-487a-84d7-a8776bbe2a93,327e437b-22c7-4b97-a3a4-1d21df695d84,2024-06-01,3,4,3
60a4e824-ee1d-4ce1-bbc6-e6c7f66b47d9,1a602d1d-3c9f-448e-9bcf-609d6e0a1111,2023-06-01,3,3,3
af6cc624-38dd-4115-bcdd-b3d1f8481887,1a602d1d-3c9f-448e-9bcf-609d6e0a1111,2023-12-01,4,3,4
24dc67fb-37fb-4c93-9796-85646d39c124,1a602d1d-3c9f-448e-9bcf-609d6e0a1111,2024-06-01,3,3,3
90cd1d12-6b65-485b-8dee-0d8fbdc1fa21,41b607e3-086a-4f91-8dd5-a03e7b0b9760,2023-06-01,2,1,1
660a94ad-98bf-48c8-821b-eaebc361fe51,41b607e3-086a-4f91-8dd5-a03e7b0b9760,2023-12-01,1,2,1
63f40536-4b26-47bc-825e-0c73b2f95e82,96b207fa-029a-44f7-8f8e-336fed1721b4,2023-06-01,3,4,4
1d703d23-23d5-4a39-873e-e6f01aff7413,96b207fa-029a-44f7-8f8e-336fed1721b4,2023-12-01,2,2,2
f9f2cc31-cc0f-409c-928b-d17f8ecec4b0,96b207fa-029a-44f7-8f8e-336fed1721b4,2024-06-01,2,3,1
712fd3c3-a3b1-43a9-a256-d71a1f6bb9f6,7d074040-4756-4447-93ce-df56c9922b8b,2023-06-01,2,3,2
5c31b9de-7312-4cb2-9890-61d0725f5c1e,7d074040-4756-4447-93ce-df56c9922b8b,2023-12-01,2,2,4
3d2827d0-e20c-44b2-9751-e1210b7de5e5,7d074040-4756-4447-93ce-df56c9922b8b,2024-06-01,2,3,1
33556064-5ba6-416d-84ba-228a68bc6a6c,026df0c7-fce7-414c-aaea-7e081a95f0c2,2023-06-01,2,2,2
aa865665-85f1-4730-a0d2-db100303c38f,026df0c7-fce7-414c-aaea-7e081a95f0c2,2023-12-01,3,2,3
75ea42ea-d058-457d-b975-c29ae6a97a6b,026df0c7-fce7-414c-aaea-7e081a95f0c2,2024-06-01,2,2,3
3167975f-f20e-441f-89e3-00160534b6e8,329446eb-59ad-4541-bbcd-20fd069e82af,2023-06-01,2,2,3
94091068-e663-4bbf-b9db-534206e9be0d,329446eb-59ad-4541-bbcd-20fd069e82af,2023-12-01,4,3,3
9ee1b36e-b7a6-4512-9144-0b66241c4aff,329446eb-59ad-4541-bbcd-20fd069e82af,2024-06-01,3,2,4
58c13174-45b0-4d7d-b877-d8844ed9ebde,434e954d-95c6-4dcb-bf99-46e4359e0d7f,2024-06-01,3,1,3
25e1ea59-d5d8-49ae-a774-970b4f23b3ed,ef674495-dac5-40ca-b768-a032a82bf40d,2023-12-01,2,4,3
bec87323-9cb8-4613-9f82-5d38a5edda83,369f09ad-510b-4ba8-af17-f6a21aa7d901,2023-06-01,4,4,4
a2e07f28-2624-4601-bfc6-a2fcd86905a7,369f09ad-510b-4ba8-af17-f6a21aa7d901,2023-12-01,4,3,3
9ca36f33-fbb8-46c7-ae77-fb297726f5c2,369f09ad-510b-4ba8-af17-f6a21aa7d901,2024-06-01,2,3,1
64fab248-4680-43d7-9711-dfdb483b8516,76037b1b-d0e8-4e47-8e7b-f248f5af6c52,2023-06-01,3,2,1
4db6d112-3c62-43bc-a362-df3c753db34d,76037b1b-d0e8-4e47-8e7b-f248f5af6c52,2023-12-01,3,2,1
3ee259ef-e6c6-4919-9da1-67a65d39a8aa,5bcc7e40-5d55-4ff7-a32d-0e728bb9b5dd,2023-06-01,4,3,3
ef87b993-a623-4079-8d97-58a519827da8,5bcc7e40-5d55-4ff7-a32d-0e728bb9b5dd,2024-06-01,4,3,3
f988b1aa-ed18-4e18-8745-bf582ed637c6,c359d09e-8161-403e-ad71-639463c4b574,2023-06-01,2,3,4
746e7b85-17a7-4701-aed3-a67eff0c40c8,c359d09e-8161-403e-ad71-639463c4b574,2024-06-01,4,3,3
e1eeb780-6d86-4fb1-af0a-6dae9dd3c374,c8b8badb-383a-4d3c-8982-f2399846748e,2023-06-01,2,2,4
ed903574-37e4-430d-a052-fe8e82adcd1f,c8b8badb-383a-4d3c-8982-f2399846748e,2023-12-01,3,3,1
71e2667c-55d3-46c5-8b2b-673d56e5fe0d,c8b8badb-383a-4d3c-8982-f2399846748e,2024-06-01,3,3,4
cd2dea77-9f17-42d5-95e6-e7d1322826a1,9dd96f56-4626-4d14-8bb7-d9b2a3127e86,2023-06-01,3,3,2
11a0bb06-718e-485a-940e-57924afccb95,9dd96f56-4626-4d14-8bb7-d9b2a3127e86,2023-12-01,4,2,2
46c59dc3-bbdb-456b-93c7-b440f1a8bc60,9dd96f56-4626-4d14-8bb7-d9b2a3127e86,2024-06-01,3,4,3
d16ff466-97a0-45f8-b7f6-7d4a5f42b13a,6762b8a6-1e07-4de5-adc9-f44a8e5b59bc,2023-06-01,2,2,1
75639678-1f27-4dd7-b2d7-fe948c54ca6e,6762b8a6-1e07-4de5-adc9-f44a8e5b59bc,2023-12-01,2,3,1
4aaf1520-abdd-4cde-9f82-0d61e9497534,6762b8a6-1e07-4de5-adc9-f44a8e5b59bc,2024-06-01,2,3,3
2da0be43-f318-4a1c-8a39-ea5758d98b6a,63fed47b-e924-4a20-8e42-16fd0aa8ada2,2023-06-01,1,2,2
2552dac5-330c-4161-a7bd-3a9c091a8091,63fed47b-e924-4a20-8e42-16fd0aa8ada2,2023-12-01,1,3,3
bdc12ca4-2fc4-44bc-a4ab-4ab8281a8fc0,63fed47b-e924-4a20-8e42-16fd0aa8ada2,2024-06-01,3,2,2
52f3bcec-f0ae-4f4a-8144-dff684f2268a,359d6895-6d02-475a-b47b-6f8fd4394d4a,2023-06-01,5,3,3
66c01241-b0b9-4898-aa1c-ba23de72b96f,359d6895-6d02-475a-b47b-6f8fd4394d4a,2023-12-01,4,5,3
36b6504e-96f9-43ca-acb4-eba34902fb31,359d6895-6d02-475a-b47b-6f8fd4394d4a,2024-06-01,4,5,4
6d9ef1a5-3d8d-4f5a-93c6-b911965dc6a0,d637552a-0f6e-4801-afe8-e524ca81d2b1,2023-06-01,2,4,1
392679f4-4193-4265-9e1b-9d133929bd45,d637552a-0f6e-4801-afe8-e524ca81d2b1,2023-12-01,3,4,3
02963c3c-2020-4713-b3b2-99fe711276e1,d637552a-0f6e-4801-afe8-e524ca81d2b1,2024-06-01,3,3,4
6941a5f4-2b33-4010-87b0-adb25593638f,2d7ac0c1-d264-4e06-a863-bc460f270c7e,2023-06-01,2,4,4
78ca02e0-28ff-4aef-bcf7-13da879e06c1,2d7ac0c1-d264-4e06-a863-bc460f270c7e,2023-12-01,3,4,3
b498c501-f1cf-4272-a8f5-5c27b12cf7cb,2d7ac0c1-d264-4e06-a863-bc460f270c7e,2024-06-01,2,3,2
fd38173a-a09b-4387-ba82-b41e3ab36ee5,54336b59-52db-4720-bc2b-95bf349523e7,2024-06-01,2,2,1
4ddf159e-221a-4036-b80a-75cb8a0b251a,3c2fb4ed-aefb-41c3-a0e6-d3f555b30e68,2023-06-01,4,2,1
2e900d59-39c1-4f42-b2ff-6153b09e4a04,3c2fb4ed-aefb-41c3-a0e6-d3f555b30e68,2023-12-01,4,3,1
5957c81f-5a8e-422a-9178-7cc6e099ddfd,3c2fb4ed-aefb-41c3-a0e6-d3f555b30e68,2024-06-01,4,3,2
298d4354-0d1d-47fa-bff1-251ce827e571,78de9409-27be-4383-a22d-2759b04bdbb0,2023-06-01,4,3,2
0501557b-602e-4259-a0ef-eea5ebf27fef,78de9409-27be-4383-a22d-2759b04bdbb0,2023-12-01,5,3,3
8ea59cfc-a4d7-4773-b5ba-9afd29759317,78de9409-27be-4383-a22d-2759b04bdbb0,2024-06-01,4,3,4
e7660538-6daa-4c3a-9c7e-9257d4789ff7,84b5fd68-9e8c-45a6-9eb1-f5c502ed0a13,2023-06-01,2,3,1
b2850904-564e-4e73-98a1-7c2d846c4c9a,84b5fd68-9e8c-45a6-9eb1-f5c502ed0a13,2023-12-01,3,3,2
cf8adb72-17aa-45b8-b580-5ba3364540dd,84b5fd68-9e8c-45a6-9eb1-f5c502ed0a13,2024-06-01,4,4,2
a722a50a-b4be-4136-9776-65acbab53ff3,11656dea-a081-4907-a159-1128c26c447c,2023-06-01,3,3,4
7f458ecf-3441-4885-b8c0-c71ae3e2320c,11656dea-a081-4907-a159-1128c26c447c,2023-12-01,4,2,1
f3d06049-c503-434b-ae71-07eca36c1488,11656dea-a081-4907-a159-1128c26c447c,2024-06-01,2,4,2
4dcdd126-fa5e-4f07-8368-38ed130fbe3c,ca9657db-521c-419c-845b-9de253ee54e3,2023-06-01,4,4,1
5b22c985-4ff9-44f9-ad49-0df51ba51817,ca9657db-521c-419c-845b-9de253ee54e3,2023-12-01,4,4,4
0655a5c4-b832-4c90-b071-6cf98e60f3a6,6cfb0320-3671-4bf7-9fe9-1897df5ee50c,2023-06-01,2,2,2
d556674e-e42b-47e4-ba50-7ac97bcb30a2,6cfb0320-3671-4bf7-9fe9-1897df5ee50c,2023-12-01,4,4,3
0a216673-165d-4ff8-bb78-890965bc8d8d,6cfb0320-3671-4bf7-9fe9-1897df5ee50c,2024-06-01,4,3,4
6de064c6-6cc4-4bf5-80c8-4d0f32c8d2b2,9b37e412-4f31-42a5-9e49-6cbd6a6d6244,2023-06-01,3,2,2
4a087a66-0e50-4d95-a440-9b632518c505,9b37e412-4f31-42a5-9e49-6cbd6a6d6244,2024-06-01,2,1,1
4e7cc42b-c437-4e36-a3cd-25b6a1d8b12e,caf0fb48-66eb-4b9a-98af-f75df69ce1ed,2023-06-01,3,2,4
681ad19f-a482-45f2-ab44-1a060d4036bc,caf0fb48-66eb-4b9a-98af-f75df69ce1ed,2023-12-01,4,3,2
cea5f89a-56e5-47eb-a4dd-3eb6463b04c1,caf0fb48-66eb-4b9a-98af-f75df69ce1ed,2024-06-01,3,4,4
01619562-5074-4162-ba83-11e38877f8a5,85d959c2-12ab-40a2-b4a2-1694cfcaab87,2023-06-01,4,2,1
b9024e60-aa2e-439c-9892-619a04152874,85d959c2-12ab-40a2-b4a2-1694cfcaab87,2023-12-01,3,3,1
7f1a96b5-3d5e-4dca-a580-f4eeaae5859b,85d959c2-12ab-40a2-b4a2-1694cfcaab87,2024-06-01,2,3,3
103aa810-5fc0-478d-9912-0feb3d22e1d6,81274bf2-df6c-4f51-bd8a-0d94ef47f051,2023-06-01,2,2,1
880bc209-db98-4252-89e4-154f258f3cc8,81274bf2-df6c-4f51-bd8a-0d94ef47f051,2024-06-01,4,3,3
0286795f-304d-449f-a2f3-6b29045de2be,15a17e3d-53c2-4507-80f0-c24732fa6e43,2023-06-01,4,2,3
a5ba3aa9-9722-43fb-9afc-e057a4616ed8,15a17e3d-53c2-4507-80f0-c24732fa6e43,2023-12-01,4,2,2
95f6e2d0-853c-4a7c-9fd9-9b90984b30c2,2eefd697-c9ae-4789-913f-9d1bffa2f105,2023-06-01,4,2,3
a0b0c639-7fc7-44d2-90ea-b1f658157541,2eefd697-c9ae-4789-913f-9d1bffa2f105,2023-12-01,3,3,4
c3336efb-9e87-4408-87da-7548e3020382,2eefd697-c9ae-4789-913f-9d1bffa2f105,2024-06-01,3,3,4
aeedc740-b019-485b-a88c-3d2222d4b778,c60406b2-0de1-4564-9443-7ecd07e33d04,2023-12-01,2,4,2
4d2cea1c-5263-4cd6-b80b-92cc0bb3a576,c60406b2-0de1-4564-9443-7ecd07e33d04,2024-06-01,3,4,2
54a23f90-f48b-4e64-885c-79d66ced49dd,01da3475-9b3e-40c4-9572-8c5fb050a3c2,2023-06-01,4,2,2
31910dc0-94e7-4f77-987b-97ef9b57f8ff,01da3475-9b3e-40c4-9572-8c5fb050a3c2,2024-06-01,2,2,1
8bfdeeb8-eb3e-4107-8e67-1a7e936e2bad,208b0204-f914-4aed-9bec-90e9557f84a1,2023-12-01,4,4,4
a309eaf1-9bc4-4adc-b8ae-73b0247b6727,3e1dd2c2-a2ce-46e7-a7e3-5fbdeb1c3110,2023-06-01,2,3,2
ee319e2a-ffe6-4cb8-abab-9220af34092b,3e1dd2c2-a2ce-46e7-a7e3-5fbdeb1c3110,2023-12-01,1,3,3
58c15bb6-08fa-4f83-849a-df1fcc9f2ece,3e1dd2c2-a2ce-46e7-a7e3-5fbdeb1c3110,2024-06-01,3,3,1
9aa075b2-996d-4345-9e1a-184f7f768f56,c8eeb74d-b2a2-431b-b664-1f25fc58f25b,2023-06-01,3,1,3
f25e2b4d-ca8f-40a0-9420-afc60ae0c991,c8eeb74d-b2a2-431b-b664-1f25fc58f25b,2024-06-01,3,3,3
fff0d92c-516a-4608-a217-d6a279031d7d,e66df9ef-ab0d-43c7-877f-f9a22d38e683,2023-12-01,3,2,1
53588158-9a5a-4488-8ddd-dc9e02fa6c6d,e66df9ef-ab0d-43c7-877f-f9a22d38e683,2024-06-01,3,2,4
82b703ae-efb5-491c-a3ad-846ff6535fc6,644e83e1-f668-4f9f-8dfe-7ddd0afbfd5f,2023-06-01,3,2,2
3f56b145-f7ef-4291-8de8-59ecb6b0f6fe,644e83e1-f668-4f9f-8dfe-7ddd0afbfd5f,2023-12-01,4,3,2
404b1249-3cc0-414b-a97c-0a7965c975b2,644e83e1-f668-4f9f-8dfe-7ddd0afbfd5f,2024-06-01,4,2,1
cc5fef47-69fa-43e5-be24-41de2793d038,67b83bad-c30e-4d93-9736-8b88d07a4f8f,2023-06-01,4,4,4
3f2f032e-e8c0-45b2-87bd-5895c31073d1,67b83bad-c30e-4d93-9736-8b88d07a4f8f,2024-06-01,4,4,4
ee7739cb-8efc-4d04-b37b-9024d1f3e06a,62c2f25c-48ab-4c66-b75c-89a317727130,2023-06-01,3,2,2
2e231639-2ec0-482f-84ae-95bf4a4a7e1c,62c2f25c-48ab-4c66-b75c-89a317727130,2023-12-01,3,3,1
afc039f9-a363-4f95-a660-f5490d581cdb,62c2f25c-48ab-4c66-b75c-89a317727130,2024-06-01,3,2,4
314e915c-0e53-48c2-939f-df53c6d6ad26,91031108-a379-4327-9058-da0a3634b783,2023-06-01,3,1,1
c1e9c2c3-8153-46c1-97c2-4d812ad24a70,91031108-a379-4327-9058-da0a3634b783,2023-12-01,3,1,2
d0202420-9c0c-4fca-91bb-3f2853497fe2,0cdefe2c-495e-4095-abb8-22f50042e740,2023-06-01,2,1,3
81b279c4-ac47-4c80-b0f4-b8e5efc45451,0cdefe2c-495e-4095-abb8-22f50042e740,2023-12-01,1,2,1
6b983831-ca45-4d2d-9701-488d2250f2cd,0cdefe2c-495e-4095-abb8-22f50042e740,2024-06-01,2,2,2
355b6182-25c0-4d94-a2f4-2094d6a757cb,a84ca342-b410-429f-a875-f43a2b5d66d7,2023-06-01,4,4,2
232c3cbc-76b8-4b89-ad05-2c880640fcc4,a84ca342-b410-429f-a875-f43a2b5d66d7,2024-06-01,2,4,3
d38edaea-9c24-4409-be71-31d038914cca,ba26fc77-07aa-46cf-992b-be7a8c3ec8cb,2023-12-01,3,5,4
56b446fd-3cb4-47ae-9c5d-19f9a254e281,ba26fc77-07aa-46cf-992b-be7a8c3ec8cb,2024-06-01,3,4,5
bc08f203-715e-4cd1-ace7-6699c0af31b7,6d00c746-90ac-4831-8b0f-4cf696a631d1,2023-06-01,5,3,5
612028bc-147f-43f0-a1d4-ce4d47d99fd7,6d00c746-90ac-4831-8b0f-4cf696a631d1,2023-12-01,3,4,4
0d113550-4b77-4a85-b2e4-7c0409537755,6d00c746-90ac-4831-8b0f-4cf696a631d1,2024-06-01,3,4,5
687319bc-8673-4b8e-aa2d-20c8e287a2fc,4dfd46e1-2dbb-4917-9471-23b9f4b0817d,2023-06-01,4,3,2
33c309bd-414b-4cfc-88cc-ec9fbb48f438,4dfd46e1-2dbb-4917-9471-23b9f4b0817d,2023-12-01,4,2,4
72840f68-f050-4697-b255-d75bbc7c3e06,4dfd46e1-2dbb-4917-9471-23b9f4b0817d,2024-06-01,4,4,4
25c6104b-bd3a-4028-bda0-a5ebdc594dac,02e34fe3-d735-4e46-8518-0afa9bc707b9,2023-06-01,4,4,3
2642e737-8c4e-48e5-9f77-a524a0d1bb26,02e34fe3-d735-4e46-8518-0afa9bc707b9,2023-12-01,3,4,3
6cbd8234-3b54-474e-bc43-db276d0a5b59,02e34fe3-d735-4e46-8518-0afa9bc707b9,2024-06-01,3,2,1
8ff284cf-0948-4797-8c5d-7c8cd1a8941a,56b6b381-f04e-458f-b62d-26cc85af43a8,2023-06-01,2,3,3
7e79a536-4636-4c59-8062-1ee5088023e0,56b6b381-f04e-458f-b62d-26cc85af43a8,2023-12-01,2,1,1
f82784dc-6d1c-429c-ad54-2e14ae4c948f,0122f164-7393-4950-8db9-873ec9c0aaf9,2023-06-01,3,1,1
71bc0700-82ef-4569-be11-ef346f6a4e21,0122f164-7393-4950-8db9-873ec9c0aaf9,2024-06-01,3,2,2
7e91c6a5-ab22-45ec-b171-f74cc686988e,5aa9883b-27a7-466e-a9d9-15e790fafcee,2023-06-01,3,4,3
9f620f87-8253-4fac-8030-c3855b84048c,5aa9883b-27a7-466e-a9d9-15e790fafcee,2023-12-01,3,4,1
da0e790a-1df0-4376-ba0d-eca6a0efe29d,5aa9883b-27a7-466e-a9d9-15e790fafcee,2024-06-01,2,4,4
dca6513b-5a98-4ac7-b3db-a16d09aa1899,286aa56c-2d2a-4360-ab6a-7af75db36c78,2023-12-01,2,3,1
598a1ed0-5903-40f1-9169-c1b8a55ea859,286aa56c-2d2a-4360-ab6a-7af75db36c78,2024-06-01,3,1,3
d25b05f1-4327-427b-a9b3-d04e655f6d2c,20027bc6-c876-4238-8314-eeeee912fe4d,2023-06-01,4,2,1
7f1f4258-50d4-4723-91a7-841fefc03b4d,20027bc6-c876-4238-8314-eeeee912fe4d,2023-12-01,4,2,1
e2c690e8-b1d0-40bf-a52b-abd6b2d184ea,d4530d84-2aa4-427b-b0c1-e31677adcab7,2023-06-01,1,2,3
a296e83f-a225-45eb-86cb-5948964c0dd7,d4530d84-2aa4-427b-b0c1-e31677adcab7,2023-12-01,2,1,3
9ac7385b-8bac-4b37-b4d2-8028cc69eda0,d4530d84-2aa4-427b-b0c1-e31677adcab7,2024-06-01,1,3,3
692448a1-cc7b-4bb3-aa75-40c4d54869c2,fd2eb560-ff18-45d7-8674-3c52943ba503,2023-06-01,4,2,3
67b1ac03-c64e-40bf-9a3d-d1dba67bda84,fd2eb560-ff18-45d7-8674-3c52943ba503,2023-12-01,4,4,3
7433b4d8-0294-4ef8-acf4-7fc989628902,fd2eb560-ff18-45d7-8674-3c52943ba503,2024-06-01,2,2,3
bf65ce47-8a7d-45b9-a6ba-ad420c8ef49f,51f34a02-2bca-4f00-a58e-2180be144498,2023-06-01,2,4,1
65e5774f-8c7e-4189-b8cb-1165e9eb3969,51f34a02-2bca-4f00-a58e-2180be144498,2023-12-01,3,2,3
cb0341f5-d935-4776-88ba-82b97ed32c40,51f34a02-2bca-4f00-a58e-2180be144498,2024-06-01,4,2,4
762650e2-86b7-41c6-bd9b-e3a99ec6c446,c33c1495-1ded-46ee-a126-6efbc5e23645,2023-12-01,4,3,2
f5606d5a-9039-45e5-8ef3-09f76b8811ff,c33c1495-1ded-46ee-a126-6efbc5e23645,2024-06-01,3,4,3
aab089d0-3133-47f1-acb2-e2bef7fe233c,31026c95-2dc2-41c0-a0ce-406ff3a1d06a,2023-06-01,1,1,2
c451cdf9-3fa5-4869-8647-4fa958aff9df,31026c95-2dc2-41c0-a0ce-406ff3a1d06a,2023-12-01,2,2,1
bc72e3ae-7fe8-4ded-b4eb-e3c3d70c7fea,31026c95-2dc2-41c0-a0ce-406ff3a1d06a,2024-06-01,3,3,1
30cf1f51-c275-4487-9ddf-e1f306b82e8e,011168f7-88fe-40d8-9db6-c860c2bac25f,2023-06-01,2,1,3
e479c2e6-7ef7-4918-a0c2-9a452011c5c7,011168f7-88fe-40d8-9db6-c860c2bac25f,2023-12-01,1,2,2
7e394daf-ddd1-4b5b-81af-27c602c7167e,011168f7-88fe-40d8-9db6-c860c2bac25f,2024-06-01,3,2,1
beae5a3c-df24-4b4b-a9e7-d4a1904a61da,fac0c1cf-2ba9-4ba9-aea3-b44577de5338,2023-06-01,2,4,4
efe6f95d-9696-475b-99c1-6cfbbaab4d31,fac0c1cf-2ba9-4ba9-aea3-b44577de5338,2024-06-01,2,2,1
be4d4bcc-e547-4abd-877f-cd2bba051be7,999bc90a-6031-4d62-bc30-0a515d80f69d,2023-06-01,4,3,4
7a6fdbe2-310f-483c-ae81-bda093930a39,999bc90a-6031-4d62-bc30-0a515d80f69d,2023-12-01,4,3,3
e144d896-50d9-4816-a431-e6ab5b7c8adf,999bc90a-6031-4d62-bc30-0a515d80f69d,2024-06-01,5,5,2
5879a9c9-6679-4942-8a76-adc3302f2757,061f1610-ebef-4fbf-af9e-6690a71f41e3,2023-06-01,3,4,4
8f988543-4e54-4293-8b90-576d45d0ac26,061f1610-ebef-4fbf-af9e-6690a71f41e3,2023-12-01,3,3,2
f4216812-043f-4aa8-aa9d-c7ba5b236234,d86053c9-d9cc-43e1-8e4f-947647435782,2023-12-01,3,2,1
f113a7e6-b655-458a-9da3-397c569c710e,d86053c9-d9cc-43e1-8e4f-947647435782,2024-06-01,3,1,2
163085ab-285c-4982-8966-deddaa458787,19367c0a-eea6-44a8-b4d1-9957489a46e8,2023-12-01,3,3,4
2940fab8-8a21-4514-9de3-802a1b77770e,19367c0a-eea6-44a8-b4d1-9957489a46e8,2024-06-01,2,3,1
22a74dee-42c2-4957-9d3a-e0299adce28c,c73dc60e-aa50-47f2-b5f4-c2ec1e13759a,2024-06-01,3,2,1
92bf4077-18ff-485d-bd4e-c13667f675bc,53bcb883-806c-495a-8f3b-40f40d27b37e,2023-06-01,2,1,2
275d7c0d-2cf4-4091-b20e-dbc19df3c2d7,53bcb883-806c-495a-8f3b-40f40d27b37e,2023-12-01,3,2,2
ab6e0f74-8572-47c5-9ec9-3e7217d9a663,53bcb883-806c-495a-8f3b-40f40d27b37e,2024-06-01,3,1,2
3b69a9b1-1d57-4a23-a9d6-7a4a9202fa01,f4320692-5985-49c8-b550-2c529c1ad7bb,2024-06-01,1,1,1
d2ef1552-dcea-4d53-9a57-1022461508ab,8931948f-c39a-467d-b796-2d7726fa00c4,2024-06-01,2,4,2
f89b834b-0635-4a67-80c5-d9cae9ee253f,1dee5559-3cd8-4929-99db-eae0e04d3099,2023-12-01,3,2,4
fa4f36df-307f-40ce-8d40-36bff2c43458,32883f59-9a74-402b-83fb-7835b62dc743,2023-06-01,3,4,4
15708df3-ee1e-417f-b401-f39104bcc88b,32883f59-9a74-402b-83fb-7835b62dc743,2023-12-01,4,3,3
32ef818b-c325-42b9-bf16-112551164a32,32883f59-9a74-402b-83fb-7835b62dc743,2024-06-01,5,5,4
e588b988-9fe3-4113-87f2-732404a04578,13819ee3-74dd-4111-9c9a-656fa2496760,2023-06-01,2,3,2
db1c9f54-fa40-4a67-bd34-838d752c4be1,13819ee3-74dd-4111-9c9a-656fa2496760,2023-12-01,1,3,3
b507d601-fa17-4e27-b10e-c87dbdc1d5ca,13819ee3-74dd-4111-9c9a-656fa2496760,2024-06-01,3,2,3
f25e52b8-721f-46b4-ab3e-6c9e5845a755,c1dc3012-53bb-41fc-b834-a7e6bd2bba74,2023-06-01,3,3,2
3f7462b2-c0fa-4730-a1f9-fbbfaf915a7e,c1dc3012-53bb-41fc-b834-a7e6bd2bba74,2023-12-01,3,3,3
32017868-1709-4fad-9f75-8e79e680ac54,c1dc3012-53bb-41fc-b834-a7e6bd2bba74,2024-06-01,3,3,3
6d4e2a47-ba33-4d49-81aa-f3788c06e4cd,6b0c4e4a-6d70-46a8-9dd6-6ca8d1008168,2023-06-01,4,3,2
287331af-e2e6-4f98-95f5-8d0098da80bc,6b0c4e4a-6d70-46a8-9dd6-6ca8d1008168,2023-12-01,5,5,2
489eb3ea-d922-42db-a52e-81b868e90aab,6b0c4e4a-6d70-46a8-9dd6-6ca8d1008168,2024-06-01,3,3,2
37657966-96a7-4f39-a1d4-b4a7e66d8458,d09b4bdf-6e61-4a22-8a31-7b47d83bdc29,2023-06-01,3,3,2
e29b8a2d-afab-40f5-b3f1-7797a343596a,d09b4bdf-6e61-4a22-8a31-7b47d83bdc29,2023-12-01,4,4,5
8a88dc83-bf77-40e0-a7fb-b850e2b8de87,d09b4bdf-6e61-4a22-8a31-7b47d83bdc29,2024-06-01,4,5,4
c0b0bd0a-784f-4dfa-a9a4-58b55bd5c255,7634ce00-42a9-472c-9ccd-0c4dfea0502b,2023-12-01,3,3,3
be35a6ba-96b1-49ae-a6c7-e1c10091c37f,7634ce00-42a9-472c-9ccd-0c4dfea0502b,2024-06-01,5,4,3
6890e45a-d383-4254-826c-a2b8d0478b91,916d1222-063c-48ba-af92-9f76d7ceb2f3,2023-06-01,4,2,3
424e5acc-fd9b-4e1b-be5e-dd4b8935a5d8,916d1222-063c-48ba-af92-9f76d7ceb2f3,2023-12-01,3,3,2
e8e4e235-f52b-49f6-844c-b7c5fc2f204b,6133bd83-4009-4108-9f67-a4b84a8f7b7d,2023-06-01,3,2,4
207e5afb-e066-4bde-bc60-d2a1d8c3f995,6133bd83-4009-4108-9f67-a4b84a8f7b7d,2023-12-01,3,4,4
649983fe-b2d5-4d93-91fb-0dc50fa42d67,6133bd83-4009-4108-9f67-a4b84a8f7b7d,2024-06-01,2,3,2
04ddcd93-fcbc-4077-8464-782c9eac5e8c,829dbebd-ea99-481c-b349-ae234eb411bc,2023-06-01,2,4,2
38d42811-e878-4c7c-9dd7-45e0413093f6,829dbebd-ea99-481c-b349-ae234eb411bc,2023-12-01,2,3,2
ed9b220a-15c6-4ee6-9c01-1d7c8d95090a,7b7073eb-e380-4013-9531-af0dabaa1e6f,2023-06-01,2,3,3
cea37e11-070c-4482-a7a3-c8a64c32ae50,7b7073eb-e380-4013-9531-af0dabaa1e6f,2023-12-01,3,2,1
0491be9d-dfde-4221-98b9-3fcef59d12bb,7b7073eb-e380-4013-9531-af0dabaa1e6f,2024-06-01,4,3,3
afa230c4-a2fa-4d98-990a-d5fd11954ac0,e766582a-2524-49e6-8722-49d6d167a1a1,2023-12-01,4,2,1
f1d3a4d8-84e1-47ab-b5fc-00454bec9895,e766582a-2524-49e6-8722-49d6d167a1a1,2024-06-01,2,2,1
4bcf31c0-78cc-4f39-8079-5c81ce7f8ae8,c811708b-ca55-4008-97a2-f746ae3b2c10,2023-12-01,4,3,5
c4f1a132-f305-4df4-8028-932c9967a1a1,c811708b-ca55-4008-97a2-f746ae3b2c10,2024-06-01,5,5,5
df6e18ec-72d0-4c0f-a7f5-60a451a86c20,f93fdf3f-8f6c-473f-a530-84614977994f,2023-06-01,2,2,3
73eda194-ca91-469c-b96e-508f730efe21,f93fdf3f-8f6c-473f-a530-84614977994f,2023-12-01,4,2,3
d915863c-c982-44f0-b8eb-1cc64e94123d,f93fdf3f-8f6c-473f-a530-84614977994f,2024-06-01,2,4,2
f2f061f3-b51d-482e-9f9e-f99b15531799,fa91359c-c4c9-4218-b72b-69fd129f0de0,2023-06-01,4,5,3
d9daa1c9-9fe0-4557-a796-da2067615f2b,fa91359c-c4c9-4218-b72b-69fd129f0de0,2023-12-01,3,4,3
03702ab0-0f28-4b43-97b5-d687f0b5c3bf,fa91359c-c4c9-4218-b72b-69fd129f0de0,2024-06-01,5,3,2
5ea93c51-73e1-4c30-9444-3cb2ebef3706,c755a280-c7ca-4208-a1b6-1f0107f1dd36,2023-12-01,2,3,2
0121ab25-90f4-4ec2-9a70-7007925c3c24,c755a280-c7ca-4208-a1b6-1f0107f1dd36,2024-06-01,4,3,1
3fd16acd-e094-4fec-9e4e-d7eb7aaa12cb,53ef8ca1-1644-4d68-8dc1-9d5d73df8bf9,2023-06-01,4,4,2
c37a91f9-c841-4cdd-aefa-013301efb9ef,53ef8ca1-1644-4d68-8dc1-9d5d73df8bf9,2023-12-01,3,3,2
d3968d1b-d7fc-40bb-ab04-0b091a617143,53ef8ca1-1644-4d68-8dc1-9d5d73df8bf9,2024-06-01,3,4,4
693ea67b-84e4-47ad-b4cd-1a45d2a5fcac,056e5db3-6f38-44ba-96f7-3720357f9de2,2023-06-01,3,2,2
41592405-a514-450d-b848-4da3b483b495,056e5db3-6f38-44ba-96f7-3720357f9de2,2023-12-01,1,2,2
ee2b0035-c323-42ce-92b9-2db6b8df8344,7ce14528-ca1f-4aae-9740-0343ced48c96,2023-06-01,2,2,1
53fe75d6-3aa6-4349-b1ce-6867011ad15b,7ce14528-ca1f-4aae-9740-0343ced48c96,2023-12-01,3,3,2
601ac394-36ea-4217-bb1e-b268459d6f57,7ce14528-ca1f-4aae-9740-0343ced48c96,2024-06-01,3,2,3
d2c7eda6-1758-421c-8721-cbc411468970,e11c4eee-e111-4ee9-a729-d538178d7279,2023-12-01,2,2,4
d77582d7-da2c-4d3e-bfb0-52bf594da0de,e11c4eee-e111-4ee9-a729-d538178d7279,2024-06-01,2,2,1
40f770ef-75d3-45dc-9e20-621a42365d54,7eacb4d0-4bf6-4bda-ad75-349043f7c558,2023-06-01,4,2,1
d8a1ae25-5ec8-42b4-9e4c-e0f7a8fd8729,7eacb4d0-4bf6-4bda-ad75-349043f7c558,2023-12-01,4,4,4
bc7be8ef-82c1-4ed8-a0a3-02d7c6e59431,7eacb4d0-4bf6-4bda-ad75-349043f7c558,2024-06-01,4,3,3
81e5d0fa-6cb3-4515-8daa-c39626b43959,ae57c921-d9de-49f8-b1f9-96f7ffc7c49c,2023-06-01,2,4,3
18e270d3-8c8b-476a-9c19-66cb612de0c2,ae57c921-d9de-49f8-b1f9-96f7ffc7c49c,2023-12-01,2,3,3
e30a0571-6382-4f5b-8b40-89490322890c,ae57c921-d9de-49f8-b1f9-96f7ffc7c49c,2024-06-01,3,4,4
5facf11a-dde8-4ff2-93f7-ebb18d318458,be66fda1-20e3-4c70-ad47-78b7e4193a1a,2024-06-01,4,3,4
b3cc049f-c621-49ec-a98a-f10e8e941920,a8c31cfb-7def-43ba-a37b-c330d42514fd,2023-06-01,3,3,2
0b6a7e21-c743-40fa-be9d-882ee36eec87,a8c31cfb-7def-43ba-a37b-c330d42514fd,2023-12-01,1,1,1
dd703f8f-31e8-436e-a036-b55bcad8b893,a8c31cfb-7def-43ba-a37b-c330d42514fd,2024-06-01,3,3,3
b445be06-eb6f-4858-bc9f-ce9afe56fad9,a7ba7e59-ad90-4ac5-8c0b-2df086f9ce7e,2023-06-01,3,4,1
329be6b7-09c0-4be9-a285-864a23bbb636,a7ba7e59-ad90-4ac5-8c0b-2df086f9ce7e,2023-12-01,2,3,4
76e54052-f1b3-468c-9115-fbe8bd5f2527,0490c516-8827-4276-8125-5bef8cb776bd,2023-06-01,4,4,2
9dc075f4-d4e9-4802-a2ca-4789470406af,0490c516-8827-4276-8125-5bef8cb776bd,2023-12-01,4,4,2
7f30c949-c305-4eb7-bf66-9d8b2565ddfb,0490c516-8827-4276-8125-5bef8cb776bd,2024-06-01,4,2,3
3e6f3fb9-063b-43a6-be7d-6449a9156c27,f5b363c2-afd7-497b-a151-6c3d9278da01,2023-06-01,2,2,1
3c67eded-edd5-4517-aa94-2ab7ba04c652,f5b363c2-afd7-497b-a151-6c3d9278da01,2023-12-01,1,2,1
41f7b971-ce56-4f6e-afd5-3b1f75cca6c4,f5b363c2-afd7-497b-a151-6c3d9278da01,2024-06-01,3,2,2
33bf678a-34c8-4347-a985-74b21aa560e0,78bece57-9e3b-4e61-8cc6-3d088c9dd217,2023-06-01,4,2,2
17d721a0-e12a-432a-875c-3051e6248f28,78bece57-9e3b-4e61-8cc6-3d088c9dd217,2023-12-01,2,4,1
f1bd5dc3-21a9-493b-a4ea-8fc36e41d72d,78bece57-9e3b-4e61-8cc6-3d088c9dd217,2024-06-01,3,4,2
07c097fc-bfbd-4179-b1d2-3e689ec8f921,88d4b059-e245-4002-adbb-cbf5da7f34e5,2023-06-01,4,3,4
88548bbc-65a0-4af1-b244-d1943631d502,88d4b059-e245-4002-adbb-cbf5da7f34e5,2023-12-01,3,2,2
122dc4c6-951b-4911-bb61-867a106d1883,88d4b059-e245-4002-adbb-cbf5da7f34e5,2024-06-01,4,4,1
a3ccf910-8a3b-415b-9da4-dec552622e42,96bcd71e-d55d-4178-a6c1-f3e000f53c14,2023-06-01,4,2,3
744e4942-579c-4f35-8c68-892dfc462669,96bcd71e-d55d-4178-a6c1-f3e000f53c14,2024-06-01,4,2,4
c49192f7-3393-4597-ae1f-b9827672ac8a,ac262dd4-3e8c-40af-bfb8-d1cf57dd944a,2023-06-01,3,4,1
701bb331-9377-4946-9b7e-c77515f0bc5a,ac262dd4-3e8c-40af-bfb8-d1cf57dd944a,2024-06-01,2,4,2
f9d4252b-fe61-4138-87d2-4c69513d39fe,58738fd4-61d1-486a-b4f5-77e98edafd96,2024-06-01,2,4,3
39401c40-4485-4b16-8b0e-5011cdf0f253,9e5cd86e-6354-4655-ace0-5452f2bd11b1,2023-06-01,3,2,1
b185cc9c-1573-49f3-a4a1-8da5bab551b8,9e5cd86e-6354-4655-ace0-5452f2bd11b1,2023-12-01,4,3,2
fb4f408e-a32e-4659-846d-48583962b1cb,9e5cd86e-6354-4655-ace0-5452f2bd11b1,2024-06-01,4,2,4
b8022f0c-44a9-4da8-8a1d-ea1fc88978f3,8d43854b-5ef1-4a80-9860-6f0240aa9e76,2023-12-01,3,3,3
35c132a0-e9c8-406a-8cc5-e531ba6a0a67,8d43854b-5ef1-4a80-9860-6f0240aa9e76,2024-06-01,3,3,1
14932e1d-0675-422e-8910-7d868ee2fcc4,9c120512-7932-4ad9-98b4-5d5c9e98e7f3,2023-06-01,2,3,1
8cd26442-6bc6-4b88-bda6-76e9e6a740b2,9c120512-7932-4ad9-98b4-5d5c9e98e7f3,2023-12-01,1,2,2
9eff1cd3-48ee-4119-8aab-cdb8c8dfc0bf,9c120512-7932-4ad9-98b4-5d5c9e98e7f3,2024-06-01,2,3,1
9544aa0a-71f1-4ff8-b58d-88f3ce8780bb,0e7d3bd7-4e30-4da4-b182-4a64aff8f675,2023-06-01,4,2,1
9f698161-bb47-40b4-8034-811a960d9444,0e7d3bd7-4e30-4da4-b182-4a64aff8f675,2024-06-01,2,4,3
10ce7199-178e-400c-ada5-17a98b14e84f,fe68531f-d0fc-41b8-bbf7-5cd8b077cb14,2023-06-01,5,4,4
88a96e43-0919-4e1c-97b9-d907d848006c,fe68531f-d0fc-41b8-bbf7-5cd8b077cb14,2023-12-01,4,3,2
8a189677-2cf2-4790-ab24-4e386185d221,fe68531f-d0fc-41b8-bbf7-5cd8b077cb14,2024-06-01,5,5,3
84f30f4e-c15c-41a8-a4bc-5b565c01b763,acc35cdb-6d42-4140-a3fc-8c9299cef06e,2023-06-01,3,4,2
946c6fd8-86a9-4be6-b9bd-527e4f7f7bbe,acc35cdb-6d42-4140-a3fc-8c9299cef06e,2023-12-01,2,4,1
5b82ecfb-3d6a-48dd-b471-57be48391a78,acc35cdb-6d42-4140-a3fc-8c9299cef06e,2024-06-01,2,4,1
2973bdce-8d9b-4eb4-ba92-06a11516e2ea,cbb5474c-3919-4396-8526-1b5ef18f4dcd,2023-06-01,3,4,1
000e5877-b2b6-4947-959c-787b10e524da,cbb5474c-3919-4396-8526-1b5ef18f4dcd,2023-12-01,2,4,1
4850acb1-3ad9-4fa1-8035-7b916591a04a,cbb5474c-3919-4396-8526-1b5ef18f4dcd,2024-06-01,2,3,3
0677df1a-9fdb-4e66-802f-830926cf89d1,275cfec0-3ac1-46f5-8fb3-7e8926a9162c,2024-06-01,4,2,4
76d85b0c-1b85-4725-9f49-2b2f28e22c7f,7e1d8e45-bdd4-4165-bdff-135f6d4bbbf5,2023-06-01,4,2,2
e1c6dd32-93c0-43a4-9ba6-70c6edb1bc07,7e1d8e45-bdd4-4165-bdff-135f6d4bbbf5,2023-12-01,2,2,2
b47eb1b4-8325-47f5-8fc0-c601730bdd38,7e1d8e45-bdd4-4165-bdff-135f6d4bbbf5,2024-06-01,2,4,2
75c7df01-74b6-4e69-9dfa-24ee77839d6f,8d9ef4d9-703e-4982-96bd-f8ef47180cfa,2024-06-01,2,3,3
066eee99-2baf-4fe4-8c91-ad9791ae4ff8,83cd71af-5486-4dea-8fbd-21279e0b1337,2023-06-01,3,3,4
02069395-ea1a-455b-8031-a644e81edc25,83cd71af-5486-4dea-8fbd-21279e0b1337,2023-12-01,2,3,3
35894a2c-5397-401b-9d7a-f03f3d00c3dc,83cd71af-5486-4dea-8fbd-21279e0b1337,2024-06-01,3,4,4
0a46512c-57a6-4bcb-9d4c-5d8c22aa3bc9,cfc8f1c7-d54a-442e-b5ca-3cf52005311c,2023-06-01,4,4,4
56775197-dda3-4b6e-b1ae-fcf94d3dc33b,cfc8f1c7-d54a-442e-b5ca-3cf52005311c,2023-12-01,4,2,1
655786c2-c947-4d50-8737-525331f75a93,cfc8f1c7-d54a-442e-b5ca-3cf52005311c,2024-06-01,4,4,2
8880c1bf-346c-44fb-aaf2-96afc5b66151,09aa3abb-a394-4796-b3e6-ee41b6705ba1,2023-06-01,2,4,1
91d5fe25-2cf5-42ee-a1dd-0fd1a7dadcb2,09aa3abb-a394-4796-b3e6-ee41b6705ba1,2023-12-01,4,3,4
30b60352-6221-42e9-be6c-15e374a4590f,09aa3abb-a394-4796-b3e6-ee41b6705ba1,2024-06-01,4,4,1
d2fda0b4-ce0b-4271-9b3d-42c8d5448a78,3281be07-2911-467d-b211-72279f21897f,2023-06-01,3,3,3
cc148d9e-98d0-41bb-9a23-653fbdd82572,3281be07-2911-467d-b211-72279f21897f,2023-12-01,4,4,1
50c885b9-1959-4a99-879d-7b308aad4ca2,3281be07-2911-467d-b211-72279f21897f,2024-06-01,3,4,4
8d05bd4e-162d-4290-99bb-6146cec7ce62,7e7abf70-b4ef-4477-96d9-83361a8ec5ef,2023-06-01,3,3,3
51e8407e-4479-4eaf-b942-6cfcff3febc8,7e7abf70-b4ef-4477-96d9-83361a8ec5ef,2023-12-01,2,3,3
6a7bed92-d1e2-4d64-8ef7-492692feff41,7e7abf70-b4ef-4477-96d9-83361a8ec5ef,2024-06-01,1,1,3
ba95aa4d-7577-4e0d-8afb-6ef94106d906,6b083b89-4529-4863-8c76-4a724b18eac3,2023-06-01,4,4,1
701dccba-56a3-4ebb-9ac5-9e1da50b3ab3,6b083b89-4529-4863-8c76-4a724b18eac3,2023-12-01,2,3,3
8e5471ad-49eb-40a9-bc33-8598964373e9,6b083b89-4529-4863-8c76-4a724b18eac3,2024-06-01,3,4,4
17043bd0-89ac-4a08-944e-e7d0c39dec8a,52d4d9d4-288f-4ab2-a4cf-1f1e671b41ed,2023-12-01,2,4,1
b31af23e-3840-492c-8a35-7b1ac88bbcb1,52d4d9d4-288f-4ab2-a4cf-1f1e671b41ed,2024-06-01,2,3,3
5c5bac2c-4d5c-4ca1-a649-2786cbfdb9e2,191c01f7-5cfc-4b26-b082-1852903bd3fe,2023-12-01,3,3,4
46a7d9b7-1bfc-471b-8739-b36d9bdf9bb4,191c01f7-5cfc-4b26-b082-1852903bd3fe,2024-06-01,2,3,1
85efd67c-f96e-4d87-b284-c48c6e15aa94,4d2bcc3b-fb0b-40a1-9d38-38a538841fb8,2023-06-01,4,4,2
00e6e46f-19c3-40dc-8c04-cdb2516aff02,4d2bcc3b-fb0b-40a1-9d38-38a538841fb8,2023-12-01,3,4,4
46008fff-0344-415e-924a-bed295e6cc38,4d2bcc3b-fb0b-40a1-9d38-38a538841fb8,2024-06-01,3,3,1
3e5fea5a-315e-4b37-a6c3-c27ecc2e1300,bfc6287a-3543-4c1a-9d0a-4561ccfa3c9a,2023-06-01,3,2,4
d5212e3d-cae0-42e9-8c7c-13e6417c4245,bfc6287a-3543-4c1a-9d0a-4561ccfa3c9a,2023-12-01,4,3,1
cc1086ae-898e-473c-aeee-4a6ecd117aa3,146ca6bd-7c39-4fb6-b9c3-0d13f6157ab8,2023-06-01,4,2,4
80331e26-2011-4877-9ae2-ec814259e3f5,146ca6bd-7c39-4fb6-b9c3-0d13f6157ab8,2023-12-01,2,2,1
0817126e-a438-443c-999b-97976897d976,146ca6bd-7c39-4fb6-b9c3-0d13f6157ab8,2024-06-01,2,4,3
09d1168b-f315-4af5-b21b-79a5d22a2ec4,2a17b4fb-bf60-400b-9a5a-92976b046a22,2023-12-01,4,3,4
0a9a2709-670f-449f-891f-0f445367fa3f,2a17b4fb-bf60-400b-9a5a-92976b046a22,2024-06-01,4,3,4
ea4ab4ce-ba74-4c10-9ee0-7d3b9f1907d5,19990549-597c-4764-9220-f264aca32878,2023-12-01,4,4,5
fd562e5e-a764-4a46-95c3-7f86655c86cd,19990549-597c-4764-9220-f264aca32878,2024-06-01,5,3,5
2c459827-c988-49fb-9e05-59b9aebfe5cf,e16587dc-749a-4485-8273-481a169a0e9a,2023-06-01,3,3,3
42719be0-5070-4e33-9532-5e1db891c678,e16587dc-749a-4485-8273-481a169a0e9a,2024-06-01,1,2,1
c56f3945-3878-4606-944b-5f3ba9e2fca9,8ff28551-a22d-4654-b397-b1fefab19613,2023-06-01,4,2,2
f2705a48-c896-45f3-9e32-0ea57c5b22b5,8ff28551-a22d-4654-b397-b1fefab19613,2024-06-01,4,2,1
d88bc3b5-6136-4314-be54-383f0ad4df40,cc6727fd-d4c2-4e16-b121-5976965ad709,2023-06-01,2,2,1
d54bec22-052c-4ccc-99ca-00d575d1a893,cc6727fd-d4c2-4e16-b121-5976965ad709,2023-12-01,2,2,1
8532f5dc-e657-4e43-bd8a-daa0e9303d22,cc6727fd-d4c2-4e16-b121-5976965ad709,2024-06-01,2,2,1
6912edd8-c73d-4356-a67d-4a3ba264e1fa,0da49405-2868-4132-9e10-09f396edcbae,2023-06-01,4,2,1
608bcc18-d79e-4206-8ab0-ddfd966f9704,0da49405-2868-4132-9e10-09f396edcbae,2024-06-01,4,4,1
16df3f4b-92f8-4d20-9ba0-4c35174e8d02,536b713f-830d-4ea2-914e-b7fc4b2872ed,2023-06-01,3,4,3
29430af7-d27f-4651-ad04-e82a8cd47278,536b713f-830d-4ea2-914e-b7fc4b2872ed,2023-12-01,2,2,1
fde865a9-ea6e-499a-b7bf-45a27b9f6624,536b713f-830d-4ea2-914e-b7fc4b2872ed,2024-06-01,3,2,4
84a3ea98-a54e-45a3-b70c-2099c913d81e,cd494ebb-2ae7-445c-b8d6-3bc4b4edf2bd,2023-06-01,3,3,3
dfe55b7a-d9f6-4bde-ab46-1e47edbd7839,cd494ebb-2ae7-445c-b8d6-3bc4b4edf2bd,2023-12-01,4,3,2
2c5b868b-30de-4f11-a990-9f4c45e8e383,cd494ebb-2ae7-445c-b8d6-3bc4b4edf2bd,2024-06-01,2,4,1
c62a0990-509a-43a7-b851-23d0f756a74b,d515e15c-23f9-4830-a716-37945599ff64,2023-06-01,4,3,2
9549df57-2b68-473c-80b6-e13b1bc94350,d515e15c-23f9-4830-a716-37945599ff64,2023-12-01,4,4,2
89679ede-fc1f-4396-b133-3858210d1e9d,d515e15c-23f9-4830-a716-37945599ff64,2024-06-01,3,3,1
8c7cf09c-1338-4b6e-aeb1-7b799ec414bd,9c713cec-b034-4143-a6b6-169268504551,2023-06-01,2,3,1
3b4822b3-ca7f-4e04-821e-6eefd6467edd,9c713cec-b034-4143-a6b6-169268504551,2023-12-01,4,2,4
2009f4d4-5a4b-4a5a-8ad3-f0d52de941cc,9c713cec-b034-4143-a6b6-169268504551,2024-06-01,2,3,2
d4df11d3-7ec3-4ca2-b922-797ccf5a52b4,b2f3980e-5c87-495e-84ac-6b945462e7aa,2023-06-01,3,3,1
544a8686-6948-4391-9545-d60002505e94,b2f3980e-5c87-495e-84ac-6b945462e7aa,2023-12-01,1,3,1
bb262870-1b44-4903-9d88-e413d25feb2c,b2f3980e-5c87-495e-84ac-6b945462e7aa,2024-06-01,2,2,3
2eb66cb6-4374-4215-acc7-ad1ec051bc43,1c5c9a8e-80a3-4f6b-9cec-2c3e401188ac,2023-12-01,2,2,2
1a701272-7e94-46d2-9e5d-0bd326b5612f,1c5c9a8e-80a3-4f6b-9cec-2c3e401188ac,2024-06-01,1,3,1
f30b8889-4394-4801-bc0e-5befd876601d,8ce91700-6356-4375-9073-fe670bc1be80,2023-06-01,3,3,2
aefe2391-afaa-447d-86e3-4dfe9a52100c,8ce91700-6356-4375-9073-fe670bc1be80,2023-12-01,2,4,3
f74954a7-e5ec-4dfb-a163-9d48f8174eb3,8ce91700-6356-4375-9073-fe670bc1be80,2024-06-01,2,3,2
b97557a4-a477-4bda-b63e-2e3c6b56649d,8605af7a-e2ab-4b55-ad5b-d181b54a510e,2023-06-01,4,4,1
932cbba0-f215-4159-8fbb-d9d8887cc16f,8605af7a-e2ab-4b55-ad5b-d181b54a510e,2023-12-01,2,4,4
116badf4-c6f6-409f-873d-6a67a804d1b5,8605af7a-e2ab-4b55-ad5b-d181b54a510e,2024-06-01,3,4,2
994c6257-9cc3-4ffe-8be3-0bcc3e35fda7,dda511f7-aed2-4089-b70e-9c39df9af11e,2024-06-01,4,4,5
25b34366-4a0d-4432-b6c4-4fe3cde9f429,0f0635c1-4892-4d16-b2a7-ebb091613e24,2023-06-01,3,2,2
07ec9643-5821-4666-831b-31ac6f3f14a5,0f0635c1-4892-4d16-b2a7-ebb091613e24,2023-12-01,4,2,3
ef040c2e-447c-4552-adf7-57e67610c252,0f0635c1-4892-4d16-b2a7-ebb091613e24,2024-06-01,3,2,1
2cbaa5d2-4f47-432f-bf05-1814bf034d22,adef98ff-891d-4b4e-939c-2ef63e3073f3,2023-06-01,3,2,1
ea852621-df7d-4cf3-8841-76b8cd09ee5e,adef98ff-891d-4b4e-939c-2ef63e3073f3,2023-12-01,3,2,3
79bb3183-da11-4efb-814f-27983a4a0c17,adef98ff-891d-4b4e-939c-2ef63e3073f3,2024-06-01,2,3,1
255e85c7-8b6a-49da-b40c-a496cc2f851c,f087892e-e6ea-44f3-91e8-da44918ea61e,2023-12-01,3,3,3
f37b548e-2e40-4dc9-9719-ef3a68a4b4e0,f087892e-e6ea-44f3-91e8-da44918ea61e,2024-06-01,2,1,1
824a7601-8460-4b9f-8677-f2c5839016e3,f605098a-8ae2-4b53-b433-2964fb8ee3ed,2023-06-01,2,3,1
1dbc89ba-83d8-46e0-b848-d759bc8a79ff,f605098a-8ae2-4b53-b433-2964fb8ee3ed,2023-12-01,1,3,2
8e6d8422-1387-4e08-9b8a-5cc2f4809e69,f605098a-8ae2-4b53-b433-2964fb8ee3ed,2024-06-01,1,2,3
ea3bed72-81cb-4dd2-bf52-06cb88dc4c7d,ef9c038e-0d72-44c2-bcdb-0f2656894b01,2023-12-01,3,2,2
2c9dd90b-63c3-4d43-97b3-98d52cc23917,adeba690-c7dc-4045-adeb-edc1b0e077c8,2023-06-01,5,4,3
3b80686d-9d88-42f9-ad68-6d128b6e48bf,adeba690-c7dc-4045-adeb-edc1b0e077c8,2024-06-01,3,3,3
c1c4303f-d848-4ebe-aa9a-e0cfdb1d111c,1c88d131-db06-442b-8a52-9915dbc7544b,2023-06-01,3,3,3
70a25e0b-419e-4642-9b07-7aaa1b302dc0,1c88d131-db06-442b-8a52-9915dbc7544b,2023-12-01,3,3,1
09b950fd-4d23-445b-865e-5337dd23cf42,1c88d131-db06-442b-8a52-9915dbc7544b,2024-06-01,1,2,1
6af0a996-b76f-4907-9eb4-36f41c582683,b62f8ff9-acd8-4dc7-9cd1-a8810769f4da,2023-06-01,4,3,4
4476a278-9111-4d00-98ce-72a27d5449d6,b62f8ff9-acd8-4dc7-9cd1-a8810769f4da,2023-12-01,4,4,2
ed48a14b-5fb9-48c6-89e1-2543a06c4f43,b62f8ff9-acd8-4dc7-9cd1-a8810769f4da,2024-06-01,3,3,1
afb3cb8e-f165-4e10-b019-8e2256be4f03,7ddad57e-823b-4821-86cc-d79693529898,2023-06-01,2,2,2
c187d9d4-eb4c-44db-999b-62f6250a984f,7ddad57e-823b-4821-86cc-d79693529898,2023-12-01,4,4,1
d64cf52d-e6ca-426f-bedc-3f4dc1e94c15,7969975c-c1d0-4009-81b3-1e2018929b2a,2023-06-01,2,3,2
0101748a-30e3-4dc8-9ccd-aa8795671745,7969975c-c1d0-4009-81b3-1e2018929b2a,2024-06-01,4,4,1
3db1aefb-9d23-469a-9ae6-e0c03569e316,e09062e5-8328-4920-a097-4c3f39ee4f82,2023-06-01,4,3,2
18e58f1b-6b86-4835-a6c0-999aca7377e4,e09062e5-8328-4920-a097-4c3f39ee4f82,2023-12-01,2,4,1
c94da042-e7d6-409f-bdaf-028cfccf8f8b,e09062e5-8328-4920-a097-4c3f39ee4f82,2024-06-01,2,4,3
e422b09f-53fa-4964-a556-49024f9366cf,5f31c788-787f-4ecb-8553-addbf650bc83,2023-06-01,3,2,2
4e161888-305a-45da-8e41-e7ab2dc864e1,5f31c788-787f-4ecb-8553-addbf650bc83,2023-12-01,4,3,1
61bec56a-460c-4695-aa90-01d0be674b20,5f31c788-787f-4ecb-8553-addbf650bc83,2024-06-01,2,4,1
4da06f05-717b-4bc5-a375-2f93f16dac12,0127052a-f096-4894-a079-54d215f9672d,2023-06-01,1,3,1
c646c914-af8b-4b74-869f-0f80748f2839,0127052a-f096-4894-a079-54d215f9672d,2024-06-01,2,1,3
ee1d9dec-a280-4eeb-b039-772b2a8c02ed,069ebd8f-3be5-403d-9ed1-79857e077af0,2023-12-01,4,3,2
0d246972-9a45-4b23-a4bf-bff26b5b63a4,937cabbf-0a2b-43b8-a68b-9693caddfb1b,2023-06-01,3,2,1
36a3a8a3-c450-4818-80bf-ae985dc853e6,937cabbf-0a2b-43b8-a68b-9693caddfb1b,2023-12-01,1,3,2
785bd301-d41e-48ed-a340-5f68aa424da4,937cabbf-0a2b-43b8-a68b-9693caddfb1b,2024-06-01,3,1,1
77ee35a6-af0b-4f42-ad77-17a5487d3a37,088ae012-affc-47d5-8559-acf10ca12c76,2024-06-01,3,1,2
955112b2-015d-4379-ac3b-fa0e6a53f702,96e7e382-845a-409f-bff7-5d69bd2a2324,2023-06-01,3,2,4
4509ac49-b926-4123-8461-e1667fbe257c,96e7e382-845a-409f-bff7-5d69bd2a2324,2024-06-01,3,4,4
5439e826-4720-4d8a-9867-5e9a904b27ba,868026f7-3834-47ee-b79b-c348f576bf3c,2023-06-01,3,2,2
aaff2793-08d7-4665-94dd-5a0d2d4e77a1,868026f7-3834-47ee-b79b-c348f576bf3c,2023-12-01,1,3,3
d9526e65-1de7-49e0-b38d-5b8028e241d6,868026f7-3834-47ee-b79b-c348f576bf3c,2024-06-01,3,2,1
87e44773-2c85-4914-b5fe-3a50507f7c96,5418c9ed-bd49-4560-8cdd-013490d6ed61,2023-12-01,3,5,2
d5f7bef7-b09a-4323-b89b-117c258ec238,5418c9ed-bd49-4560-8cdd-013490d6ed61,2024-06-01,4,5,5
b06bc3dd-8f74-4556-85cb-6dad55c3a8e2,c15b9258-b2b0-4e68-8ef8-8b7bbc49d127,2024-06-01,3,3,3
d213e441-f14a-4861-a4bf-1d36e8af77cf,89df571a-4771-4bb0-8178-0f09cb2c1bb8,2023-06-01,4,5,3
ab32d04d-6b11-4292-9e9c-782036437a0b,89df571a-4771-4bb0-8178-0f09cb2c1bb8,2023-12-01,5,3,3
bff99563-176c-4ae3-8d3d-495fa29e01bc,56d01613-77f0-4cb8-94b9-adfa4264546e,2023-06-01,2,2,1
e856dbb6-3513-4e6f-a997-f80b06548e0a,56d01613-77f0-4cb8-94b9-adfa4264546e,2024-06-01,3,4,3
5489a8c8-a687-4b63-bae8-5d2f0f70cc4c,46a4843c-e136-46e3-9b80-fa4628675d82,2023-06-01,2,1,1
5a23f867-05a4-4c22-8793-bfe64e8636cc,46a4843c-e136-46e3-9b80-fa4628675d82,2023-12-01,3,2,1
c726760d-e864-422a-88e1-8a4e370cfda1,46a4843c-e136-46e3-9b80-fa4628675d82,2024-06-01,1,3,3
02c5be1d-3d4b-4a50-aa37-26649ac64d7f,6c87975b-7e5b-4ca6-a513-66a23630182b,2023-06-01,2,3,2
1d173a24-b509-4bb5-944a-d9affdbf93fe,6c87975b-7e5b-4ca6-a513-66a23630182b,2023-12-01,2,3,3
6e9abe2d-241b-4ff9-b457-fc6bb045e595,6c87975b-7e5b-4ca6-a513-66a23630182b,2024-06-01,2,2,2
26b0cd11-d12e-4324-982e-f1d20765658b,90d9dea0-91ff-43d2-a13f-d2d274002dcb,2023-12-01,2,2,4
064a1f0f-3e4d-420c-824b-476543e95d10,90d9dea0-91ff-43d2-a13f-d2d274002dcb,2024-06-01,2,2,4
9466d595-64ab-4f3e-a999-2dd007f99b91,4378f3dd-9cc1-4923-ad4b-ff5514ac864a,2023-06-01,3,2,2
ff35fced-06af-4365-adf2-348e1aa4fec4,be9ac348-bfe4-4c3a-b577-f4d502256b8c,2023-06-01,1,2,1
c2094ad5-23ae-4844-b17e-1e13d74cc97d,be9ac348-bfe4-4c3a-b577-f4d502256b8c,2024-06-01,2,3,2
e0bb044a-94e6-45c1-aa4f-7a8c33ca21a3,7f0d57cd-9054-49da-9b9c-a873aa435bc9,2023-06-01,4,4,2
55eb4929-6a2a-46e8-8b8e-ead140db82da,7f0d57cd-9054-49da-9b9c-a873aa435bc9,2024-06-01,4,4,1
6acc0a7e-8001-4aa9-aa5d-46d2490a2dc5,1f6b1a9e-67d2-4b45-9497-2a06540ca811,2023-12-01,2,3,1
841efb5f-d3f3-44e2-b6fd-649d46ec19c4,1f6b1a9e-67d2-4b45-9497-2a06540ca811,2024-06-01,3,3,1
9b98c34b-dd93-4dae-a12c-3baeb69cf210,343a844d-4465-4444-a46c-af0d2fe97c97,2023-06-01,3,3,1
45f7deb2-6818-4880-bb88-7714f0b04793,343a844d-4465-4444-a46c-af0d2fe97c97,2023-12-01,4,2,1
c1f81369-e5d2-4e5c-9fef-dc8e16ab2a00,343a844d-4465-4444-a46c-af0d2fe97c97,2024-06-01,3,3,4
7e3d5d3c-2d77-48d7-b1fe-367e81ad4145,7e406db6-f1be-4581-8bee-8fe970b55838,2023-12-01,2,3,4
32984e5f-a932-48e8-9b35-9022bfddf24b,7e406db6-f1be-4581-8bee-8fe970b55838,2024-06-01,2,4,2
98b10d08-3e1f-4cfc-98ac-fdb8389d44cc,cea2eebc-2eda-4606-bd0b-0c03b4646b60,2023-06-01,3,3,1
d074e022-461b-4579-ab7b-79e7d99a0956,cea2eebc-2eda-4606-bd0b-0c03b4646b60,2023-12-01,2,2,1
513cdc13-6132-4daa-b455-b257c425c3cb,cea2eebc-2eda-4606-bd0b-0c03b4646b60,2024-06-01,1,3,1
351a14c8-5deb-4820-baa0-69da64d90f00,5c2adc45-f245-4e3d-b652-99a2294e506d,2023-06-01,4,2,3
f1bc8b75-8e93-4ccb-a136-2f6b47f5a087,5c2adc45-f245-4e3d-b652-99a2294e506d,2023-12-01,3,2,2
2a7cb3d7-e9e4-41b7-aa0f-66ba32abd2a5,5c2adc45-f245-4e3d-b652-99a2294e506d,2024-06-01,2,4,3
7769dd6b-2e03-40e8-bd4f-7635e02627fc,aa79934b-cb38-4551-ad1d-123b4fc0d84a,2023-12-01,4,3,3
66552538-841b-44bc-b116-4bb455b4dd27,5a62fe7d-fe8f-4c9c-a01d-77f55b4982d2,2023-06-01,3,2,1
a83f232e-47c2-4c61-acee-8886a0f2e3c3,5a62fe7d-fe8f-4c9c-a01d-77f55b4982d2,2023-12-01,4,2,4
259e7f9e-5155-44c4-9b09-2f9376660300,5a62fe7d-fe8f-4c9c-a01d-77f55b4982d2,2024-06-01,3,2,2
24a18c9e-f77b-4ac1-9a76-4cb5daea3fe7,2dd42de6-52f6-494f-b3b1-f22dbd7abbdb,2023-06-01,2,3,3
c6390b5b-b50a-40e2-bb2e-b6383d6ed52c,2dd42de6-52f6-494f-b3b1-f22dbd7abbdb,2023-12-01,3,4,4
339f8cbe-f869-4575-b499-2a298169b706,2dd42de6-52f6-494f-b3b1-f22dbd7abbdb,2024-06-01,3,2,2
5feea628-8cf1-4bc6-b3df-f2d36e59a58e,cb350cea-0614-46d2-9fd5-cce839cb892a,2023-06-01,1,2,3
72e281e0-9e96-4cde-8c9c-562b848e2d52,cb350cea-0614-46d2-9fd5-cce839cb892a,2024-06-01,3,3,1
99012369-7698-4303-aabf-8d286cbdce64,249c6ea7-cc10-4ec3-93a0-48ddeefa532a,2024-06-01,4,2,4
21a45c34-76e5-479c-935a-cd16984e83a6,1e1c3236-b91d-48fc-9ad2-738c2a2b2e69,2024-06-01,4,4,1
6979c75f-cc50-4493-87aa-ebed18fe6fb9,cfb6203e-4529-4a7b-8656-3bb53768ab4e,2023-06-01,2,2,3
da821f2c-d5b7-4764-95b0-dea03df784ce,cfb6203e-4529-4a7b-8656-3bb53768ab4e,2023-12-01,1,2,1
b0cbb27a-55aa-43c7-b0a5-67cf82d8772d,cfb6203e-4529-4a7b-8656-3bb53768ab4e,2024-06-01,2,1,1
edeb9b28-abfe-42af-a259-357ec034ae2e,b3663891-6ab9-42ec-96f9-d755e9c7dd4c,2023-06-01,1,1,1
0cbdb7c3-008d-48e7-a529-9a3597e350eb,b3663891-6ab9-42ec-96f9-d755e9c7dd4c,2023-12-01,1,3,3
27cd8d77-f109-4c6d-a87a-d90fdf80a9fa,b3663891-6ab9-42ec-96f9-d755e9c7dd4c,2024-06-01,1,3,1
31f1bfbd-7cc9-4ee2-977d-715cbd7f48c2,e15a58f5-b608-4bc8-93f8-d9e848934639,2023-06-01,1,1,3
54d5cd64-a5ec-4dbd-8bba-f72208fce15d,47173be0-9f93-4177-b414-2f95e44162b1,2023-06-01,2,3,2
0eccea3b-cdf6-4f71-b412-dccabe816d60,47173be0-9f93-4177-b414-2f95e44162b1,2023-12-01,2,2,2
340cbdaa-08cd-4c94-8de0-1dc9b61d78fe,47173be0-9f93-4177-b414-2f95e44162b1,2024-06-01,4,4,3
04ce7daa-7ab4-48a9-8cbc-435f866d27a2,daf2b43a-e08b-41ff-b3f5-f7d5cb5e11b7,2023-12-01,1,2,1
faeaf911-33e5-4922-a91a-15b56b84a392,daf2b43a-e08b-41ff-b3f5-f7d5cb5e11b7,2024-06-01,1,3,3
246388a7-ae57-4c3e-b5e9-58357d509e62,f72e2e39-f288-4bcf-b1fc-b3926b61e7a0,2023-06-01,3,4,1
39c71a7d-22a4-468a-96ff-a1ba217e8ebd,f72e2e39-f288-4bcf-b1fc-b3926b61e7a0,2023-12-01,4,4,4
84253f95-99ef-42a8-b0b2-51d1aacd2222,3468031c-5ae6-4384-9660-19ac14697b4f,2023-12-01,4,2,2
9d41569a-13e8-40ef-92cc-6659c8ccab01,3468031c-5ae6-4384-9660-19ac14697b4f,2024-06-01,2,3,2
1ec3e3cf-45d1-430f-8e6d-4aa5a49c95a0,1ecbca75-dae5-468f-9bf3-f89bd6eb8187,2023-06-01,4,3,2
067d1f63-ca94-475a-8fdd-087eeb0ec2ae,1ecbca75-dae5-468f-9bf3-f89bd6eb8187,2024-06-01,2,4,4
b37c6b90-dffe-4234-a47a-888dc8536808,ec3b260f-abb4-49e2-adb6-689effd80023,2023-06-01,1,3,3
10505e52-d5b1-498f-81b9-238da89d38ee,ec3b260f-abb4-49e2-adb6-689effd80023,2023-12-01,1,2,1
db57b4db-3f19-4343-b43f-912ca74c4363,ec3b260f-abb4-49e2-adb6-689effd80023,2024-06-01,1,3,1
19a9d1dc-fbc4-4c33-ac66-e607e6fb6400,2d091cf2-0ad5-4444-98a8-4ed7bdbed977,2023-06-01,3,2,4
3331bf8a-7786-4236-8977-f2743195cc75,2d091cf2-0ad5-4444-98a8-4ed7bdbed977,2023-12-01,3,3,4
7f7744cb-f635-41e3-b7be-a8b92277be65,c3a674a4-e305-4c2a-a198-8f31857a4562,2023-06-01,3,3,1
7a90a255-7569-4332-aea5-8a7aa0c3b635,c3a674a4-e305-4c2a-a198-8f31857a4562,2023-12-01,2,3,3
c0697642-de34-4a4b-9bb1-2454265983de,c3a674a4-e305-4c2a-a198-8f31857a4562,2024-06-01,1,2,2
c8fc52e6-7065-4e11-ae11-e0460c643542,a82da437-50f0-4521-b6aa-ee2dcfb9f80e,2024-06-01,2,4,4
7b0371c0-db1e-4eab-821a-a9c46374f7e2,97aa3c2a-41e6-4df7-8d1b-4b55270f141a,2023-06-01,5,5,3
774b18f0-98ba-40e2-87c5-34cfd1868c22,97aa3c2a-41e6-4df7-8d1b-4b55270f141a,2024-06-01,4,4,4
0a00ab69-3371-4774-984d-0eefe39a3653,55a83463-a9ca-4df2-ba6c-109647adbc4e,2023-06-01,4,4,3
6ef89194-a6d5-4bbb-8e7e-18eeb57667db,55a83463-a9ca-4df2-ba6c-109647adbc4e,2023-12-01,5,3,4
58e60161-67d8-4196-bfbc-48f2f520f99e,55a83463-a9ca-4df2-ba6c-109647adbc4e,2024-06-01,3,4,3
cf4efae6-be0b-4cd4-a415-75fba4b2b1d3,8b0f8226-6bb3-4b2e-b0cf-838f2e123578,2023-06-01,2,3,3
212b9b5c-02f7-4a03-b975-84547fcb92c9,8b0f8226-6bb3-4b2e-b0cf-838f2e123578,2023-12-01,2,3,2
639f7e05-f12c-440a-8589-aaeb5466c798,8b0f8226-6bb3-4b2e-b0cf-838f2e123578,2024-06-01,3,4,1
7d429754-8bfd-42a1-a6b2-820975e37198,f02e33b8-8bcb-477e-9a03-3bbd37ef8fdf,2023-06-01,2,3,3
35638d79-fb62-456d-815e-050f30509a4f,f02e33b8-8bcb-477e-9a03-3bbd37ef8fdf,2023-12-01,4,2,3
72596854-4116-4abf-b377-f687b9c47eed,f02e33b8-8bcb-477e-9a03-3bbd37ef8fdf,2024-06-01,2,4,1
73bffca6-5352-4e99-a32f-f40b0d37bcc7,a9f566c2-a9a4-4b0e-afb2-4c4125f4ba08,2023-06-01,2,2,3
78b67b7a-63d7-404c-8f4b-3a46afc33115,a9f566c2-a9a4-4b0e-afb2-4c4125f4ba08,2023-12-01,3,3,4
e17afc6f-7d9d-4b27-b0b3-93dc5211baea,a9f566c2-a9a4-4b0e-afb2-4c4125f4ba08,2024-06-01,3,3,3
2783b4ce-7c38-4ff8-af6a-a16f0f472c63,8d8cb1c6-1f6a-4815-a11d-3baec4df1695,2023-06-01,2,4,4
c1546bfa-9b50-479d-9f81-607acf8f6cde,8d8cb1c6-1f6a-4815-a11d-3baec4df1695,2023-12-01,4,3,4
83b95352-53a6-43fd-af8c-aebf83b29c9b,8d8cb1c6-1f6a-4815-a11d-3baec4df1695,2024-06-01,2,3,4
e1964fa1-de5b-4666-9279-4473bea984d9,dc2f2071-afe8-4f69-9459-a079dd79b881,2023-06-01,2,2,4
b69f9435-176f-43bc-a53f-f906a9711e94,dc2f2071-afe8-4f69-9459-a079dd79b881,2024-06-01,3,4,2
653b7839-d848-46fc-a34a-d57e9b189679,f02d236c-e2a9-46b5-b653-568971ce26f6,2023-12-01,3,3,1
7ea49ce6-d8af-45ff-8be1-e9f38278b12d,f02d236c-e2a9-46b5-b653-568971ce26f6,2024-06-01,1,2,1
5f9cc04d-0e46-40da-a2ca-5b5a947b8212,046e35af-6ab1-4222-b895-20ed1a9a0929,2023-06-01,4,2,1
eabde6b3-a5e6-48ff-b657-af0d3dcc3fe6,046e35af-6ab1-4222-b895-20ed1a9a0929,2023-12-01,3,3,3
641f3ffc-48a0-4558-88b2-9ce40f3139d6,046e35af-6ab1-4222-b895-20ed1a9a0929,2024-06-01,2,4,3
9d924e48-3822-4129-83de-cd0b496796cc,9131cb47-86da-419b-91f1-52d7a19ba080,2023-06-01,3,2,2
d1d67cf7-846f-4675-a98a-adbec1c3635f,9131cb47-86da-419b-91f1-52d7a19ba080,2023-12-01,2,4,4
fc2e9d1e-d45e-42e8-ad41-ccfc790f9f79,9131cb47-86da-419b-91f1-52d7a19ba080,2024-06-01,4,3,4
af836516-a9ad-4e77-a73c-904ab86c0899,447b7c9e-220d-431f-a81e-1c6354ee6230,2024-06-01,3,3,3
8f2083ec-de08-4132-acd1-2ce76c4a44b8,ebab6662-070a-419b-80c3-f194ddd1606d,2024-06-01,4,2,3
5f70fe5a-f584-40f0-8da0-a137ab75bb88,7fcedad5-94b0-40a8-8de2-b161e5f4d014,2023-06-01,3,3,1
689dbd83-0a40-466e-bf0e-8d2edb368ffc,7fcedad5-94b0-40a8-8de2-b161e5f4d014,2023-12-01,2,3,4
3ce7b2fe-b0cb-4aeb-910a-af3a947044a5,7fcedad5-94b0-40a8-8de2-b161e5f4d014,2024-06-01,2,3,3
1846c8d2-1825-493b-b1c1-9c8f08127b5b,503ae7cb-cdd6-4e41-a27a-3107bcb0ae91,2023-12-01,2,2,1
2be87043-b516-42d5-94c9-34fbe66fd084,503ae7cb-cdd6-4e41-a27a-3107bcb0ae91,2024-06-01,3,3,1
38725166-810f-4446-a546-9fd0e77f57cc,0a66f92a-039d-42b4-abef-c527a3f1157c,2023-06-01,3,3,1
526ecada-5630-4c5f-84b5-8528132c371a,0a66f92a-039d-42b4-abef-c527a3f1157c,2023-12-01,4,3,1
d22cc138-1d4e-4e87-83b0-dd1afc9bc3b1,0a66f92a-039d-42b4-abef-c527a3f1157c,2024-06-01,3,2,2
71480e8f-a2a8-4361-b7e2-13b6ecbaf366,aeef3b46-7c4a-41c2-8655-dacda1d4c92f,2023-06-01,2,3,2
fd87d12e-cb58-4e97-b422-2e3799bb3452,aeef3b46-7c4a-41c2-8655-dacda1d4c92f,2023-12-01,3,3,1
a09a540b-fdf8-41ce-ab21-39e3a4d16552,aeef3b46-7c4a-41c2-8655-dacda1d4c92f,2024-06-01,1,2,1
37d0d272-0897-4880-95d6-3af5c72fa0ed,74d41aa4-3b21-401c-a924-87fedaacb0a9,2023-06-01,2,4,3
2dae37d8-53db-418c-be3d-8fa770399911,74d41aa4-3b21-401c-a924-87fedaacb0a9,2023-12-01,2,2,3
e4b0d5e7-f775-43a4-a8d8-de4754c799fc,74d41aa4-3b21-401c-a924-87fedaacb0a9,2024-06-01,2,3,3
ce6fce99-3094-47da-a408-dc89796a08e6,3414631f-ae1b-49cc-afab-39b96b9779ab,2024-06-01,1,2,3
58c51bb8-56c6-4991-a9e9-c253bd9269ec,58ce0f3c-6201-4a45-b875-e5eff56a6ade,2023-06-01,5,3,4
178b0598-d81e-4080-af51-ff3d1b7ad24b,58ce0f3c-6201-4a45-b875-e5eff56a6ade,2023-12-01,3,3,4
945fc2c3-1915-4844-9165-512bf069ba46,58ce0f3c-6201-4a45-b875-e5eff56a6ade,2024-06-01,4,4,5
ccb083ff-5b92-4b26-b1d6-fbf4a1a500aa,0f979152-581c-4fd6-be6d-42353b9c85f6,2023-12-01,3,3,3
9b9db18a-7971-4efc-91bd-3f3f711bd84d,0f979152-581c-4fd6-be6d-42353b9c85f6,2024-06-01,3,3,1
bf2c17cd-ae8a-4f04-9889-7008dd9cd86e,8407ad97-7a16-4a8d-87af-4071369e1796,2024-06-01,1,3,1
161fee61-817a-4dda-bcc2-010b3dce510d,79e1dc34-5e53-496b-9f4f-29f75c9e0a43,2023-06-01,4,4,3
288076c9-38a4-4cc1-aa21-77b96fb6afd6,79e1dc34-5e53-496b-9f4f-29f75c9e0a43,2023-12-01,3,3,4
40f44255-fbb5-4204-90ab-56400c36a16e,79e1dc34-5e53-496b-9f4f-29f75c9e0a43,2024-06-01,3,2,1
405ef6d3-ecd4-40c0-9fd0-77780c3976a9,8808d0d9-7b90-4482-8b99-e50164b8f1ca,2023-06-01,4,4,2
cec0a12b-3467-4450-b438-555405f4ed77,8808d0d9-7b90-4482-8b99-e50164b8f1ca,2023-12-01,2,2,4
f0e75473-8edd-41a4-8ba1-254c56351909,8808d0d9-7b90-4482-8b99-e50164b8f1ca,2024-06-01,2,2,3
48ad344d-2e2e-4fa0-8972-15a1e1de1e98,a24f9987-1898-49ad-af10-29a8f40a92be,2023-06-01,3,2,2
c813cabb-f910-4b84-9846-955a63045598,a24f9987-1898-49ad-af10-29a8f40a92be,2023-12-01,2,3,1
edba96d0-3b83-4c57-b1b6-9636f15c4907,a24f9987-1898-49ad-af10-29a8f40a92be,2024-06-01,3,3,1
47924b37-69ca-4a53-99ae-45289d5886f2,1cf45958-68fd-4f04-8f79-b0756ad19915,2023-06-01,3,4,3
6ca96de1-3543-49d9-bb4a-bd460de2d396,1cf45958-68fd-4f04-8f79-b0756ad19915,2024-06-01,4,2,4
54590ca9-8b22-4619-8674-0b578a179257,0d05e1f9-c392-4164-8b03-1eebf9d8713c,2023-06-01,2,2,1
98922cab-5dea-40d3-85bc-44c2bd8b1d53,0d05e1f9-c392-4164-8b03-1eebf9d8713c,2023-12-01,2,2,3
ffa77606-aa49-47ca-9921-72cd432d3acb,0d05e1f9-c392-4164-8b03-1eebf9d8713c,2024-06-01,3,1,1
1935537c-c502-4743-88b0-ce65dc669373,c14d22eb-8000-4ea6-8b9a-f6b553849931,2023-06-01,3,2,2
89e2b02f-faf0-4b66-9c04-ed158765526f,c14d22eb-8000-4ea6-8b9a-f6b553849931,2024-06-01,2,2,1
a6b0d243-9fe5-47ab-9db4-eb7ba8ccaaa7,f414b8c5-935d-4617-9c96-beaf04dad2ac,2023-06-01,2,3,2
c9ccc8bf-ff80-41c3-a78b-741d07b0ca0c,f414b8c5-935d-4617-9c96-beaf04dad2ac,2023-12-01,3,4,4
0270f122-3f2b-4aa9-bf62-c515b285f992,f414b8c5-935d-4617-9c96-beaf04dad2ac,2024-06-01,3,3,1
80bab3cb-f1fe-49db-8324-f48bfe1e3abe,5fb10d36-f557-4dde-a1d2-0080bfa17fb4,2023-06-01,4,3,2
29e2adaf-a7cc-4479-afba-fc678ed192b8,5fb10d36-f557-4dde-a1d2-0080bfa17fb4,2023-12-01,2,2,3
8f9e528d-e606-44e2-8b5b-9f79573c94bb,5fb10d36-f557-4dde-a1d2-0080bfa17fb4,2024-06-01,4,3,4
1f12ad09-9f6e-481f-aa50-c06d51f00fb4,0109d323-4161-4e28-bf83-7c563194813e,2023-06-01,2,1,1
4cdc044c-ac4a-4b49-b66f-ad180ec3e718,0109d323-4161-4e28-bf83-7c563194813e,2023-12-01,2,2,3
85816435-6a88-499b-8909-7654f037a1a2,0109d323-4161-4e28-bf83-7c563194813e,2024-06-01,3,2,1
cc0e3315-252a-4085-aff6-e23b88bc729f,59216969-7653-4665-9dd5-6e3a57979169,2023-06-01,5,5,4
23d35336-60e1-4313-8319-faf375122824,59216969-7653-4665-9dd5-6e3a57979169,2024-06-01,4,4,2
20346021-7dfa-409b-a47d-a0a65a6a087b,dda36fe2-c32a-4cc2-89e6-a41fd9ac199c,2023-06-01,2,3,1
89b65008-b1c2-40be-ba3a-02c1c4752876,dda36fe2-c32a-4cc2-89e6-a41fd9ac199c,2024-06-01,1,1,1
58e801d3-fa40-492c-85e1-8b84e41d1b45,6ee03486-2af8-4fbf-98ab-16affaa26892,2023-06-01,4,5,3
73137cf0-54eb-4477-afb4-e66bc256253b,6ee03486-2af8-4fbf-98ab-16affaa26892,2023-12-01,4,3,2
4d42cb0d-8c8c-4ed0-9580-126592fcf8bd,6ee03486-2af8-4fbf-98ab-16affaa26892,2024-06-01,4,4,3
85890cbe-765b-4f2e-9e26-d7e3f725c2ac,7d7f1c90-59d0-4f5c-b861-463d64ae44d4,2023-06-01,2,3,3
a5ab4274-04a3-45b3-8414-45f13ee80129,7d7f1c90-59d0-4f5c-b861-463d64ae44d4,2023-12-01,3,3,1
c61d0b42-066a-44fd-8c45-85fef7e92ef8,7d7f1c90-59d0-4f5c-b861-463d64ae44d4,2024-06-01,2,2,2
d465efcf-1bb5-4f95-9df1-bd406201c387,f35713e7-6b72-4672-afa6-7e7266e0b9f2,2023-06-01,5,4,5
aa42d8a2-bcdf-4973-a2cf-54dfd9b494cc,f35713e7-6b72-4672-afa6-7e7266e0b9f2,2023-12-01,5,5,2
aa70ecc3-ad9e-475e-9061-7eba7b3afe97,f35713e7-6b72-4672-afa6-7e7266e0b9f2,2024-06-01,3,4,4
b90dbe76-20d5-4cf1-a59e-033a2db1c640,87c433b2-be5d-4884-ba5b-ca1d22f62d29,2023-06-01,3,3,1
7108794f-c923-4e45-8dd3-cea973596bfe,87c433b2-be5d-4884-ba5b-ca1d22f62d29,2023-12-01,2,4,3
8b322ef3-8e34-4bda-a8d1-294dfca931ab,16be0ce7-92a6-44c9-abf8-69e090239e1c,2023-06-01,3,2,1
981f60e5-2141-4559-8eab-08efce7ecb5b,16be0ce7-92a6-44c9-abf8-69e090239e1c,2024-06-01,4,4,2
87ebbab4-4a74-433d-acd4-1eb8079b144b,d9884cf9-07aa-47b6-8cb4-bec397be7d49,2024-06-01,3,4,3
e625cbbc-0c9a-437a-b041-cf5622c24221,2e80c806-da33-43ff-bdf8-c4f43f30b9ad,2023-06-01,3,4,3
ddc60215-43ca-4a96-8160-5adb6065b078,2e80c806-da33-43ff-bdf8-c4f43f30b9ad,2023-12-01,3,5,5
f17cea44-6523-472a-8807-3f14e0b138f3,2e80c806-da33-43ff-bdf8-c4f43f30b9ad,2024-06-01,5,3,5
1d7ef8b2-e1b0-4b1f-8487-75c14d873e9b,589e3d5b-f608-44f8-aa82-0c9c2238abb5,2023-06-01,2,4,3
43022ee2-aed7-4ab4-958c-24c55bb6e874,589e3d5b-f608-44f8-aa82-0c9c2238abb5,2023-12-01,2,4,4
d96c89ac-bfc7-4dde-a464-7ba653a8666e,589e3d5b-f608-44f8-aa82-0c9c2238abb5,2024-06-01,3,4,4
9a313af6-dcdc-42c0-8133-d2ba8b13d34a,c00d5da4-bc6b-47cd-b7d9-69cccf1dc78b,2023-06-01,3,3,3
cba6e8dc-cb4b-41d2-95bc-8330a3caba05,c00d5da4-bc6b-47cd-b7d9-69cccf1dc78b,2023-12-01,5,3,4
4082cfdd-e34f-4415-a384-5a20f11e84cb,c00d5da4-bc6b-47cd-b7d9-69cccf1dc78b,2024-06-01,5,4,3
a2846952-aba8-484a-9a67-ae82c35c93a9,97abfefc-be61-4a18-8f02-9808dadf85a1,2023-06-01,4,3,5
b22d45a0-76b9-4eae-919c-76e169b98ddf,97abfefc-be61-4a18-8f02-9808dadf85a1,2023-12-01,5,3,4
fffb1c16-a160-4ce1-b75b-c1fb0870a863,97abfefc-be61-4a18-8f02-9808dadf85a1,2024-06-01,3,5,3
d881cc3e-d29f-49db-b4fc-9380475b061b,3ea381de-26bc-44e5-a2bc-980fa5d8d0e9,2023-06-01,3,2,2
c46702d2-aa94-4d36-a282-8012d8125dbd,3ea381de-26bc-44e5-a2bc-980fa5d8d0e9,2024-06-01,2,3,1
a8d8bd1b-1fe3-443c-97c0-3329e041611f,ddaa2e49-da63-4c05-88b5-f27cebbc40a6,2023-06-01,3,2,1
f7e80ab7-2517-4adf-ae39-d42efc805f9e,ddaa2e49-da63-4c05-88b5-f27cebbc40a6,2023-12-01,2,3,2
c55d56eb-1d2d-4ac5-bd40-59638c4c58b3,ddaa2e49-da63-4c05-88b5-f27cebbc40a6,2024-06-01,3,4,3
1ee6a912-1c93-4e49-b9f7-32469bc051fa,70112751-bcfc-463c-a5b5-29f52ebe9011,2023-12-01,4,4,4
d26dd20e-4d48-4d6a-877f-05c3b798a589,70112751-bcfc-463c-a5b5-29f52ebe9011,2024-06-01,4,3,1
e267c1c5-d080-406e-a3b4-3c4f7248e172,0257d09f-3104-4f33-9d2a-fabf02ff775a,2023-06-01,4,3,2
0efd36a5-0604-4fdd-887a-08f975c83e2a,0257d09f-3104-4f33-9d2a-fabf02ff775a,2023-12-01,2,3,1
a6a5ed5c-aa3f-4997-85ae-03bce12a7bd3,0257d09f-3104-4f33-9d2a-fabf02ff775a,2024-06-01,2,3,3
df83c307-fbbe-4e09-bc71-54a60f5574d5,037d99b9-d6ed-48d8-84f3-d574cb4181cd,2024-06-01,3,1,3
618080f1-7f56-49f8-b7de-f7dacbd3807d,69b97502-74b9-4a32-9d20-bef5da97a0f5,2023-06-01,4,4,3
af4597c6-5cda-463e-a725-b5ac0673189b,69b97502-74b9-4a32-9d20-bef5da97a0f5,2024-06-01,2,4,2
a07870c2-a1fc-474b-8228-d6de15b4dda3,07175cad-6ef8-4e22-9520-8384bd845e43,2023-06-01,4,2,3
3973bb9f-39a5-4225-9a5b-a8ad4e0abd9e,07175cad-6ef8-4e22-9520-8384bd845e43,2023-12-01,4,4,2
974b1a26-a062-4534-87f5-9f119739d743,890e4121-29a8-40af-be09-14938bb3d3b4,2024-06-01,3,3,2
90c41fd3-dbf8-4109-9d87-d41372139978,d74dda28-3516-4966-a0f4-14cf6144b912,2023-06-01,3,1,1
c989a4ef-4144-4b73-bb0b-7f66f57554b4,d74dda28-3516-4966-a0f4-14cf6144b912,2024-06-01,1,1,1
f68f0cec-c2e1-4af9-84b8-453668897eff,2442a6b9-f1af-48fb-8407-5b3e921c8fda,2023-12-01,4,4,3
8e2391b9-a9bc-4068-84ad-fe6a90522925,2442a6b9-f1af-48fb-8407-5b3e921c8fda,2024-06-01,3,3,4
14dd5f65-b4d4-4aaa-b86b-c69bf7737278,e390b1f4-3c9f-4a82-87cb-8a2f18710f42,2023-06-01,3,3,3
818d4e26-c7ac-4df1-a567-c32d6e96af32,e390b1f4-3c9f-4a82-87cb-8a2f18710f42,2023-12-01,3,5,5
3c21ef20-13be-44b8-ad58-21debe84fceb,e390b1f4-3c9f-4a82-87cb-8a2f18710f42,2024-06-01,5,5,5
53e2533f-06db-4f4f-8f9f-96cb04b30211,5497aa38-7bb2-4741-a8e0-60b866a80f0b,2023-12-01,4,2,2
8dab8932-aa54-43fe-9824-fc909f928d9b,5497aa38-7bb2-4741-a8e0-60b866a80f0b,2024-06-01,2,3,1
a864bb15-f91d-4e40-8848-0b43454d60cc,df96ed8a-99c7-4186-b153-18d095adc6ea,2023-12-01,4,4,2
4c6b5117-be00-4d70-a62a-864172637a96,253a8c43-5955-4509-9be4-ce79c6fb9fb8,2023-12-01,3,2,2
2d2553f6-9206-4ae3-a984-49eab144ddd1,253a8c43-5955-4509-9be4-ce79c6fb9fb8,2024-06-01,4,4,3
8904eab2-6a24-4713-abe2-0826c29d141f,3512e4b7-9720-45a6-bb9c-f0a8ffdab228,2023-12-01,5,4,2
9822584e-1a04-44e5-9d5a-9ac0f29d00b0,3512e4b7-9720-45a6-bb9c-f0a8ffdab228,2024-06-01,3,3,5
053e26c9-a599-4311-99e7-e864c0149d33,3f91b2b7-025c-4157-8493-e8226acdb09f,2023-06-01,3,2,3
faf7c1fd-a52b-4344-95ce-74b9373ae65e,3f91b2b7-025c-4157-8493-e8226acdb09f,2023-12-01,4,2,3
a75a1e0a-f056-4495-89be-5633b5adcf2b,3f91b2b7-025c-4157-8493-e8226acdb09f,2024-06-01,3,4,4
9742d620-9378-4944-9e3c-80e4864116b7,5b1bcb5f-785b-4b1f-9af1-33af37434b49,2023-06-01,3,2,1
3663f68a-cd44-4357-be4b-f0e1c37d2504,5b1bcb5f-785b-4b1f-9af1-33af37434b49,2023-12-01,1,3,1
fd083f3a-e6b8-41e2-aa45-5418e70ff167,5864f214-bd67-4c85-adaf-525b230f7695,2023-06-01,3,3,1
2df75a0f-e3d0-4ecf-bdfa-d22ce937b84a,5864f214-bd67-4c85-adaf-525b230f7695,2023-12-01,3,2,2
40213e3f-cb37-4635-ac29-1c05c216ee97,5864f214-bd67-4c85-adaf-525b230f7695,2024-06-01,1,3,1
fa06ecc1-e5bf-4e21-abb2-1b475712f823,74f277ad-882f-44ab-bd8a-49915a7554d4,2023-06-01,2,2,3
8cd6d7b4-cd1d-40fc-b7f4-b3d5ddde8037,74f277ad-882f-44ab-bd8a-49915a7554d4,2023-12-01,1,2,3
f883d40e-8e30-4ddd-9a8a-09582805f08a,74f277ad-882f-44ab-bd8a-49915a7554d4,2024-06-01,2,1,2
f269d340-7139-4f08-a4c8-7ec5cee21d68,8042e115-f293-4d84-a3be-b9c143a94c75,2023-06-01,3,3,2
b0d99d4b-28a3-40be-983c-f615cd9ea9c1,8042e115-f293-4d84-a3be-b9c143a94c75,2023-12-01,3,3,1
003a832c-a94f-42ee-a14c-291337c29129,8042e115-f293-4d84-a3be-b9c143a94c75,2024-06-01,3,2,1
9b7b3ce1-f733-4bfc-a3a1-cbd3e75d604c,20a1548d-dd08-4a7c-90a7-089d991d8c37,2023-06-01,1,1,2
3d0d2930-67af-4a0c-bf80-a050b07ef00c,20a1548d-dd08-4a7c-90a7-089d991d8c37,2024-06-01,2,2,2
ae5d5408-5d90-4248-a4fb-bd8d9aed4eb7,8250408b-88d4-412a-9ad8-9c63dcc6a920,2023-06-01,2,1,3
a83b9a45-3f83-40f1-be8f-9b3c8cc9a810,8250408b-88d4-412a-9ad8-9c63dcc6a920,2024-06-01,2,1,3
ebe04674-3397-40f4-872c-fa042d2d4f14,b3deabad-d6c4-4cf4-8485-aa7d5eb6bf5c,2023-06-01,4,4,3
dc431bf3-8449-4e9b-8fd3-a424b6f963e0,b3deabad-d6c4-4cf4-8485-aa7d5eb6bf5c,2024-06-01,2,4,2
d87d04e6-72c7-40da-9fa9-8a2ccb8acff5,fe30f2a1-6b0f-4904-8d3f-3f8e3210e9aa,2023-06-01,2,2,1
262b72b6-6e55-4ea6-ad10-7ccf599c2d69,fe30f2a1-6b0f-4904-8d3f-3f8e3210e9aa,2023-12-01,4,2,3
b961c687-d532-4226-9bba-2f32f9eb88b6,fe30f2a1-6b0f-4904-8d3f-3f8e3210e9aa,2024-06-01,4,2,1
75321cbb-040d-4d0e-b162-1957832f0fff,b8778e8e-6df6-48b8-81b7-d8bfeed50620,2023-12-01,3,2,1
e039a606-d418-41e2-a8df-4d8b6e6e31eb,b8778e8e-6df6-48b8-81b7-d8bfeed50620,2024-06-01,2,1,2
a678e668-4eb7-4534-835c-89cfb1993e4a,57d83a62-d893-459e-998f-2c7ad992da6f,2023-06-01,4,2,3
0c99dc83-13ae-479e-b904-5e16194efd27,57d83a62-d893-459e-998f-2c7ad992da6f,2023-12-01,2,2,2
7c19b3ca-9d1f-47d9-946f-ebd8dbbf0ea7,57d83a62-d893-459e-998f-2c7ad992da6f,2024-06-01,4,4,3
4f44e857-2b48-4513-8285-c84293251e18,3a5ac978-f1f5-4ec8-b1e4-8f2e09361d7d,2023-06-01,4,2,4
5a861090-69d3-40bf-8579-1ba43142b1bb,3a5ac978-f1f5-4ec8-b1e4-8f2e09361d7d,2023-12-01,4,2,2
9652c699-9530-4eeb-9fe2-8a7aa27bb8cb,3a5ac978-f1f5-4ec8-b1e4-8f2e09361d7d,2024-06-01,4,4,1
7eeba868-76e9-4b1e-a74d-5f42e24976b9,8fb060d9-6ef7-4ebc-9c5e-40c6f25a41f4,2023-06-01,2,2,1
d300aced-4b99-4217-9e50-7170a121e699,8fb060d9-6ef7-4ebc-9c5e-40c6f25a41f4,2023-12-01,3,3,2
bf85196b-ce7a-4911-af1e-811e20574860,8fb060d9-6ef7-4ebc-9c5e-40c6f25a41f4,2024-06-01,1,1,3
05bc56c6-d419-4909-a9a1-8c5a83ed8b33,aeb942b7-d0f3-4c4c-bbfe-b0ac96effcbb,2023-06-01,2,3,2
898a2156-9f6b-4923-a7ff-e8a4e8d6bf09,aeb942b7-d0f3-4c4c-bbfe-b0ac96effcbb,2023-12-01,2,4,1
97187fa9-a03b-40c2-9871-66121147eecb,aeb942b7-d0f3-4c4c-bbfe-b0ac96effcbb,2024-06-01,2,4,4
029198f8-3d0a-4bbd-a3f5-2a5b5c299583,110861bf-b09d-4198-9f1a-24daae3f31c1,2023-06-01,4,2,1
f42d8f48-0fb6-4ca2-9a74-5ff8dbf6c2ac,110861bf-b09d-4198-9f1a-24daae3f31c1,2023-12-01,2,2,3
2cd65a35-68f7-4c71-886f-93f590acb5a4,110861bf-b09d-4198-9f1a-24daae3f31c1,2024-06-01,3,3,1
c32d2afd-05eb-4898-8614-59ce5a3156fb,550758cf-6f5f-4e32-b42d-640ffd9f6ac3,2023-12-01,4,4,2
cf1b23f5-0263-4997-b1db-0b8b54583b4a,550758cf-6f5f-4e32-b42d-640ffd9f6ac3,2024-06-01,3,3,2
dafda949-3418-492f-9d00-6ac720622ac3,698422ab-59b8-4b33-b9cf-af9dfe7bf128,2023-12-01,4,3,4
22b75b33-2541-48a6-8079-5c02946fa51c,698422ab-59b8-4b33-b9cf-af9dfe7bf128,2024-06-01,2,2,4
329a5237-de2c-4191-bf63-643e995af3c8,0e3d50b0-9f6d-4027-944f-eb939f49d418,2023-06-01,4,5,2
0ad9c0e9-dcb1-4400-a45c-adf39dee73f7,0e3d50b0-9f6d-4027-944f-eb939f49d418,2023-12-01,4,3,4
5ca4ba34-ff23-414e-9d14-888d33634922,0e3d50b0-9f6d-4027-944f-eb939f49d418,2024-06-01,5,3,5
1a60d331-f178-4439-b865-ecb81a2105ae,f2bdf4b4-cad7-4890-a8c2-571c3c5f3c5b,2023-06-01,3,3,3
bbb61eff-99cc-4858-8f9d-e90776a0f289,f2bdf4b4-cad7-4890-a8c2-571c3c5f3c5b,2023-12-01,3,3,2
45d23e65-bd60-4743-981c-385a3cde57c2,9cbd56bb-a752-41ee-9183-80a1cbb27b38,2023-06-01,3,3,3
c7817a64-c6bb-4fc8-870b-f71be908b52d,9cbd56bb-a752-41ee-9183-80a1cbb27b38,2024-06-01,2,4,3
02583ef9-4aa2-4b62-91ed-dfe3b1977c54,7e1754bc-e414-4c0d-b369-2e192a560019,2023-12-01,3,2,1
7932550c-076e-4fca-b6a1-e96a87f302ff,7e1754bc-e414-4c0d-b369-2e192a560019,2024-06-01,2,4,2
edcbfd34-a840-41f3-935d-1306eb01cb85,4d23052d-c019-4a6c-ba23-db32ec0e3943,2023-06-01,4,3,2
df4b63a4-6f65-4d84-99e8-d1fbab116684,4d23052d-c019-4a6c-ba23-db32ec0e3943,2023-12-01,4,3,4
4eb00b86-89cd-49a1-b550-6bbd17df412e,4d23052d-c019-4a6c-ba23-db32ec0e3943,2024-06-01,3,4,3
3e882e2d-18c0-4f84-b3e9-a1bb86f42ede,0cbeae72-6e5c-4985-98e3-1aa23488844c,2023-06-01,4,2,1
79d7c670-60b8-454d-8c6c-4d426a4f592f,0cbeae72-6e5c-4985-98e3-1aa23488844c,2023-12-01,2,3,1
1179ca72-2049-41e7-b27e-70a543ccc6bd,0cbeae72-6e5c-4985-98e3-1aa23488844c,2024-06-01,4,4,3
767e2129-2347-4263-b662-33218231928d,098baf1c-1f33-4a85-b7fb-bca8560ce4be,2023-06-01,4,4,3
e804c975-e063-4784-9d16-1101b134c1f4,098baf1c-1f33-4a85-b7fb-bca8560ce4be,2023-12-01,3,4,4
952e1349-153f-48af-a1be-25b138a5b975,30856394-b0aa-4633-9317-892b13aa9bc9,2023-06-01,3,3,3
893292ef-9b69-4931-95f8-43228edd6402,30856394-b0aa-4633-9317-892b13aa9bc9,2023-12-01,5,5,5
65be534f-e4a0-44a6-a9d2-927c9342de8e,30856394-b0aa-4633-9317-892b13aa9bc9,2024-06-01,5,5,3
4da3e882-32b4-4110-a8dc-d6bd8b63df6e,b3a5dfd4-0f02-4acc-9c24-0d304cde358a,2023-06-01,4,4,1
ccf69bbf-8dfc-4e30-bdc0-6a06ccdaebaf,b3a5dfd4-0f02-4acc-9c24-0d304cde358a,2023-12-01,4,4,3
90907ac1-3c2c-425e-8728-61b2c19d2e4a,b3a5dfd4-0f02-4acc-9c24-0d304cde358a,2024-06-01,2,3,1
b2ee882a-491d-42cd-b15d-b0b2a3321a26,862ac4e8-dbb1-49a4-8710-4dbd4bd44a03,2024-06-01,2,2,1
157d65a5-ddcd-49e3-bf3f-1c78085b751f,27436aea-1e7d-4808-ac2d-ec95efb13c32,2023-12-01,2,4,2
c7405358-ccf6-4813-8a2c-ee3a58daadb5,27436aea-1e7d-4808-ac2d-ec95efb13c32,2024-06-01,3,4,2
47841b04-df49-4b16-b375-4e6dcf9d8f09,bcb5d6e5-8ce5-4cba-a76d-2daa09746619,2023-06-01,3,3,1
3f281373-d556-49f6-baa1-5f3cf925d37a,bcb5d6e5-8ce5-4cba-a76d-2daa09746619,2024-06-01,2,3,3
9a233968-bccd-460b-8047-af09dd57ddf8,43178cb0-940a-4410-acf8-94df38642e42,2023-06-01,3,3,4
866a82f6-6978-4c36-9d1a-08c03a1cd15c,43178cb0-940a-4410-acf8-94df38642e42,2023-12-01,2,3,3
74593ebc-6780-4ee0-bdd9-61b92f447929,43178cb0-940a-4410-acf8-94df38642e42,2024-06-01,3,3,3
31245412-dead-4963-bcbd-512990bf1fdd,354c0cd2-675d-465b-9f52-ff6c9d0d6bbd,2023-12-01,5,3,5
1645f742-937e-45c4-bf8d-bef2fa51d6fb,354c0cd2-675d-465b-9f52-ff6c9d0d6bbd,2024-06-01,5,4,3
f97459cd-e4cf-4361-a347-ffa956af909f,9bcd4f89-f228-49ed-8ca6-df0a12ecf206,2023-06-01,1,2,2
042e0233-5bed-4d66-95ff-965a84ecc94d,9bcd4f89-f228-49ed-8ca6-df0a12ecf206,2024-06-01,3,1,2
a6501c1e-bbb6-4b26-b533-66c06d48b491,6ce7acb7-5ada-46af-82ee-420413dd90f2,2023-12-01,4,4,4
68c0e97d-d5c3-4980-be0a-60dfed5e12b4,6ce7acb7-5ada-46af-82ee-420413dd90f2,2024-06-01,2,4,1
03baf8ab-e0ce-49d1-81c3-7a0772636508,89d7da94-6e41-41a6-acb8-936dfc48c802,2023-06-01,1,1,1
50a4a9e0-e340-4ef2-bd7b-a2b823241458,89d7da94-6e41-41a6-acb8-936dfc48c802,2023-12-01,2,3,3
7d97fd5d-993d-4050-bab7-3bfde5e4b150,89d7da94-6e41-41a6-acb8-936dfc48c802,2024-06-01,2,2,1
ba466674-ea87-4d09-9c11-c43103eb4544,8c819dbf-da8e-493c-87d0-370d69ebab04,2023-06-01,2,2,4
984f3093-9daf-4845-bcba-0163cb9323f9,8c819dbf-da8e-493c-87d0-370d69ebab04,2023-12-01,2,3,4
04a1cd5b-9a0c-4de1-8c3e-ccc6891a67c0,8c819dbf-da8e-493c-87d0-370d69ebab04,2024-06-01,4,3,2
2b0f3856-3fd0-4e3d-9a8e-8e27cfc403ef,52c5b2c0-171b-4cf5-b5da-49ddcfe09b36,2023-06-01,4,4,5
978eec04-7d59-4057-982c-fa797e0ecb5f,52c5b2c0-171b-4cf5-b5da-49ddcfe09b36,2023-12-01,3,5,5
4cca2d7b-0b97-4881-b8cc-af6ae68cefa9,52c5b2c0-171b-4cf5-b5da-49ddcfe09b36,2024-06-01,4,5,5
610d2ad7-c796-434d-9bc5-e41dc19599de,c1011fa9-5bd8-41fe-b247-83b33758b3f8,2023-12-01,1,1,2
5f42a3d7-400c-467b-b0b5-534a7f707936,c1011fa9-5bd8-41fe-b247-83b33758b3f8,2024-06-01,2,3,1
0fcb9389-24f3-4884-a87a-6db81421444a,4bdf25ba-e979-4111-9b2c-b86ec0431a63,2023-06-01,3,5,4
d6782f26-39db-4679-beaf-e2f518bd5c09,4bdf25ba-e979-4111-9b2c-b86ec0431a63,2023-12-01,4,5,3
00ca1120-6b2b-4f2a-b1d9-ce1d2cc317dd,4bdf25ba-e979-4111-9b2c-b86ec0431a63,2024-06-01,4,3,3
a9c66a1b-bee9-4de4-9b1b-048324748bc8,4af8911a-e7a1-476a-b31d-cfd11f4264a4,2023-06-01,2,3,2
7c5771f9-f1b9-48b0-bf2f-0160d9989c6a,4af8911a-e7a1-476a-b31d-cfd11f4264a4,2023-12-01,2,1,3
0f56bd42-0c8e-4256-8442-58d9be6de898,4af8911a-e7a1-476a-b31d-cfd11f4264a4,2024-06-01,3,2,1
c9cf3829-3af0-4f31-88f3-b5392ff3dfd4,6c93d1d3-dc9f-4d3d-b345-a21e3161771d,2023-06-01,2,3,4
f00ebc88-8b25-4307-908d-99134325ee04,6c93d1d3-dc9f-4d3d-b345-a21e3161771d,2023-12-01,2,4,1
7d07ffb0-4db7-41b8-b0a9-40b84a56358b,6c93d1d3-dc9f-4d3d-b345-a21e3161771d,2024-06-01,3,2,1
8ed07a82-17a9-4435-9770-02682eb31540,dd1a9955-925f-4c36-89cf-4561e9a486b0,2023-06-01,2,1,2
8527b780-9e21-4e02-9fbf-872903fd3dee,dd1a9955-925f-4c36-89cf-4561e9a486b0,2023-12-01,1,1,2
26a78971-4d67-4990-84c5-e73955ba7316,dd1a9955-925f-4c36-89cf-4561e9a486b0,2024-06-01,1,2,1
570cba78-3e35-4829-82cf-cd6bc7207665,87e1ccb0-ba54-4e25-ad4d-311b146c3a3a,2023-06-01,2,3,2
83999fdd-64d7-4f10-812c-48a1ee728933,87e1ccb0-ba54-4e25-ad4d-311b146c3a3a,2023-12-01,4,2,3
986387c4-66c0-42cc-a3e3-9388f7d880ae,87e1ccb0-ba54-4e25-ad4d-311b146c3a3a,2024-06-01,4,3,2
b826d984-783c-4475-b230-4053053f9d54,4a50b556-ad7a-4e4b-babc-44df194b99df,2023-06-01,4,4,4
7cdfef66-eae2-433b-b6ef-73dda2fcf837,4a50b556-ad7a-4e4b-babc-44df194b99df,2023-12-01,2,2,2
f8d12d64-2cd4-422b-abce-7fb1d64ca73c,4a50b556-ad7a-4e4b-babc-44df194b99df,2024-06-01,3,3,3
389ad93e-2e4f-495c-936d-59838ed75369,3daa4c72-3d41-4276-a5a7-21c6eda6cffe,2023-12-01,3,2,3
4e90a773-e458-4816-a258-c11f3c58b249,d030a013-cc6a-476a-8d24-e757a1a7dc67,2023-12-01,3,4,4
c1ea2895-97fe-471d-aecc-5dd53559bf64,d030a013-cc6a-476a-8d24-e757a1a7dc67,2024-06-01,4,2,1
8c4a733e-a2e6-43e5-a077-2cb61087d922,ffa96281-c391-4f28-ac27-c6fa8aae27d9,2023-06-01,3,1,1
37269d1d-f975-4bc4-b461-d19ff52efa11,ffa96281-c391-4f28-ac27-c6fa8aae27d9,2023-12-01,1,3,3
4fde96cb-37c8-4009-9500-9e43890d6094,ffa96281-c391-4f28-ac27-c6fa8aae27d9,2024-06-01,1,3,1
bd827bb4-79f5-4140-a332-383800937429,8e7a1f6e-f5cc-41a2-befd-38b6e47516e8,2024-06-01,4,3,4
c4ae6777-ea05-4c0f-8074-5a82037b5b48,8ca3eba9-316c-4027-a5ad-0ba0ce4e42a8,2023-12-01,3,4,4
de49c7a1-2855-4676-aa0e-903de8231d82,8ca3eba9-316c-4027-a5ad-0ba0ce4e42a8,2024-06-01,4,3,1
7199f07f-d004-44be-ba15-7d0ee93a4627,a9446d58-c4dc-4cee-afde-5d85d663e9d3,2023-06-01,1,3,1
d4c08de0-6e0d-4c62-8cb0-8c2d25a0c0eb,a9446d58-c4dc-4cee-afde-5d85d663e9d3,2023-12-01,1,1,1
6102e1d4-2a17-49c4-98a8-b9681e256c08,a9446d58-c4dc-4cee-afde-5d85d663e9d3,2024-06-01,1,1,1
7b2ddecb-43b9-4f8f-bece-c5ca8c5e652c,5ab92a63-9337-4866-ab82-8506f79299fd,2023-06-01,2,3,1
136dfa64-a76d-41e3-8240-a1129ceff726,5ab92a63-9337-4866-ab82-8506f79299fd,2023-12-01,3,3,3
82330a8e-f1e5-4754-a3f4-f025c0114156,5ab92a63-9337-4866-ab82-8506f79299fd,2024-06-01,1,3,2
80b79cbf-8ba2-4a82-bb50-97cbaa10b1d6,da7ffe0c-d0b6-4b66-bbea-ca3261e1cf87,2023-12-01,3,3,2
785f78bc-f37d-46d4-9778-3867c6ebb6c4,65eeaf2e-ccb8-4d27-960a-435841bb786f,2023-12-01,2,2,2
2a5fe51c-96e7-45d9-98f0-584868008d42,65eeaf2e-ccb8-4d27-960a-435841bb786f,2024-06-01,2,4,4
decae420-d370-4a50-b783-db4a78de8586,947198b7-2986-4829-8eab-15262ce6c062,2023-06-01,1,3,3
289a96ee-d2b0-423d-98fb-baaa5f225781,947198b7-2986-4829-8eab-15262ce6c062,2023-12-01,1,3,1
74fb359b-929f-4a4b-9e59-f0cebdd73d1e,947198b7-2986-4829-8eab-15262ce6c062,2024-06-01,2,3,1
549c2b64-b898-46a7-b254-6ee3e0c85bd4,5909711d-7a37-43ac-a5d7-33cfc365c1ae,2023-06-01,2,4,1
8383a634-8e7a-4a66-bf8f-bd537eaf2a7e,5909711d-7a37-43ac-a5d7-33cfc365c1ae,2023-12-01,4,2,4
dc312d96-0633-493e-9b9b-8d74001e5165,5909711d-7a37-43ac-a5d7-33cfc365c1ae,2024-06-01,3,3,2
b80a82e5-df29-4dd8-b9ad-bc836239c90b,15297c5c-d692-454f-b625-2ccfaff1f62a,2023-06-01,3,5,5
2fe2eb03-c8d8-42fa-aceb-891b94833f99,15297c5c-d692-454f-b625-2ccfaff1f62a,2023-12-01,4,4,4
d0f331d5-f573-42ee-a3c7-6e53b86c213e,15297c5c-d692-454f-b625-2ccfaff1f62a,2024-06-01,5,4,5
ba1079b6-4704-45f6-a09a-ec93c426d8cd,6c016a8a-80fe-4e9e-9846-ff0d10722b43,2023-06-01,3,2,1
2579cf81-2f84-4906-8d70-f6ded83ee38d,6c016a8a-80fe-4e9e-9846-ff0d10722b43,2023-12-01,2,2,1
31b5a1a5-ff57-4c0e-b224-327ab99c6fe4,6c016a8a-80fe-4e9e-9846-ff0d10722b43,2024-06-01,2,3,2
923be8dd-b139-455a-b740-151bf08fed62,ccd3136b-a8b0-4e40-a9fb-2366fc97eadb,2023-06-01,3,4,2
51550a42-a4c7-4746-8dea-7c96af94546c,ccd3136b-a8b0-4e40-a9fb-2366fc97eadb,2023-12-01,2,4,2
692c7e86-477d-4cae-bd06-1d3997fb94a6,ccd3136b-a8b0-4e40-a9fb-2366fc97eadb,2024-06-01,2,4,3
515ac869-6244-464a-ab3e-be142d1a1d60,391506e2-9b53-495a-906c-552b05e2b84f,2023-12-01,4,3,1
1cb25e1e-a9ce-402e-a875-a5d9e13dc49f,391506e2-9b53-495a-906c-552b05e2b84f,2024-06-01,3,2,3
4cabab7e-8c25-4533-b485-52dcc8ddce7a,25d7caf9-9bec-4061-895c-741789c2a487,2023-06-01,2,4,3
656492c6-ddff-4449-8dc7-a796124c2845,25d7caf9-9bec-4061-895c-741789c2a487,2024-06-01,3,2,4
cc25b486-614e-412f-876e-d1386e40ffa2,796e0429-995b-450c-adab-1b28cafc3025,2023-06-01,5,5,5
3dce8246-edd8-413b-8c23-e39a7544a914,796e0429-995b-450c-adab-1b28cafc3025,2023-12-01,3,4,5
a9da7be9-bc38-4b0c-bfea-35ff16eb6f52,796e0429-995b-450c-adab-1b28cafc3025,2024-06-01,4,3,4
ef2ad21e-9415-4448-8919-2841680fc902,dca44805-44b0-4a77-aaf7-0737e193bc50,2023-12-01,5,5,5
84801f96-10aa-452a-a1b8-a8e640935685,dca44805-44b0-4a77-aaf7-0737e193bc50,2024-06-01,4,3,5
5c2b9207-bc53-4d32-acc3-c566d9348328,e51631cf-9308-4ea8-b472-c767c11e3cfb,2023-06-01,4,4,1
5725d57c-7bf9-4b1f-b68a-65eff3458a00,e51631cf-9308-4ea8-b472-c767c11e3cfb,2023-12-01,3,2,2
02cbe2ef-5af8-4956-b350-43d3377adeae,e51631cf-9308-4ea8-b472-c767c11e3cfb,2024-06-01,4,2,2
deaa377d-1a39-45bf-a25d-606cde52ac15,bde3608e-5ea2-440d-95d5-fd9a115055e9,2023-12-01,4,2,1
bfb8fc16-d73d-4af5-81a2-eee48a7ab92c,bde3608e-5ea2-440d-95d5-fd9a115055e9,2024-06-01,4,2,1
27dfe68f-0f96-417b-8de4-bc6ee6b47cc7,9986cd52-64b0-45eb-9fc3-61918b9944cf,2023-12-01,4,3,4
4e1ab2e5-7470-4eda-86c9-d69a7db8e2ba,9986cd52-64b0-45eb-9fc3-61918b9944cf,2024-06-01,4,4,1
cd979e4e-713a-419f-a6d4-b82f1cd3fcf9,92a986d1-6f50-4af5-ba9f-6fdf282ed3c9,2023-12-01,4,2,4
67113078-e84d-4d85-a283-796053a66754,92a986d1-6f50-4af5-ba9f-6fdf282ed3c9,2024-06-01,4,3,2
f246c6cd-986f-4a62-bc9d-9ea48097b5fa,0c75ba51-d93c-4a81-ac06-b659c33d008f,2023-06-01,2,3,1
62af6f9b-b0b8-4d16-a61f-2583825808cf,0c75ba51-d93c-4a81-ac06-b659c33d008f,2023-12-01,3,1,3
9481da0b-db53-4824-a28b-43b8fd359fb8,0c75ba51-d93c-4a81-ac06-b659c33d008f,2024-06-01,2,3,3
88599c14-724c-4953-89be-4a438644a1bc,d5bbae0b-f39f-4e92-8297-a44e20bbf5a2,2023-06-01,1,1,1
733f31f9-7572-41aa-85ab-43f59aab2e8b,d5bbae0b-f39f-4e92-8297-a44e20bbf5a2,2023-12-01,3,3,3
53274942-07a5-4403-83ae-924c728b9858,d5bbae0b-f39f-4e92-8297-a44e20bbf5a2,2024-06-01,1,2,1
e11e38ba-0b10-4045-84c2-b59ee8c25763,7f2cc4eb-dbed-4a9c-806c-13c0f57a8ad2,2023-06-01,3,2,1
4f613a0e-934c-4849-b424-d2e72e3d4dc2,ddf3eb62-90b6-4c34-8f84-324b19df8299,2023-12-01,4,4,3
70d02a05-e232-40b8-b431-cf37321feab2,ddf3eb62-90b6-4c34-8f84-324b19df8299,2024-06-01,3,2,4
36049134-7f3e-4291-a04a-2bcef33b2f35,3affac3e-2578-4ba1-ac36-5bd590a07648,2023-12-01,4,3,3
19bda3e9-73a9-4b5e-aaf1-0a67e4ddf273,3affac3e-2578-4ba1-ac36-5bd590a07648,2024-06-01,3,2,4
7677c0c7-a25c-49e8-909c-311acb216fb6,6a30e75a-f20b-478f-b545-2b401ca8b3df,2023-12-01,2,4,2
a4057ee6-753d-435c-8c26-79a0b85f045f,4cd8d076-abe5-4dbe-b262-bbf448175144,2023-06-01,4,4,3
a9acea10-16a0-4c0c-9f9c-23279bf8847e,4cd8d076-abe5-4dbe-b262-bbf448175144,2023-12-01,4,4,1
70054f65-43c3-4104-b793-a2e6d34ffe44,4cd8d076-abe5-4dbe-b262-bbf448175144,2024-06-01,2,4,3
9ef79887-2e67-4125-b150-ed55411d03ea,801b2cfb-4bcd-491f-a149-9bacae60561c,2023-12-01,3,3,2
7871a7f6-82cc-4f12-88d8-65b2fc3bd798,801b2cfb-4bcd-491f-a149-9bacae60561c,2024-06-01,2,3,4
7a069177-9fe4-478b-aaa9-6d1d871af32e,0485a9cc-c4c4-4738-bb60-b6639ad97c66,2023-12-01,3,3,2
07ad8a4c-c741-4f8c-a2a5-b596af73cfc0,0485a9cc-c4c4-4738-bb60-b6639ad97c66,2024-06-01,4,5,3
8292c971-48f6-402b-8782-0be06c39bc47,4f5a3934-b6fd-47eb-ab9a-f3abbf415dc5,2023-06-01,4,3,4
fa720406-34a1-42b5-8da8-f202a6c37570,4f5a3934-b6fd-47eb-ab9a-f3abbf415dc5,2023-12-01,4,2,3
bb704419-eea9-497e-be84-0acbfda987a7,4f5a3934-b6fd-47eb-ab9a-f3abbf415dc5,2024-06-01,2,2,1
7b2e63ac-a6ed-4c11-b58e-ed49b6fb08db,14d62a82-1f69-4bd0-972d-5171ee409ca9,2023-06-01,3,4,2
f765cc4f-8cc6-49e7-97d9-93d5ccbee45e,14d62a82-1f69-4bd0-972d-5171ee409ca9,2023-12-01,4,5,2
f52d6538-03ba-4ff3-a208-21da5e6f0fb5,14d62a82-1f69-4bd0-972d-5171ee409ca9,2024-06-01,3,4,5
4656baaa-88eb-412a-b349-1ce5e3320e76,5f571e5c-3906-4785-9056-cff3151f260d,2023-06-01,5,3,4
6f90bc68-484a-4a58-acd4-16e3115c8f0c,5f571e5c-3906-4785-9056-cff3151f260d,2023-12-01,4,5,3
fe8a7477-e2d8-469c-9042-435eb09e3820,5f571e5c-3906-4785-9056-cff3151f260d,2024-06-01,3,5,4
805196bb-f517-4c51-bb2f-31875e84ffc6,03797b76-30cb-4436-adb7-3ffe929f9f7c,2024-06-01,2,3,1
31f46024-6fa6-46b7-9373-9215de4ee90c,a1318682-7d4c-439b-ac05-3df33d1f6ec5,2023-06-01,2,2,2
6940df2a-0501-4e38-83d0-06d852dd625e,7c4c6f56-fd94-46b1-b573-ebdad9fdb6ed,2023-06-01,2,3,1
855726d2-5f8f-4c88-bed2-b47dcb35c1c1,7c4c6f56-fd94-46b1-b573-ebdad9fdb6ed,2023-12-01,4,4,2
b9329093-dd67-48f6-9490-bc6b5bb39ebb,7c4c6f56-fd94-46b1-b573-ebdad9fdb6ed,2024-06-01,3,4,3
0e5e0a90-4111-4c95-83b8-178ee464e33e,2bc5c1c7-f8c8-4dd3-8cb4-0d495800cf4f,2023-12-01,4,2,1
148c4e32-c464-49c8-8817-0debf15e2ca0,2bc5c1c7-f8c8-4dd3-8cb4-0d495800cf4f,2024-06-01,3,4,4
65afafc9-8cf1-4a02-ad0c-6271d732b457,13a67177-e073-46d4-8e76-dfb4db0dad81,2023-06-01,3,3,1
838d1279-fa4c-4478-831c-7a7bd730acba,13a67177-e073-46d4-8e76-dfb4db0dad81,2023-12-01,3,4,3
889c6c43-886d-4e45-949d-8e814247d5dd,13a67177-e073-46d4-8e76-dfb4db0dad81,2024-06-01,4,2,4
661aff7b-f835-451e-8379-a52bc57f3fd5,17d812af-66f7-4302-800a-b2ace260ac4d,2024-06-01,3,1,3
abca42fb-905a-4a46-a5e2-dff48b2b08ec,2012b0de-fb43-49a5-8afb-1f88f45cb098,2023-06-01,3,2,1
bc42c550-5469-4734-8397-a8edde3fd655,2012b0de-fb43-49a5-8afb-1f88f45cb098,2023-12-01,3,4,1
42587e74-c26d-4f2b-b24b-57c3267710f4,2012b0de-fb43-49a5-8afb-1f88f45cb098,2024-06-01,3,3,1
3988fbd1-de47-47b4-bf43-13256f952748,2862e575-02a4-4a54-b3e9-708ba50c7772,2023-12-01,3,3,4
152fa559-87cd-4ba7-9afd-240da427fb3c,2862e575-02a4-4a54-b3e9-708ba50c7772,2024-06-01,2,2,1
5d48181d-d1b1-4b3c-bad5-ba6da0bff53c,3dd364a4-5734-4dcd-9a0b-607de8475acd,2024-06-01,3,5,4
466e9d26-0f97-49b2-8ca4-bfb74ec653da,4449119f-286a-4ffe-95b0-0e05059bf99d,2023-06-01,4,3,4
3465b2e4-844d-4659-9bf1-d0742e45615b,4449119f-286a-4ffe-95b0-0e05059bf99d,2023-12-01,3,3,4
d0f5098e-3599-4c92-8e13-05b89ba1b54c,4449119f-286a-4ffe-95b0-0e05059bf99d,2024-06-01,4,4,4
b9de16d2-45c1-4465-8ea2-dcbe1e36a292,be509138-3163-4944-9803-301834141007,2024-06-01,3,2,3
1cf9a341-122e-4349-b1a3-493b51a20440,06fb6a9e-35be-4e0b-89eb-4f9c6cfccc24,2023-06-01,3,3,2
51889975-ceec-4057-b73d-4c85a0c823fe,06fb6a9e-35be-4e0b-89eb-4f9c6cfccc24,2023-12-01,1,3,1
70777844-cf23-422d-9432-b9cd59d43482,06fb6a9e-35be-4e0b-89eb-4f9c6cfccc24,2024-06-01,3,2,2
b5bd958c-8576-4db2-9725-aeabacdd678b,08db2da4-e542-4ee4-94eb-3a93c37bb289,2023-06-01,3,2,2
d179d524-39bb-42a6-9578-a03bd399ef4e,08db2da4-e542-4ee4-94eb-3a93c37bb289,2023-12-01,3,3,2
4fffff03-cfd1-4f01-a62e-e7472d89ea10,08db2da4-e542-4ee4-94eb-3a93c37bb289,2024-06-01,4,4,4
1cc673e1-2191-47ba-aec8-59a845f6672d,1ba05307-5caf-443a-a581-a70f88a6364d,2023-06-01,2,4,3
ec1dea08-4f34-4597-86bb-b5dd789dd2dd,1ba05307-5caf-443a-a581-a70f88a6364d,2023-12-01,2,4,1
e77b9c1e-8bca-420d-a12f-6203a3488006,1ba05307-5caf-443a-a581-a70f88a6364d,2024-06-01,3,3,3
66db771e-532c-4822-84d0-16170cde8171,a69c137e-c9e7-4afa-9a37-49a160f5bdb4,2024-06-01,2,2,2
23964445-5779-42cf-9098-3ef99855b5d2,5cb6e36a-4371-4bc3-99bb-f239c1fbce3e,2024-06-01,2,2,1
eed91312-9092-4ac0-9a86-43d5cb12ffce,67a131a5-b2b0-41c1-83eb-9874e75492dd,2023-06-01,4,2,4
c94ed187-3431-4129-a037-76991f9cdd21,67a131a5-b2b0-41c1-83eb-9874e75492dd,2023-12-01,3,3,3
4baf31b1-655b-4ff3-b38b-88e6d285efa5,33e06bf9-b0e5-4b3b-8016-5ee26d868eb7,2023-06-01,3,5,3
b7cee26f-d016-470c-bc64-c78f5a7b344c,33e06bf9-b0e5-4b3b-8016-5ee26d868eb7,2023-12-01,4,5,4
be833e3c-d4f6-404a-a0c3-101b6276db8a,33e06bf9-b0e5-4b3b-8016-5ee26d868eb7,2024-06-01,3,5,3
4639a401-b4a1-44ca-9c2d-6dcfd54bdf61,c3693754-7f9b-42fd-af40-5d54945ac8e5,2024-06-01,2,3,2
d5d5f655-abb9-4203-ac4c-afd571f1141c,c36b8fbe-0e9a-4a2a-a7ff-636b2fd86998,2023-06-01,3,3,4
50a5eb42-7531-49fa-947c-bfc6a6658c4e,c36b8fbe-0e9a-4a2a-a7ff-636b2fd86998,2023-12-01,2,4,2
68b340cc-aacd-4f27-af8c-bac58412291e,c36b8fbe-0e9a-4a2a-a7ff-636b2fd86998,2024-06-01,4,3,4
c70b43c9-635a-4c39-841e-d50420b99a9a,6edc4538-c811-487e-9762-b5456f1d16cf,2023-06-01,3,2,3
6c37189b-0db9-42b9-b2bd-54fc84fa9092,6edc4538-c811-487e-9762-b5456f1d16cf,2023-12-01,4,4,3
0a4cb041-50ee-4b6b-b791-a67ca4088f7f,6edc4538-c811-487e-9762-b5456f1d16cf,2024-06-01,3,4,2
48b2eb57-85a8-4dca-96b7-0f4c9c5198a7,e9cd4285-65c2-4d43-ba90-d3c964add09e,2023-12-01,3,4,2
cad910be-5bb0-41b9-99a4-06eb838df235,e9cd4285-65c2-4d43-ba90-d3c964add09e,2024-06-01,3,3,4
0edfd27b-1228-4769-87f6-b683f9d03da4,d513d3d8-13f1-4471-890f-32be1cda5b89,2023-06-01,3,3,1
7f6db5a0-4788-4cc1-a788-c50ed1ad3613,d513d3d8-13f1-4471-890f-32be1cda5b89,2023-12-01,4,4,2
3c49ec34-63e9-4008-8ca1-304b362717b5,d513d3d8-13f1-4471-890f-32be1cda5b89,2024-06-01,3,4,2
12024a80-d1a4-4a09-ad14-7168991f0788,eb780c23-d2cc-4f40-b884-f5cf78669fcb,2023-12-01,2,3,4
bb8b6338-de77-4292-aceb-4e85eafd8c54,eb780c23-d2cc-4f40-b884-f5cf78669fcb,2024-06-01,2,3,2
7114ea5c-478a-4da2-afa2-38fe0e3428ff,a0f7abf7-6d0f-4d29-a293-0ea2c6eaa311,2023-06-01,4,2,1
e7b97e16-1113-4f99-a481-e24c6e3e32df,74f31779-8175-4423-8101-2e8651d02888,2023-06-01,3,3,3
f6d52073-a7b9-4ca0-aef3-aa35ffbd0ddb,74f31779-8175-4423-8101-2e8651d02888,2023-12-01,2,2,4
cf65ab1a-cd2a-454c-a006-ab8fd878ee5f,74f31779-8175-4423-8101-2e8651d02888,2024-06-01,2,4,1
768763fe-1dde-4734-ad0d-bdf8795ccef7,59b43397-40f4-46ef-9a3c-961054e8edd4,2023-06-01,3,4,4
2448a3cb-6581-4c9d-97f5-185eb2d67eec,59b43397-40f4-46ef-9a3c-961054e8edd4,2023-12-01,3,2,4
611cd906-905a-41d2-8cf3-e87c721d90f0,59b43397-40f4-46ef-9a3c-961054e8edd4,2024-06-01,3,3,1
ce9d9a31-f1cd-43de-849d-8889f013183d,692d0d64-9e5a-4e72-86f9-c7830911536e,2023-06-01,2,4,4
7ccd44ea-2630-4acc-a29a-38d5a7e4b788,692d0d64-9e5a-4e72-86f9-c7830911536e,2023-12-01,4,3,1
21253401-4ce6-4102-ba9a-9c4bae9359be,692d0d64-9e5a-4e72-86f9-c7830911536e,2024-06-01,3,4,2
2009654e-97ad-4ea9-bfb5-cd5f6f37613c,5d642bfb-38f3-461a-8697-02f6916bdc66,2023-06-01,3,2,3
840cfe40-5c1e-4fc7-a9ef-0da56022be1a,5d642bfb-38f3-461a-8697-02f6916bdc66,2024-06-01,4,3,3
99abb398-4b38-44bd-8a93-75a45a167444,ab352517-fd30-45cd-a1e4-83224425360e,2023-06-01,2,4,2
7edfef7d-1519-4094-a336-0707dc32a435,ab352517-fd30-45cd-a1e4-83224425360e,2024-06-01,2,2,1
a4ca54e8-6ea1-4d07-86f8-70ed58a1ed70,ccc8b20c-a0e2-476b-a9aa-cbda0b19cb3b,2023-06-01,2,4,3
7be08a74-85be-407b-bd8e-7a525cbbb1a0,ccc8b20c-a0e2-476b-a9aa-cbda0b19cb3b,2023-12-01,2,3,3
95fe3772-8f2a-45f0-8446-0a54d1d6abf0,ccc8b20c-a0e2-476b-a9aa-cbda0b19cb3b,2024-06-01,4,3,1
1b38e5d1-d976-4a81-8f00-29d95e8471dc,a95f391d-ec5b-4f2f-be53-7601b0c53fd4,2023-06-01,3,4,1
0198a77b-0786-48a6-a966-01ab84c25bd9,a95f391d-ec5b-4f2f-be53-7601b0c53fd4,2023-12-01,3,3,3
acbdc141-0332-4e4f-b3d1-5119a8c080fd,a95f391d-ec5b-4f2f-be53-7601b0c53fd4,2024-06-01,4,2,3
f2a24467-2ca5-4952-9608-171fb6422f51,ca4c8fff-17ec-4f37-8d03-243e495f2425,2023-06-01,2,2,1
5e4ee140-2bc1-4655-8184-4d56d413cda9,ca4c8fff-17ec-4f37-8d03-243e495f2425,2023-12-01,2,1,1
1ce9ed30-9095-4178-9a37-54b0527641e0,ca4c8fff-17ec-4f37-8d03-243e495f2425,2024-06-01,3,2,1
dc81d1ae-cb32-4ad1-a933-0aba9e1a6314,124c9d34-d7d3-4da4-8a46-f70e95c69c1a,2023-12-01,1,2,3
f65bf5ec-cace-4c51-823c-9c92b0d64f3f,124c9d34-d7d3-4da4-8a46-f70e95c69c1a,2024-06-01,2,3,1
414dd33d-aa12-4c98-a388-e1351ba235ce,7193166d-a776-4015-8a8c-5b032267a377,2023-06-01,3,4,2
b6fc2d5b-eb95-4ae7-aea8-bb37f599496e,7193166d-a776-4015-8a8c-5b032267a377,2023-12-01,2,3,1
c6e047e0-7633-46e2-a92d-cf7fee6f3783,7193166d-a776-4015-8a8c-5b032267a377,2024-06-01,3,3,3
64dc685e-a05d-4936-98e1-6f62aa445dd4,b1d8093d-be3b-41c3-9d88-4c4ef3ae951b,2023-06-01,3,4,3
2dceefbf-44dd-4f01-86f8-1fb3f4091542,b1d8093d-be3b-41c3-9d88-4c4ef3ae951b,2023-12-01,3,2,3
71931ae4-dd3a-4bec-82ff-77ff328d8247,370f33c2-3730-4ae0-a6e3-1184769c96c1,2023-06-01,2,2,1
6fa9ab39-2a34-4497-908e-4a837d62efdc,370f33c2-3730-4ae0-a6e3-1184769c96c1,2023-12-01,2,3,2
b847f41a-620f-4367-83d6-e8efd92795d9,370f33c2-3730-4ae0-a6e3-1184769c96c1,2024-06-01,3,3,3
6cc5a850-6435-4646-9062-bbafb3625391,c6cded05-9d8f-48f6-a0f2-d32b8d1bbf9a,2023-06-01,2,2,2
f066eb92-1de7-4a06-82d5-9c78715ace08,c6cded05-9d8f-48f6-a0f2-d32b8d1bbf9a,2023-12-01,4,3,2
4badd666-3643-4c0e-b5ab-3c4f140f5705,c6cded05-9d8f-48f6-a0f2-d32b8d1bbf9a,2024-06-01,4,2,2
8155201a-b32f-42a7-a845-76e70ba87b4d,1679bbb4-ae3e-43d0-8f11-b417511ef735,2023-06-01,2,2,4
0a23575d-b1fe-4d06-bf4b-9b838e8c4f8b,1679bbb4-ae3e-43d0-8f11-b417511ef735,2024-06-01,3,3,3
ae6cd4cf-51c2-462b-8a8f-9430f1f037ca,5b59840e-a827-4035-b575-a481572720df,2023-12-01,4,3,2
918cd1dd-874c-46b1-a90c-050e471565b7,e43514d6-0604-4a48-af9e-cf34f3ecc86f,2023-06-01,3,4,1
242fafb1-b115-4320-a5a9-8eec264c30d2,e43514d6-0604-4a48-af9e-cf34f3ecc86f,2023-12-01,3,2,3
74182545-878b-41a2-9c79-8a0e888ec20b,e43514d6-0604-4a48-af9e-cf34f3ecc86f,2024-06-01,4,2,3
0f31aa17-ba65-49b5-b15f-eb1f60dc1e33,5e97cd2d-7c1b-4c60-973f-3ac6861199dc,2024-06-01,2,2,4
54585d3b-8bb2-4f54-a21b-cafb6582075d,7b8bc369-beb3-4bee-a81f-8057dc636860,2023-06-01,3,2,4
8220a747-1fa2-42cd-adad-3e9c8beccba7,7b8bc369-beb3-4bee-a81f-8057dc636860,2023-12-01,4,3,1
8b46c461-fad8-49ad-a0fb-158b4097605d,7b8bc369-beb3-4bee-a81f-8057dc636860,2024-06-01,3,3,2
950c5bb6-4be6-4f48-b8a7-f120a30e8c3c,0543cfec-58b5-4d8a-8ac0-667dcb3f6374,2023-06-01,2,2,3
a68dfc9e-74f0-4231-9d01-4f969ac8637d,0543cfec-58b5-4d8a-8ac0-667dcb3f6374,2023-12-01,2,3,3
d8d0236f-b7d2-4bfa-b94a-382f9e0f9feb,0543cfec-58b5-4d8a-8ac0-667dcb3f6374,2024-06-01,2,2,2
d7b9187a-dcc4-480b-ba3a-c720d8bd1b47,1cb1ab85-6997-4c35-beaf-6cec62c9089e,2023-06-01,3,3,3
fbbd3754-d4a0-44c8-a111-6054aa821d24,1cb1ab85-6997-4c35-beaf-6cec62c9089e,2023-12-01,4,5,3
21e09155-0ec4-41b3-a565-5e97e6b4496b,1cb1ab85-6997-4c35-beaf-6cec62c9089e,2024-06-01,3,4,5
f29fc26f-da4a-4fa1-8982-10272fa5e78a,cfadc6f3-0c13-489b-ba4c-342e21da6baf,2023-06-01,4,4,3
40f02266-ac08-42da-92d2-4f89fc77d978,cfadc6f3-0c13-489b-ba4c-342e21da6baf,2023-12-01,3,3,3
3a84c5a4-7d83-4834-88eb-e8e3fcba5970,cfadc6f3-0c13-489b-ba4c-342e21da6baf,2024-06-01,4,4,3
6e078024-52b7-4f16-90e7-47bebcb4d361,4af115f3-9587-426e-8692-5c83d30ec93a,2023-06-01,4,2,4
187e4666-7ea0-4b37-80ad-b10f794a3ec9,4af115f3-9587-426e-8692-5c83d30ec93a,2023-12-01,4,4,4
d4e7596d-d268-4063-84eb-9624ccf2ba30,4af115f3-9587-426e-8692-5c83d30ec93a,2024-06-01,2,2,1
60c54a30-e25a-470d-96fc-23c18c85420c,e00a65be-9b4c-4aa1-96a7-d1cdf12cc7fd,2023-12-01,3,1,1
b9a3f743-2d94-42b7-a746-824b75579049,e00a65be-9b4c-4aa1-96a7-d1cdf12cc7fd,2024-06-01,2,2,2
89b92c7b-5e45-4870-84de-11dbbd3b4e85,57262fdd-7f8b-4a74-b43b-8b6832a6e6ba,2023-06-01,2,3,1
ab203183-9fd0-4e70-8c7d-0fa1dbb3208c,57262fdd-7f8b-4a74-b43b-8b6832a6e6ba,2023-12-01,3,1,3
dbab8ac0-3376-4660-9296-d9167b055bba,57262fdd-7f8b-4a74-b43b-8b6832a6e6ba,2024-06-01,2,2,1
a8cb058f-e7f8-482d-a3fb-439ebd9d1a9c,a0afb9c9-3e5a-4c33-81ea-cc24ca296d5c,2023-06-01,2,2,4
9d5d6372-e415-4586-8986-d3833f2ca27c,a0afb9c9-3e5a-4c33-81ea-cc24ca296d5c,2024-06-01,3,2,2
583063c6-e004-4e34-8247-1d7ef67f26e0,abdb5fcd-7427-4be0-b7cf-3fd33f7994b4,2023-06-01,4,2,1
862e1871-1571-454b-bc46-a912c568d363,abdb5fcd-7427-4be0-b7cf-3fd33f7994b4,2023-12-01,2,4,2
0674ab84-af25-456b-b6c0-032a9b73d819,abdb5fcd-7427-4be0-b7cf-3fd33f7994b4,2024-06-01,2,4,2
e7e21d4e-246f-4251-883a-6697ec8e2fd1,9ac75d6b-a7c5-438b-8779-32931a11f819,2023-06-01,2,3,1
0a270430-46aa-44fd-af95-2ff6cf72c2bd,9ac75d6b-a7c5-438b-8779-32931a11f819,2023-12-01,3,1,3
2577cc6e-793a-4ade-936d-c17474f72a2d,9ac75d6b-a7c5-438b-8779-32931a11f819,2024-06-01,1,1,1
14822e09-8abe-47cd-ae4a-05031ccba14a,a6ca71af-68b1-4696-9cc0-c12f68153e39,2023-06-01,4,3,3
b7573438-d99d-4c7e-8a99-d79e05b1cbf5,a6ca71af-68b1-4696-9cc0-c12f68153e39,2023-12-01,4,3,3
21cfc324-3c4f-4565-b66b-4ac33868cab5,5a185440-7aff-4a66-b376-2c7770531bc7,2023-12-01,4,3,3
2acd1033-1256-4da2-bbaa-d190bab371b0,5a185440-7aff-4a66-b376-2c7770531bc7,2024-06-01,2,2,2
341a6465-49cd-4de7-b10d-e5353e4053be,33563952-9fba-4f08-a7f0-be00b89b9b72,2023-06-01,2,3,1
ac68e26d-a777-4030-bdc6-c9ae23f14af8,33563952-9fba-4f08-a7f0-be00b89b9b72,2023-12-01,3,4,2
0336b8bd-5974-480e-86a5-4c020faa998f,9b525013-824b-4d8b-af0a-ffb13573a7ed,2023-06-01,3,2,2
6aeae572-f70c-46dd-aa2c-6e4069f65340,9b525013-824b-4d8b-af0a-ffb13573a7ed,2023-12-01,2,4,3
f3e1d8aa-99aa-42db-bf30-b0ae0046c6eb,831a1a12-6644-49fa-a611-0f1b00c642da,2023-06-01,2,3,4
b1341a44-5efa-4396-a6e6-44a24ae3b548,831a1a12-6644-49fa-a611-0f1b00c642da,2023-12-01,3,3,4
918f0d33-a040-4549-9680-eb681172df86,831a1a12-6644-49fa-a611-0f1b00c642da,2024-06-01,2,4,3
d1162868-8879-4a7f-9783-e9e2e64c6027,539d1f79-5ab4-4900-bc64-e210bc9f2118,2023-06-01,5,4,2
667bdc88-a814-403a-9c9a-1d2e118d4b8d,539d1f79-5ab4-4900-bc64-e210bc9f2118,2023-12-01,5,5,3
c385112d-0e02-485e-830b-1fa152ff1af7,539d1f79-5ab4-4900-bc64-e210bc9f2118,2024-06-01,3,5,4
c47ea5ca-28e7-498a-b3d8-608371cedd55,ec555724-228c-49e1-8674-72533809aff2,2023-06-01,4,4,1
2aa8aa84-2925-44a7-b874-0faee2348530,ec555724-228c-49e1-8674-72533809aff2,2024-06-01,4,4,4
f832d5bd-889a-4531-9083-9c050cd849f0,19f19a9e-1840-48d3-ab90-16b8eb779f27,2023-06-01,2,2,2
87bbbff5-4228-4a46-ab92-c80e29569986,19f19a9e-1840-48d3-ab90-16b8eb779f27,2023-12-01,4,4,2
12e7545a-29ad-4e27-8b27-b56b1cbe7968,19f19a9e-1840-48d3-ab90-16b8eb779f27,2024-06-01,4,4,4
6d3e9431-b868-4cbf-927a-666f01d91861,5cd035d9-1dbd-4346-9fcf-a5c81cf7c301,2023-06-01,2,3,2
c9f59c45-e3fc-40b9-ae26-30c7edd71316,5cd035d9-1dbd-4346-9fcf-a5c81cf7c301,2024-06-01,4,4,3
315cfbe4-50d7-4ee1-a75d-920cfc9ea286,275ba9b5-5f17-47ee-9e8a-c568dc0689f1,2023-12-01,4,3,1
bbfee333-907f-4481-8215-5f9abf611440,275ba9b5-5f17-47ee-9e8a-c568dc0689f1,2024-06-01,2,2,3
334655cf-bc06-4812-980f-4b362e867710,e8cadb6c-9e41-491f-8692-78b5892e70d0,2023-06-01,3,3,2
f6dde9dd-896d-4db5-96b6-285266230075,e8cadb6c-9e41-491f-8692-78b5892e70d0,2023-12-01,2,2,3
0fab80f1-7d33-4fdb-9cf2-906f92f028a5,0f5df6b5-b431-4fe5-9952-5e8871ba31fe,2023-06-01,2,2,1
d4cfe169-cfa6-4d1e-86d7-8d81fe234a17,0f5df6b5-b431-4fe5-9952-5e8871ba31fe,2023-12-01,2,3,1
3223bb5b-4aa2-4647-8814-d66a665bdde5,0f5df6b5-b431-4fe5-9952-5e8871ba31fe,2024-06-01,3,3,1
66c8c56e-bb8e-469d-b03f-3ae41b1ab8dd,b4eb39ea-73f7-422f-b78c-9a89b8a2a3de,2023-06-01,3,2,4
7aa4f8cf-7306-4efa-a873-48bef73b2ec2,b4eb39ea-73f7-422f-b78c-9a89b8a2a3de,2023-12-01,3,4,4
96505e8d-6300-4b73-ad46-41ac8e31c53a,b4eb39ea-73f7-422f-b78c-9a89b8a2a3de,2024-06-01,3,3,3
96ef457d-40b6-4b70-9443-1d237f019b18,149c954a-3c5a-4056-bc1f-503d0f0190c5,2023-06-01,2,3,2
b07c247b-ef0d-4302-a38d-a3515f01da39,149c954a-3c5a-4056-bc1f-503d0f0190c5,2023-12-01,3,2,3
fd88d6ac-d24e-4abc-b23f-52b5d8060880,149c954a-3c5a-4056-bc1f-503d0f0190c5,2024-06-01,2,4,4
904376c7-f66e-4b00-a621-7ace66dcb622,8d8a003f-7ede-4ad7-a100-d4d74becae0c,2023-06-01,2,2,2
6665f113-1198-4888-8c0b-2004108161d2,8d8a003f-7ede-4ad7-a100-d4d74becae0c,2023-12-01,3,3,2
0e82d990-c956-4ae3-9e1a-db1fe508886a,a77c22da-d09e-45eb-acaa-4e7cd26fbf44,2023-06-01,3,4,4
9a9fcc92-f212-4387-975f-a48d652a6de7,a77c22da-d09e-45eb-acaa-4e7cd26fbf44,2024-06-01,2,2,2
ccac6ff8-19b9-4f97-8096-f06f45918989,8604c655-b776-46c4-bca9-c19d849d3567,2023-06-01,3,3,3
b9dafbde-852e-4869-9571-57fdd008e9d3,8604c655-b776-46c4-bca9-c19d849d3567,2023-12-01,3,5,5
bc31364e-ed2e-455f-9a4e-c922a2d7e640,8604c655-b776-46c4-bca9-c19d849d3567,2024-06-01,4,3,5
05ef0c77-99fe-49de-b0c7-ea18c8265709,12f5959d-7d5d-41ff-8a1d-e658b7a9aa73,2023-06-01,2,4,1
b985525d-6753-4d22-a448-1185922de5b3,12f5959d-7d5d-41ff-8a1d-e658b7a9aa73,2023-12-01,4,3,3
52467a63-aae2-4dac-9a31-be313544d1ff,12f5959d-7d5d-41ff-8a1d-e658b7a9aa73,2024-06-01,3,4,1
5012c38a-07da-46df-9ede-8daa5088f999,8096ca20-1182-4ba3-a7a1-71c6d9921302,2023-12-01,2,3,3
3e1ae895-780d-445e-bd2b-31af0c1a06b9,8096ca20-1182-4ba3-a7a1-71c6d9921302,2024-06-01,2,3,3
46713b71-87e5-4ef7-a0be-73c27194804b,37b8098e-a611-47cf-8f26-a8b136a5277a,2023-06-01,4,2,1
ce85d7a8-274f-490c-8688-39a6048c791e,37b8098e-a611-47cf-8f26-a8b136a5277a,2023-12-01,4,3,3
f1c39222-65cd-4d65-a3e1-50e876248302,e0b16672-0926-4c08-89ba-bf8c920ec5a5,2023-06-01,4,3,4
106b1831-d9d7-40d2-8684-b284e91bac06,e0b16672-0926-4c08-89ba-bf8c920ec5a5,2023-12-01,3,2,3
ddf21703-5e1e-46d3-bd27-04b8868c0428,e0b16672-0926-4c08-89ba-bf8c920ec5a5,2024-06-01,3,2,4
8cd14635-783b-455c-98eb-c5dca7ac9285,97bd87b6-09ce-4416-8787-e29f98706077,2023-06-01,3,1,3
b5ea8ff4-654e-44e8-9a59-d5b01a26bc27,97bd87b6-09ce-4416-8787-e29f98706077,2023-12-01,3,2,1
c04a8408-c0a7-4b1f-9f89-816e099b1a4f,97bd87b6-09ce-4416-8787-e29f98706077,2024-06-01,3,2,2
6a8cbb1b-541d-4677-88b3-1a0649f44648,78a9ab42-d92b-46d4-bb60-a58d1eabda73,2023-06-01,4,2,2
ec08b638-9f2b-428f-b1bd-833a58cc98e6,78a9ab42-d92b-46d4-bb60-a58d1eabda73,2023-12-01,3,3,1
5145fa2c-5cd8-4aec-8e6a-6df7358fe85e,78a9ab42-d92b-46d4-bb60-a58d1eabda73,2024-06-01,3,4,2
9c83b92a-a4cb-48c0-b82a-1e8108645a4a,adb55aaa-18be-43fd-917e-da224abc0a8a,2023-12-01,3,4,3
6e30976a-655b-4595-924a-0a086961cd24,adb55aaa-18be-43fd-917e-da224abc0a8a,2024-06-01,2,2,4
a922e869-c144-4b99-a7d1-72217bcce56a,b6c921f2-352c-4d16-b6f6-5712a7564bf8,2023-06-01,2,3,2
1a66e016-8c46-46be-8b9f-e040e9dc0b74,b6c921f2-352c-4d16-b6f6-5712a7564bf8,2023-12-01,2,2,1
6b16c5d2-8007-4db3-ae2c-8d876cf2318f,b6c921f2-352c-4d16-b6f6-5712a7564bf8,2024-06-01,3,3,1
d9c9b256-fd09-4927-a8c6-027b0c8472c2,41beb097-9a8e-4196-9b25-daaeea6a23e6,2023-06-01,3,2,1
8ab2d1c1-a88b-425b-a020-8a97d6bccb59,41beb097-9a8e-4196-9b25-daaeea6a23e6,2024-06-01,2,1,3
b0624d14-76f0-47bc-9c61-b90d291e591d,506a153d-ae9e-47b2-be0f-a0b88c583e1d,2023-06-01,3,4,2
8c78e9c3-3006-45bc-9861-8dbdf771e984,506a153d-ae9e-47b2-be0f-a0b88c583e1d,2023-12-01,3,3,1
b99938b3-6661-4843-b547-20c06ee86409,506a153d-ae9e-47b2-be0f-a0b88c583e1d,2024-06-01,4,4,3
9ebe8edf-e980-4a22-8f5f-d32e46c9e086,466490ed-c441-4809-89de-7a7b94f6c805,2024-06-01,1,2,2
266d2d39-0b21-40e5-a6de-d26fd1844d8f,59154665-8df4-45e9-9d6d-ddf4da3e7528,2023-06-01,2,4,2
37058206-d485-4142-8f25-e2bdabd908e1,59154665-8df4-45e9-9d6d-ddf4da3e7528,2023-12-01,3,2,2
c51ab05b-aeec-4fdf-bbe5-3fd08667af4a,59154665-8df4-45e9-9d6d-ddf4da3e7528,2024-06-01,3,2,3
aca872bb-a812-4f3d-a045-8d717390e798,043fe031-fb59-4ea9-aa82-21dd7b079832,2023-06-01,1,1,1
7c39ccd0-3551-46fa-a5d9-1ce6684b1322,043fe031-fb59-4ea9-aa82-21dd7b079832,2023-12-01,2,1,1
274262bf-da9e-4dfd-8275-8c8b0ee34d57,043fe031-fb59-4ea9-aa82-21dd7b079832,2024-06-01,1,3,3
2d5ba53e-0cde-4fd5-9c87-862086720db7,7f08202e-b8b5-4439-9520-6270ec61cd33,2023-12-01,2,3,3
6632d61b-aaf1-4daa-9865-718f1cf33eec,7f08202e-b8b5-4439-9520-6270ec61cd33,2024-06-01,2,2,2
75684d50-34fc-40bc-8e80-7cbf027fa9a5,deca4391-71d5-4f72-bd29-a5aa46fc2e8c,2023-06-01,3,3,1
096b1e30-6f31-4cde-afab-831e572ba91c,deca4391-71d5-4f72-bd29-a5aa46fc2e8c,2023-12-01,2,2,2
0f42a844-478d-409a-85d2-aac63facc331,deca4391-71d5-4f72-bd29-a5aa46fc2e8c,2024-06-01,3,2,4
2abf105f-77f1-4109-a294-b65b5ea8acfe,0c34ff6e-1d03-4985-b4cc-904f80513e64,2023-06-01,3,3,1
5e9f88c9-34bd-445e-be35-f0962bc7b36e,0c34ff6e-1d03-4985-b4cc-904f80513e64,2023-12-01,2,3,3
94374708-045a-449a-b254-551a766ce463,51d792da-b455-4477-b9af-d09e1ae27605,2023-06-01,3,2,1
8aea0197-72ae-4e06-a81b-a8538d3f4565,51d792da-b455-4477-b9af-d09e1ae27605,2023-12-01,2,1,2
18066938-642a-4621-a135-537339cdf360,51d792da-b455-4477-b9af-d09e1ae27605,2024-06-01,1,1,1
85ba490f-0133-42ca-8692-9d83664cdba7,794bf5aa-3ec9-4958-a1fe-52c7b6f6ddab,2023-12-01,2,4,3
2d69d681-83fe-40fc-8a9f-1c822239c911,794bf5aa-3ec9-4958-a1fe-52c7b6f6ddab,2024-06-01,4,3,2
79ebb505-163e-44c4-9871-5ce23b93b96b,3d48377a-bba1-45d1-ab4c-f924d858a856,2023-06-01,5,4,5
d4c840a3-4f6a-4eba-8899-862c84f13de5,3d48377a-bba1-45d1-ab4c-f924d858a856,2023-12-01,4,3,5
1635bebf-d1bc-42a8-9c55-6b24e7b978bc,3d48377a-bba1-45d1-ab4c-f924d858a856,2024-06-01,5,5,3
a4195425-11a0-47c9-a23d-f188a2c2bd60,a329a60e-e34d-493c-a006-2beb675b04d4,2023-06-01,2,4,1
1790ed42-f0e3-4680-8a66-7756e57390a9,a329a60e-e34d-493c-a006-2beb675b04d4,2023-12-01,2,3,2
cc1621e6-48de-407c-b3e1-f7a1691ee103,a329a60e-e34d-493c-a006-2beb675b04d4,2024-06-01,3,4,4
956c1456-9d3e-4601-8b63-fa1fe02dcead,9192bd04-cb21-44b6-9d46-8febbe562935,2023-06-01,2,2,4
f2655611-8db6-40d2-8fdb-86314668e846,9192bd04-cb21-44b6-9d46-8febbe562935,2023-12-01,4,2,4
6f582853-0c48-4eaf-b00d-76e70b66c070,9daa5c6f-e7c0-4657-ac1d-cf6fae66251d,2023-06-01,2,4,1
156010a5-722c-480d-80cf-15a09994b3aa,9daa5c6f-e7c0-4657-ac1d-cf6fae66251d,2023-12-01,2,2,4
f8676a9e-6ef0-43bb-a3ee-c92998a2fb73,9daa5c6f-e7c0-4657-ac1d-cf6fae66251d,2024-06-01,3,4,1
3af7711a-6881-4446-aea9-1bce3a027064,cd2cf5a1-cdf1-4775-9874-a71ee3d793ff,2023-06-01,3,3,1
e42a490b-d235-4a9b-a797-b5bb7d0f1424,cd2cf5a1-cdf1-4775-9874-a71ee3d793ff,2023-12-01,3,4,1
0f6a6294-68fd-4e67-9ee6-b9c1e8069a01,cd2cf5a1-cdf1-4775-9874-a71ee3d793ff,2024-06-01,3,3,3
e8f9df5b-4178-440b-9d34-a24e2368e096,bb8bfc48-b67d-46dd-8da1-4ad667af8a89,2023-06-01,3,1,2
8abeb470-8614-4480-a2c3-a943a25a813e,bb8bfc48-b67d-46dd-8da1-4ad667af8a89,2023-12-01,2,3,2
e5ba7b96-9fc9-4bb1-bf17-f83eb0dc0a50,bb8bfc48-b67d-46dd-8da1-4ad667af8a89,2024-06-01,2,3,2
c9dfe816-e6a9-42ba-93e3-e1a2d7b3aecb,d84619a3-6cef-41e1-85a8-651b88ea69cf,2023-06-01,3,1,3
849aa841-0aca-45e3-92c1-d57d5a8d7ac9,d84619a3-6cef-41e1-85a8-651b88ea69cf,2023-12-01,3,1,2
3ba1608b-48ba-4c99-b1f7-5313c2e0156c,d84619a3-6cef-41e1-85a8-651b88ea69cf,2024-06-01,2,1,2
86b93216-73cc-441a-bf2c-b9a949aa7d54,2ba51aff-a5cb-451f-a38b-08018efb14cb,2023-06-01,5,4,4
376514a1-c4b8-49de-931b-b466210ddb6f,f0eb1a24-fb5e-4afa-9880-2ce428caf2e2,2023-12-01,2,4,4
424c3e54-2810-4747-b9a7-cc65c2ce5cd4,555a9ff4-2c53-4447-886d-531961eb8b1c,2023-06-01,5,4,5
c2357f47-4142-40b1-b74d-270bfcd06021,555a9ff4-2c53-4447-886d-531961eb8b1c,2023-12-01,3,5,4
186d9dc7-c940-48cf-935c-828e6bbc946b,555a9ff4-2c53-4447-886d-531961eb8b1c,2024-06-01,4,4,4
5936ced8-065c-4dcf-86c9-5e7a128af6e7,df626fa8-c65a-4dd5-83d9-0ab5939c68d1,2023-06-01,4,4,2
c4d2390f-2d84-4fe5-bfa2-cffa0b4b4abc,df626fa8-c65a-4dd5-83d9-0ab5939c68d1,2023-12-01,4,4,2
9a2280e2-fa0a-475d-a154-7db91b202948,df626fa8-c65a-4dd5-83d9-0ab5939c68d1,2024-06-01,3,4,2
9a1919b6-8cc4-4868-89df-66387cc389a1,b23f4475-52bb-4426-a043-52b276e609a1,2023-06-01,5,5,5
79bad019-ea28-4a10-957a-289214ab3a8a,b23f4475-52bb-4426-a043-52b276e609a1,2023-12-01,4,5,2
998342b5-22fd-4127-8523-9d9c560369cb,b23f4475-52bb-4426-a043-52b276e609a1,2024-06-01,4,3,4
7e9e4a23-77cb-4247-b8fe-84efeee5fb64,7e762cd4-7767-4252-8739-a4bfaa3789b2,2023-06-01,5,4,3
2bbbd506-a34b-447f-8148-d68a715e4c08,7e762cd4-7767-4252-8739-a4bfaa3789b2,2023-12-01,3,4,5
9f22071d-87ae-4c9a-ab29-2eaec9a1b66e,7e762cd4-7767-4252-8739-a4bfaa3789b2,2024-06-01,4,5,3
61976487-a13a-4629-8dcb-eabf24de4434,6dd37145-d719-42c2-8ee9-678ee724461d,2023-06-01,3,4,4
ff950596-21a0-4a82-b7b6-e8f1831795d0,6dd37145-d719-42c2-8ee9-678ee724461d,2023-12-01,3,4,2
f887eea8-057d-43d1-97bc-3a2c0ae1d093,6dd37145-d719-42c2-8ee9-678ee724461d,2024-06-01,3,3,1
f4b10b24-f50d-46e9-81fc-7fba9b0c5aa0,37e99a2b-2003-441e-acfa-2ff18a0424d7,2023-06-01,2,1,2
59b5f963-4448-4f00-a0f7-070f0d2a740b,37e99a2b-2003-441e-acfa-2ff18a0424d7,2023-12-01,1,1,1
dfa23858-4c9d-460b-818b-0e7d14284cad,d544d81b-2eb9-43d3-83ad-151a22284091,2023-06-01,2,2,1
07fe548b-044e-4372-89ae-e9eb01bb218a,d544d81b-2eb9-43d3-83ad-151a22284091,2023-12-01,3,1,1
e3f914fa-38f0-4aa6-b094-47e73e0358aa,d544d81b-2eb9-43d3-83ad-151a22284091,2024-06-01,2,1,2
4dc60cc2-28d4-46fa-bb30-8563ec998286,11d69685-7474-4539-92b1-dca51165df4f,2024-06-01,4,4,3
12686e1e-fbf0-4f15-bfd9-09dec27f3e93,2cdb7346-cabf-43a5-b382-38e81d782f64,2023-12-01,3,3,1
8c2ccd73-585c-426b-b660-3779e2bd7478,2cdb7346-cabf-43a5-b382-38e81d782f64,2024-06-01,2,3,1
726e01d6-9060-41ff-9150-099b9861c59a,a60d31a0-6718-4535-91a3-2a9e3a052926,2023-06-01,3,4,2
c6a5baa8-a79a-4c5d-b7da-f486fb77becc,a60d31a0-6718-4535-91a3-2a9e3a052926,2023-12-01,2,4,4
dc452771-59e5-4114-8296-f6cd5c8f70f5,a60d31a0-6718-4535-91a3-2a9e3a052926,2024-06-01,4,4,1
2ec927ce-2229-4c29-9b1f-de1965706dfd,394fa9cc-9d37-4ee8-849c-6cdb1a6d9991,2023-12-01,1,3,1
6abfc3cf-84b6-447c-860b-077f10f4970a,394fa9cc-9d37-4ee8-849c-6cdb1a6d9991,2024-06-01,3,3,1
c69be62d-4a90-4208-bc95-262cf382222e,4ccf7927-02dd-40c4-a915-9014404ee1f5,2023-06-01,2,1,3
1efd1d4a-824e-4cd8-bffa-3754684a1978,4ccf7927-02dd-40c4-a915-9014404ee1f5,2023-12-01,1,1,1
71726aff-17e6-4baf-8467-5185ee95c49c,4ccf7927-02dd-40c4-a915-9014404ee1f5,2024-06-01,1,3,1
1704e85f-fa7e-4873-840d-896f9e0045ea,9d6858ae-5d10-41d3-b613-ff03447a770b,2023-06-01,4,2,1
daaef8fc-a651-4d28-b43f-f28bdaa76e9e,9d6858ae-5d10-41d3-b613-ff03447a770b,2023-12-01,3,2,1
bc205122-3cb6-46e7-a2b2-a6bdf1890b6a,9dc214ac-2c19-44c3-bb6a-a1e51210f7ed,2023-06-01,2,3,2
a6cc3ec3-002a-46fd-ae49-2226943b4265,9dc214ac-2c19-44c3-bb6a-a1e51210f7ed,2023-12-01,4,3,3
d4f62d09-f2ec-41d1-b397-2fb19a1653d6,9dc214ac-2c19-44c3-bb6a-a1e51210f7ed,2024-06-01,2,2,1
14226346-76f8-4380-9c69-7ecfbdb9907d,5c2fba87-65f4-4849-b4eb-08a83bb2c6b1,2023-06-01,1,2,2
e8cc48ef-bfdd-49d7-826b-ee3ea455dfc7,5c2fba87-65f4-4849-b4eb-08a83bb2c6b1,2023-12-01,2,2,2
66545738-2fc8-4641-916b-4897473971c8,5c2fba87-65f4-4849-b4eb-08a83bb2c6b1,2024-06-01,3,3,1
657cbd21-21cd-42fd-ab26-0fb4341ae353,8c8a400b-94b2-4290-8e0d-08959982de63,2024-06-01,2,2,1
90e6851f-ed7f-4c9f-b8cb-641bb78c82b9,879d1e92-5cf6-4093-9848-484a7d782dc3,2023-06-01,3,2,2
65e7ae59-f1d4-4af7-b914-bf49c15c9572,879d1e92-5cf6-4093-9848-484a7d782dc3,2023-12-01,4,3,3
c176941c-1a0a-4051-8dae-7d6cc714967c,879d1e92-5cf6-4093-9848-484a7d782dc3,2024-06-01,4,2,2
ae09161d-efb1-413c-bf89-7d15b1abc0e5,0429d896-d39b-4509-8909-9e06cd835e88,2023-06-01,4,4,2
2df5f23b-dd8c-4d3c-8069-1d6ee992dc0b,0429d896-d39b-4509-8909-9e06cd835e88,2023-12-01,4,4,2
daa09428-a7b3-47cc-bbea-b94fe076ff1e,0429d896-d39b-4509-8909-9e06cd835e88,2024-06-01,3,4,5
57c9fe51-07d4-4d61-9046-a843465cd0d1,8c4c96f7-45f9-4c0b-8524-55dd189795aa,2023-06-01,3,3,4
430c49ce-4952-4be4-b7b0-6c354e96b038,8c4c96f7-45f9-4c0b-8524-55dd189795aa,2024-06-01,4,3,2
27a63f94-5e6a-4e0b-93b1-03593e95669c,b9b7129e-8f4c-454a-864e-ebee4a271bcf,2023-06-01,2,1,1
648bfe52-961d-4eab-8339-2fe2e32b8fd4,b9b7129e-8f4c-454a-864e-ebee4a271bcf,2024-06-01,2,1,1
8d1bb80c-f59f-43f5-974e-f45a11809b99,4c6e6cc6-b50c-4880-9a3a-78a7641407f5,2023-06-01,1,2,3
ff8d738b-c611-4a0e-8c05-d5797c0dd11d,4c6e6cc6-b50c-4880-9a3a-78a7641407f5,2023-12-01,2,2,3
5939e38a-98b9-452a-98ec-d7b9698e4df4,4c6e6cc6-b50c-4880-9a3a-78a7641407f5,2024-06-01,3,2,2
752a4a2e-7b40-42e6-9138-332097780e62,39da6842-bc05-4bad-a0cd-89548cde1957,2023-06-01,2,3,1
b5dd3906-ee14-4aa0-8f45-18133aee1115,39da6842-bc05-4bad-a0cd-89548cde1957,2023-12-01,2,4,3
b73ddea4-6f1f-48b0-bf54-06877a9c331a,39da6842-bc05-4bad-a0cd-89548cde1957,2024-06-01,3,3,3
2a9cd398-3cc7-411e-93d4-b54956b35f41,1cdb587a-1a52-495e-8a55-acad1da61720,2023-06-01,3,3,3
e598e4bc-a27e-4c86-b037-3605666006c5,1cdb587a-1a52-495e-8a55-acad1da61720,2023-12-01,2,2,1
9a3785d1-746b-4526-958b-d1f1bdd1ba02,1cdb587a-1a52-495e-8a55-acad1da61720,2024-06-01,2,1,1
9f5ea3c2-fb92-4cc2-997e-dd74b9221cfa,bb3f9d1d-3813-4e38-ac9a-b5898da062d3,2023-06-01,3,3,4
a3555a98-8289-421d-b1f1-bbf2afa7ac5e,bb3f9d1d-3813-4e38-ac9a-b5898da062d3,2023-12-01,2,2,3
833b7922-365b-409c-9e93-5c0587dbddf7,bb3f9d1d-3813-4e38-ac9a-b5898da062d3,2024-06-01,2,4,3
555b4ec4-242e-4f9f-bbcb-91e90e367438,663e6e23-a861-469d-89c8-69b8e53a8d08,2023-06-01,2,4,1
afe7ac54-ba0b-4bb5-a4ed-2bd8abb24cf2,663e6e23-a861-469d-89c8-69b8e53a8d08,2023-12-01,3,3,4
0ece9162-a7e0-4fe5-9ff1-f48dce9516de,663e6e23-a861-469d-89c8-69b8e53a8d08,2024-06-01,2,2,1
a92e8f6d-5a95-41b0-95c4-c1b27176c2c6,a3b23f99-b529-4428-bce6-25f11c881dce,2023-12-01,4,4,4
53dfac5f-170f-4741-bace-2d9f8f930744,a3b23f99-b529-4428-bce6-25f11c881dce,2024-06-01,5,3,4
794bdee2-03dd-4eec-a50b-d469de46b718,09bb5581-2b05-48fd-a4ba-d2e32bd6ade5,2023-06-01,4,2,4
7cb393ae-e18e-44bd-ad39-3b77afd80154,09bb5581-2b05-48fd-a4ba-d2e32bd6ade5,2023-12-01,4,2,4
eb92f9c2-e4de-4d2f-b0ca-6bd47eb4a5ad,09bb5581-2b05-48fd-a4ba-d2e32bd6ade5,2024-06-01,2,4,3
8c8e7d86-8f94-433f-8607-0296e78688db,c8250f7a-b46a-49de-9876-8813c4fca11a,2023-06-01,4,2,1
b27446fa-5090-4c65-bdb0-e07ace4b7413,c8250f7a-b46a-49de-9876-8813c4fca11a,2023-12-01,4,2,4
841f297c-9e99-475b-930d-e5e4db857331,c8250f7a-b46a-49de-9876-8813c4fca11a,2024-06-01,4,3,2
92df0ca8-1b10-4c8f-92a4-608eccf1e12a,6cbb596f-8979-402a-97f4-6473943e5ea9,2023-06-01,2,2,1
c19732f3-1f2d-49a8-b7e8-0a1d55ddb443,6cbb596f-8979-402a-97f4-6473943e5ea9,2023-12-01,4,4,3
2b3aafc7-5414-4fc2-91fb-5c8a4196d5f4,6cbb596f-8979-402a-97f4-6473943e5ea9,2024-06-01,2,3,1
4ac05c80-5122-4faf-ad33-21823a5a8394,8154c70d-9d90-4ff7-a7cf-9bd75e54ca67,2023-06-01,3,3,3
3fd7fe75-95d3-40b1-9a61-f2ad6b96c7b8,8154c70d-9d90-4ff7-a7cf-9bd75e54ca67,2023-12-01,4,4,1
e10a0926-686a-43d6-919f-7ff40c2e661f,8154c70d-9d90-4ff7-a7cf-9bd75e54ca67,2024-06-01,3,2,4
edacab1d-422c-41bc-8020-8c5504acb93f,b0276cd8-50c3-45dc-b0dd-c62c66c187b7,2023-06-01,1,2,3
48447809-0d89-4da7-9f4b-da81b5ad72dc,b0276cd8-50c3-45dc-b0dd-c62c66c187b7,2024-06-01,1,1,3
cac7eabd-b917-49b4-bbef-3d740b040ddb,b5b66f98-f1a3-45a2-88ca-30dda34c5f6b,2023-06-01,2,4,1
a4a5f1a4-1f79-4b10-978c-eb6ec1a05d5f,b5b66f98-f1a3-45a2-88ca-30dda34c5f6b,2023-12-01,2,3,1
a604daf1-76f2-4eed-b21a-9d2bc23feed7,b5b66f98-f1a3-45a2-88ca-30dda34c5f6b,2024-06-01,4,2,4
38c1cfe0-4519-47a6-87d1-e016bb2543e7,f08d813b-db73-450e-b906-ebd6ed8c1771,2023-12-01,4,2,1
d1c74462-d580-4f47-aa8f-d71c83a36a13,f08d813b-db73-450e-b906-ebd6ed8c1771,2024-06-01,2,2,4
0451bec6-f7dc-42c5-84a7-057d1cbbf578,25e678e9-6adf-4562-9e42-eef2203c139e,2023-06-01,3,2,3
019bfa31-725d-403d-a00a-f6704b39c4e0,25e678e9-6adf-4562-9e42-eef2203c139e,2023-12-01,3,2,1
256f5710-1cf9-456e-b1ec-57b86b5104fc,7b1703d1-fe97-47be-bb60-111a241c1b59,2023-06-01,1,3,2
f39896b8-ac05-48f5-b05f-aa8180f451ed,7b1703d1-fe97-47be-bb60-111a241c1b59,2023-12-01,1,1,1
cd123382-3fff-4d2d-b67a-cc73d92be85d,7b1703d1-fe97-47be-bb60-111a241c1b59,2024-06-01,3,1,2
6c5096ef-d39a-4f8a-bfcb-d0a384c4de24,50c6b676-fcd0-4f12-992f-613b176db028,2023-06-01,4,4,2
ad56254e-03e0-4333-9420-f0db22f07bbc,50c6b676-fcd0-4f12-992f-613b176db028,2024-06-01,4,3,3
2510b1e8-0d8f-47b1-bded-4eda27df7e78,abbc3eb2-2500-48cd-8100-2f0dc89b68a4,2023-06-01,3,3,2
7898306a-dc3c-4b19-a223-01432a7b8e08,abbc3eb2-2500-48cd-8100-2f0dc89b68a4,2024-06-01,3,5,4
bb66546b-a4a9-45c0-9c85-ec487751f099,899f842f-c064-45b7-9d78-547200f07249,2023-06-01,3,4,3
90918ebe-0549-44ec-be3e-9823aa4879d8,899f842f-c064-45b7-9d78-547200f07249,2023-12-01,2,2,2
5a1585b4-95a6-4585-9cae-66a655e9ae75,899f842f-c064-45b7-9d78-547200f07249,2024-06-01,4,3,1
a0fb1658-b9cf-4b1f-9a77-e6c6131234bf,9809544d-13b1-4fb0-bbc2-d8ef22cf963d,2024-06-01,2,1,3
689ef941-79ef-44f7-947e-78f67c1830f6,371b3f66-8787-4419-8c29-bebcdea4794e,2023-06-01,3,2,1
67acbbd1-0069-4c75-ae20-088eae49b14e,371b3f66-8787-4419-8c29-bebcdea4794e,2023-12-01,2,3,3
6101ad6f-71cd-49fd-80a6-1b60f18555e1,371b3f66-8787-4419-8c29-bebcdea4794e,2024-06-01,3,1,1
c3fe5c14-50d5-4743-ac71-ebd171ac073f,446f1af2-a71c-487d-86ba-866c3f7a99c5,2023-06-01,4,2,3
23c28309-ef39-4d6e-9f1d-90c14ce22ba0,446f1af2-a71c-487d-86ba-866c3f7a99c5,2023-12-01,4,3,4
0472bcfd-8c4e-4a9d-a056-ad7a1bc732dc,446f1af2-a71c-487d-86ba-866c3f7a99c5,2024-06-01,4,2,3
e7f57575-2d25-4653-8ee3-cdc6acfcd66f,d91cc02f-8d57-4a7f-8ed6-de7e9ab80d44,2023-06-01,1,1,1
eb447f87-e598-4f1a-8d43-e72404e06818,d91cc02f-8d57-4a7f-8ed6-de7e9ab80d44,2023-12-01,2,2,1
bad71e03-4dea-48b5-ace8-3e530d340a67,d91cc02f-8d57-4a7f-8ed6-de7e9ab80d44,2024-06-01,2,2,1
465df1d7-8403-4d29-b5f6-06f6689ddcac,0fb38e9f-fdbb-4f3b-bdb1-c7f1176c4325,2023-06-01,3,3,2
300fb129-a724-4066-90dc-2bf09856d62f,0fb38e9f-fdbb-4f3b-bdb1-c7f1176c4325,2023-12-01,2,2,3
05bb0d2c-1e32-4ab4-9b1c-1d463f43b4f5,0fb38e9f-fdbb-4f3b-bdb1-c7f1176c4325,2024-06-01,3,1,1
0bac3052-ccfd-42bf-bae1-a038c8864ba0,7247dc34-6ac4-4065-8190-cd35ffd5cbe2,2023-06-01,2,2,3
240a1651-c87c-4302-b66a-cbf477144c87,7247dc34-6ac4-4065-8190-cd35ffd5cbe2,2023-12-01,4,2,3
bea32ea9-60f7-44f2-a108-8149c79b7792,7247dc34-6ac4-4065-8190-cd35ffd5cbe2,2024-06-01,4,4,1
3c8b79e8-def0-40b7-9622-fbbf0cb6ff31,25c43ebb-6948-467a-974c-9764d366d439,2023-06-01,3,3,5
7fd14cbc-c413-41f6-9c75-5b8daffa7239,25c43ebb-6948-467a-974c-9764d366d439,2023-12-01,3,4,2
84866686-641f-4f36-bc10-eadd94ddef0d,25c43ebb-6948-467a-974c-9764d366d439,2024-06-01,3,4,4
ed9d7880-7ac1-4e96-9470-4c2ea36c731c,1b834e04-cf84-4fcd-8156-af8cf789207d,2023-06-01,3,4,4
a7e15e63-0463-4e0d-b32f-a04fcfb20544,1b834e04-cf84-4fcd-8156-af8cf789207d,2023-12-01,4,4,1
86d44eda-cdac-4632-9f1c-5d99d4a325f0,1b834e04-cf84-4fcd-8156-af8cf789207d,2024-06-01,2,3,1
6ccc37ba-ae65-4101-9639-fbc6e4cc96d9,9e1026c4-4b1a-4418-9e73-99d1354f286d,2023-06-01,3,4,4
3595713e-b819-4372-8533-4a6b573c239f,9e1026c4-4b1a-4418-9e73-99d1354f286d,2023-12-01,2,3,2
b1ef4b3b-55bf-4248-af5e-f03ec1a67b58,9e1026c4-4b1a-4418-9e73-99d1354f286d,2024-06-01,2,3,3
def697ba-f64d-45a1-a57c-7aa8560764f4,d4306738-7669-49ca-93b4-f9f8b6641a7e,2024-06-01,2,2,2
7cc0df20-4fa5-4c71-a0f6-233b17d0b5cc,6042d1cf-a042-461b-865d-41abc51aa6a5,2023-06-01,2,3,3
4724a359-774c-4c27-bd87-9db04d8916e8,6042d1cf-a042-461b-865d-41abc51aa6a5,2023-12-01,2,2,1
86ec58be-e2a2-4580-b289-464c581e71da,6042d1cf-a042-461b-865d-41abc51aa6a5,2024-06-01,4,3,3
b61361c1-ba49-4925-918c-1d25e8671a47,eb201d41-f713-44d4-bf15-a1665fc70b68,2023-06-01,4,4,4
49e8d50c-ebe8-4bac-99aa-20a1a6754c4a,eb201d41-f713-44d4-bf15-a1665fc70b68,2024-06-01,3,2,1
16bcd987-0c1f-4fc5-9415-42fd9dc280d2,ffc02fa9-5745-4641-99e9-a0a3e6443181,2023-12-01,3,2,4
36a1e515-ccde-4c5a-8241-0cfa07830e70,ffc02fa9-5745-4641-99e9-a0a3e6443181,2024-06-01,2,2,3
34bb76d5-a272-40a7-bab1-9da526392699,8974d41f-0de7-496b-9043-f6af1dad6e1d,2023-06-01,3,2,3
816f8685-ce9c-4b75-b5cb-22e397fbfc3b,8974d41f-0de7-496b-9043-f6af1dad6e1d,2024-06-01,3,4,4
741bb988-5888-430e-bb16-4037978b6ecd,d0995275-0b82-495e-b4e9-f6e30ec7a007,2023-06-01,4,3,3
8f64ad77-1518-490f-b75d-b744e9500953,d0995275-0b82-495e-b4e9-f6e30ec7a007,2024-06-01,2,4,4
2af81f16-f619-469f-a499-b2e44da01985,e15dba5f-a137-4a6f-8504-8b8818aa892d,2024-06-01,3,2,3
8083c6cc-aa80-4804-9a62-b5714a795b9c,893575da-e159-4500-9106-5395f886f0a4,2023-06-01,4,2,4
f08b6190-2d2b-43b7-8c37-4adb1e9e50f1,893575da-e159-4500-9106-5395f886f0a4,2023-12-01,4,2,4
c5d7ab26-4101-4a23-b3a9-bd8e82111c16,893575da-e159-4500-9106-5395f886f0a4,2024-06-01,2,3,4
9cdd534f-fa6f-43f2-9319-2198608bc921,dd9317b7-894d-487f-921b-8615f8732ebe,2023-06-01,1,1,1
b86d15c6-23e2-41f8-857d-82e6ac2e4713,dd9317b7-894d-487f-921b-8615f8732ebe,2023-12-01,3,1,1
08cbbf09-bb33-4c46-97c0-0dfb38ca1220,dd9317b7-894d-487f-921b-8615f8732ebe,2024-06-01,3,2,3
38499468-c38a-4b3b-bdb3-9f2709d052d9,57e55676-b960-4190-8270-aa75d426753e,2023-06-01,2,2,3
5faefd5e-b917-44d9-9a4c-4421532ee784,57e55676-b960-4190-8270-aa75d426753e,2023-12-01,3,1,1
5ff29631-eb41-45a3-a275-baab432c2e75,57e55676-b960-4190-8270-aa75d426753e,2024-06-01,2,1,2
d04ad8e7-fd3a-41e5-81d0-a881d45091cb,87fdac6b-1e07-4b33-9f91-bbdbd1b3d9ea,2023-12-01,4,4,5
0578bb96-bca5-47b4-9fdf-5deb64024ed5,cf0dc613-1487-4f4f-b84f-5f1b6ee3e0da,2023-06-01,4,4,4
eb227df9-53f8-4a0a-97f1-f66102b5e47a,cf0dc613-1487-4f4f-b84f-5f1b6ee3e0da,2023-12-01,3,2,4
2dd11389-f168-4ca7-9d61-9beb82fa8d9e,cf0dc613-1487-4f4f-b84f-5f1b6ee3e0da,2024-06-01,3,2,3
c2294c85-eb40-41e3-917c-31055167e221,7185ac7e-4ae5-472f-9dea-96b6b1a9183d,2024-06-01,3,3,1
5485974c-3647-4228-b782-5ee95ddf796b,8af390bb-9b14-4623-b79c-10d7bac6f62f,2023-12-01,3,3,1
fbd1f058-043e-494b-8ada-76c068273734,8af390bb-9b14-4623-b79c-10d7bac6f62f,2024-06-01,3,2,2
22badce1-3b4a-44a7-8a5a-7e95dede3d04,7a5c836a-d973-40d7-b7a3-9da66c7b77f7,2023-06-01,5,3,2
226327e5-0984-47fe-856a-ea626244f585,7a5c836a-d973-40d7-b7a3-9da66c7b77f7,2023-12-01,5,3,4
05f23b1d-ad14-41e6-a8c6-ef596f27c77d,7a5c836a-d973-40d7-b7a3-9da66c7b77f7,2024-06-01,5,4,2
0b1afc96-60b1-4c78-9518-6db2e28533b1,4dc69f2e-b150-4f2d-965a-4894b42c3091,2023-12-01,4,2,4
27733150-4056-415d-89b6-6ec5e02d9160,4dc69f2e-b150-4f2d-965a-4894b42c3091,2024-06-01,3,4,4
e155dd47-7804-4dea-b961-d9f6132fc362,676474c6-3ff9-46a6-9fef-c58b1701a4f9,2023-06-01,3,2,2
3734234f-9102-457a-887b-d278784e7d8d,676474c6-3ff9-46a6-9fef-c58b1701a4f9,2023-12-01,3,3,3
4eda1fbe-7636-4cf8-a5ea-0a0a27ee2e6e,676474c6-3ff9-46a6-9fef-c58b1701a4f9,2024-06-01,1,3,1
96fff171-bf49-40c4-9261-0c62a39f7929,bd7d8e10-20d7-4b03-b81e-cc244da3a7da,2023-06-01,3,4,3
3f1762da-c58c-40f0-bf11-c62d87e3d421,bd7d8e10-20d7-4b03-b81e-cc244da3a7da,2023-12-01,4,4,3
8971c296-d614-476d-875a-c837c6494656,8457cae3-79f4-4e6a-8cba-7aeb896e60ed,2023-06-01,4,3,2
215ef7a4-6ea2-4353-8101-f4cdd9f50110,8457cae3-79f4-4e6a-8cba-7aeb896e60ed,2023-12-01,3,4,2
00b41828-cf8b-495f-ab67-55a7a7e0e889,8457cae3-79f4-4e6a-8cba-7aeb896e60ed,2024-06-01,4,3,3
0063832a-8194-4fcc-b29b-fea3931aa718,7bae2e41-48ed-48cc-8d87-aaa626b732bc,2023-12-01,4,4,4
d845cd12-96fd-4b76-bfeb-d07cb7e3d4d2,7bae2e41-48ed-48cc-8d87-aaa626b732bc,2024-06-01,4,3,4
d17ee676-2b1f-420b-873f-cba965009dcf,21407545-345a-41dc-8483-2e8bde378d16,2023-06-01,3,4,1
b226efa8-d0f0-4b05-a331-5d928841b952,21407545-345a-41dc-8483-2e8bde378d16,2023-12-01,3,3,4
24b456bc-8329-4a05-b28a-67d0c0c24bc5,21407545-345a-41dc-8483-2e8bde378d16,2024-06-01,4,2,3
edf96009-b562-4a6e-88d5-2233fd5ac6de,6ed91107-2255-414e-97de-db34d1080e0a,2023-06-01,1,2,2
5aae405b-eed0-462e-aab2-95ada700352d,6ed91107-2255-414e-97de-db34d1080e0a,2023-12-01,2,1,2
2d116e8c-cb27-473f-b8a1-7eea56b08fb8,6ed91107-2255-414e-97de-db34d1080e0a,2024-06-01,2,2,3
eebb5ad5-2462-468a-b1e9-198d3a99a935,6169fad8-e5e2-42cb-a448-e5dbf0faabe5,2023-06-01,2,1,1
5f84cb62-e435-4a96-a6ea-641f1a0fdb44,6169fad8-e5e2-42cb-a448-e5dbf0faabe5,2023-12-01,3,1,2
1350d6cd-27ed-4760-b99d-f684ec481f84,6169fad8-e5e2-42cb-a448-e5dbf0faabe5,2024-06-01,2,1,1
43b5de8a-33ea-4aae-866f-9fe0ce3b91c0,ffaa18e2-3f36-4677-bafe-b57d13bb1466,2023-06-01,4,3,2
e6e0335d-c8a5-4f92-aea7-411ec3cebeb9,ffaa18e2-3f36-4677-bafe-b57d13bb1466,2023-12-01,3,4,3
cda2e236-9316-44b3-90e3-fb116bfba1d0,ffaa18e2-3f36-4677-bafe-b57d13bb1466,2024-06-01,2,2,1
bbd611fc-6dc1-4b37-96e3-6e0c1a718c19,354ffcdd-e2a4-424d-9e98-b29379035780,2023-06-01,1,1,2
482a4502-feaa-45cd-8974-d93ef46e8f3d,354ffcdd-e2a4-424d-9e98-b29379035780,2024-06-01,3,3,1
6735df56-1a08-422a-8b42-4e41359343f2,54a52a99-4424-4bdf-a39a-95a70224bb34,2023-12-01,2,4,4
195753f3-a328-4c88-abef-e1fd4d09fc03,893a2263-90d9-4370-bfdd-9b00764ad7e7,2023-06-01,5,5,2
2d83b4f3-9747-4dbe-a107-1d482f3b14a1,893a2263-90d9-4370-bfdd-9b00764ad7e7,2023-12-01,3,5,2
12903dcb-bd61-4e7d-9f7e-5c5dec7571e8,893a2263-90d9-4370-bfdd-9b00764ad7e7,2024-06-01,3,4,3
d1876869-01f1-4a8d-861b-e4985b7cb79e,98f020b1-3dd8-4b73-8728-fd7522417a19,2023-06-01,2,2,3
87221d16-c542-4fa6-acf0-ae46fb741e71,98f020b1-3dd8-4b73-8728-fd7522417a19,2023-12-01,2,2,1
b41088d6-3bdd-4767-99aa-95bf47653f7f,5367cc4b-b13a-42ff-bd0b-0efec0089fed,2023-12-01,2,4,2
17a24138-9c13-4f6e-a11f-3986fb9070e6,5367cc4b-b13a-42ff-bd0b-0efec0089fed,2024-06-01,4,3,1
dc2f1627-1c63-4915-9e0e-be0d83961a69,e5289003-bb7a-435e-8016-32ffb4105b0a,2023-06-01,2,2,2
12b6dfd4-124b-4059-95e9-e9d737e5b584,e5289003-bb7a-435e-8016-32ffb4105b0a,2023-12-01,4,3,3
7511a287-f6c1-4d38-a52a-c9a0981a2c42,e5289003-bb7a-435e-8016-32ffb4105b0a,2024-06-01,4,3,4
b74a9f7c-97a2-42de-8fc0-dca0423cf796,38c8f3fd-a9c2-4624-a673-1d187252de5a,2024-06-01,2,2,1
a11e33ab-5115-4fcd-be60-2f37ab5748e3,9a9120be-a2d2-4e59-8476-f9c4c1c00c77,2023-06-01,3,2,3
db039e80-4681-4913-ae56-6ea8b2064969,9a9120be-a2d2-4e59-8476-f9c4c1c00c77,2023-12-01,4,3,1
da98f6f6-5969-4320-8b07-1e8a267cc969,9a9120be-a2d2-4e59-8476-f9c4c1c00c77,2024-06-01,4,3,4
fbacf0c6-4b48-43e9-92df-171c3180726d,e9eb8ff7-9e05-46f9-be95-90a625ca15f4,2024-06-01,3,3,3
12d1da13-9436-4374-bcbd-b48c0773907d,24ccbe4a-6207-4dbe-88dd-15ad49bc1b31,2023-06-01,1,1,3
f5262b88-8ae9-483c-86f0-cbfcf2a551c4,24ccbe4a-6207-4dbe-88dd-15ad49bc1b31,2023-12-01,1,3,1
73688bef-d502-407a-9723-d6d8e1825acd,24ccbe4a-6207-4dbe-88dd-15ad49bc1b31,2024-06-01,2,2,2
54299987-278f-45af-bd36-8cba89557a29,df661edc-6c63-4c9a-bf48-8bdeafa583ae,2023-06-01,4,2,1
dbb6c554-c986-4e09-9eab-1afa257336b9,df661edc-6c63-4c9a-bf48-8bdeafa583ae,2023-12-01,2,4,4
dc35e579-e880-43a1-8fa9-44c8f5e5bf9b,df661edc-6c63-4c9a-bf48-8bdeafa583ae,2024-06-01,2,2,4
5f64e55a-a649-4ab8-85ab-7604486daa93,0dc29479-3747-4560-b13b-7c1dfab9ed46,2023-06-01,3,3,4
fcf2746a-1cdc-4d44-9d41-4c14c220f2eb,0dc29479-3747-4560-b13b-7c1dfab9ed46,2023-12-01,4,3,1
44e0c24b-be5a-4f3f-84f6-75c6f7a7f174,0dc29479-3747-4560-b13b-7c1dfab9ed46,2024-06-01,4,2,1
6770945c-0100-449a-96b6-056c4cb1039f,4ffc360b-9eed-49a9-b280-0349441842e0,2023-06-01,2,3,2
cc8a18a6-7dbe-434e-9455-ec62f1054f1e,4ffc360b-9eed-49a9-b280-0349441842e0,2023-12-01,4,3,2
daef79b1-fd80-4163-a28e-2d7a63088ead,4ffc360b-9eed-49a9-b280-0349441842e0,2024-06-01,4,2,3
349f453f-8470-4d52-a764-3b5948e7e8e0,70ae8640-445c-448c-bfe1-20049b33d87d,2023-06-01,2,2,1
0291d2c9-8283-4947-80b1-2e2f6dc5e524,70ae8640-445c-448c-bfe1-20049b33d87d,2023-12-01,2,3,1
b858b79b-8fa1-4e6f-baf3-a9ffcd9aeafb,70ae8640-445c-448c-bfe1-20049b33d87d,2024-06-01,4,2,3
d9a39102-18cf-4222-953f-3ec1b8cdab2e,5154d2f4-aa71-4ec9-a8ac-af9e65f3db81,2023-06-01,2,3,1
816c1c5e-27f4-4058-9f91-42c1630fef7a,5154d2f4-aa71-4ec9-a8ac-af9e65f3db81,2024-06-01,2,2,3
3696d383-9880-4a61-82b6-66a0d4fd384e,be8d4354-3f04-4d14-b53f-14405415cee0,2024-06-01,1,2,3
f942b537-0f09-4457-8bc0-0516cfbeb17c,db8078f9-330a-4e8e-aa3b-0d91619a81a7,2023-12-01,2,2,3
362b6531-f18e-4fa1-ab2e-b7e70404b5d7,db8078f9-330a-4e8e-aa3b-0d91619a81a7,2024-06-01,2,3,2
e4e219d3-a972-42c2-95c1-f393593392f1,d933d798-47c0-49fb-a607-031b014feea3,2023-06-01,4,4,2
ee845e65-dcbd-4b26-b4c2-38e55062a6da,d933d798-47c0-49fb-a607-031b014feea3,2023-12-01,3,2,3
36044e31-502e-4554-8900-f6d075e27243,d933d798-47c0-49fb-a607-031b014feea3,2024-06-01,3,4,3
1e68fc43-601e-4ec5-92df-95b5622d9c77,9ca710e6-b8f9-47d4-b123-1e8c2634e14c,2023-06-01,4,3,5
a8e7317f-9870-4db3-9e3e-001237ada4bd,9ca710e6-b8f9-47d4-b123-1e8c2634e14c,2023-12-01,4,3,3
d7d7edec-3a08-4985-ac8a-40c38336f5c4,9ca710e6-b8f9-47d4-b123-1e8c2634e14c,2024-06-01,5,3,5
d7054c49-5e1d-4146-8556-f85262db8598,d9380041-90cc-41c2-bac2-a147891b9767,2023-12-01,4,4,1
4a8d545e-5be5-4ef4-aa88-aab923c1e31a,6b282c33-bd7d-4d94-82bb-3051b1986abf,2023-06-01,1,2,3
3ef7f410-fd6b-4229-b3ea-7c1d46486749,6b282c33-bd7d-4d94-82bb-3051b1986abf,2023-12-01,2,1,1
96d875de-4873-4421-85ba-b711b0dd8cf9,6b282c33-bd7d-4d94-82bb-3051b1986abf,2024-06-01,3,2,1
aebdb923-ac3a-431e-823b-ce024c16e046,f2b40d9d-49ea-442d-a4ba-e1a5cb3ead47,2023-06-01,1,3,1
86616a4a-d6a0-48fb-a820-1cac41fca794,f2b40d9d-49ea-442d-a4ba-e1a5cb3ead47,2024-06-01,2,1,1
2d245646-ddf2-49b2-adee-61174a0e22e8,40f65710-8483-4358-ac9d-aa0e474e869e,2023-06-01,4,4,4
f7a0fd76-1ab8-4fa1-9890-b3c022c58643,40f65710-8483-4358-ac9d-aa0e474e869e,2023-12-01,4,4,3
c5b1c360-fdde-4b43-8a47-856c72245bfc,40f65710-8483-4358-ac9d-aa0e474e869e,2024-06-01,4,2,1
3123bc89-8eee-47e9-be7d-af7743575697,2733f5d9-3308-418e-8fa0-6419b66f4c41,2023-06-01,5,3,5
6b486bf2-4e1e-4437-9db3-620d81506e30,ea1fe734-8c9c-4177-acef-44ca0be53249,2023-12-01,4,3,1
e6b81803-ebf5-4df5-8e91-55312361e71b,ea1fe734-8c9c-4177-acef-44ca0be53249,2024-06-01,2,2,4
37c31a06-db86-482b-9d11-47d2df022f61,fd51028d-530a-46d7-ac1e-c23fa552ae30,2023-06-01,1,1,2
ef902ead-5c08-4f31-a929-e0ec42e0d8bd,fd51028d-530a-46d7-ac1e-c23fa552ae30,2023-12-01,1,2,1
e48ee97a-af4b-444e-965b-6eba7798a647,fd51028d-530a-46d7-ac1e-c23fa552ae30,2024-06-01,2,3,1
771107c6-38cc-41ac-af93-15de63751eef,f1ee4fb1-7932-4683-be0f-499f5b07814c,2023-06-01,2,1,1
89d17a86-a50c-4035-985c-0f56317a191e,f1ee4fb1-7932-4683-be0f-499f5b07814c,2023-12-01,2,3,3
7b20942c-beb0-4d69-a28f-ee563aaa3eed,f1ee4fb1-7932-4683-be0f-499f5b07814c,2024-06-01,2,3,3
9f9a07f0-f6e0-4f73-8ae9-ee20ea6d994c,9d4e9314-3a99-4e2b-90aa-50382942613f,2023-12-01,5,5,4
53983c2c-a902-4bde-b942-6d1b5616f028,9d4e9314-3a99-4e2b-90aa-50382942613f,2024-06-01,3,5,3
50521c40-aafd-4d0c-ae13-7b3e5bd4cc7d,386e70ba-71ea-444b-abce-dc2041b3c760,2023-06-01,3,4,5
918bd0cb-dd65-4395-bbd4-31dcae341f6b,386e70ba-71ea-444b-abce-dc2041b3c760,2023-12-01,4,3,3
efc90fac-97c5-420d-bfbf-25553675ab1f,386e70ba-71ea-444b-abce-dc2041b3c760,2024-06-01,4,5,2
96f1e5f8-35cd-4939-a898-811b46d337ff,54a9fd3e-03b6-4d5f-b70c-08f0ee91f1d7,2023-06-01,3,4,2
40954cea-0ca4-4e3e-9782-d2488cc63328,54a9fd3e-03b6-4d5f-b70c-08f0ee91f1d7,2023-12-01,2,2,1
6f42b055-8928-4938-bdde-e73ce6915f6b,54a9fd3e-03b6-4d5f-b70c-08f0ee91f1d7,2024-06-01,3,4,1
6c5eb976-9872-4903-88f8-41da9b09ec04,1444ab1a-250d-423c-be1f-662b48191da1,2023-06-01,2,2,3
fb211787-51fb-4a23-aca2-e30e2a6c10a8,e6ee0c6e-718b-43e1-ac46-d86898d00a13,2023-06-01,3,4,4
fe511dba-f0ab-4d24-a5d1-15082d3752cc,e6ee0c6e-718b-43e1-ac46-d86898d00a13,2023-12-01,4,2,3
415d76a9-2951-40a8-8acd-a78857772909,e6ee0c6e-718b-43e1-ac46-d86898d00a13,2024-06-01,2,4,2
470c74ad-baab-49b3-bc74-ab7abf998497,f7a588e2-7488-4812-9136-9be5b8ba8160,2023-06-01,3,4,4
63ea9d33-d655-4252-b87b-f516cc54445b,f7a588e2-7488-4812-9136-9be5b8ba8160,2024-06-01,5,5,3
cfe0d59f-2c2e-433f-a495-27e22998fda5,5d462ba6-8c69-4ec3-afb2-1ec28ac41eae,2023-06-01,4,3,1
8700e00b-7eab-4312-9431-a2b381ef35f7,5d462ba6-8c69-4ec3-afb2-1ec28ac41eae,2023-12-01,3,4,1
93c3bfb4-a439-4bf3-8f1d-c365ec9570e1,5d462ba6-8c69-4ec3-afb2-1ec28ac41eae,2024-06-01,4,2,4
0a62ef11-3353-4b81-9189-98fa6d5e2b79,1b1a2832-860e-4277-b31f-b81b330b01ef,2023-06-01,4,2,2
231a984f-9663-473e-b5f5-590303439981,1b1a2832-860e-4277-b31f-b81b330b01ef,2023-12-01,4,2,3
2cac8f24-3526-4ca9-b93b-3fea4ed1cea0,abc05666-6264-48f2-a039-06e0afaddaf1,2023-06-01,2,2,3
edb905f6-4711-4c00-9046-df763d88460b,abc05666-6264-48f2-a039-06e0afaddaf1,2024-06-01,3,3,2
8cc83f3e-ccdf-4545-9a81-9863c0872f51,b0ae224f-d9f2-4a5d-a1ff-48159f1a1d60,2023-06-01,3,2,1
b2a211ad-dc30-4337-903b-e728d9a5956d,b0ae224f-d9f2-4a5d-a1ff-48159f1a1d60,2023-12-01,2,2,2
b4764bad-ed2c-40b3-a472-c5d8113c7f5b,b0ae224f-d9f2-4a5d-a1ff-48159f1a1d60,2024-06-01,2,2,1
19570cd1-402e-4146-a143-39e692fb8515,ebb6416a-c681-4525-8c43-bd2dff552cff,2023-06-01,4,3,4
13a71487-cfbd-4f04-a2d9-5b543f5b6918,ebb6416a-c681-4525-8c43-bd2dff552cff,2023-12-01,2,2,1
c7bdaf73-a233-40c0-b603-14162d268c2c,ebb6416a-c681-4525-8c43-bd2dff552cff,2024-06-01,3,3,2
719db1df-774b-4730-b650-c5deffa06f23,9f548a87-bcf0-4baa-8a13-222b666a4f99,2023-06-01,3,3,3
9d69ef07-5ea5-403e-98b7-f725e3194c24,9f548a87-bcf0-4baa-8a13-222b666a4f99,2023-12-01,4,3,4
33b3ede6-a150-4284-b32d-ad8998651860,9f548a87-bcf0-4baa-8a13-222b666a4f99,2024-06-01,3,3,2
e25c0a1f-e738-4129-8428-f79921b77b45,20b673a8-62cb-4793-9b96-b48dc5b29e79,2023-06-01,4,2,4
ddb20389-51c8-4ae7-9f17-8f3503ae0434,20b673a8-62cb-4793-9b96-b48dc5b29e79,2023-12-01,3,3,4
e15c81a6-ee87-4b07-95e2-b4e4aedf6724,20b673a8-62cb-4793-9b96-b48dc5b29e79,2024-06-01,4,4,1
287c2749-48aa-45bd-af53-eb846087fed5,8523d52b-d022-48f4-a9d2-d94dd367fdb1,2023-06-01,2,4,3
56b4c68d-d34a-4461-aedd-c678808633e1,8523d52b-d022-48f4-a9d2-d94dd367fdb1,2023-12-01,2,2,1
89c821a6-c462-4d86-854f-5e4aeb282a66,8523d52b-d022-48f4-a9d2-d94dd367fdb1,2024-06-01,4,2,3
acbf2054-3c53-439b-aff8-e6bb6690ae1b,455ae775-9e7b-4b24-ae66-2dfb2d1cdd1f,2023-06-01,3,4,3
554278a7-a810-43ed-aba5-c5b4899b01aa,455ae775-9e7b-4b24-ae66-2dfb2d1cdd1f,2023-12-01,5,5,4
50a49c07-4971-4287-9eea-519ec143c898,455ae775-9e7b-4b24-ae66-2dfb2d1cdd1f,2024-06-01,4,4,3
7cbed798-875f-49bf-8ff1-803872333194,0086b043-7486-4a77-839f-aff65533d4d1,2023-06-01,3,5,4
2aa22af3-fd48-499d-9718-e12570e924d2,0086b043-7486-4a77-839f-aff65533d4d1,2023-12-01,3,3,3
6f3cd88f-eec1-435b-a173-9bf20b8c0291,0086b043-7486-4a77-839f-aff65533d4d1,2024-06-01,3,4,4
87ab4ae0-e879-4508-bdf4-63067aca080b,ae49cd00-348f-4f48-ae38-42e13b28a05c,2023-06-01,3,4,3
1183aff2-5132-4f80-8217-578a6af58a92,ae49cd00-348f-4f48-ae38-42e13b28a05c,2023-12-01,4,3,3
62b4633f-b8bc-4937-a8df-c047b9a6ce0f,67b63653-bd0c-4aa0-a12a-c2914bc489b5,2023-06-01,2,3,2
9c1646fa-3e04-46ff-9acd-d54762ed7581,67b63653-bd0c-4aa0-a12a-c2914bc489b5,2023-12-01,3,2,1
bf6f67a5-651f-4a67-8914-1d2544f1733a,67b63653-bd0c-4aa0-a12a-c2914bc489b5,2024-06-01,2,3,1
23770958-36de-4957-aea6-e51ac108fd88,f1a7965c-2528-488d-9bc4-40d2b9b6bd60,2023-06-01,3,3,2
5d7206b5-6247-4c5c-a016-dcd351b63d74,f1a7965c-2528-488d-9bc4-40d2b9b6bd60,2023-12-01,3,4,2
863f488d-6491-4799-8088-c6ed689ea3d4,f1a7965c-2528-488d-9bc4-40d2b9b6bd60,2024-06-01,3,3,2
707d49d2-e91c-4456-9c18-c1ae4ab22b33,0a2c58af-b5bb-42d1-af98-6019ce478350,2023-06-01,1,1,1
aa8b9391-f4cd-4851-9f17-ea4a2ba1dbe6,0a2c58af-b5bb-42d1-af98-6019ce478350,2024-06-01,2,3,2
e09a0943-0fbc-4475-82c6-af12cc565140,74527601-16a2-4ec7-9c0b-3f69decbebb1,2023-06-01,2,2,1
ca420e1e-cf90-4c60-a7da-538347e68b52,74527601-16a2-4ec7-9c0b-3f69decbebb1,2023-12-01,2,2,2
bf0ca8eb-0347-4667-bb69-d29e9e498fab,74527601-16a2-4ec7-9c0b-3f69decbebb1,2024-06-01,2,2,3
597fb70f-768f-4764-8c20-f7cd755837db,d7a05f4a-9386-4ecc-8c46-ea5f270c19ac,2023-06-01,3,2,1
9925922c-d0c2-43fd-a61a-d83e1b8d247d,d7a05f4a-9386-4ecc-8c46-ea5f270c19ac,2023-12-01,3,3,1
6f63a50a-b028-4438-8eff-a989c6b34b7a,f6f60cd7-e56e-42dd-b6e2-2b94422ccbbe,2024-06-01,4,2,1
7009c5e8-ac00-4fac-8d70-dcb329035031,989d3187-583b-4a07-8f87-4aafd3fa67d8,2023-12-01,2,2,1
a359f4ea-d550-4eab-9a0c-fc5b34a494de,989d3187-583b-4a07-8f87-4aafd3fa67d8,2024-06-01,3,3,3
2377b51c-bb4e-4564-b966-d5c165db60b5,16fe411b-c60b-4599-ad7d-01cf0581c502,2023-12-01,3,3,1
1c1dfedd-50b4-482c-91d7-563a92c8ef5b,c84126f4-b92b-4dce-9f37-e247ee802cef,2023-12-01,3,4,3
5d78cdb6-cb50-4431-90d4-5abb399b8b95,c84126f4-b92b-4dce-9f37-e247ee802cef,2024-06-01,4,2,2
262c7c8a-7e46-4eb0-beac-dc3f21c098f2,4111dc2f-8f3b-4217-8874-d70d0db3faf6,2024-06-01,1,2,2
f1a2cd4b-2eea-49e2-8073-b5dbb5f60468,99ed0793-c4fb-41b7-94e8-2bc0da423a98,2023-06-01,1,2,1
56388e8a-8590-4403-9234-e1fa364b07f2,99ed0793-c4fb-41b7-94e8-2bc0da423a98,2023-12-01,2,1,1
5fc56c6a-1cf1-4284-b59f-27765f87a46c,99ed0793-c4fb-41b7-94e8-2bc0da423a98,2024-06-01,3,3,1
14dbf499-d78a-4046-8aed-554e6c0356d7,6fffcd4b-9c81-4509-94f5-a715a7aaae2c,2023-06-01,3,4,2
26542472-971e-401b-8b40-aa27f81b0c42,6fffcd4b-9c81-4509-94f5-a715a7aaae2c,2024-06-01,4,5,3
e20e0cf4-468d-42f8-8ef7-3d2a793b7e16,f32d3b9d-ebbd-49e0-af9a-28642265e386,2023-12-01,2,2,3
c6d63eb7-6e9b-439a-a958-70bb7850083e,f32d3b9d-ebbd-49e0-af9a-28642265e386,2024-06-01,1,1,1
f977a15d-fb0d-42b4-bf7d-96503f39d269,564c915d-9c4f-456b-8210-d94c78e57a50,2023-12-01,3,3,4
710c0d57-6aeb-4d94-a28b-ce66f5511743,564c915d-9c4f-456b-8210-d94c78e57a50,2024-06-01,2,2,3
5ad6d014-da18-476a-bf6a-4aabe6bfbe9d,acc00b8e-00ef-429a-b690-a7841c0048f8,2023-12-01,1,2,3
6b67ce0e-0c41-4891-b065-f55f595d26aa,acc00b8e-00ef-429a-b690-a7841c0048f8,2024-06-01,1,1,3
3eaa6690-bbe8-448a-8251-7d22fd5d67f1,c94713b8-bcf9-4298-a4d3-ddbd1f50d7c0,2023-06-01,4,2,4
3546db6a-d3f6-462d-8ad3-b231a2f4cfbe,c94713b8-bcf9-4298-a4d3-ddbd1f50d7c0,2023-12-01,4,4,4
2fb901af-2969-4434-b770-61c74b302f3d,c94713b8-bcf9-4298-a4d3-ddbd1f50d7c0,2024-06-01,3,2,1
364df412-010f-49bf-8614-8bcba8c47239,124e39ad-9169-4fac-8643-2c520a98c6ac,2023-12-01,3,3,3
60a89046-eb23-42c6-bcbc-b1ecac69ac89,ff2ed1b5-fb63-4c02-946f-72304dc3f4ac,2023-06-01,2,2,1
b5b72198-f434-4be4-8154-8847e7d3d142,ff2ed1b5-fb63-4c02-946f-72304dc3f4ac,2023-12-01,4,2,4
30fe0f50-2bf1-4d71-b69e-7623f88f689b,ff2ed1b5-fb63-4c02-946f-72304dc3f4ac,2024-06-01,4,3,1
dbbd5d06-8d3e-4d24-bdad-a7fbc7fe4d72,17a73295-b85f-43fb-8dfb-b95e77bb1d9c,2023-06-01,5,3,2
3de53a16-bc71-4c1c-b79b-6961f982b0e9,17a73295-b85f-43fb-8dfb-b95e77bb1d9c,2023-12-01,5,5,2
bc1860ae-ffac-495a-8ad5-4a53016a1525,17a73295-b85f-43fb-8dfb-b95e77bb1d9c,2024-06-01,4,4,2
533eebe9-94cb-4d70-8aed-d9d88ea78722,ceeb97ff-8fb9-4e08-ac33-972bc482ad3c,2023-06-01,3,3,3
0f34bf37-0c31-407c-8f80-27ef2de93f7b,ceeb97ff-8fb9-4e08-ac33-972bc482ad3c,2023-12-01,4,4,4
5f71c2b4-93b4-490c-836e-0749246296ca,ceeb97ff-8fb9-4e08-ac33-972bc482ad3c,2024-06-01,5,4,2
3204b392-bbfd-478e-b1e7-2fc3403a3618,ab5849b4-0e8d-4e65-8347-9c3e36df50ba,2023-06-01,2,2,3
6ab60572-fd50-4f47-853a-abce98b71c6f,ab5849b4-0e8d-4e65-8347-9c3e36df50ba,2023-12-01,4,2,1
c25422cf-9729-471c-bbfc-ac6b9c00fdb5,ab5849b4-0e8d-4e65-8347-9c3e36df50ba,2024-06-01,2,2,2
4033a68f-6dd7-4dd7-a4f8-b13e08d5d13b,3be1f31f-ee34-4a88-b200-ffed51e94bd7,2023-06-01,5,3,3
f62d2117-a781-4057-aa31-a204996ac7ba,3be1f31f-ee34-4a88-b200-ffed51e94bd7,2023-12-01,3,4,2
6a212efd-5cd2-405e-bf5e-5afdf1886fde,617beacf-d735-4b44-b409-d47c427871f0,2023-06-01,1,1,1
c573c58d-a32d-4d7b-b4e3-bd421f45811c,617beacf-d735-4b44-b409-d47c427871f0,2023-12-01,2,1,1
eb70dfbc-1978-45d5-bfcd-fb02a1542833,617beacf-d735-4b44-b409-d47c427871f0,2024-06-01,2,2,1
516226e2-ba18-4590-9242-99057945488e,b40d27d3-4d44-4c2e-9275-bcb7b6461181,2023-12-01,3,1,2
59487c86-0830-4423-b0b6-ba40b695b7b4,b40d27d3-4d44-4c2e-9275-bcb7b6461181,2024-06-01,1,3,1
70fbd9d8-c7e8-44f3-89c1-4b63e7405ffc,9fa9842e-3763-45e3-ba88-c5aaf749a571,2023-06-01,4,2,1
99c8bc1e-c463-4675-b41c-54a0d7a5e723,9fa9842e-3763-45e3-ba88-c5aaf749a571,2023-12-01,4,3,3
8fa666d4-d13d-452e-a527-91865b821dd2,9fa9842e-3763-45e3-ba88-c5aaf749a571,2024-06-01,3,3,2
5283531a-5baf-4c15-be7a-b1eb349b5252,b1372615-d519-49ae-b1bb-0a0185abd102,2023-06-01,2,2,3
fef1743e-088a-4f23-b390-48ec23b23a8e,b1372615-d519-49ae-b1bb-0a0185abd102,2023-12-01,2,3,2
8ef99e8a-6ced-4f8c-9a6f-9718293c8093,b1372615-d519-49ae-b1bb-0a0185abd102,2024-06-01,1,3,3
1412115d-0567-4cfd-8f19-650261db31d6,71bebd95-708e-4367-a0ef-ea1de91e7660,2023-12-01,4,3,2
d4730611-3cac-483f-aeb0-ff59c749f783,71bebd95-708e-4367-a0ef-ea1de91e7660,2024-06-01,3,2,4
039955f4-c4f0-4d40-8e89-aae56c01ddf8,43910de2-4787-43e4-8c3c-09616063e2e6,2023-06-01,3,3,2
cf46a786-a78c-443a-bf24-8a31f12d1866,43910de2-4787-43e4-8c3c-09616063e2e6,2023-12-01,2,1,1
e5145d49-ca18-497f-96e2-8552c49dc0b6,43910de2-4787-43e4-8c3c-09616063e2e6,2024-06-01,3,3,1
ad306e74-221c-4974-8c9a-b901b11632d5,0f82a7ba-6afa-4cb5-bc42-84d048503eff,2024-06-01,1,2,1
99f6ab75-0b69-4af5-aef9-992750bb0fbf,cbc9ac71-3e42-4858-a303-9632e1d8ff42,2023-06-01,2,3,3
a49f73fb-17c0-4284-8203-795859e4b63e,cbc9ac71-3e42-4858-a303-9632e1d8ff42,2023-12-01,3,2,1
be3e7f98-6652-4ee5-bd74-481564fcc3fe,cbc9ac71-3e42-4858-a303-9632e1d8ff42,2024-06-01,3,2,1
f66c62db-5f4a-4f4d-9462-e7fa5a1f69bb,332ae845-3bae-44f2-9c49-a01b98e089cc,2023-06-01,3,3,1
6fb7a10d-e4ae-4aa4-a2be-1ffe0c0b9788,332ae845-3bae-44f2-9c49-a01b98e089cc,2023-12-01,1,1,2
9d6a82d6-cc67-4b41-b585-10169a973e12,7253da67-f930-4248-8377-6fd95edfca74,2023-12-01,3,4,1
003fb64d-20a4-4814-8039-510887f30987,7253da67-f930-4248-8377-6fd95edfca74,2024-06-01,3,2,3
58f4fb29-522d-4aa1-bbeb-26bdc1b51300,5dd3c9af-5867-47b9-9779-dbf507e96c5e,2023-06-01,4,3,2
12747cf1-24e5-44da-9f71-896dd7637f6c,5dd3c9af-5867-47b9-9779-dbf507e96c5e,2023-12-01,3,3,3
39990c3a-19bb-4475-befb-2029101d6e5c,5dd3c9af-5867-47b9-9779-dbf507e96c5e,2024-06-01,4,4,3
16cd0574-3e88-43f7-a50a-4d2d4a53b450,244509c6-34fe-41fc-8239-0996ce9b3eeb,2023-06-01,3,2,4
cc63322f-4b2e-4f46-800a-c5f185f77616,244509c6-34fe-41fc-8239-0996ce9b3eeb,2024-06-01,4,3,3
9e7138b3-c40f-4da0-b003-6bc56939033f,6169f9da-d029-4076-a45e-625ac6abc1fa,2023-06-01,2,4,4
287f6609-9a3e-4162-b6f6-5eeb3765f222,6169f9da-d029-4076-a45e-625ac6abc1fa,2023-12-01,4,4,1
929c1d8a-ac06-4fdf-9358-e3e05a895205,6169f9da-d029-4076-a45e-625ac6abc1fa,2024-06-01,3,3,2
d06d196a-5bf6-451d-8f1e-f7a848d7ed02,a3089efd-225c-40d8-ad70-651ebf2c7650,2023-06-01,1,1,1
4a06c8e7-e712-4c9f-a747-f6bf9658072f,a3089efd-225c-40d8-ad70-651ebf2c7650,2024-06-01,3,1,1
0e755d6c-139e-4b97-bc9c-fba19a48a0c8,b819c374-b371-4b58-a145-7fc885363ea4,2023-06-01,3,3,5
a3d00bce-3a6e-4439-b443-3034f8677073,b819c374-b371-4b58-a145-7fc885363ea4,2023-12-01,5,3,4
32ac7e17-5fd6-454e-aafc-92620d055c3b,b819c374-b371-4b58-a145-7fc885363ea4,2024-06-01,4,5,4
fe70de9a-1995-465f-9cc8-a627c773b628,601813f7-568a-4356-b4e0-c49714d7f7c3,2023-06-01,2,1,3
1aebe67f-7f65-469d-8c53-74241058a0ba,601813f7-568a-4356-b4e0-c49714d7f7c3,2023-12-01,3,3,1
cab6a5e1-5e9e-4f2d-bea4-6183eebcfe2f,1d578ef4-828f-4921-afba-d3d1a70a006e,2023-06-01,3,3,2
1dfae790-ffee-463b-9e93-7bbf4aa9fff5,1d578ef4-828f-4921-afba-d3d1a70a006e,2023-12-01,2,3,4
189f2b13-ea1f-497b-bcb5-06e74e572217,1d578ef4-828f-4921-afba-d3d1a70a006e,2024-06-01,4,3,1
0c7e2528-5bec-421a-85b1-49bedc050619,824f6135-9c86-4cbf-9e45-7230b6360334,2023-06-01,3,4,1
b643ff32-c794-44da-a6dd-694e837329b5,71106971-d71a-4988-b274-1c14c25ec4c6,2023-06-01,4,3,2
bf264515-e334-4194-94f1-f4893c30b462,71106971-d71a-4988-b274-1c14c25ec4c6,2023-12-01,3,3,3
af1f2264-7a11-4cd7-b66b-b0b30125e729,71106971-d71a-4988-b274-1c14c25ec4c6,2024-06-01,2,4,2
41fbb4cb-74d8-4391-9e2f-0689fb8ad710,13d6c10c-ad3d-46f7-a009-d463f8004325,2023-06-01,1,3,3
2cec2594-0b6c-4297-9df9-99e6c37a5eee,13d6c10c-ad3d-46f7-a009-d463f8004325,2023-12-01,3,3,3
3743537e-e498-4c42-a5e6-957d8ace89ea,13d6c10c-ad3d-46f7-a009-d463f8004325,2024-06-01,3,2,2
61a5a39f-8d2c-42db-a2ed-163e18eb3c75,9c90f22b-7a86-4224-99fd-fc0008412e5e,2023-06-01,2,4,3
bfb380d6-fba5-4533-9dc8-f085680079b2,9c90f22b-7a86-4224-99fd-fc0008412e5e,2023-12-01,3,2,4
4daa5407-7a2e-4d4f-b3de-f9568d07c8cf,7a7bd2eb-cdf6-4377-a394-440af0772782,2024-06-01,4,4,1
00b48879-2770-4975-a153-0e89b93749ae,314206cb-4f2e-46f8-a8bb-d85f5e2153b3,2023-06-01,2,3,3
7db42b52-11a8-4c49-bee4-95aa96405771,314206cb-4f2e-46f8-a8bb-d85f5e2153b3,2023-12-01,3,4,4
03377bdc-b863-45cd-921f-f9dd0d2d4377,314206cb-4f2e-46f8-a8bb-d85f5e2153b3,2024-06-01,4,4,2
33f53e72-4281-463c-92e3-bb871bbf797f,c80dd545-8c48-4d8a-af92-dd5da6cdebad,2023-06-01,1,3,2
6eaf6390-851d-48eb-a8e9-e57df6966933,c80dd545-8c48-4d8a-af92-dd5da6cdebad,2023-12-01,3,1,1
9414b75a-16e0-4882-b32d-2ad692b6bf82,c80dd545-8c48-4d8a-af92-dd5da6cdebad,2024-06-01,1,1,1
77183add-a187-4742-9d15-96f455d52bec,74e992dc-6731-4397-b84d-cc9906015ded,2023-06-01,3,4,3
d70bbef1-c545-497d-b6a5-d35a4fe36f36,74e992dc-6731-4397-b84d-cc9906015ded,2023-12-01,2,4,4
41abf704-f42c-445d-9980-9e6e9d8b5dac,74e992dc-6731-4397-b84d-cc9906015ded,2024-06-01,2,4,3
9fdf5f2e-3354-4a31-8c57-a980611c8825,02f653f2-b560-4688-81aa-1de65444692e,2023-06-01,1,2,2
6bbcf899-2289-41fa-8620-a3a3b131373c,02f653f2-b560-4688-81aa-1de65444692e,2023-12-01,3,3,1
aa6b760b-4c3f-43a9-b945-b28fb3b48915,02f653f2-b560-4688-81aa-1de65444692e,2024-06-01,2,3,3
2d78834d-cee3-4473-9384-0ee6c446b405,c9950151-ce32-449c-8063-a404ec0a5cb6,2023-06-01,2,2,3
b961e10e-25d7-4365-9b9a-983536f9c051,c9950151-ce32-449c-8063-a404ec0a5cb6,2023-12-01,1,1,1
84600b1b-b4f8-4e6c-95bd-e395a43a176f,c9950151-ce32-449c-8063-a404ec0a5cb6,2024-06-01,1,3,2
9ba42e24-8da1-48f8-90ee-edcd9e2ab020,5dc9249e-d9d9-4f8c-9b36-12a6186ba787,2023-06-01,2,2,2
8280bb95-1591-4051-a1e2-5e7830e4fbe8,5dc9249e-d9d9-4f8c-9b36-12a6186ba787,2023-12-01,3,2,1
50632626-d284-470d-aeb9-9fc8bedeea00,5dc9249e-d9d9-4f8c-9b36-12a6186ba787,2024-06-01,3,1,1
af8b810a-5606-4e57-b264-0234231836a7,c90a53d1-a592-4828-81f9-6ec12490d083,2023-06-01,2,3,3
f5d0f740-1647-4ca6-903b-db2d7a77a3a6,c90a53d1-a592-4828-81f9-6ec12490d083,2023-12-01,3,1,1
762d46a5-efb7-470d-97e9-c2dcd38da0ee,c90a53d1-a592-4828-81f9-6ec12490d083,2024-06-01,3,2,2
2795db25-709a-4f14-8fd1-b9d51189c578,8ea1790c-4f97-4d80-8651-843dca6d255c,2023-06-01,2,2,1
ac677a7b-5e9e-4e58-b191-cb99558f7cc0,8ea1790c-4f97-4d80-8651-843dca6d255c,2023-12-01,1,1,3
b5f7dc91-a7e0-4bfe-9e21-cddebfa16642,8ea1790c-4f97-4d80-8651-843dca6d255c,2024-06-01,3,3,3
cef85287-7195-4a0f-a2ec-a3abc05212fc,60bf4c0f-3739-4550-950e-5ddcb8c7dcec,2023-06-01,3,3,2
90db89c2-b8bd-485d-b57b-e1dd36b30b61,60bf4c0f-3739-4550-950e-5ddcb8c7dcec,2023-12-01,3,4,2
c14aff8d-e410-47bc-8fea-9b3548c7899d,60bf4c0f-3739-4550-950e-5ddcb8c7dcec,2024-06-01,4,4,4
f74e8dfa-b0e9-4442-9df9-52c40a4b2330,9bf48e2b-fcf3-4379-b692-a4c64f480057,2023-06-01,2,2,1
2839e8dc-9d58-456c-8ca6-9d38ae36a0dd,9bf48e2b-fcf3-4379-b692-a4c64f480057,2023-12-01,4,4,1
e5fade69-ac82-42ec-8e36-63cbcf7aa80c,9bf48e2b-fcf3-4379-b692-a4c64f480057,2024-06-01,2,3,3
f2b4ebc3-59ac-498a-97e5-31bc335e707a,a117794c-4df7-42af-81b2-3551f8542239,2023-06-01,3,2,4
ae3023b4-381c-4cad-853f-1bb91a57e132,a117794c-4df7-42af-81b2-3551f8542239,2023-12-01,3,3,2
5f2771d5-e685-4fa9-acd9-00fedd4fded0,a117794c-4df7-42af-81b2-3551f8542239,2024-06-01,3,2,1
9b6d2b3b-a3bd-4a2e-a4c5-784453e5223a,6008e480-eba1-402f-911c-bc81bf1b71d1,2023-12-01,3,2,3
82c26b09-825c-45a3-b2b7-138f1bb543e8,6008e480-eba1-402f-911c-bc81bf1b71d1,2024-06-01,4,2,1
20f28763-a358-41ed-a939-f664709345be,68ea8624-427b-4187-8564-5f8b5633961f,2023-06-01,3,3,3
f145bb53-82b3-4bb5-a139-afa439ad795f,68ea8624-427b-4187-8564-5f8b5633961f,2024-06-01,3,4,1
340d5a78-41af-4ddb-956c-0635061bb59b,723f6352-cd73-4943-9522-064f21a4f5e2,2023-06-01,2,1,1
1372c71e-a854-4d39-a1ca-cd1bf17f9f68,723f6352-cd73-4943-9522-064f21a4f5e2,2024-06-01,1,3,3
429ece0b-1192-468a-b6d1-0eb1352be2bf,6f4840f1-dd19-4adb-afb2-dd22449a3fd1,2023-06-01,5,5,3
74f8ef8f-22f9-4b0f-9645-631b12986cc5,6f4840f1-dd19-4adb-afb2-dd22449a3fd1,2023-12-01,4,5,4
899125fd-e954-4f7d-bd1e-3aec267494f0,6f4840f1-dd19-4adb-afb2-dd22449a3fd1,2024-06-01,4,4,5
4cb46901-0883-41b5-87e5-ed15ad99ad45,fb90b2de-6e00-49ae-88b2-63dcc1c25553,2023-06-01,1,3,3
b81d6184-b059-4816-bfe5-a9984fe9cbe5,fb90b2de-6e00-49ae-88b2-63dcc1c25553,2023-12-01,2,3,1
421cecbf-9371-4f09-b56b-8740d21bbeb0,fb90b2de-6e00-49ae-88b2-63dcc1c25553,2024-06-01,2,3,1
b49afe56-b413-4d0b-bdf8-15e387eeabb9,a3f903b0-9045-4b16-8679-2b0886a214b5,2023-06-01,2,2,1
15a38ced-11ed-498d-9cbe-b6f66c49921a,a3f903b0-9045-4b16-8679-2b0886a214b5,2023-12-01,2,4,1
d0580b82-09da-4fdf-83d0-98c0f244109d,a3f903b0-9045-4b16-8679-2b0886a214b5,2024-06-01,4,3,3
99fb1171-e55d-4ac1-b6be-5cd8bd6bebae,3ac58e16-a2aa-444d-b212-54d6ae7c269e,2023-06-01,3,4,3
825a38a6-55d2-46bc-acd2-498125ebea5e,3ac58e16-a2aa-444d-b212-54d6ae7c269e,2023-12-01,4,4,2
447ff95f-f9d3-498a-9e5b-c3af12231e31,3ac58e16-a2aa-444d-b212-54d6ae7c269e,2024-06-01,3,5,3
1173ed7c-beb6-424f-b87a-668e66c521b4,24928538-c360-4079-bab2-92bf4275169b,2023-06-01,4,2,4
2b95ca9d-8026-4576-8380-4a0e9f7103e0,24928538-c360-4079-bab2-92bf4275169b,2023-12-01,4,2,4
e74afe2b-a85c-4db4-a29d-e8abf528268c,24928538-c360-4079-bab2-92bf4275169b,2024-06-01,3,3,1
8cb0ae36-18df-4d72-ad7a-571418edb6c5,51f1eed1-1f74-4ab1-8251-8d4660101b9f,2023-06-01,1,1,3
3ab5778c-85fa-4a5b-8fc2-2f6670c97466,51f1eed1-1f74-4ab1-8251-8d4660101b9f,2023-12-01,3,2,1
49292f3e-2b44-4f00-8248-35aaaedc2126,51f1eed1-1f74-4ab1-8251-8d4660101b9f,2024-06-01,3,2,3
de8c2ac0-68b1-4161-aaa6-39255efd864c,ffc144d4-1eec-4706-b909-7a55c25164d3,2023-06-01,3,3,1
574bba21-7067-49a3-9fe7-07ff759c603e,ffc144d4-1eec-4706-b909-7a55c25164d3,2023-12-01,2,2,1
722f7b53-df85-460b-9ca5-eed7bb691cb6,ffc144d4-1eec-4706-b909-7a55c25164d3,2024-06-01,1,2,2
d78902f4-8c4b-494e-a1d8-964111f1d81a,8bd51501-351b-4888-8ab7-461958bbbbff,2023-12-01,3,1,3
395d20a2-e5be-47e7-8738-faa5cf578607,8bd51501-351b-4888-8ab7-461958bbbbff,2024-06-01,3,2,1
102c6a2c-91b9-432b-bbb9-cdb46456d90b,e99d3d62-36a5-479e-86f5-81ee898c0937,2023-06-01,2,3,1
ca917f15-8e52-411c-b730-c37d58ddffb7,e99d3d62-36a5-479e-86f5-81ee898c0937,2023-12-01,3,2,2
82bfc32a-55c0-48c2-a3e1-0eeebb7e1bda,b9230824-d7a3-4d64-b56b-3ff2329d07c0,2023-06-01,2,1,3
f21c5611-6a64-49a3-bab5-cf21855e7fc7,b9230824-d7a3-4d64-b56b-3ff2329d07c0,2024-06-01,1,1,1
afc5bc6b-283a-4051-86c5-c62579f5b2a2,056e30ad-a97d-4850-bf8b-9e79977066a5,2023-06-01,4,2,3
b38c640a-1e20-49a6-9731-bf9f051958d5,056e30ad-a97d-4850-bf8b-9e79977066a5,2023-12-01,4,3,2
b6259755-0457-46ec-b814-a5c0b64c38bb,056e30ad-a97d-4850-bf8b-9e79977066a5,2024-06-01,2,3,4
6c64a5aa-a4f7-4ce9-a7ed-d4507ca83a10,c1d13ce1-ff2b-4093-ba4e-a5862bd1aaec,2023-06-01,3,2,3
a55d827f-3c76-460e-a7f3-4e911a5ee193,c1d13ce1-ff2b-4093-ba4e-a5862bd1aaec,2023-12-01,4,2,1
7dbba5f1-3441-4bc9-bde2-6a6cb458fc15,c1d13ce1-ff2b-4093-ba4e-a5862bd1aaec,2024-06-01,3,4,1
f3f62762-d57e-4362-9435-1701a79e45b0,28e567d5-f7eb-44e3-81f8-f174ec9f3102,2023-12-01,3,2,1
3dabd785-7f91-4045-91de-0ecdcdc3b97a,28e567d5-f7eb-44e3-81f8-f174ec9f3102,2024-06-01,4,3,1
810ff924-807e-44f0-985c-16550372398c,afb712c1-d2da-4dcd-b9dc-c0d8464911b9,2023-12-01,2,4,1
7efac2de-8eb2-4fa9-a81f-ad3d3efa5a0b,afb712c1-d2da-4dcd-b9dc-c0d8464911b9,2024-06-01,4,3,4
3c417c64-24e1-484e-982e-f335c2b5fb7a,bd9fe5ab-dc69-46a3-a055-aa65b458e5f4,2024-06-01,2,2,2
ebaa9d10-a3a9-42b0-ae25-2e74cf21bf9e,f18e5367-960a-4189-ad25-c33b1e3fa7c2,2023-06-01,2,3,4
3c643c42-eaec-4c37-b1c1-74c217dd6bc4,f18e5367-960a-4189-ad25-c33b1e3fa7c2,2024-06-01,3,3,1
0f31e50b-922f-46d4-a18d-0a7ed1d8a47e,ba1c17d1-be48-4303-a212-c01242cbd177,2023-06-01,4,3,3
d4862497-b7b1-4e5c-8671-daf90499319d,ba1c17d1-be48-4303-a212-c01242cbd177,2023-12-01,3,5,2
eb040ee8-d035-42ad-8580-49d4fc780d41,ba1c17d1-be48-4303-a212-c01242cbd177,2024-06-01,4,4,3
566c5b78-d3a6-48ab-8b5b-6cea6e266440,9070d78e-f15e-41a9-8298-150308a9a8b3,2023-06-01,3,3,3
889c8e4e-89a1-4bb5-bcf2-b87aedb45921,9070d78e-f15e-41a9-8298-150308a9a8b3,2024-06-01,2,3,3
8b4e9ac8-3402-4ddf-8786-230dec95014c,2042b704-06cb-4acd-8efa-cb9a5a7d6b25,2023-06-01,3,2,3
e156ad1f-c843-43f6-9813-33f21aefef67,2042b704-06cb-4acd-8efa-cb9a5a7d6b25,2024-06-01,3,1,2
b301443d-0d80-4b26-996e-c1d5b3629e45,0c57e314-8e11-4161-ae43-97f5df987669,2023-06-01,2,2,1
fc5aadad-d38d-480a-b5ad-577af61d9a17,0c57e314-8e11-4161-ae43-97f5df987669,2023-12-01,4,3,3
e1da1c14-fb55-4605-9548-158b85770b58,0c57e314-8e11-4161-ae43-97f5df987669,2024-06-01,2,4,1
6b07ba82-79d8-4356-8ae6-66ba06d771ab,3ce19d52-bfae-4501-ab7f-505f332bfdcb,2023-06-01,3,4,3
8c69a3d5-1827-4ea8-b077-6c0e557f6dba,3ce19d52-bfae-4501-ab7f-505f332bfdcb,2023-12-01,4,4,2
b16dffa2-ee96-4eb4-b85a-f67264a3717e,3ce19d52-bfae-4501-ab7f-505f332bfdcb,2024-06-01,3,3,4
440382b1-741d-4a50-af47-d9d874ccded9,4f47c9b7-2a5b-436a-a6a3-a94fb35bbea7,2023-06-01,2,1,1
5b00d8d4-f02c-4db8-ab71-93f98a4ad5b4,4f47c9b7-2a5b-436a-a6a3-a94fb35bbea7,2023-12-01,3,2,1
14255b41-ba56-4951-93b2-303bc5c56c31,4f47c9b7-2a5b-436a-a6a3-a94fb35bbea7,2024-06-01,2,3,2
e82f3f9e-4d53-4da4-b538-1c742fd540df,4da024d6-6cf1-41f1-a37a-7b6b33912a9b,2023-06-01,5,5,4
f5034231-77f2-460e-ad18-5c677d31ab15,4da024d6-6cf1-41f1-a37a-7b6b33912a9b,2023-12-01,5,4,4
93a08685-9489-4a8b-8d0c-bfd16d01e835,bd508695-2de6-4c92-af4d-02a4ee535a1a,2023-06-01,3,4,2
a6ea96de-0c37-4294-8c19-e7a439c4d542,bd508695-2de6-4c92-af4d-02a4ee535a1a,2023-12-01,4,4,4
5b3f8a96-e094-4959-8cf3-15cfa8ece15f,bd508695-2de6-4c92-af4d-02a4ee535a1a,2024-06-01,4,4,4
505dfcb6-8c7f-42a8-89b8-a269afbf851b,c8c70739-739e-4af5-a740-3cdff11d0030,2023-12-01,3,3,4
b8296f00-b2b0-40ef-a4cd-0f275f29e994,c8c70739-739e-4af5-a740-3cdff11d0030,2024-06-01,2,4,1
307c9b81-6fbf-40dd-94bd-adcc20a9dcfc,8d09b0ad-4d02-4e87-bc0f-15a94bf8b13a,2023-12-01,4,3,2
03daef66-1f43-44cb-bfea-9eeecdc6b170,8d09b0ad-4d02-4e87-bc0f-15a94bf8b13a,2024-06-01,4,3,1
1fd2756c-c6f7-45e5-9da9-940ed6fd367b,a38f45ea-ee5d-46e5-94ee-d34f79c06891,2023-06-01,3,3,2
44ac85db-0249-407c-97f4-e673e4ec27f6,a38f45ea-ee5d-46e5-94ee-d34f79c06891,2023-12-01,1,3,3
9b1a7a1c-fee7-49e5-a272-68369ec1ca28,0c960f5a-c1ac-47a1-bbaa-2d44ba05ec61,2023-06-01,1,1,2
defe08df-b82b-4d15-bfb3-17428242bb14,0c960f5a-c1ac-47a1-bbaa-2d44ba05ec61,2023-12-01,1,3,1
93c79a21-0cde-4c47-85ad-3aa9f221519a,0c960f5a-c1ac-47a1-bbaa-2d44ba05ec61,2024-06-01,1,2,3
fbb5d8b8-1cf6-4493-9eb7-407b33279d6b,395876ab-2b1f-4140-947a-8b2170e3411c,2023-06-01,3,2,2
cb390e3b-547a-411e-9f54-464844043024,395876ab-2b1f-4140-947a-8b2170e3411c,2023-12-01,4,4,4
3952503b-a569-44a9-b93d-c89314a7173b,395876ab-2b1f-4140-947a-8b2170e3411c,2024-06-01,2,2,3
0fbc83ec-35aa-4ae3-b6a1-41f93d5c94e4,f485b527-f05f-4867-b308-cbb8ff448ae9,2023-06-01,3,5,4
97595f25-1419-4060-b07f-a3ded6a9d332,0148c1af-b725-48f6-8cee-7de185653bcf,2023-06-01,2,4,4
97438a65-a6ef-4cff-a3d1-6c4c00e2c55a,0148c1af-b725-48f6-8cee-7de185653bcf,2023-12-01,4,2,4
55a0a47a-f347-4635-8249-4267d9f346ab,0148c1af-b725-48f6-8cee-7de185653bcf,2024-06-01,3,4,3
cf43bfd7-0333-494e-aff2-2dc572f2b6f3,c564045b-b137-47d3-8574-1f0d7fa06604,2023-06-01,2,1,2
f5e0a072-5a94-4a69-b841-a8741f49a4f6,c564045b-b137-47d3-8574-1f0d7fa06604,2024-06-01,2,2,1
d3b27981-8e2b-4d16-8177-b5d7ee2bcbf3,5246327d-4f18-4612-8b0d-c7d0f624b090,2023-06-01,2,4,3
e3e01645-969c-469a-aa84-bd9d2f0520a5,5246327d-4f18-4612-8b0d-c7d0f624b090,2023-12-01,4,3,2
96aff4f0-5e3c-4e75-990b-367924e26f27,5246327d-4f18-4612-8b0d-c7d0f624b090,2024-06-01,4,4,1
16f29b0d-8732-474b-b078-84ffa1b14441,de805ca3-d313-488a-84d6-eade9deedf40,2023-06-01,4,2,2
7c34652a-0a56-44e0-a58d-f4b381270ce4,de805ca3-d313-488a-84d6-eade9deedf40,2023-12-01,2,2,2
7f074d10-805e-492f-95c4-1a801ccb6ae7,de805ca3-d313-488a-84d6-eade9deedf40,2024-06-01,4,2,4
8faf6679-0083-473a-9483-1f408061ba61,58f961f7-a9e9-4ed2-973b-55fa9f8464d6,2023-12-01,4,3,4
71b03eac-b31a-4601-96d2-10fab2c164e3,58f961f7-a9e9-4ed2-973b-55fa9f8464d6,2024-06-01,3,3,1
63af5103-1fe8-4625-b855-311b56190014,0fbcfd00-dbd8-4899-9926-85e23abfb5ab,2023-06-01,3,3,3
c4f4c5a6-59de-494d-99a6-966ff95af2cb,0fbcfd00-dbd8-4899-9926-85e23abfb5ab,2023-12-01,3,3,2
db6db24d-45d6-421a-8436-776f5c3c894b,0fbcfd00-dbd8-4899-9926-85e23abfb5ab,2024-06-01,3,3,5
d6f2282f-ce5d-4fd9-aca2-16212adf316f,9366bdd7-1827-4ab2-916d-a65852f3ebe3,2023-06-01,3,2,1
699296d8-e82f-4b9e-bad8-4da176c8ed13,9366bdd7-1827-4ab2-916d-a65852f3ebe3,2024-06-01,1,1,1
319f94e6-94a6-43af-9b1c-52dbf49120c0,4656f8ec-ecbf-4dc9-8533-ff6b0854b65d,2024-06-01,2,3,3
a5c7f331-bf23-4bd6-8d33-b7bd0669c4d4,14dc194c-c6fd-4333-88e2-f5d1bc353e54,2023-06-01,3,3,1
af339fe9-1d47-4287-812f-6b22e00f9e6d,14dc194c-c6fd-4333-88e2-f5d1bc353e54,2023-12-01,4,3,3
5ad12a81-b1f1-4683-a40b-53edd58e13ca,14dc194c-c6fd-4333-88e2-f5d1bc353e54,2024-06-01,2,3,1
a9de59c7-bd84-448c-8452-2b39b3e5fd08,555b0e4f-c9e5-47a3-8dcb-5a9a9c4354f1,2023-06-01,4,2,4
52873be9-c670-445b-926d-6e32ed272ea9,555b0e4f-c9e5-47a3-8dcb-5a9a9c4354f1,2023-12-01,3,3,2
6b2fde18-df58-4298-9a8b-02e9b5686f29,555b0e4f-c9e5-47a3-8dcb-5a9a9c4354f1,2024-06-01,4,2,4
06d425e7-e906-41f7-aeeb-ceac3274a12c,033f8ff3-b82a-45c9-905d-172af59fc7f9,2023-06-01,3,3,4
4c861be6-d55e-4856-8cdd-529fc44ce5b7,033f8ff3-b82a-45c9-905d-172af59fc7f9,2023-12-01,4,5,3
03502fdc-56b5-42ac-b430-f74f437f9dfc,033f8ff3-b82a-45c9-905d-172af59fc7f9,2024-06-01,3,4,5
85bd5094-6f70-44f2-9f42-24ce7fae6d9a,692909c0-619b-472a-8e83-d0d087d3ca74,2023-06-01,4,2,3
84e6e89e-0888-4d38-9636-44b990decf2a,692909c0-619b-472a-8e83-d0d087d3ca74,2023-12-01,4,4,1
a3e9bb71-d9ab-4421-9115-e053b1161319,692909c0-619b-472a-8e83-d0d087d3ca74,2024-06-01,3,3,4
383c7f51-397d-44a6-84e0-1c5d74d57a0e,67d755bf-a43f-4276-8a1f-7f16122bca42,2023-06-01,3,3,4
a5a53be8-e382-43f4-9a93-4beadb161a40,67d755bf-a43f-4276-8a1f-7f16122bca42,2023-12-01,4,2,4
706f7c71-67bd-40dc-8daa-873160f65995,db4394ce-6f13-48d7-9c8e-2ea258c2139b,2023-06-01,4,4,1
b1b0f524-d457-4bc9-b8f5-259a2d209d60,db4394ce-6f13-48d7-9c8e-2ea258c2139b,2023-12-01,3,2,3
f00fda43-43ae-4f38-9d60-93546f8425a1,db4394ce-6f13-48d7-9c8e-2ea258c2139b,2024-06-01,3,4,2
06a76bbe-a475-4e39-95a4-1ccb328d3dc0,457db891-2d80-485a-8738-8972bfef538e,2023-06-01,3,3,2
99de0cf6-beb1-4784-ae80-89c8437bad7d,457db891-2d80-485a-8738-8972bfef538e,2023-12-01,1,1,3
d3a80d03-6b05-44a2-a72c-fde1dda93ef5,e3b158c6-bbaf-4f54-aaa1-e033130068df,2023-06-01,3,4,1
035fefe8-466c-4221-a446-b92761fb4dca,e3b158c6-bbaf-4f54-aaa1-e033130068df,2023-12-01,2,4,1
526dee8e-0cb9-431d-afec-8b130b9b7a8e,e3b158c6-bbaf-4f54-aaa1-e033130068df,2024-06-01,3,4,4
ae15cdef-a2a1-43dd-b7c6-6dc00f514b64,da8611d8-60b3-475e-9467-e6e03c28c3d3,2023-06-01,2,3,1
dc95f00c-810e-429d-b2e5-c184c268568c,da8611d8-60b3-475e-9467-e6e03c28c3d3,2023-12-01,2,3,3
98c5807c-f3be-4131-aa0e-89474c4dffd5,da8611d8-60b3-475e-9467-e6e03c28c3d3,2024-06-01,2,4,2
4a64bc0b-744a-4e80-87ab-1dc5c6737b6b,da6918b9-e28a-4c9b-b4bf-be32befa86b5,2023-06-01,4,3,2
5dacf9f0-523f-4e19-88df-27284a733639,da6918b9-e28a-4c9b-b4bf-be32befa86b5,2023-12-01,2,3,2
c3feb88c-3a71-4e57-bbc7-d1f63b20d0d2,da6918b9-e28a-4c9b-b4bf-be32befa86b5,2024-06-01,3,3,2
521db174-c911-4a67-b131-8ef700ef70ea,82b76527-c935-4b6e-b277-9eb2318aa67e,2023-06-01,3,1,1
364aca01-ed32-410f-8c9d-d12770bd42ba,82b76527-c935-4b6e-b277-9eb2318aa67e,2023-12-01,2,3,2
2f50455e-b9af-4815-964a-805e8fbfd7c2,82b76527-c935-4b6e-b277-9eb2318aa67e,2024-06-01,3,2,1
d615c2cc-6ddf-4251-8387-90bf3966e96a,5599d60f-6518-4ae5-b5d8-bb3c47f1aba5,2023-06-01,2,3,4
f21c19e1-7856-4b57-84a0-efbf3dd6e7ab,5599d60f-6518-4ae5-b5d8-bb3c47f1aba5,2023-12-01,3,3,3
0ce01039-666f-4fc9-ae76-fa1ec7073ef3,ae5aa971-692a-42b8-a193-5408b3914ae9,2023-06-01,3,2,3
49c641ab-3df1-491d-9c7e-179abe269e78,ae5aa971-692a-42b8-a193-5408b3914ae9,2023-12-01,2,3,3
134fb48c-e43a-4ab7-8fa8-c49b5e1e2b9e,c822b7e5-cd0d-48f8-8286-4b09bd12b1b1,2023-06-01,4,3,4
53b173ed-ae2d-4dc4-972a-7893220c261d,c822b7e5-cd0d-48f8-8286-4b09bd12b1b1,2023-12-01,2,4,4
98b5b4ae-26e7-420b-b15d-f56d4d7ad21b,c822b7e5-cd0d-48f8-8286-4b09bd12b1b1,2024-06-01,2,2,2
a149ce0f-1238-49a0-a748-26e63fef3f57,4a92cb5c-6bb1-4cb3-8a41-599177ff596f,2023-06-01,2,2,1
81b9d61f-12e9-4c10-a671-bc6977848de4,4a92cb5c-6bb1-4cb3-8a41-599177ff596f,2023-12-01,2,4,1
6e591bed-d8ad-4bfd-afd7-7e611845cda7,4a92cb5c-6bb1-4cb3-8a41-599177ff596f,2024-06-01,2,2,1
8f56eef1-9e88-4646-9ac3-5123b8463516,1ed7b98c-7e1e-48dc-a3b8-05c2e927db93,2023-06-01,4,3,3
49badd41-e1a5-4acd-9ed9-7e2ffeb2a670,1ed7b98c-7e1e-48dc-a3b8-05c2e927db93,2023-12-01,3,4,1
1c6eeb62-4839-4395-800c-d298d51f2b3a,1ed7b98c-7e1e-48dc-a3b8-05c2e927db93,2024-06-01,2,4,1
d721f419-99ac-4356-83c3-9e138ce534a9,eaa88430-0dfe-4c8b-88e7-006d4c186a37,2023-06-01,2,4,2
f66323f1-e0d4-44ac-9414-5d874b1f3135,eaa88430-0dfe-4c8b-88e7-006d4c186a37,2023-12-01,2,2,4
3975806c-d2e3-4df3-8426-1acdc865b2b5,eaa88430-0dfe-4c8b-88e7-006d4c186a37,2024-06-01,4,2,1
9be9041f-a29f-4f5f-b285-32ae126f9b96,8ef1ecbd-3546-4c17-956b-cae06607d80a,2023-06-01,2,2,2
6c6cc397-d419-4b19-9608-991bc235349e,8ef1ecbd-3546-4c17-956b-cae06607d80a,2023-12-01,2,3,3
db5f1f67-8384-4d29-a8a8-bfd7d103cb43,8ef1ecbd-3546-4c17-956b-cae06607d80a,2024-06-01,2,2,3
e354898d-607a-48f9-9235-3260af960765,5fe2f125-6419-4f33-b6a6-2c2d8be35a3a,2023-12-01,3,2,3
d0a5a798-a657-4a1a-8e81-ed4287b835ae,5fe2f125-6419-4f33-b6a6-2c2d8be35a3a,2024-06-01,2,2,1
c17b9b38-bd9b-438b-9b64-21ee25d15d49,a929dc16-0c29-4b0d-9edd-93111b79ca8a,2023-06-01,4,3,4
96f6569f-2daa-496a-b18c-fce3b5c3565c,a929dc16-0c29-4b0d-9edd-93111b79ca8a,2023-12-01,4,2,1
36755615-1a71-4a74-91df-efac0c718e5e,a929dc16-0c29-4b0d-9edd-93111b79ca8a,2024-06-01,2,4,3
a8faf325-1935-40e0-a669-f1ab3350847d,4db19165-70b3-4e7b-9ea5-4c8d8ae7e64d,2023-06-01,1,3,2
e09f36fe-a277-4df5-bbf7-dd9312b984f3,4db19165-70b3-4e7b-9ea5-4c8d8ae7e64d,2023-12-01,3,2,1
40f98637-3d92-462d-b4e2-d83cc4a6a502,4db19165-70b3-4e7b-9ea5-4c8d8ae7e64d,2024-06-01,2,1,2
99980e88-587e-40d3-9957-2a37136dbdc5,8772a587-a814-4c40-9ffa-01f07a23e11a,2023-06-01,3,3,5
737bd534-4c45-458c-9016-c3f16166b488,8772a587-a814-4c40-9ffa-01f07a23e11a,2023-12-01,3,3,3
96cbdc73-0c72-445a-892b-b42811846aa9,8772a587-a814-4c40-9ffa-01f07a23e11a,2024-06-01,3,3,3
89add1b5-9512-452f-be3b-c0859cde0cb4,13e6bfc3-3929-4f23-a54f-3f2bb2966312,2023-06-01,3,1,1
88019ee2-596b-4a86-8e01-3f43dea37928,13e6bfc3-3929-4f23-a54f-3f2bb2966312,2023-12-01,3,3,2
d098e9ee-3c35-4646-89df-de98d2995be2,13e6bfc3-3929-4f23-a54f-3f2bb2966312,2024-06-01,2,2,1
1fc112d3-5b54-42b4-9ccf-17a41f45b782,765aa0f5-1df7-4d13-b9a2-99c6ac1da22f,2023-12-01,4,3,3
191efcdc-3bc7-4994-8b47-1e58b11fd465,765aa0f5-1df7-4d13-b9a2-99c6ac1da22f,2024-06-01,4,2,1
263bcf94-1ca9-4c84-89b1-097a9c34ee78,96e871d5-f00c-404a-ad65-75765d43993e,2023-12-01,2,3,4
13b37a46-bdea-4daa-98b9-d0e44700e9c8,96e871d5-f00c-404a-ad65-75765d43993e,2024-06-01,2,2,1
dca2d8b1-3204-47a2-9c1b-7876a6c1edbf,21873b7c-9ad6-416e-8e19-cf9163cac91b,2023-06-01,3,3,2
a53dc8c1-c118-4bce-88b1-1a4fd4e0d963,21873b7c-9ad6-416e-8e19-cf9163cac91b,2023-12-01,2,3,1
0e779d6a-cb81-4431-9fe8-5b014fadd216,21873b7c-9ad6-416e-8e19-cf9163cac91b,2024-06-01,2,3,1
e2d2b75c-2f07-4aa6-8ce2-4fd4939424d5,c3ba6d27-5250-4549-ad46-333b8f1907f5,2023-06-01,4,2,2
427e70ce-dcff-41fc-a079-236310ad0a39,53a3e6bb-b2fc-4d1f-acfa-a053b6109c6d,2023-06-01,3,4,2
a6227eda-5b4e-4516-81e0-adba0fbe1c2b,53a3e6bb-b2fc-4d1f-acfa-a053b6109c6d,2023-12-01,3,4,4
a7126acf-5d1d-44ea-9b59-cc031d6e3b89,9280ccaf-2cd7-4890-bdd7-4e459a68703d,2023-06-01,2,1,3
49ccda30-7f38-4281-92c8-88e07a480464,9280ccaf-2cd7-4890-bdd7-4e459a68703d,2023-12-01,1,1,3
b5685005-e98c-4f36-a122-d768d101e798,137b2a8e-ff95-441b-8784-ad3a73145ae4,2023-06-01,3,5,5
7abef741-d511-4f11-8bd2-6754dce8a92b,137b2a8e-ff95-441b-8784-ad3a73145ae4,2023-12-01,4,4,4
96d909ef-4776-4355-9b55-39e9fb5278d1,137b2a8e-ff95-441b-8784-ad3a73145ae4,2024-06-01,5,3,5
fd25c712-cd11-4d7f-a37e-cedb007a5a90,ac1ebae7-118f-489c-8554-56261ef5acce,2023-06-01,3,3,4
82d34b3a-54e2-4263-ada5-60cbe74e76d8,ac1ebae7-118f-489c-8554-56261ef5acce,2023-12-01,5,3,3
ddbec57c-0909-4a88-8875-abb25620272d,c3cb1bc2-b4bc-46a9-9d07-5af1a4286613,2023-06-01,3,2,4
5ef726fb-d124-41ac-8cdd-03f7cd7f0b9d,c3cb1bc2-b4bc-46a9-9d07-5af1a4286613,2023-12-01,2,3,4
91a1f89c-5143-4347-af85-9dacfb8d782a,f2074da0-31ad-4f44-9f4e-6758c09dea0d,2023-06-01,3,3,2
3831a050-448e-4d29-bebe-33e053e88452,f2074da0-31ad-4f44-9f4e-6758c09dea0d,2023-12-01,3,2,3
0a59482d-b242-4b6f-99ca-d472c98cdc60,f2074da0-31ad-4f44-9f4e-6758c09dea0d,2024-06-01,4,3,3
72af15a8-e7c4-4e5c-bf04-233ece175f73,a629701d-206c-49d4-ac22-4d735603870f,2023-06-01,2,4,3
f70b7132-e2c7-45c8-9a48-135cfb8b694e,a629701d-206c-49d4-ac22-4d735603870f,2023-12-01,4,3,1
5437b68a-d8fc-4a90-89fa-6461e147240e,5cb81f28-5cf3-4fb8-b33f-548cb308ab3a,2023-06-01,2,2,4
f97c6b74-7ddc-460c-8817-58188114ab2e,5cb81f28-5cf3-4fb8-b33f-548cb308ab3a,2023-12-01,4,4,1
8453e1e7-39f2-4306-acad-923b41092c85,5cb81f28-5cf3-4fb8-b33f-548cb308ab3a,2024-06-01,4,3,1
e1637bad-57a3-4ac9-a172-59e97bc6cae3,71bd1626-70a0-402f-b406-318f885ee411,2023-06-01,2,3,3
8f2c9f48-f392-438a-9143-6809905a1b25,71bd1626-70a0-402f-b406-318f885ee411,2023-12-01,3,2,4
925be0ca-ed6b-438e-a58c-ac77a618caac,71bd1626-70a0-402f-b406-318f885ee411,2024-06-01,4,4,1
b44feb86-5162-481e-987f-dd293f02092c,98172343-218d-4f1a-83d9-2dabdc2f94e3,2023-06-01,2,2,1
8899ceca-e065-4c2e-add3-6032a87e751b,98172343-218d-4f1a-83d9-2dabdc2f94e3,2023-12-01,3,1,2
fcaf2d7e-56bf-40c1-91da-b73f6793a1eb,98172343-218d-4f1a-83d9-2dabdc2f94e3,2024-06-01,1,1,1
741978f2-2ccc-4b61-ba2d-f963687facab,2c4cc94a-3a1f-4bf3-9849-4d4d083654aa,2023-06-01,3,1,1
e6a22b18-e472-408a-927f-3f9258233bcd,2c4cc94a-3a1f-4bf3-9849-4d4d083654aa,2023-12-01,1,3,1
5cba1c7e-08ab-4cfe-ba85-b33b5cb098a1,2c4cc94a-3a1f-4bf3-9849-4d4d083654aa,2024-06-01,2,3,3
9e1e0bbc-19ad-41a7-8ecc-f96530fca631,21b9eb5c-afbd-4713-be14-4360e5e82d55,2023-06-01,4,3,1
fd82f8c3-701f-4307-a2b2-633a5eb7eebf,21b9eb5c-afbd-4713-be14-4360e5e82d55,2023-12-01,2,2,3
0fe5fd5b-f238-4264-a8dd-5633fe36eda4,21b9eb5c-afbd-4713-be14-4360e5e82d55,2024-06-01,2,3,3
58746934-662f-40c3-9e06-630b8c3f9a10,129d76ed-d875-438d-8aeb-ad71031e3de2,2023-06-01,3,4,3
ebdbdaf7-eaba-4a90-bcac-ed0862f4585e,129d76ed-d875-438d-8aeb-ad71031e3de2,2023-12-01,3,5,4
9190fb5b-5458-4315-b7ec-5dce0f005377,13c053c2-dfe2-4050-a08d-9695b43faefd,2023-06-01,2,2,3
d7331eb1-20c4-49e6-853e-c468ced045b0,13c053c2-dfe2-4050-a08d-9695b43faefd,2023-12-01,3,2,1
e49baf4d-1b2f-4946-b797-09bc96d322df,13c053c2-dfe2-4050-a08d-9695b43faefd,2024-06-01,4,4,2
17b46a56-c9a5-4c37-8d7f-760b6b293830,24fa7844-f037-4700-ab8d-0966b364447a,2023-06-01,4,2,1
c9f1fc69-3728-436c-bc85-c54ba30d2a43,24fa7844-f037-4700-ab8d-0966b364447a,2023-12-01,3,4,3
751bd83f-35ab-4c57-890f-c879a518a289,24fa7844-f037-4700-ab8d-0966b364447a,2024-06-01,4,4,3
0df6af09-f2d8-491b-9494-798d3b609920,44bd5790-7b96-4d36-bd8a-b546853f6215,2023-06-01,4,2,2
572faf96-796f-4b4c-9541-e3aa90a4ca35,44bd5790-7b96-4d36-bd8a-b546853f6215,2023-12-01,3,3,1
00e8fffb-353d-4c05-85ab-344f9326a2a2,5ae2f0cb-3910-4e07-8272-5fcf199e2b8c,2023-12-01,3,3,1
b558f628-51e6-4750-ab0a-b0404d57ed89,5ae2f0cb-3910-4e07-8272-5fcf199e2b8c,2024-06-01,1,3,1
78c23748-8a12-4aaf-bfa2-b09f3335149a,44da7025-7d88-4073-930e-4076ced86310,2023-06-01,2,2,4
2aabee97-22db-4e76-94e6-25bd0a52e280,44da7025-7d88-4073-930e-4076ced86310,2023-12-01,4,2,3
54cf69fe-5d8b-4307-8e66-ffc0f97a1e30,44da7025-7d88-4073-930e-4076ced86310,2024-06-01,4,4,1
ae690337-0dd6-4312-af59-49efbfc64726,7f68e163-f283-4265-82c1-9b29c3e5af07,2023-06-01,4,2,4
79e9bcb6-d8e2-44ce-85ca-5d78323d36f9,7f68e163-f283-4265-82c1-9b29c3e5af07,2024-06-01,3,3,2
3a0b86d3-343e-4bfd-9e62-bb0309098852,194c2d4d-cbaf-4d32-9d95-35974370aa55,2023-06-01,4,4,4
8b80fc41-3f9c-44c4-a8db-3c5b1f0fdc6e,194c2d4d-cbaf-4d32-9d95-35974370aa55,2023-12-01,4,3,1
276c8891-8212-4aa9-b074-0794b8bacdfa,28eb26fa-ab54-4970-9074-337df40283f7,2023-06-01,3,3,3
c033f74e-fd91-44bc-9b8e-ce0f6d9c32bf,28eb26fa-ab54-4970-9074-337df40283f7,2023-12-01,4,4,4
04da5acc-928a-4fe7-abb3-7907784ae759,28eb26fa-ab54-4970-9074-337df40283f7,2024-06-01,3,4,4
7f2b862c-243f-439b-a59a-a617a685c667,39b89e8b-c52e-4a98-859d-1d5d3c304b5c,2023-06-01,2,2,3
d4c2c791-e7a4-496b-8c1d-c03dffc809df,39b89e8b-c52e-4a98-859d-1d5d3c304b5c,2023-12-01,3,1,1
d38aaee9-377e-4c00-9fcf-055ff96deb53,e7268767-badc-4731-83f1-3df575365ff3,2024-06-01,4,3,4
82749f68-1cc8-4aeb-a3b9-e5a3c2382552,4746108b-2b48-4072-8347-d981b2a167dd,2023-06-01,2,3,2
58add752-9661-4c6b-a11b-bfcdf62e4de9,4746108b-2b48-4072-8347-d981b2a167dd,2023-12-01,4,3,1
5fffe3b8-3064-4b00-b8a6-5b88edb5a7ce,4746108b-2b48-4072-8347-d981b2a167dd,2024-06-01,2,4,3
9d8af3ea-0c1c-431f-8d25-02ee4a9766c7,de1b3959-8cfe-44d1-b188-e385a3913aa5,2023-06-01,3,4,1
e421aef8-a160-4d32-b098-9f5004d40c2e,de1b3959-8cfe-44d1-b188-e385a3913aa5,2023-12-01,3,3,3
8d7e377f-5018-43c4-9e94-fbb0c6e59e55,de1b3959-8cfe-44d1-b188-e385a3913aa5,2024-06-01,4,2,3
6c31d9a6-cac5-48e4-9300-2e0201d8929e,974fa9da-cf65-4282-89de-2802d4861605,2023-06-01,5,3,4
1023f1f9-ca7e-43a2-82d9-8bf4f5d928a3,974fa9da-cf65-4282-89de-2802d4861605,2023-12-01,5,3,4
5909c176-f665-40a8-8c50-70e7daebb0f2,974fa9da-cf65-4282-89de-2802d4861605,2024-06-01,4,3,2
c08aa5a5-050a-4ef2-a57f-fe21f5b7d7af,79ea5c3b-a456-4646-96ad-38b62deaa860,2023-06-01,2,1,3
3ebea3d6-6540-4e98-989f-17f94f15e39d,79ea5c3b-a456-4646-96ad-38b62deaa860,2023-12-01,2,3,1
39b2d0ce-5e54-4c65-b123-a470f899f2fa,bfa0e697-2948-40b9-949d-992a5c256b49,2023-06-01,3,4,3
18514d96-38c6-453d-b249-e8e2b2e5be69,bfa0e697-2948-40b9-949d-992a5c256b49,2024-06-01,4,3,3
a47cbff3-d4b5-46ee-97ec-2a9cc3017214,3aa1a160-24f4-4554-81ad-4eb18e14b727,2023-06-01,5,5,2
bbd660f2-c9f1-43ed-bd81-f46d01999df2,3aa1a160-24f4-4554-81ad-4eb18e14b727,2023-12-01,5,4,4
379640fe-684e-4cb1-9efa-27b5c3eda4ad,e498117e-3130-43f1-a8b2-9952445d9e23,2023-06-01,4,2,2
01c25784-ff07-42d6-83c6-4d4be76256c2,e498117e-3130-43f1-a8b2-9952445d9e23,2023-12-01,3,4,4
1dd799b4-844e-4efb-8f12-69614fb460e3,e498117e-3130-43f1-a8b2-9952445d9e23,2024-06-01,3,2,2
2517b238-9f38-46ca-898f-a30aa4b84fb5,91f44267-9ca9-4728-bbb6-47cdf75e54b0,2023-12-01,4,4,4
2828b6a2-7aa2-4a03-bd34-5abf12969647,91f44267-9ca9-4728-bbb6-47cdf75e54b0,2024-06-01,2,3,2
cab96083-8398-4fec-844e-bb6c006531fb,da8ce03c-ee82-407f-8ea5-486bd9a0fbb8,2023-06-01,3,2,3
0614a998-395f-4c9f-8c69-0ae832e6f51f,da8ce03c-ee82-407f-8ea5-486bd9a0fbb8,2023-12-01,3,4,4
ca9ba4b0-7b02-49bf-bb62-7a637490427c,da8ce03c-ee82-407f-8ea5-486bd9a0fbb8,2024-06-01,2,2,2
6d0a86d2-0b59-4fab-bdca-2089a7ee2596,78f2b6f3-a1fd-4525-97e3-0357c4efec81,2023-06-01,3,4,3
099c2445-89ce-4462-a3f1-ab98a73f0c03,78f2b6f3-a1fd-4525-97e3-0357c4efec81,2023-12-01,4,4,3
8ebc234c-0a8e-47d6-a8c4-b13fef6bc64d,78f2b6f3-a1fd-4525-97e3-0357c4efec81,2024-06-01,4,2,3
6016057d-7ca5-41cb-8eff-d14c9f423484,93668de2-9fd6-475a-8b3f-1d572df1be43,2023-06-01,3,3,2
b61909b4-5ac4-483e-aaaf-68b43ee0e2c3,93668de2-9fd6-475a-8b3f-1d572df1be43,2023-12-01,3,4,2
2488645f-80d7-42df-9884-65140dfbad78,93668de2-9fd6-475a-8b3f-1d572df1be43,2024-06-01,2,4,2
9241fb02-51e4-44dc-8e18-1f6df323aa2e,a5080b8f-0251-40fc-85c6-dc3e103fe8f2,2024-06-01,2,2,1
6f6fcd32-60e9-4ef0-98f4-20f479a620b8,2e080dee-650a-496c-8bc4-4078018afc15,2023-06-01,4,2,2
29da0c96-4176-44c0-ac42-96076ecfdba1,2e080dee-650a-496c-8bc4-4078018afc15,2023-12-01,2,4,3
f8bcf7a9-52d2-4fc1-9279-9bab325f6254,2e080dee-650a-496c-8bc4-4078018afc15,2024-06-01,3,4,2
6a4a1237-cc67-42d4-a6fa-94ce7c58eca5,2f47c07c-47e8-496e-9ec4-329b6d3edd9c,2023-06-01,3,4,2
81c0c083-33cf-43ee-833d-b3c30d72631b,2f47c07c-47e8-496e-9ec4-329b6d3edd9c,2024-06-01,5,4,2
38e128dd-41c7-4dbe-bbf0-4eae9d8a66c3,cebbe511-4c2c-4c7d-a230-f44666ef9523,2023-06-01,4,3,4
2404fdc8-09ce-491e-81b5-5b4770bcd0e6,cebbe511-4c2c-4c7d-a230-f44666ef9523,2023-12-01,2,4,4
299287aa-d00d-42a3-9648-ad77453e702d,cebbe511-4c2c-4c7d-a230-f44666ef9523,2024-06-01,3,3,3
b4a3a469-c887-4097-8268-69b21d2e1287,10bb8735-74e2-4e89-b08a-ddcb9ba0953c,2023-06-01,1,1,1
4fc8a92c-c9b4-4830-a2ea-b81c1fc55473,10bb8735-74e2-4e89-b08a-ddcb9ba0953c,2023-12-01,3,3,2
bfbc02a9-a521-46d5-9b65-f4972da5afd6,10bb8735-74e2-4e89-b08a-ddcb9ba0953c,2024-06-01,1,1,3
44177709-45dd-4280-9544-6e926a542c81,ab408c82-656d-4f9f-9ac3-cd515aabd147,2023-06-01,2,4,1
6868930c-0afd-4f9b-a260-a4c8e1893058,ab408c82-656d-4f9f-9ac3-cd515aabd147,2024-06-01,3,3,3
9dc81c02-8234-4633-8faa-1febcc661ac6,a2f7537c-c53c-43be-8c4d-6ea8415028a4,2023-06-01,3,2,1
37288a3f-b538-48b2-945f-04d85ccfae54,a2f7537c-c53c-43be-8c4d-6ea8415028a4,2023-12-01,1,1,1
01624453-f833-4282-a0b3-413f929a4b0b,a2f7537c-c53c-43be-8c4d-6ea8415028a4,2024-06-01,3,3,3
29c4025a-67ba-4b21-95eb-e488a835e3e6,bb8eaeac-7bbd-45f8-a33b-04452a86fbf0,2023-06-01,2,2,1
b05c2e66-d380-4d7c-9f30-b0dd639c2ae6,bb8eaeac-7bbd-45f8-a33b-04452a86fbf0,2023-12-01,3,1,3
afac4843-8d8d-45d3-a6f3-342139702af3,bb8eaeac-7bbd-45f8-a33b-04452a86fbf0,2024-06-01,1,2,1
8faffee2-457f-4cf9-8e0e-c59d5938db94,84e38148-bef9-4992-af6d-2a0e2aa13272,2023-06-01,3,4,4
5d72c676-47bc-4bdc-a4d0-b94710a2d1ab,84e38148-bef9-4992-af6d-2a0e2aa13272,2023-12-01,4,3,3
a2fe1c00-8fe1-412b-959b-e49676047a73,84e38148-bef9-4992-af6d-2a0e2aa13272,2024-06-01,3,3,2
939babbf-bcef-406b-b707-188fca71efeb,90479ef5-ca18-4bb8-8a7c-a99969de5449,2023-06-01,3,1,3
0a5b9634-51c1-4aa3-92c5-051b266b123c,90479ef5-ca18-4bb8-8a7c-a99969de5449,2023-12-01,3,2,3
73b9fcb8-8376-408c-a64c-000eb9ea56ee,90479ef5-ca18-4bb8-8a7c-a99969de5449,2024-06-01,2,1,1
be4d52bb-342f-4ced-8f35-fe36c5bff228,9fc11c19-4fd2-4cb8-a8c9-410fcc79c098,2023-12-01,4,5,5
5fd9c147-23e7-4a07-8632-4290a0f9313d,9fc11c19-4fd2-4cb8-a8c9-410fcc79c098,2024-06-01,3,3,2
f68ff481-9e67-45d6-8152-25f14668fd4d,c5de4998-f45c-4402-abcc-2e6b450bd821,2023-06-01,5,4,5
de0c57e0-57d3-4786-b5a1-05afc1748a3a,c5de4998-f45c-4402-abcc-2e6b450bd821,2023-12-01,5,3,3
b28ca786-2f8a-4e33-aded-579bd4880e75,c5de4998-f45c-4402-abcc-2e6b450bd821,2024-06-01,4,3,4
005450c7-9ea0-40d2-b1e9-f8348f88874d,1f8a89c4-860c-4d16-9fc1-2c1b4689ba23,2023-12-01,3,4,4
6653b42e-026d-4b2a-8c18-29d324808103,1f8a89c4-860c-4d16-9fc1-2c1b4689ba23,2024-06-01,5,3,4
4d296a46-9b7d-4a4d-9621-13ec88ade8f6,ece3a728-1821-4f16-af15-4fc1f10e243c,2023-06-01,4,3,3
f9cfca55-9e49-495a-8133-373b9b26f4b4,ece3a728-1821-4f16-af15-4fc1f10e243c,2023-12-01,4,3,4
14c6412d-5e29-493c-a63f-8ca5a35825d1,ece3a728-1821-4f16-af15-4fc1f10e243c,2024-06-01,4,4,2
692a5180-683b-4298-a665-4ff30f546c1d,1dd36d2a-3c27-4e99-81a3-db24afce861e,2023-06-01,2,3,3
5908f4db-ea96-42b6-8f60-ef9ebdbc1b75,1dd36d2a-3c27-4e99-81a3-db24afce861e,2023-12-01,3,4,3
2b781531-6838-4099-b9ab-bf0532f6f654,6f41ec60-fc36-4e95-ab35-ed017e1944a2,2023-06-01,2,4,3
9a564e2b-f0e6-457a-a033-e7cca1add600,6f41ec60-fc36-4e95-ab35-ed017e1944a2,2023-12-01,4,2,2
79a8eae5-1101-49ac-a10b-ffc978e02943,6f41ec60-fc36-4e95-ab35-ed017e1944a2,2024-06-01,4,2,3
39d8cb1b-b30a-4263-93cf-c2ca0f95cbc6,dd41fd80-25c2-4d18-b99f-2aa8dec626e0,2023-06-01,2,2,2
977c1010-3943-49c5-8a3d-ebb995cd9c91,dd41fd80-25c2-4d18-b99f-2aa8dec626e0,2023-12-01,2,1,2
05464b2d-d24d-4741-bfc9-b411d5645eb7,dd41fd80-25c2-4d18-b99f-2aa8dec626e0,2024-06-01,1,3,3
52ca40cb-02ec-43ef-876a-e3a061085bb1,ffd28dac-4402-4061-bd63-9c2eaeed32ef,2023-06-01,1,3,3
b9a31204-c8fb-4333-ba8f-a14e3e8db8aa,ffd28dac-4402-4061-bd63-9c2eaeed32ef,2023-12-01,3,2,1
4dbb16ac-6d12-4ef6-99b8-6ac36bca454e,ffd28dac-4402-4061-bd63-9c2eaeed32ef,2024-06-01,2,1,2
49792764-48f9-4a84-9b59-50322bd92dd6,6167672a-2d55-45d9-b5b4-3333f3cb5590,2023-06-01,3,1,1
e5922bff-3ff1-4479-a8dd-88a768baa81c,6167672a-2d55-45d9-b5b4-3333f3cb5590,2023-12-01,1,2,3
d4638370-f9bb-4fde-8c19-cb27ec233d48,6167672a-2d55-45d9-b5b4-3333f3cb5590,2024-06-01,1,3,3
81f2bd43-a33f-436b-8b76-db1f218899fc,e9026fe8-88b8-4303-95f7-eea22a0d07c9,2023-06-01,3,4,3
c64bf1c3-1b02-404d-99e3-301b527c1d9d,e9026fe8-88b8-4303-95f7-eea22a0d07c9,2023-12-01,4,5,3
8f0ea191-f814-4fa2-b2e3-1c5f3420e575,e9026fe8-88b8-4303-95f7-eea22a0d07c9,2024-06-01,5,4,5
ecb69403-c588-4b7e-969e-05724ec3f2e9,9100fc9e-e373-4de9-83ee-8093faa51ae1,2023-06-01,2,4,3
1f1f6cc1-8b7a-4f63-b7fd-52a91f8243c0,9100fc9e-e373-4de9-83ee-8093faa51ae1,2023-12-01,4,4,2
92311c56-a7d9-4099-be27-c2b0fe257ae8,9100fc9e-e373-4de9-83ee-8093faa51ae1,2024-06-01,2,3,1
8a59fb87-b3c9-419c-86e0-0bc80e65e617,5f278c3e-b991-4163-bb3c-40087bf6cb5e,2023-06-01,3,4,2
0514926e-18ce-4bc1-a8a3-138d1fcaa975,5f278c3e-b991-4163-bb3c-40087bf6cb5e,2023-12-01,2,2,3
4988f466-91f3-4a8d-9486-ff69fdff063e,5f278c3e-b991-4163-bb3c-40087bf6cb5e,2024-06-01,2,2,4
7927368a-e289-4956-98d4-ead727db5999,5104331f-3d2e-473c-9d86-d3c3a6a90982,2023-06-01,3,3,2
224344a5-e50e-4770-8497-4e082e8fc2b6,5104331f-3d2e-473c-9d86-d3c3a6a90982,2023-12-01,4,4,1
0e221d59-c7dd-4f56-b0d0-940f88d5fb37,5104331f-3d2e-473c-9d86-d3c3a6a90982,2024-06-01,3,3,2
143e66dd-acce-4bde-a7a2-280c79ea8387,8faedda0-8177-453b-afca-9a02c45fb2f3,2023-06-01,3,2,1
86a74733-5dd3-4c41-ae95-89e45fbefb76,8faedda0-8177-453b-afca-9a02c45fb2f3,2023-12-01,4,3,4
79f4ed90-ec31-4604-9dbb-2429f5c8b67a,8faedda0-8177-453b-afca-9a02c45fb2f3,2024-06-01,2,2,3
05f7a15a-565a-4a0a-bcf7-31b1465db8c5,4df09699-6a4e-4ac4-b26f-572ebe12edd6,2024-06-01,2,4,1
0c082cb4-7686-4aae-b8cc-0e8bc4f51579,208428f7-c4e3-4799-9619-74fc175e4855,2023-06-01,2,2,4
d2697b6e-1620-4716-89d6-f8f3b8193f58,208428f7-c4e3-4799-9619-74fc175e4855,2023-12-01,4,3,4
dae824ee-f132-4913-a9ef-174ecb491986,208428f7-c4e3-4799-9619-74fc175e4855,2024-06-01,3,3,1
1bfed627-bae9-4ab2-90d4-504a2ce76ff6,f08c083f-2286-4890-8f1a-b0fa03961ae5,2023-06-01,4,2,3
28efedba-447d-4433-8a10-8014c7ec79de,f08c083f-2286-4890-8f1a-b0fa03961ae5,2023-12-01,3,4,1
b82d201a-332a-4560-8b5d-0d3268b415e0,f08c083f-2286-4890-8f1a-b0fa03961ae5,2024-06-01,4,3,1
f9d59e67-079b-4da3-ba29-179b02477ddc,6f7ea124-f58c-43ba-b0e8-1d3dfb3d0996,2023-06-01,4,3,3
d540c8bf-fb9a-445d-b9f3-146d08f3c33a,6f7ea124-f58c-43ba-b0e8-1d3dfb3d0996,2023-12-01,5,3,2
ad6724ac-3bf1-49e4-acb2-c018e9f6ff40,bc54e3e3-e1df-45d6-860e-9f362a77a7da,2023-06-01,1,3,1
11b0f943-e2f3-475b-bdbd-91ddfcce830e,bc54e3e3-e1df-45d6-860e-9f362a77a7da,2023-12-01,1,2,1
74eef150-6a9f-4db0-a178-1c0c0b9ed92b,d3fa7122-f6d2-4fea-98d2-8ed6dc173cb7,2023-12-01,2,2,1
0967e502-e908-4f4e-a382-38466deef21d,d3fa7122-f6d2-4fea-98d2-8ed6dc173cb7,2024-06-01,3,1,1
c07b0e16-df09-43fb-9516-316bc49fdd2e,4a1fec4c-f380-48fb-9acd-5ef161df991c,2023-12-01,4,5,3
3481078e-2dde-4450-98fd-57985ab501ce,4a1fec4c-f380-48fb-9acd-5ef161df991c,2024-06-01,4,4,4
4f79ab41-bdcc-4471-8b5d-ace30360aba4,34cd047c-0421-4d3d-b1eb-74c5193b0ff2,2023-06-01,3,3,4
644c68ba-407a-4f9e-b8c8-ace7c1caaccd,34cd047c-0421-4d3d-b1eb-74c5193b0ff2,2023-12-01,2,3,3
1f7cc995-65bf-4152-a3a2-c016416a286f,34cd047c-0421-4d3d-b1eb-74c5193b0ff2,2024-06-01,3,3,2
9399c5b6-c4b2-4934-9c15-faf99ccdf9ae,e1b53371-6c6f-4980-9ca0-53af61e94734,2023-06-01,3,4,5
739574b9-4378-4de2-bb2f-ac216e6bcf3c,e1b53371-6c6f-4980-9ca0-53af61e94734,2023-12-01,5,5,5
914ce17e-8f32-4c70-9e8e-b9cb8dbdc256,e1b53371-6c6f-4980-9ca0-53af61e94734,2024-06-01,3,3,5
c7ba4aa6-a76b-48d9-8a90-1ea8cdd3831d,f7bd2526-a1b0-4954-b61c-ee69b49f15b4,2023-12-01,1,2,3
0620a06c-5f85-453f-8553-bbecc81fc05d,c3497335-d1f1-4803-b6e9-1a733a4e242f,2023-06-01,3,2,3
e368b2d6-5c86-41e4-b4d7-2b49d4b9d732,c3497335-d1f1-4803-b6e9-1a733a4e242f,2023-12-01,3,4,4
f294e63b-d571-47f8-9fa6-69c7877bfc18,c3497335-d1f1-4803-b6e9-1a733a4e242f,2024-06-01,3,3,4
1b807597-bd74-4c8b-9669-553880275e61,244c29e7-764b-4ce2-9164-148a5d124f2a,2024-06-01,4,3,5
f4831dc0-a13e-4f7d-8819-26e3c26d9302,bc937cb0-9c8b-4859-b811-7b5b2a1edd4c,2023-12-01,4,4,3
53f4479e-4813-46db-85f9-debf35e61646,bc937cb0-9c8b-4859-b811-7b5b2a1edd4c,2024-06-01,4,3,2
e90e0c0f-69c8-4de2-bd40-26ad9ab65707,270807ea-9f56-4438-a0e5-f4896c064cda,2023-12-01,2,3,2
d509be06-a9bc-40c3-a53e-459bfb8a564c,6ed3f653-7d1d-40dd-a5e3-98cce7ac7aa7,2023-06-01,4,2,2
4716e4bf-e2d2-49ec-b92d-ecf9b6d5b8cd,6ed3f653-7d1d-40dd-a5e3-98cce7ac7aa7,2023-12-01,3,3,1
9042b7d6-e118-448e-b816-b57a81dd181a,6ed3f653-7d1d-40dd-a5e3-98cce7ac7aa7,2024-06-01,3,3,2
80699690-2443-471b-b8cc-2cbd40be45e1,c63b1758-c99c-43d4-ad54-5b86ed14cd5d,2023-06-01,3,2,4
e177ba63-6bb0-4cc0-aa90-a64148569fd9,c63b1758-c99c-43d4-ad54-5b86ed14cd5d,2023-12-01,3,4,4
f61fda62-71b2-4a46-a669-11fbe7318dce,41048425-a655-4d49-9961-624af791eaac,2023-12-01,2,4,3
77a727b5-3197-402d-9872-e47021872a74,41048425-a655-4d49-9961-624af791eaac,2024-06-01,3,3,1
ba06c55d-b93b-41c4-82a2-806d748d7e66,9438e025-ade4-4a30-960a-9b49c93f3aa2,2023-12-01,3,5,2
f0facf12-e58a-41ff-a4e5-4c49ec25cfa3,9438e025-ade4-4a30-960a-9b49c93f3aa2,2024-06-01,4,3,3
061f5135-6c43-4485-be4c-6c8f5a08e4fc,fcdfb524-f31d-4f16-8c75-8ae05a307294,2023-06-01,2,3,3
e764668c-f180-4886-89d8-bae8e9d2ea40,fcdfb524-f31d-4f16-8c75-8ae05a307294,2023-12-01,3,1,1
ece00c3c-3769-43cc-8dd6-535197a6c2e9,fcdfb524-f31d-4f16-8c75-8ae05a307294,2024-06-01,3,1,3
154a4a7f-c9a7-4971-a3a5-93810cc4a3c8,a3525058-74f2-4e5d-9caf-f9acb53c6954,2023-06-01,2,4,4
822d55a7-53b5-4a0f-aef7-b6f29a261d90,2737b249-bbed-4d63-a99b-3006b7744c69,2023-06-01,1,1,1
2f516fdb-6a21-4e3a-963d-1c31ecd42979,2737b249-bbed-4d63-a99b-3006b7744c69,2023-12-01,1,2,1
812b67fe-a8ea-461c-a94c-e5db736e5828,2737b249-bbed-4d63-a99b-3006b7744c69,2024-06-01,2,2,3
6505885a-58bf-42e5-bab4-1b24e940e977,6d30cd3d-7403-416b-a831-b7d794f8bc47,2023-06-01,4,3,1
bd02730b-c469-4fdd-bbbc-7f6f94e9ce55,6d30cd3d-7403-416b-a831-b7d794f8bc47,2023-12-01,3,4,4
d64d81b8-cbc2-46fd-9cdc-11e7b5d87f95,6d30cd3d-7403-416b-a831-b7d794f8bc47,2024-06-01,3,4,4
65038e9c-f8ae-4573-9528-e3ef677e17b9,0a54cf5c-0a30-4783-9a22-169d62bcc8c9,2023-06-01,3,1,3
f3c7a21b-a494-4293-b0ef-7f0507f17b8b,0a54cf5c-0a30-4783-9a22-169d62bcc8c9,2023-12-01,2,1,3
720a5114-b438-4dc8-8a4c-b52b79f65778,0a54cf5c-0a30-4783-9a22-169d62bcc8c9,2024-06-01,3,1,2
342bc9e0-43c5-4381-b91f-69b82749538d,482ba374-a477-48f8-acd0-353643856861,2023-06-01,3,3,3
182e430e-738e-453f-b25b-4ca2030a8776,482ba374-a477-48f8-acd0-353643856861,2023-12-01,3,4,3
d64f2287-6d88-4e21-a023-18e5022f6dad,482ba374-a477-48f8-acd0-353643856861,2024-06-01,3,4,4
7243708f-4f5b-427c-a117-b06953f5a2fb,5670d01a-a957-4bc5-a7b9-b19c7ae914a7,2023-06-01,3,2,4
c3421c15-b6a7-4fb5-807d-b0fb7c049387,5670d01a-a957-4bc5-a7b9-b19c7ae914a7,2023-12-01,2,3,2
84c2a9e4-1fd5-4cd6-b78f-667042b1ec5e,5670d01a-a957-4bc5-a7b9-b19c7ae914a7,2024-06-01,4,4,1
3959415a-7f42-4d2b-a4a8-0e2622290666,eb4cd8f9-da1f-4308-b6f4-d7a6cb912034,2023-06-01,2,3,4
2f8dc7a3-5621-4809-82cb-565f81e871af,eb4cd8f9-da1f-4308-b6f4-d7a6cb912034,2023-12-01,4,2,2
840a59ee-29c5-4bc3-a80b-4e2c174fac7e,eb4cd8f9-da1f-4308-b6f4-d7a6cb912034,2024-06-01,2,4,4
0cb15826-d503-4752-88c3-d77a3835f699,809d7830-1e52-4669-91d1-b546acaa74c1,2023-06-01,3,4,3
70a840d6-6619-4024-8c33-a183a4730dae,809d7830-1e52-4669-91d1-b546acaa74c1,2024-06-01,5,4,4
9cea6c1f-5413-4fb8-857f-de4fadd46a9c,8db2e339-db0e-4217-953a-c7aa6adea0bf,2023-06-01,3,4,2
45767d75-6e8a-4fbf-92c0-28dfc055a856,8db2e339-db0e-4217-953a-c7aa6adea0bf,2023-12-01,4,4,4
739eae76-1bdc-43ca-9c6a-bd68a469335a,8db2e339-db0e-4217-953a-c7aa6adea0bf,2024-06-01,4,2,3
13c6dca9-d7f8-46a0-b8d0-3af48c1a325c,41ebb9f8-62fb-4645-bf42-922e890f1fe7,2023-12-01,3,5,3
d4a84474-a877-4716-8734-6d238c7a319f,41ebb9f8-62fb-4645-bf42-922e890f1fe7,2024-06-01,5,5,3
54f46ae6-cdc8-4ff2-a556-aa7c66bdb1e7,9eb2a895-3e50-4a94-8984-1d96609f3b97,2023-06-01,3,4,1
282a7467-5340-4352-8e7b-1ec0b6f4a6b8,9eb2a895-3e50-4a94-8984-1d96609f3b97,2023-12-01,3,2,4
2851b612-3801-4b26-8991-f1aa23121848,6729e45e-1135-4176-b523-b4c5af5b721a,2023-06-01,2,3,1
61dbfa3f-b5bf-49bb-9cf9-395381d88fcf,6729e45e-1135-4176-b523-b4c5af5b721a,2023-12-01,3,2,4
7dd0390b-6569-4f33-b43e-c763f7aa4561,2e9d1eae-af9e-4ac2-83f6-334feae25fb3,2023-06-01,2,3,1
ad54003b-8e8d-42d5-9a61-536143e3ad5f,2e9d1eae-af9e-4ac2-83f6-334feae25fb3,2023-12-01,3,1,1
730e482e-328a-4a00-92bf-971021eea361,2e9d1eae-af9e-4ac2-83f6-334feae25fb3,2024-06-01,1,1,3
22ac605c-f149-4ced-ad1f-07b3d7345837,1e8667b8-19cd-4c2d-a6b9-6ac7acac9e05,2023-06-01,3,3,1
eaefd3b5-d477-492c-ab92-f834d4b7a16f,1e8667b8-19cd-4c2d-a6b9-6ac7acac9e05,2023-12-01,2,3,1
64601607-fda2-4c21-9b2d-e80d2acb05ba,1e8667b8-19cd-4c2d-a6b9-6ac7acac9e05,2024-06-01,1,3,1
972908cd-607b-4fe6-8162-c7f3ee29b7fa,d8903a26-efea-4297-b988-164b3a51a321,2023-06-01,2,4,2
c18b6fbc-e97f-4f48-a6e4-6b457118dae6,d8903a26-efea-4297-b988-164b3a51a321,2023-12-01,2,4,4
4e52aea0-e9b7-43a6-9fbc-086be3c82b15,d8903a26-efea-4297-b988-164b3a51a321,2024-06-01,4,3,2
3a9f4f66-2381-4f99-99db-841a60e534cf,c06f6c24-c571-4a2e-ab88-14f868da1704,2023-06-01,1,3,1
023ed5e7-e814-4866-aff9-3a20154751c8,c06f6c24-c571-4a2e-ab88-14f868da1704,2023-12-01,2,1,3
16842b14-44ea-4d3a-b8ba-50e36854d039,c06f6c24-c571-4a2e-ab88-14f868da1704,2024-06-01,3,2,1
4e42dcea-ae23-4bdf-a608-b193ac10b0a0,27efb81b-d816-4ca1-aa42-0f11ba9f9efb,2023-06-01,2,1,1
1327a9e8-efca-4181-985b-99235e5a6786,27efb81b-d816-4ca1-aa42-0f11ba9f9efb,2023-12-01,2,2,2
a7e54168-e798-4baf-b107-538f52693e9b,27efb81b-d816-4ca1-aa42-0f11ba9f9efb,2024-06-01,1,2,1
f3c53fe0-c20d-405e-8a0b-bfaac04964de,d3c472fe-21cc-45af-bcb4-02747da2c9de,2023-06-01,1,1,2
d7efa8aa-ab8e-4ca5-b764-8ca935e8ba75,d3c472fe-21cc-45af-bcb4-02747da2c9de,2024-06-01,2,1,1
9eb53ce6-46d3-4168-8f49-65f415ea1c9c,308a7c7d-322a-440b-b7fd-46bd40419af0,2023-06-01,3,2,1
82548a62-7be9-4942-a10e-b30cb3f496a1,308a7c7d-322a-440b-b7fd-46bd40419af0,2024-06-01,2,4,2
a8b432be-f61c-4213-81a1-e8333e145500,29deae47-9422-43ef-a683-ceb20dd94df6,2023-06-01,1,1,1
d1ea489e-2992-4644-a6c9-289c042e669c,29deae47-9422-43ef-a683-ceb20dd94df6,2023-12-01,3,1,1
a2e49f6b-0a4a-4a06-98c7-dff37a9ac35e,29deae47-9422-43ef-a683-ceb20dd94df6,2024-06-01,1,2,2
1e8998a0-7f90-4e2b-bc44-f8a5e47f8556,d6b9a115-bbee-45cf-b587-dd1c94c8055c,2023-06-01,3,3,3
78cda05d-c62e-4640-b2b0-37f051467080,d6b9a115-bbee-45cf-b587-dd1c94c8055c,2023-12-01,3,1,1
5c6c482a-16dc-4912-9aa6-441f9eef3ab9,a392ef10-1d48-40c1-9db1-b6f0aa438af1,2023-06-01,2,3,3
a96d9a36-53d1-4ccd-bf22-8906eb80afe4,a392ef10-1d48-40c1-9db1-b6f0aa438af1,2023-12-01,2,1,1
ea4240e3-caac-4d7c-a542-d79c91b890d1,1f965586-f722-469f-a346-1ee60e107854,2023-12-01,4,2,2
b391c6da-423f-4b9d-b4cc-5b97851c41fc,1f965586-f722-469f-a346-1ee60e107854,2024-06-01,2,3,2
08d1ba52-507d-4322-83c6-524fcf4cacc5,53fa190c-9e85-4b6b-ae07-fe07b9e27bb2,2023-06-01,2,4,3
0f1e0243-8c5b-4b23-8200-a5e7e2865208,53fa190c-9e85-4b6b-ae07-fe07b9e27bb2,2023-12-01,4,2,4
75186e3e-ba72-4c9a-84fb-78d247d791f5,53fa190c-9e85-4b6b-ae07-fe07b9e27bb2,2024-06-01,2,2,2
fdc77862-3ecf-4023-a802-e0a248029940,fa3a12f8-60bb-49bb-a843-d86c8968b990,2023-06-01,4,4,5
31e2b8f3-321d-4748-b04d-e5fca80c4241,fa3a12f8-60bb-49bb-a843-d86c8968b990,2023-12-01,3,4,5
c471b0c7-40e8-4234-bd35-93621ac5ca1b,fa3a12f8-60bb-49bb-a843-d86c8968b990,2024-06-01,4,4,5
b8668f4f-d9e6-4095-8714-0b36b4eb40fc,4e0c4813-33a4-47a3-a994-c56f516b53f2,2023-06-01,4,4,1
3d36d4bc-b062-494c-8d5a-9f282d9572c4,4e0c4813-33a4-47a3-a994-c56f516b53f2,2023-12-01,2,2,4
b34d7313-1139-4f29-9e7d-e298ad1773fc,4e0c4813-33a4-47a3-a994-c56f516b53f2,2024-06-01,2,2,3
51fe8e6a-c48c-4ca1-9a83-722c137b64fe,8111a374-326a-431e-bd1d-017e65d0a888,2023-06-01,2,3,3
77599046-dd15-48c6-9c96-065d2fd59dea,8111a374-326a-431e-bd1d-017e65d0a888,2023-12-01,3,3,3
3ba18b27-2f9a-445e-93b3-0c265a325bbe,8111a374-326a-431e-bd1d-017e65d0a888,2024-06-01,2,3,4
80a69c0b-4f4e-4ca3-b2ef-81618f6416bc,62a03c72-ab56-4e7b-bcac-d426791b6883,2023-06-01,2,2,3
80e92ad7-1e30-47e1-a6db-bd282ec5d7a7,62a03c72-ab56-4e7b-bcac-d426791b6883,2023-12-01,4,3,1
a8d98ec9-db0c-4158-9388-6a81d7df8a90,62a03c72-ab56-4e7b-bcac-d426791b6883,2024-06-01,3,2,2
658d9279-d28a-458f-a612-5e37df8b9a51,616d87ef-9bb4-4f83-8767-e92cc817a125,2023-06-01,3,3,3
6b69c2ad-0bed-45ff-92dd-efaa24ab4583,616d87ef-9bb4-4f83-8767-e92cc817a125,2023-12-01,4,4,4
1620484e-9336-43a9-acbd-4d49ac210db6,616d87ef-9bb4-4f83-8767-e92cc817a125,2024-06-01,3,2,2
66ec2400-0454-44bc-94d2-172fe9963812,45741b25-fe6d-4e99-a28e-af0429c654bd,2023-12-01,3,1,3
90dcaa8d-f855-4337-b171-75f393abcad8,2a193f8d-be52-4979-b8e7-af03ea0a7919,2023-06-01,3,3,5
e4730545-a878-46a1-bc14-98668773f935,2a193f8d-be52-4979-b8e7-af03ea0a7919,2023-12-01,3,5,5
b1e755d8-4aad-443d-9ace-b09751b6b8f8,2a193f8d-be52-4979-b8e7-af03ea0a7919,2024-06-01,4,4,5
296c6729-35fb-44b2-901d-a551605eb4fe,2942ad99-153c-4d29-b6ff-097be28ed7c7,2023-06-01,2,1,2
9b11b6d7-de50-4ab1-9d5b-a51143f42d5a,2942ad99-153c-4d29-b6ff-097be28ed7c7,2023-12-01,3,2,2
1461655b-ff19-42aa-8d27-f39b988e498a,a322ea38-ec43-47d6-a805-c06b5196cde2,2023-12-01,4,3,2
13ff5050-0658-4ba8-bba3-6440adedbf87,2326da6b-27bc-4f2d-bb30-eb12cc553360,2023-06-01,1,3,1
54fad14d-607f-413c-b79b-b48b61f78d3a,2326da6b-27bc-4f2d-bb30-eb12cc553360,2023-12-01,1,1,2
443dc47e-b468-4a58-bbf7-706f1a1a46f8,f0f04098-5ff1-4144-9e21-153702a6d077,2023-06-01,3,3,3
4a431ce3-40cc-4011-903b-f1a911932ae7,f0f04098-5ff1-4144-9e21-153702a6d077,2023-12-01,4,5,5
d945bef4-37a4-4263-97be-886a01c8a49a,f0f04098-5ff1-4144-9e21-153702a6d077,2024-06-01,4,5,3
6ad9f2ad-3a44-4f7c-bde8-90d027651c7a,e6caf497-b7d7-4f5d-810f-c112dc4b645b,2023-06-01,3,3,4
809d6e6c-2cb1-4931-affe-1289e3757f8a,e6caf497-b7d7-4f5d-810f-c112dc4b645b,2024-06-01,2,3,4
e9d567a5-b7e2-4719-bca5-f6bacea29f71,671c624d-8489-43b4-8093-7c331e3deb9f,2023-06-01,3,2,1
414c7cf7-7fd0-4c0d-a9ac-ee8247e75342,671c624d-8489-43b4-8093-7c331e3deb9f,2023-12-01,4,2,1
37c9f2e2-0d36-4495-a12e-0a79ddc158e4,f62de975-9035-4a14-bfb3-449876e58156,2023-12-01,3,3,2
99897488-42ce-431c-a29e-8aa0738a250a,c0dbfd17-2428-45ec-98bf-71474cd0ab91,2023-06-01,3,3,2
cfe95234-050d-48aa-baa4-d68422a31bcb,c0dbfd17-2428-45ec-98bf-71474cd0ab91,2023-12-01,2,4,2
f3e650f3-fffc-428d-a100-97d6d6487a93,c0dbfd17-2428-45ec-98bf-71474cd0ab91,2024-06-01,2,4,1
52b8da8b-35b0-4940-a6e3-f3365cc3bf55,4303086e-daf0-427e-b8d8-4d7df24f1c98,2023-06-01,3,2,2
c635d7f5-bad4-4416-8201-21c06c3bc765,4303086e-daf0-427e-b8d8-4d7df24f1c98,2023-12-01,2,4,1
49b54479-fd1f-4973-990b-9fc27d320a1a,4303086e-daf0-427e-b8d8-4d7df24f1c98,2024-06-01,3,3,1
dd24896b-b4fc-425c-aa91-8b42353ecd95,2b7eb652-f379-4a6f-8b61-39366f6fa132,2023-06-01,2,3,1
e3760830-5d0b-4880-9ba0-ee28d4d03482,2b7eb652-f379-4a6f-8b61-39366f6fa132,2023-12-01,2,3,4
5d541e2c-e5bc-42f2-b746-478a70c53b5c,2b7eb652-f379-4a6f-8b61-39366f6fa132,2024-06-01,3,2,3
0c1fff7e-d722-416b-ba4d-3657ea7aae14,e919d7f4-6bf3-4f5d-8db1-3a1113dd13c6,2023-12-01,2,3,2
56d92a2b-c4be-4003-a3aa-3b100f30e232,e919d7f4-6bf3-4f5d-8db1-3a1113dd13c6,2024-06-01,3,3,3
22d84f29-0ec6-4236-b481-0d2bf485fa5d,c14875cc-351c-4481-8fc0-59dd1e73b75b,2023-06-01,1,2,3
adafaaeb-f661-430b-aaad-408a67cc7cec,c14875cc-351c-4481-8fc0-59dd1e73b75b,2023-12-01,2,1,1
40939c0a-1edd-4583-9412-70744094732d,c14875cc-351c-4481-8fc0-59dd1e73b75b,2024-06-01,2,3,1
b2e979ad-d42c-4b28-823f-cda9fe5a7b66,e0252551-2953-469b-b8d3-389fee65d7dd,2023-06-01,3,2,1
53fd601a-12e6-4ffb-84d8-e97a3807e853,e0252551-2953-469b-b8d3-389fee65d7dd,2023-12-01,4,3,1
9f71db47-c6b1-4b2f-bcd6-6af4aa533717,e0252551-2953-469b-b8d3-389fee65d7dd,2024-06-01,4,4,1
24ad6a90-e247-4741-b905-7958dbc66f17,085a2ceb-ac23-44aa-9926-56c3a013de03,2024-06-01,3,4,5
fef75409-0eb9-4de7-943a-93a0f0534f97,561f4e4d-0cbc-4d2c-85d0-31e9fb0012f4,2023-06-01,3,4,2
15f91b6a-ec94-448d-9063-451d2e61bad9,561f4e4d-0cbc-4d2c-85d0-31e9fb0012f4,2023-12-01,3,2,2
9462fe90-8484-4a79-9de9-0e858d913166,561f4e4d-0cbc-4d2c-85d0-31e9fb0012f4,2024-06-01,3,3,1
e448ae00-7e8b-4511-aa2b-ce964b0eb65a,5db931e2-3c80-4427-82a9-37fee22c0a53,2023-06-01,3,2,3
65dd14a2-5327-4f67-8ea9-388efa4b8833,5db931e2-3c80-4427-82a9-37fee22c0a53,2023-12-01,3,2,2
063ecdf8-d8f7-494b-8f43-6ddc893b5481,3c9dc861-7883-49b9-a3e3-2b0d29ca2ba9,2024-06-01,1,2,2
47c8307d-8beb-4d0e-ac08-d57a7e448b64,209311d8-3065-4f89-be4c-8429dde22e37,2023-06-01,4,2,4
7439c206-26d0-4e3f-87e7-246f6f391ac3,209311d8-3065-4f89-be4c-8429dde22e37,2023-12-01,3,2,4
c0c5ab52-6d8c-4178-8a79-3257c97db182,209311d8-3065-4f89-be4c-8429dde22e37,2024-06-01,3,4,4
5d789183-eb82-4156-8482-978feea76b55,70876684-231b-41e4-9042-b4f27b56abaf,2023-06-01,2,3,1
eb092a8f-f6ab-45e9-887b-ca4c591d22c2,70876684-231b-41e4-9042-b4f27b56abaf,2024-06-01,4,4,4
a0c1484b-3875-4bd9-89eb-ff0a41e22e17,e92a46b5-7dd8-4322-bf7f-575449b01094,2023-06-01,2,1,1
692ad803-d06a-4731-8932-1b8c2f8292ba,e92a46b5-7dd8-4322-bf7f-575449b01094,2023-12-01,3,2,1
bdccebfc-60f8-4e05-bc75-31fcab919dac,e92a46b5-7dd8-4322-bf7f-575449b01094,2024-06-01,1,1,2
aa3ad711-ce35-4fc2-a401-e2e15a03536f,940ca94e-cbdd-4a2a-8d4e-b35961b49b27,2023-12-01,2,2,3
890d6bf8-74f4-4ff1-83ff-799816ccf975,940ca94e-cbdd-4a2a-8d4e-b35961b49b27,2024-06-01,4,4,2
4863e403-747b-4000-9910-32cce14c433a,a0f22ff0-da45-410b-8937-25d76d91f2d1,2023-06-01,4,3,3
b5b54a90-275d-4073-a6cb-e6aa153b388a,a0f22ff0-da45-410b-8937-25d76d91f2d1,2023-12-01,2,4,4
4d1913c6-eec0-4152-a023-876e66a83d9e,952ec524-2778-45d2-8d69-d0b163fcfb8f,2023-06-01,3,4,4
75572ee6-3b8c-498f-bac8-650ef0496430,952ec524-2778-45d2-8d69-d0b163fcfb8f,2023-12-01,2,2,1
9e56c6b3-4e33-437e-ba9e-bd1146e374c0,952ec524-2778-45d2-8d69-d0b163fcfb8f,2024-06-01,3,2,2
376d29e8-5087-4c74-89d3-ec5ec463499b,ab236748-dbd9-4d4e-9b09-66e0ae34a01e,2024-06-01,1,3,1
8510a772-2d43-4097-9832-6c745904d2ee,bc58df32-7c50-478c-99eb-5178770bf6df,2024-06-01,4,3,1
8fb6df67-cab3-4195-a269-cbbe0a33958f,570db3ae-e515-49b9-889c-995b6301380c,2023-06-01,1,3,1
4644f601-6923-45db-923c-f4c83ae18c67,570db3ae-e515-49b9-889c-995b6301380c,2023-12-01,3,1,2
cddc60c5-8aa1-4e0d-ae37-46d69b956609,7045d5b1-a7d8-408f-a6e6-29a55c4d4fa9,2023-12-01,3,2,2
fbd5c323-774f-4047-abd1-3c7143bf0e12,7045d5b1-a7d8-408f-a6e6-29a55c4d4fa9,2024-06-01,2,1,1
d5b7520e-81be-472e-b472-7d7d8abc5f93,af7354ab-8885-46c1-a03d-851c37672e6c,2023-06-01,3,3,4
dce178bb-1bdf-4dba-b7da-34f215539117,af7354ab-8885-46c1-a03d-851c37672e6c,2023-12-01,3,3,3
3e19d942-b46d-49f7-9775-f7de6292e1c8,af7354ab-8885-46c1-a03d-851c37672e6c,2024-06-01,4,2,4
05cbd16a-6118-4eb6-bc98-8129f7c5f4b7,128f4649-00e1-45af-b4fd-b3b61e7d98da,2023-06-01,3,2,1
1b631350-c1f1-459c-bce3-c4c8336062d2,128f4649-00e1-45af-b4fd-b3b61e7d98da,2023-12-01,3,2,2
c5826120-af9d-45f4-8531-65cddee3184d,128f4649-00e1-45af-b4fd-b3b61e7d98da,2024-06-01,3,3,1
3534d17b-2b63-4d46-920e-efbcbc3c3a2d,4c57513d-51ef-4839-86f3-61bdad7e62e7,2023-06-01,3,2,2
8d9facfc-2fcb-4512-a60b-43a44b4c8b0c,4c57513d-51ef-4839-86f3-61bdad7e62e7,2023-12-01,3,4,2
45d6eed4-3aaf-428c-97d0-3c8eb1325ee8,4c57513d-51ef-4839-86f3-61bdad7e62e7,2024-06-01,4,2,2
f91bcaf6-eb2e-4982-8d07-acd80bbc9f5f,4a4376b2-3f75-400a-93eb-1a53242d2235,2023-06-01,2,2,1
06702a4d-0058-45c6-bc18-e5eafa2494bc,4a4376b2-3f75-400a-93eb-1a53242d2235,2023-12-01,4,4,4
33a68483-52d2-4b84-aa56-7fbed6f9b6d6,4a4376b2-3f75-400a-93eb-1a53242d2235,2024-06-01,2,4,4
fe242c71-0720-4e88-8a46-df47ee1adc22,f60c7173-ca0c-46c3-86ec-714d6658f81d,2023-12-01,4,4,2
269823f9-5e4c-41bc-9815-a6982554ca94,f60c7173-ca0c-46c3-86ec-714d6658f81d,2024-06-01,4,2,1
8994ed76-4b5c-458e-bc5a-301ad8018a1f,6483974b-6944-4487-85ba-49e73b4795e8,2024-06-01,3,2,1
b94434f0-dcc9-44d3-85cb-45a267f73445,d6eaf6d8-2431-4343-8b02-a145d5fc480b,2023-06-01,1,1,3
b1084762-3e4e-481a-8ed1-f113f30cd631,d6eaf6d8-2431-4343-8b02-a145d5fc480b,2023-12-01,2,2,1
e07f23e0-f321-4765-b478-cd50274b1f02,71f7ec58-bd72-45fd-8eb9-e4d6bc82a900,2023-06-01,4,4,4
419ff82e-f186-4899-9471-5f3b271495a2,71f7ec58-bd72-45fd-8eb9-e4d6bc82a900,2023-12-01,4,3,1
57972a67-9150-45f8-8a66-61d4012e72c7,71f7ec58-bd72-45fd-8eb9-e4d6bc82a900,2024-06-01,2,3,2
6c13f16d-f2d4-4a96-987d-e20bfc4318e1,cc2d3a8b-43fd-4ba6-9ab6-e47d7de509c8,2023-06-01,2,3,3
d4e1a606-fc83-4d6b-9627-ae4d02273c77,cc2d3a8b-43fd-4ba6-9ab6-e47d7de509c8,2023-12-01,4,3,3
8e30546a-abb8-42ba-a2b6-1d7faf57ec85,cc2d3a8b-43fd-4ba6-9ab6-e47d7de509c8,2024-06-01,2,2,3
6927aef2-ccca-45fd-9c42-4ae7c22c4bcd,8953a919-d946-4ef7-9afe-8e9e922dc7c2,2023-06-01,4,3,4
d14d85a3-9afb-48ac-82dc-ffa0c2c5cb01,8953a919-d946-4ef7-9afe-8e9e922dc7c2,2023-12-01,3,4,3
b77d33a2-328e-4ceb-9c95-0a3cf80c8a2e,005c41e8-e60c-45c4-bfff-cabdf9386bef,2023-06-01,4,2,3
f20c1ed2-62ea-44ff-932c-acc7faf200bb,005c41e8-e60c-45c4-bfff-cabdf9386bef,2023-12-01,4,2,3
6de3d4ae-1b27-454f-b383-b11d082a9f58,005c41e8-e60c-45c4-bfff-cabdf9386bef,2024-06-01,3,4,3
91fa85a4-6df8-435b-a1a9-15eba2f0fb55,b44c2f30-841d-4992-8537-1cd636d99238,2024-06-01,3,2,1
7d29f289-2ba7-42d7-bf06-a598aeab3de2,aab939b0-6851-41f9-970f-25f909bd1b33,2023-06-01,3,4,4
9929c366-770a-46cd-b00e-687b67a7c139,aab939b0-6851-41f9-970f-25f909bd1b33,2023-12-01,3,3,3
5eaac7cb-2a06-486f-b82f-1a4ad712a79a,aab939b0-6851-41f9-970f-25f909bd1b33,2024-06-01,3,3,1
77e4b0a9-9495-467a-af97-6a378cede236,3736901b-6896-4dae-ac2c-7be46ff5b46c,2023-12-01,2,4,3
94f3bc11-f794-4a82-9462-017516572dee,c46f2a6e-8252-463f-b35e-3efcad5432ac,2023-06-01,2,2,1
997d551e-3cf9-4110-876e-56f490f1ee92,c46f2a6e-8252-463f-b35e-3efcad5432ac,2023-12-01,4,3,1
f3bd2548-0d53-41d8-beb0-a169b6df3bc1,c46f2a6e-8252-463f-b35e-3efcad5432ac,2024-06-01,2,2,1
b660ab76-ca23-4c73-87d2-175abc92b6b4,78133e3a-dd3a-4c34-80b2-e89d269599f0,2023-12-01,5,3,3
ae19f9d6-0ed3-4e75-8613-7f51ce81f11c,d78b9cae-7a7d-4017-9ba8-e9c43970b164,2023-12-01,4,4,3
db475f49-dc43-4a95-bf79-1ddff631bae7,7cd9c28a-1820-412b-a55c-253d3bb426d0,2023-06-01,4,2,1
5c0433a3-c791-4d51-8152-d0f23a03dbcd,7cd9c28a-1820-412b-a55c-253d3bb426d0,2023-12-01,4,2,2
8b60a4f0-65fd-4124-93f2-026d84140669,7cd9c28a-1820-412b-a55c-253d3bb426d0,2024-06-01,3,4,3
3fad9267-b9c7-4076-9e0e-abf55f44e2cb,5455cfbc-b5d2-4bcd-a26d-90ee773eb42e,2023-06-01,3,4,3
b363ee01-28fc-4ba8-aae6-933ea229dde0,5455cfbc-b5d2-4bcd-a26d-90ee773eb42e,2023-12-01,3,2,1
1d467d21-fcf4-4b61-92b5-c186420143f0,5455cfbc-b5d2-4bcd-a26d-90ee773eb42e,2024-06-01,4,2,3
b5d91e03-3e79-4873-9290-0ffedc458e33,dc960f6c-3b71-4192-a7ce-10110c09a333,2023-12-01,5,5,3
4f4eb051-8488-4716-9fc1-114d6d9c2ad5,dc960f6c-3b71-4192-a7ce-10110c09a333,2024-06-01,4,5,4
e040f09b-9def-4190-a250-1b831869987d,f94795c7-d7b8-49cb-889e-5ec3018b1417,2023-12-01,3,4,1
f5ed07cd-ba58-47c3-87a2-f682a58a00f7,f94795c7-d7b8-49cb-889e-5ec3018b1417,2024-06-01,4,2,4
4c140272-69b0-4161-9555-89b0b4d72f28,0c7215e0-56d8-461d-862b-fafb51c408cb,2023-06-01,3,2,2
ab5bcd66-ebed-4139-aa22-5d7b7a518058,0c7215e0-56d8-461d-862b-fafb51c408cb,2023-12-01,3,2,2
ea49a346-972a-4354-9a65-103159de83e6,0c7215e0-56d8-461d-862b-fafb51c408cb,2024-06-01,2,2,4
6e1fe6cb-e435-469e-ba63-4fd048733ff8,603f653b-cd9d-4a78-9ada-bd830d1222de,2023-12-01,3,2,1
8fc9fbea-42bd-4e4d-8867-f50a09470e25,603f653b-cd9d-4a78-9ada-bd830d1222de,2024-06-01,2,1,1
466cbbb9-0a0e-4575-b2f1-2d97d7119e5c,f153f231-d371-4e91-a4c6-9cb42160a339,2023-12-01,4,4,1
502bc058-d07b-4304-b1a8-c34c3188ef4a,f153f231-d371-4e91-a4c6-9cb42160a339,2024-06-01,3,2,4
33b8253c-67fe-46a0-8c88-d76a752d021b,c39d254c-3822-4610-aef6-1c12ba686970,2023-06-01,3,3,1
c7b03d46-21ab-4941-96e9-89c0c649aeb1,c39d254c-3822-4610-aef6-1c12ba686970,2023-12-01,2,2,3
37b3f935-33fa-42c2-8d4c-1df6c8d83de0,608cf4ae-33c5-4e50-bfe2-a4b8318de781,2023-06-01,2,2,2
df9a76d5-0102-4347-be1e-eb56ed7ee609,608cf4ae-33c5-4e50-bfe2-a4b8318de781,2023-12-01,2,4,1
2ec33264-4f15-4823-b5c2-f39bb1af89b0,608cf4ae-33c5-4e50-bfe2-a4b8318de781,2024-06-01,2,4,4
839d91ae-e5e2-463c-afe4-cd962c98d1f1,e9c83264-d7ed-4f2a-9357-0550e0acff05,2023-06-01,2,2,3
16d2f974-6eb1-4bd3-bd4a-a515c9548483,e9c83264-d7ed-4f2a-9357-0550e0acff05,2023-12-01,3,3,3
db0371d4-0d46-4287-851e-fe32bc858b2b,e9c83264-d7ed-4f2a-9357-0550e0acff05,2024-06-01,1,1,1
c486035d-944b-4fae-ab32-653333047156,70a47f0f-b8a9-4542-a67e-22d00147db82,2023-06-01,3,3,3
7f454e44-f6e4-4362-b5bb-9171af2e43a9,70a47f0f-b8a9-4542-a67e-22d00147db82,2024-06-01,3,4,3
a222f6f9-8fc9-43d2-bf92-3d408e7fd8d0,b38798c8-eeb0-41fb-9619-cbad58a71345,2023-06-01,2,2,3
ab2c90bb-440e-4520-aafb-e0b97c5e7564,b38798c8-eeb0-41fb-9619-cbad58a71345,2023-12-01,4,3,3
34252c0d-aa69-45c5-b2e8-059da505bfa7,6700045a-c01d-4393-a161-3a4542c4a471,2023-06-01,3,2,2
2ede4889-46ba-45bc-b743-a0c877cb1ded,6700045a-c01d-4393-a161-3a4542c4a471,2023-12-01,3,4,2
c27fbb07-bac4-4bd7-8b94-10b8f59dc76f,6700045a-c01d-4393-a161-3a4542c4a471,2024-06-01,2,4,2
381f901b-adb5-4cb1-9435-c5c8ae761b44,4f042aeb-d4bf-4632-9633-734d0ef1d9ac,2023-06-01,2,4,3
2d912215-3144-42e3-92ed-2c24f37e0873,4f042aeb-d4bf-4632-9633-734d0ef1d9ac,2023-12-01,4,2,2
563c3273-cab7-49a8-8f2e-a5f1881a8a50,4f042aeb-d4bf-4632-9633-734d0ef1d9ac,2024-06-01,4,3,2
7bb7ba2c-5362-4a76-b56f-28b4f47c45c6,b89faaa1-7b72-44e7-bde1-b0245ed5508f,2023-06-01,4,4,3
71551a32-f8dd-4ff5-b713-ad9a9184cca7,b89faaa1-7b72-44e7-bde1-b0245ed5508f,2023-12-01,2,3,3
0d9f9683-91af-4e31-87be-c389df6f3854,b89faaa1-7b72-44e7-bde1-b0245ed5508f,2024-06-01,3,2,2
ec7d2940-5935-4e5f-9768-1aef3990f926,70770191-22c8-4a63-8fdf-fdcc07142c64,2023-06-01,3,4,2
a287e129-4b1f-4143-b354-0ca5df1a2493,70770191-22c8-4a63-8fdf-fdcc07142c64,2023-12-01,4,2,3
bfd5b41c-3b72-40e3-bab6-368f2b55c532,70770191-22c8-4a63-8fdf-fdcc07142c64,2024-06-01,4,2,3
f52475f8-63a6-483b-80a6-ffbe17d7a6c8,6dfa1518-ba35-4d00-b8dc-6ab35f0308b2,2024-06-01,3,3,2
92c15385-7cca-4c73-ac63-3b392ee58046,0ada5e68-2a0f-42d6-b418-5445bf5797bf,2023-06-01,3,3,3
82c7d45c-4ca8-45ad-8873-60b8cf6d5abd,0ada5e68-2a0f-42d6-b418-5445bf5797bf,2024-06-01,4,3,3
72d697af-6000-445d-8996-abbbd0a8d97e,cba70765-fcf1-4b0f-9455-a897bf1d5d0a,2023-06-01,3,4,5
0262aaa9-3624-474b-ae45-a94eeebaeea8,cba70765-fcf1-4b0f-9455-a897bf1d5d0a,2023-12-01,3,5,4
bbf04b8d-4649-44d4-8bab-2bcd9883d3fd,cba70765-fcf1-4b0f-9455-a897bf1d5d0a,2024-06-01,3,4,4
315279dd-2743-44fe-8c72-a011a54a6e76,609e6dd4-8064-4640-a50c-9c1426e3556a,2023-06-01,2,2,1
e11e92aa-2243-44e1-a4a8-af2c62761e22,609e6dd4-8064-4640-a50c-9c1426e3556a,2023-12-01,2,1,3
71d13599-e887-45aa-9b83-aa79ff10e523,609e6dd4-8064-4640-a50c-9c1426e3556a,2024-06-01,2,2,1
f8979031-b500-471b-b28b-85eea9d882dc,680b017a-79bf-4bdf-8bbf-aa423bf301c8,2023-06-01,3,3,3
e3f13b77-c9fd-42d0-9fba-fc09cb76b009,680b017a-79bf-4bdf-8bbf-aa423bf301c8,2023-12-01,1,2,1
13d03dd1-c980-47a0-9fa8-de36778b5999,680b017a-79bf-4bdf-8bbf-aa423bf301c8,2024-06-01,3,2,1
3c4def62-5f04-48e4-b127-f5d65d74642e,995faa5e-7f63-4c34-8c39-ebaf70087be2,2023-06-01,2,3,1
9b90d999-d768-4108-a013-a05e675e88cf,995faa5e-7f63-4c34-8c39-ebaf70087be2,2024-06-01,3,2,1
ce9af04a-6f02-4cd6-ac22-2d49ae402144,7987a6d1-8781-42da-8e7c-6474dbd6e103,2023-12-01,3,2,2
fac42de8-6fb1-4bc9-a937-cb493a77672a,7987a6d1-8781-42da-8e7c-6474dbd6e103,2024-06-01,2,3,2
8ad4e3a3-11d8-4fd0-8019-a3856da79909,98f31d03-88e7-448f-93a0-7459d7df8af6,2023-06-01,3,4,2
c5765c65-06aa-47cf-b3e3-870d7bec57e8,98f31d03-88e7-448f-93a0-7459d7df8af6,2023-12-01,2,4,1
84317828-33af-4b53-bb33-a00e24afea61,98f31d03-88e7-448f-93a0-7459d7df8af6,2024-06-01,2,2,1
6c50f31b-b162-468f-9021-1619cca03663,7ce07a62-407d-4ef6-b458-05accc1a818f,2023-06-01,2,3,1
89a4ad06-7c0e-41b7-a8aa-abf273f39c11,7ce07a62-407d-4ef6-b458-05accc1a818f,2023-12-01,3,4,4
e7c42044-9dcd-46fa-adee-2c7b134f9f0b,7ce07a62-407d-4ef6-b458-05accc1a818f,2024-06-01,2,2,4
d0de66a4-44b4-4166-9cb9-9d433c45fd4c,9eafdd9d-f0c3-4816-aec6-63b4f104b0b2,2023-06-01,2,2,1
4d36e153-9fce-41ac-a2ee-ec8233df9f94,9eafdd9d-f0c3-4816-aec6-63b4f104b0b2,2024-06-01,3,4,4
7a3c8a8d-f365-4832-aa38-202548851ac6,1500cb23-4c46-48cd-a3fc-1a5796c6907d,2023-06-01,2,3,3
dd8a3c72-ca62-4ee8-ba15-20ca49fc2de0,1500cb23-4c46-48cd-a3fc-1a5796c6907d,2023-12-01,1,3,3
bf90b7d5-351f-4c77-bce1-c03d6eb8f7b6,1500cb23-4c46-48cd-a3fc-1a5796c6907d,2024-06-01,1,3,1
3b48f691-76ac-415a-a59e-0a34d55d21c1,ece035f9-2ae4-4f21-9914-d80f7aaad2e4,2023-06-01,3,5,5
baba80be-dac2-45ea-9c17-cf08b086e2ff,ece035f9-2ae4-4f21-9914-d80f7aaad2e4,2023-12-01,5,5,3
6ef43016-0ff7-417d-83b4-bbfb5e9c6592,ece035f9-2ae4-4f21-9914-d80f7aaad2e4,2024-06-01,3,3,5
d229bed8-7227-4a35-8286-3f6567f929a1,10653388-f954-42c6-a7ef-8fc995eb15a9,2023-06-01,3,3,3
e5125a33-ac0d-4989-9392-74e984d30e1a,10653388-f954-42c6-a7ef-8fc995eb15a9,2023-12-01,4,3,3
18cd3f6e-46bb-4ee7-b5da-ee5b407685f8,10653388-f954-42c6-a7ef-8fc995eb15a9,2024-06-01,2,4,3
2664959e-6fae-4537-846b-a424fd04defd,1b04417b-7bed-45a8-a80c-b499773e93f6,2023-06-01,2,3,2
90a59c09-ff7c-48af-9225-41c51a363823,1b04417b-7bed-45a8-a80c-b499773e93f6,2023-12-01,3,1,1
6806798c-6181-46bc-b5a1-d90a70e9e5bb,1b04417b-7bed-45a8-a80c-b499773e93f6,2024-06-01,3,2,1
7eafa3a6-b74a-4fe7-9c78-5656c57cdece,1b7e1fa2-f087-4df2-a8c4-d3d35c3cf16c,2023-12-01,2,2,3
43304fd1-6e0c-4427-9c31-baaf9ed742a1,1b7e1fa2-f087-4df2-a8c4-d3d35c3cf16c,2024-06-01,2,1,1
8a302a0a-70ca-4293-b362-58a45d966b88,7102d329-3428-4c69-b9db-7ba8832be7d7,2023-06-01,3,3,4
97a1d723-6b1c-47dd-9fd8-f02305290eed,7102d329-3428-4c69-b9db-7ba8832be7d7,2023-12-01,4,5,5
12fa1582-1d11-4b98-af04-e0c14797eae1,7102d329-3428-4c69-b9db-7ba8832be7d7,2024-06-01,3,4,3
a5b8523d-a264-49f0-b2c4-8430b7937cfe,9222b7d7-411c-4450-9f57-77ad8b63e395,2023-06-01,2,4,2
8c569fe0-88e6-4cec-bcfa-6bdcdc8de19b,9222b7d7-411c-4450-9f57-77ad8b63e395,2023-12-01,3,4,3
3065eef9-5b3d-4ad1-bca3-2e4eb4453efe,9222b7d7-411c-4450-9f57-77ad8b63e395,2024-06-01,3,2,4
8f803e48-7818-46a3-afe1-37c23004b4a3,5998cc34-cf42-417a-a0c4-6956acab7914,2023-06-01,3,3,1
0072f86d-cb78-4eb5-9ef1-fc3a9f803de1,5998cc34-cf42-417a-a0c4-6956acab7914,2023-12-01,1,3,1
83bafa49-e1cc-487e-bd06-da86cfca94bd,5998cc34-cf42-417a-a0c4-6956acab7914,2024-06-01,3,1,1
78d9313e-be0c-4626-bac6-5d0d28ab3856,83c009a7-fe47-4ae0-9834-6870ad55dec2,2023-06-01,2,3,4
7865148c-d31d-4134-b42c-cca2252b5b98,83c009a7-fe47-4ae0-9834-6870ad55dec2,2023-12-01,2,3,3
6710fb6a-6932-41f3-b745-9cdd7a0e975e,83c009a7-fe47-4ae0-9834-6870ad55dec2,2024-06-01,3,4,2
c0f77398-4ea8-421b-8102-9af97293e941,77b4dc15-f2d6-42db-987b-cc5541016cd6,2024-06-01,1,1,3
af4f2889-7038-47b1-8b8d-75c7c3de2ff6,49fa6261-6c8b-43bc-8b46-026d9e34dab3,2023-06-01,2,2,3
972feaf5-baca-4d01-9d16-6c22c1f712a8,49fa6261-6c8b-43bc-8b46-026d9e34dab3,2023-12-01,2,2,1
cc71ada0-6ce5-43c7-ae9f-beae920d5804,49fa6261-6c8b-43bc-8b46-026d9e34dab3,2024-06-01,2,2,1
c839baca-e1cd-4483-9b99-96b1f11147f6,bc94a55c-d734-4028-9576-51c5729dc967,2023-06-01,3,2,3
d8012441-8bea-4a1b-84db-a4488686e241,bc94a55c-d734-4028-9576-51c5729dc967,2023-12-01,2,4,3
5932f363-8a28-49c5-a3b4-a13f20300489,bc94a55c-d734-4028-9576-51c5729dc967,2024-06-01,4,2,4
ac464957-c135-43b9-8405-c9ebf250f0ea,5024cb83-b861-469a-ba3e-170777c0fb68,2023-06-01,4,2,4
be6b0b4e-38bc-4aab-ba85-df57dad5b001,5024cb83-b861-469a-ba3e-170777c0fb68,2023-12-01,4,3,4
767d2093-ad13-481b-82ca-718d5274bbeb,5024cb83-b861-469a-ba3e-170777c0fb68,2024-06-01,3,3,3
5b981594-eb08-4da8-b7c4-d80935588a80,554ad7fa-5860-44f9-936d-88543f20d497,2023-06-01,3,3,4
0af1d820-9a10-4ca3-9356-4f0f119f0814,554ad7fa-5860-44f9-936d-88543f20d497,2023-12-01,4,2,2
0d2af81d-56ea-4344-b597-2a0b2708d8ed,554ad7fa-5860-44f9-936d-88543f20d497,2024-06-01,3,3,2
75ef26e8-89ff-4bd0-8488-e2fd59fea103,8413f6a1-c5d3-4aff-b6dd-c47dc684aa2b,2023-06-01,3,3,1
3704e16f-4697-4a88-aaab-c69fc1d2ed0e,8413f6a1-c5d3-4aff-b6dd-c47dc684aa2b,2023-12-01,3,2,2
2af0d129-58c7-4db4-8cfb-4d9d90c6f9ee,8413f6a1-c5d3-4aff-b6dd-c47dc684aa2b,2024-06-01,2,4,1
7be1a9ec-0c25-4167-a453-e63f3da8d0b0,b5b414ac-2f4b-4568-97f3-ada752747836,2023-06-01,3,4,2
286db5f9-c916-4225-9013-1ad401c67158,b5b414ac-2f4b-4568-97f3-ada752747836,2023-12-01,2,3,3
173f986c-af1b-4826-92ec-8148e716b170,b5b414ac-2f4b-4568-97f3-ada752747836,2024-06-01,2,2,4
32856330-51b8-4ff5-9cf0-6ab57718421c,003eaf72-a659-4fc9-b389-92e8dde85a9f,2023-06-01,5,3,5
c56af386-640a-43ac-9ad1-4bdd661f97a4,003eaf72-a659-4fc9-b389-92e8dde85a9f,2023-12-01,3,3,3
39de8907-fd42-406b-8031-23e1c7e27de8,6d5a2659-b9d1-48a9-98bd-c6d1f05552e4,2023-06-01,3,4,4
2375c0b7-566a-4d74-8330-d0a72146021d,6d5a2659-b9d1-48a9-98bd-c6d1f05552e4,2023-12-01,2,2,4
90de76a2-90ef-4a67-b59c-6b13334236d5,6d5a2659-b9d1-48a9-98bd-c6d1f05552e4,2024-06-01,3,4,2
0fecd511-6516-4cc1-9fc9-6f40579d989d,f86c3d5c-37a9-41d1-b606-0be37a529594,2023-12-01,3,2,2
2cc4827a-9425-4917-9c35-f2240da90384,f86c3d5c-37a9-41d1-b606-0be37a529594,2024-06-01,2,4,3
4b730e96-566d-48ba-8b26-c9998d1467c9,7d552d0e-d6ab-42af-9d86-bace0c61ef75,2023-12-01,3,4,3
64e448b1-d879-49fe-9ed7-f2b42a61ff8d,7d552d0e-d6ab-42af-9d86-bace0c61ef75,2024-06-01,4,5,2
cd9804ff-d886-4004-a047-e7d963f8fad1,edda6399-9c98-4213-9aab-e80339958da9,2023-06-01,3,4,3
c247acea-33aa-4cb3-a4e6-ef51ed3f4712,edda6399-9c98-4213-9aab-e80339958da9,2023-12-01,2,2,4
a3444579-27e9-4fa6-8d64-b899a15062ac,49a8b877-3368-4732-9738-81bce46d9be8,2023-06-01,3,4,3
2aa948f2-1b5e-4238-a216-fba23a666cfc,49a8b877-3368-4732-9738-81bce46d9be8,2023-12-01,3,3,2
9c20c345-f921-413a-9239-a91bc6af5c2e,49a8b877-3368-4732-9738-81bce46d9be8,2024-06-01,3,4,4
908d6fdd-b6b2-47f0-bd89-15f846d74d28,a79bee6a-8ede-4066-b664-303330f21182,2024-06-01,4,2,3
00cf2491-7e12-457b-83ea-bdcc897ff5c8,7e6c9a3b-53a2-4019-8404-99984ca30189,2023-06-01,4,3,3
eca734c5-91f1-45b5-8189-60028b5e6ff6,7e6c9a3b-53a2-4019-8404-99984ca30189,2023-12-01,2,3,2
0dc31f8c-ca75-4668-a4bb-e5347ffa0549,7e6c9a3b-53a2-4019-8404-99984ca30189,2024-06-01,4,4,3
d82c5c87-46ad-4122-bd5c-e0c2d1c95bb3,01123f95-8d85-41a4-acfb-070a8814c836,2023-06-01,4,4,1
e4eb8e64-4af2-4c5b-98a3-4fa7bddbf8a8,01123f95-8d85-41a4-acfb-070a8814c836,2023-12-01,4,4,4
e6f2c000-b14a-4112-9c67-ae4ae5a66ef2,01123f95-8d85-41a4-acfb-070a8814c836,2024-06-01,3,3,1
81240aa8-b452-48a5-af86-cb94f6e5ca47,d3747db9-45c5-4472-bb41-900a15f67849,2023-06-01,3,3,1
bd3ed085-a208-4a0a-99d3-c9c67415b168,d3747db9-45c5-4472-bb41-900a15f67849,2023-12-01,3,2,4
912f80e5-4e78-4fd3-97ca-cd114cea1e43,d3747db9-45c5-4472-bb41-900a15f67849,2024-06-01,4,3,3
f28f3f43-7e40-4842-9586-3dee46e6d9a5,1dc9dbe9-1497-4b4b-81f3-63eeeb2c460a,2023-06-01,1,2,3
b917e087-7f7e-458b-bc97-b749c9329fdb,1dc9dbe9-1497-4b4b-81f3-63eeeb2c460a,2024-06-01,2,2,1
46ecfa28-fb77-4ffd-a8e0-253bc48c645b,6dc1e9b2-969b-4c0f-a6b9-0023ebc43acb,2023-06-01,4,3,2
23f0b3c2-da37-4969-bb6f-8699f46b65af,6dc1e9b2-969b-4c0f-a6b9-0023ebc43acb,2023-12-01,2,2,1
f448463c-2400-4c5a-b955-5d3827ec0310,6dc1e9b2-969b-4c0f-a6b9-0023ebc43acb,2024-06-01,4,4,1
6405b3de-fdb5-4878-8fda-360ce62f4106,1f9e1390-dced-4d42-b7a3-a0a40d967b28,2023-06-01,2,2,2
4f808d9e-89dd-444e-a9eb-30a90236d1e7,1f9e1390-dced-4d42-b7a3-a0a40d967b28,2023-12-01,4,3,3
a085f96b-738a-41f7-beef-fdd457a4822b,1f9e1390-dced-4d42-b7a3-a0a40d967b28,2024-06-01,2,2,1
206eceea-7498-43ff-a8c4-686f8215e640,6735cd62-b3e5-4045-b4bb-cfa4164374b6,2023-06-01,4,3,3
92bc93a1-f61b-4035-b767-7eb42fcfd6da,6735cd62-b3e5-4045-b4bb-cfa4164374b6,2024-06-01,5,3,5
cf8d3327-af3b-4ee8-8c2f-8786197b45ac,f3c72ba4-6fcf-48b3-8212-246922d9c619,2023-06-01,4,2,4
a6897782-862d-4bca-a382-643fd0bb87ab,f3c72ba4-6fcf-48b3-8212-246922d9c619,2023-12-01,4,3,4
73e9e7df-8fd8-46fb-8da2-92aed202747e,f3c72ba4-6fcf-48b3-8212-246922d9c619,2024-06-01,4,4,3
d6e84afd-48f8-47b5-8c93-bef8f10ce9e6,e2d50d9d-5ed1-446a-8ea6-1cd8e33f9193,2023-12-01,4,2,4
25abfa2a-e9d4-40c5-a6a4-8c57a050ad05,e2d50d9d-5ed1-446a-8ea6-1cd8e33f9193,2024-06-01,2,3,4
91bf8712-a720-42dd-91a9-6f7981fa2a37,3aa93b12-0122-4edc-957b-eaa8806e822a,2023-06-01,2,4,2
8bb3eb1e-6f12-42e4-afa6-e2998cd97d00,3aa93b12-0122-4edc-957b-eaa8806e822a,2023-12-01,4,3,2
a3f773cf-7605-4321-b7f5-2125fa301288,a066cab2-ebf5-4658-93a3-703cf020b9aa,2023-06-01,4,4,4
47dbca04-69b4-44fc-9d65-79be93a3dbc5,a066cab2-ebf5-4658-93a3-703cf020b9aa,2024-06-01,4,3,2
30a9e8d2-18bb-4856-a2e3-29a7d425dede,0aedbe9c-bc9e-4999-9941-f73029adf29f,2023-12-01,3,2,2
0cde1019-2467-4706-bc69-d73663e77c46,0aedbe9c-bc9e-4999-9941-f73029adf29f,2024-06-01,3,2,2
3a57559a-5be9-47ae-9bcd-db1f81f676a2,e3758f62-2cfc-4243-9714-9222053ec7c2,2023-06-01,4,2,3
38e45cdd-81d6-4d96-a49a-0cfd2ced3992,e3758f62-2cfc-4243-9714-9222053ec7c2,2023-12-01,2,4,4
b499b9d5-17e9-4fbd-a3f9-2019d197a7ad,e3758f62-2cfc-4243-9714-9222053ec7c2,2024-06-01,4,4,3
dccadbcb-2c49-4c36-805c-0fad4b67dd4b,eaa2e107-2656-4e8d-974c-b1f90ba4717e,2023-06-01,4,5,4
5829d102-6fee-4287-9bcd-4fe707722c91,eaa2e107-2656-4e8d-974c-b1f90ba4717e,2023-12-01,4,5,4
4cdd9a60-41f5-4528-be1e-9aaf5938b153,eaa2e107-2656-4e8d-974c-b1f90ba4717e,2024-06-01,4,5,2
45b5ca2c-48d4-4508-b516-2dbbd058230b,e782b7f2-341a-400a-afef-5b7f5bc5a94f,2023-06-01,4,4,1
32a00258-453f-4a49-8358-52e8e351c9ae,e782b7f2-341a-400a-afef-5b7f5bc5a94f,2023-12-01,3,3,2
07221539-a5a9-4c72-b83d-f1d0126064cb,e782b7f2-341a-400a-afef-5b7f5bc5a94f,2024-06-01,4,2,3
9e4f7adf-f7b1-4888-bc4f-7e9a07a2f3ca,f7dacb0c-5cf8-443c-92e4-9db3743b1aab,2023-06-01,4,4,4
4b16e451-f204-43d1-9cce-a8b97d233589,f7dacb0c-5cf8-443c-92e4-9db3743b1aab,2023-12-01,3,2,4
2853d09d-077a-42f5-b509-d9ef6ff4cae8,f7dacb0c-5cf8-443c-92e4-9db3743b1aab,2024-06-01,2,3,2
