FeedbackID,EmployeeID,Date,FeedbackText,Sentiment
6d3e98eb-aab2-4060-829f-a72eb45f8a9b,d85264b7-130e-4f14-970d-b80f9f87f4c4,2024-04-02,"Great team environment, love working here.",Positive
ad6dcff9-dcd6-4b22-94f8-ce50917c53ce,d85264b7-130e-4f14-970d-b80f9f87f4c4,2025-07-02,The benefits package is competitive but could improve on health coverage.,Neutral
c29102a9-6b53-4c7f-be67-f47e530e5885,d85264b7-130e-4f14-970d-b80f9f87f4c4,2025-07-11,The current management style is very supportive.,Positive
bec47742-66c6-4945-b977-efd54a92adb7,0756f919-39b6-4378-a8b0-33707bc84ccf,2025-04-05,The benefits package is competitive but could improve on health coverage.,Neutral
f5b90be2-3af7-4765-94ec-9c3ccfe1a795,0756f919-39b6-4378-a8b0-33707bc84ccf,2025-08-11,"Great team environment, love working here.",Positive
b888e851-f85f-41dc-a58a-3704291fe905,41fe4ef1-e753-4584-83eb-8d980c5e1e82,2023-10-11,We need better tools to handle the increased workload.,Negative
d82b7db0-27c8-4455-ac6d-a4135c42c355,0d205fb6-4ff1-4243-8a06-e774efadaa12,2026-07-24,I feel overlooked for promotions despite my hard work.,Negative
be78bdf7-0d29-426d-9601-93cc02b998ae,0d205fb6-4ff1-4243-8a06-e774efadaa12,2026-07-25,I feel that I need more challenging projects to grow.,Neutral
614cc287-9da6-49c3-b945-88eedd72e415,7005687a-9bf2-49a1-ada1-97c42963f3ed,2021-02-14,Communication between departments could be improved.,Negative
db14d8ff-a9be-4a20-89c6-ca1196d0e5d0,7005687a-9bf2-49a1-ada1-97c42963f3ed,2025-09-02,The benefits package is competitive but could improve on health coverage.,Neutral
ccd503b3-eb99-4b6a-8ee7-6d52c48cab40,7e265d70-9188-4135-8f84-55b39076442e,2025-12-21,We need better tools to handle the increased workload.,Negative
06bbf944-ff97-4144-aaec-cef88e05d3e3,7e265d70-9188-4135-8f84-55b39076442e,2026-05-16,The benefits package is competitive but could improve on health coverage.,Neutral
79f26b09-6c2c-4e94-a683-bb3442cc1c82,ddf2f671-973b-4de9-afc4-04e64c763b88,2023-08-29,I feel overlooked for promotions despite my hard work.,Negative
61fec6e3-31f3-4c95-9869-20fd78d5e968,5ca802ef-bd45-459e-8fb9-c2b0ce1e03cc,2018-03-23,I feel that I need more challenging projects to grow.,Neutral
4842782a-65df-43f1-9de3-bab407fa64c4,5ca802ef-bd45-459e-8fb9-c2b0ce1e03cc,2024-01-30,"Great team environment, love working here.",Positive
020e1168-8458-4ea9-9db9-d0b9d538a3cd,8565ea1d-4f56-4a49-b00a-1ff7618021be,2026-05-18,"Great team environment, love working here.",Positive
f3422c74-69d0-4179-a956-00150cc05cb3,8565ea1d-4f56-4a49-b00a-1ff7618021be,2026-05-27,We need better tools to handle the increased workload.,Negative
6a0c41dd-93b8-417f-8373-6d6ec4fb4f5b,8565ea1d-4f56-4a49-b00a-1ff7618021be,2026-05-24,I am very happy with the recent changes in remote work policy.,Positive
11e5b0b4-2a74-4c2b-a49f-3b4878254390,75540a9f-e62c-4345-88b2-726080c8100d,2020-05-11,We need better tools to handle the increased workload.,Negative
d6ab4950-d4ab-4170-a2d4-a29dbcfd020f,75540a9f-e62c-4345-88b2-726080c8100d,2019-07-12,I am very happy with the recent changes in remote work policy.,Positive
0a104d7a-a712-45f0-9641-155ef18d7d8a,75540a9f-e62c-4345-88b2-726080c8100d,2017-12-09,I appreciate the continuous learning opportunities provided.,Positive
f54d0e5b-8db8-4754-8798-8a6bd3890238,a21c8a2b-18ab-4040-b6ca-9d87668287e2,2026-06-01,I feel that I need more challenging projects to grow.,Neutral
5bb68ecf-da65-4aa1-a21e-8a804f9490eb,a21c8a2b-18ab-4040-b6ca-9d87668287e2,2022-05-17,Sometimes I feel micromanaged by leadership.,Negative
b72e6de0-40db-4a01-a2d3-6ca1b79c0635,a21c8a2b-18ab-4040-b6ca-9d87668287e2,2025-03-02,I feel that I need more challenging projects to grow.,Neutral
e6a2ad9f-2e20-4893-b900-b06281e645ef,f29a8f01-0ea3-45f6-a563-5ab88bd21740,2026-07-22,The benefits package is competitive but could improve on health coverage.,Neutral
906ef978-362b-43be-acd1-100cdb962868,0dc34f7f-1c7f-4008-9b7a-8c416421e4fa,2016-12-15,The current management style is very supportive.,Positive
cf20f8b0-3ec1-464f-8d76-59615f310cca,8763f813-0fd1-448e-ae96-bd0f6be5d249,2020-12-18,The current management style is very supportive.,Positive
db774c28-e736-45f8-adfc-0bb293e8b37f,8763f813-0fd1-448e-ae96-bd0f6be5d249,2020-11-15,I appreciate the continuous learning opportunities provided.,Positive
16ced102-a83b-47b2-9032-33ac6992346a,8763f813-0fd1-448e-ae96-bd0f6be5d249,2022-05-18,I appreciate the continuous learning opportunities provided.,Positive
cbc530e2-bf88-42a1-9238-66e28b376693,526dd8a4-62c4-44d0-8e3b-c6005383a6e8,2025-09-11,"Great team environment, love working here.",Positive
1368a4b6-13e1-4877-96a7-9d485361d464,0a372f95-d7ee-49d9-a2df-e7ddf82290de,2022-05-21,The current management style is very supportive.,Positive
d920d275-1d78-4d10-a084-e4ccc29fd7b5,630716e5-012e-462e-997f-4bddc29d22c6,2026-03-23,I appreciate the continuous learning opportunities provided.,Positive
47bba070-1edd-4299-ab53-01e91894eb48,630716e5-012e-462e-997f-4bddc29d22c6,2023-05-05,I feel overlooked for promotions despite my hard work.,Negative
2dc19277-50ac-4d10-9e3d-b14e8dd1e306,630716e5-012e-462e-997f-4bddc29d22c6,2023-07-14,I feel overlooked for promotions despite my hard work.,Negative
1bb6cd26-9608-439e-b904-80e606fafcb0,543b70df-c750-4d2d-8b42-9ad31bebe5d1,2026-02-28,We need better tools to handle the increased workload.,Negative
4d29614b-fe7e-414d-9b6f-9758ea7230eb,543b70df-c750-4d2d-8b42-9ad31bebe5d1,2026-05-19,I appreciate the continuous learning opportunities provided.,Positive
59373858-bf0f-4959-9e4e-6f59f7bf4ec8,8a6cb659-c889-4932-ba72-818cd81574f2,2025-03-04,I feel overlooked for promotions despite my hard work.,Negative
f104e21d-27da-4109-842f-ed321782301d,8a6cb659-c889-4932-ba72-818cd81574f2,2025-10-02,Communication between departments could be improved.,Negative
7c9f2b0f-fa64-47c8-9b2a-b70fc99ada0b,8a6cb659-c889-4932-ba72-818cd81574f2,2023-10-14,The current management style is very supportive.,Positive
6efb5dfa-00f5-48d6-b963-ead23e0e60b8,74376a27-d9d0-49bf-9c83-bc4ab403c567,2022-11-30,"Great team environment, love working here.",Positive
7817f39b-4252-4aec-a2d0-095c00488bca,74376a27-d9d0-49bf-9c83-bc4ab403c567,2025-01-09,I am very happy with the recent changes in remote work policy.,Positive
3e2c47f3-0898-426e-94b1-541d31b63c57,74376a27-d9d0-49bf-9c83-bc4ab403c567,2025-10-25,We need better tools to handle the increased workload.,Negative
531689e6-6abb-45f8-9683-e9ea5034fc01,00c00a8f-b622-4a76-9e00-ce938c614b1d,2022-05-26,"Great team environment, love working here.",Positive
8622ce3c-fbab-4c28-ae13-0ff2859eda97,4433f642-09a1-4035-a78c-a2ccd919d61e,2026-05-16,I am very happy with the recent changes in remote work policy.,Positive
25480916-e06f-4a86-a9dc-c65c9b6052c4,4433f642-09a1-4035-a78c-a2ccd919d61e,2017-02-15,The current management style is very supportive.,Positive
8f521974-472e-4dcb-bc10-264935c0fec8,4433f642-09a1-4035-a78c-a2ccd919d61e,2020-07-06,"Great team environment, love working here.",Positive
249d4a8f-ff4d-4d0c-b23a-6c1206252639,dc9895f6-cdf4-4d24-b2ae-243f43b91385,2021-12-13,I feel overlooked for promotions despite my hard work.,Negative
fc06a1d7-d759-4562-bbf6-356f8fe2ba3e,dc9895f6-cdf4-4d24-b2ae-243f43b91385,2022-01-30,The current management style is very supportive.,Positive
8d85f4c7-1c54-42c8-960a-3dc3255f6cc1,dc9895f6-cdf4-4d24-b2ae-243f43b91385,2025-02-02,The benefits package is competitive but could improve on health coverage.,Neutral
ab28d19e-c11d-47c5-8d8c-cc2de5c89be9,2e30c9a4-5232-45c6-bd48-e95d079c2f48,2025-04-06,I appreciate the continuous learning opportunities provided.,Positive
165f5ef1-485e-4a03-9eef-3872d64368a4,2e30c9a4-5232-45c6-bd48-e95d079c2f48,2025-03-11,The benefits package is competitive but could improve on health coverage.,Neutral
48050558-a7ec-454e-b205-f6796d0d7593,2e30c9a4-5232-45c6-bd48-e95d079c2f48,2024-12-13,Sometimes I feel micromanaged by leadership.,Negative
6f84a348-f00a-45fc-b368-6550de0cb049,0446c1e5-ad03-41bd-ab1f-dfd883f524dc,2026-07-14,I feel that I need more challenging projects to grow.,Neutral
1f5f8b34-e236-4ff6-b1b4-1e1e7aa416e5,0446c1e5-ad03-41bd-ab1f-dfd883f524dc,2026-06-30,I appreciate the continuous learning opportunities provided.,Positive
56d3a470-67f9-4973-910b-06f6ffe73484,0446c1e5-ad03-41bd-ab1f-dfd883f524dc,2026-07-07,"Great team environment, love working here.",Positive
64bbdfce-caee-4a54-969b-22f168ec4796,2c96d918-aa1b-41cb-b9aa-f807ad8d789e,2026-06-27,I am very happy with the recent changes in remote work policy.,Positive
0d5d28b0-c967-47bb-a7e6-8e14c5db17ca,2c96d918-aa1b-41cb-b9aa-f807ad8d789e,2023-12-23,The benefits package is competitive but could improve on health coverage.,Neutral
3a3984fa-f050-4123-b6c7-4be0db108c21,456c7c4e-8d4d-4bfc-bc77-8e985bd62a93,2017-09-27,We need better tools to handle the increased workload.,Negative
97a28e4c-081e-4c2a-828a-a334fa799087,5aa6d796-b898-4b8b-8db4-92f492653467,2019-12-30,"Great team environment, love working here.",Positive
63221067-5721-456e-a04f-0ff7f7d479e9,5aa6d796-b898-4b8b-8db4-92f492653467,2021-08-29,Sometimes I feel micromanaged by leadership.,Negative
17f6d70c-447c-423a-bac4-e673481c8732,da753927-de44-4e0d-9307-126a419b2d50,2025-11-06,I appreciate the continuous learning opportunities provided.,Positive
c2c917b8-3174-47c2-935b-cd384ecce553,da753927-de44-4e0d-9307-126a419b2d50,2019-02-08,Sometimes I feel micromanaged by leadership.,Negative
c2f7bbb7-a563-4e6d-9042-7da3d526ebd8,da753927-de44-4e0d-9307-126a419b2d50,2021-04-30,I feel overlooked for promotions despite my hard work.,Negative
97ade1c7-53b4-4d45-a5a6-bdd22d934782,5ddbdf87-d237-4781-919f-4f16173784ea,2019-04-27,The benefits package is competitive but could improve on health coverage.,Neutral
04ffb608-7f08-4b37-8706-f94a82a32e1d,5ddbdf87-d237-4781-919f-4f16173784ea,2025-05-02,Communication between departments could be improved.,Negative
1457810a-f956-4e26-806d-cf8826bbf83c,df8c0789-d679-4bbc-ad61-e54c0aa8945d,2023-09-05,I appreciate the continuous learning opportunities provided.,Positive
b2c7590b-f315-479e-88f6-3c5f12531bf2,df8c0789-d679-4bbc-ad61-e54c0aa8945d,2024-03-27,Sometimes I feel micromanaged by leadership.,Negative
8c84aee4-3658-4848-9616-6892c9cd6234,33cc38fb-8b13-4389-82c8-e22e8e93085d,2023-09-14,The current management style is very supportive.,Positive
9b1d5982-806b-4bcb-881c-2c597a5ef038,33cc38fb-8b13-4389-82c8-e22e8e93085d,2022-08-04,The current management style is very supportive.,Positive
a84e0cda-dc2c-4e8d-8a87-a00d7ab0c963,33cc38fb-8b13-4389-82c8-e22e8e93085d,2025-08-05,I feel that I need more challenging projects to grow.,Neutral
54e6c8b9-e28b-46b0-a9d7-6a7805b6136b,4fa58af1-b9a9-4357-b44e-39101f2b7306,2022-04-29,I am very happy with the recent changes in remote work policy.,Positive
8aaab33b-a589-4ab7-b467-5c8add3868c7,4fa58af1-b9a9-4357-b44e-39101f2b7306,2018-09-24,I feel overlooked for promotions despite my hard work.,Negative
fb42ba6d-b4ea-4b12-9ae7-76315d023d84,85130bdf-9b69-4030-bc14-b7ccf9677cd8,2017-05-24,The current management style is very supportive.,Positive
d28cd0b7-86ea-4a1d-9701-8286c63d279a,85130bdf-9b69-4030-bc14-b7ccf9677cd8,2018-04-26,Communication between departments could be improved.,Negative
573c827d-4d65-4629-9f03-dd111be1cbc9,b1ba7560-9137-4c27-b0a7-8b9ce2c2eaf9,2024-09-14,"Great team environment, love working here.",Positive
4933bc20-5232-47d7-8a65-718d5301b4d9,b1ba7560-9137-4c27-b0a7-8b9ce2c2eaf9,2024-05-01,I appreciate the continuous learning opportunities provided.,Positive
73528636-76e3-4e16-9a37-4bdc9a74bfe5,3d584bcc-df1a-498e-b5c3-3a353cc6ad8d,2025-10-16,I am very happy with the recent changes in remote work policy.,Positive
07027f97-c840-4bfe-87a3-327389437c0a,3d584bcc-df1a-498e-b5c3-3a353cc6ad8d,2026-06-01,Sometimes I feel micromanaged by leadership.,Negative
ac0b943c-ccb5-4650-b224-25b03c06ea92,8e425a5e-469f-4a68-b63b-007238d79179,2017-04-14,I feel overlooked for promotions despite my hard work.,Negative
f9b9c260-479d-4397-a2ad-d2a9916a70a4,fe370fa3-8228-487f-a9a4-11df92fc4e20,2021-02-25,I feel overlooked for promotions despite my hard work.,Negative
75c22d2a-469b-489e-81d6-c0baab5d2cd0,b7befe44-6ce5-41ec-83b8-20a70ace89b9,2023-10-11,The current management style is very supportive.,Positive
a1fe6398-c9c9-4835-b639-bf10146c9d0c,d4c22a55-0471-4827-8f15-a62d3856bf3b,2024-09-22,I am very happy with the recent changes in remote work policy.,Positive
22ec3a0e-bb94-4955-8e86-7485b4b1ebd9,d4c22a55-0471-4827-8f15-a62d3856bf3b,2025-10-23,I feel overlooked for promotions despite my hard work.,Negative
5402dc7e-4782-446d-9a3a-0fed909bb625,ce8e066d-bf71-4044-8854-fc0328983d5d,2022-01-10,I appreciate the continuous learning opportunities provided.,Positive
501797e4-5108-4a9d-be03-e63c797319ff,ce8e066d-bf71-4044-8854-fc0328983d5d,2019-06-13,The current management style is very supportive.,Positive
1b825f22-0d85-4521-9242-52447d6d5205,ce8e066d-bf71-4044-8854-fc0328983d5d,2024-12-18,Communication between departments could be improved.,Negative
5dd7ba22-f15b-45fd-b457-377d6b57c28f,54c2c80f-93cd-4331-ae33-a7b3e0647f9c,2021-09-23,We need better tools to handle the increased workload.,Negative
25b09a9d-b113-4278-af30-d3636a432867,f5114312-5644-4042-a24c-2a5b968935c5,2021-12-15,I appreciate the continuous learning opportunities provided.,Positive
3219d6d1-da0a-47f9-8a22-e01ad012361b,3e9a5a42-aacf-4a7c-88b6-19fe91ed982a,2023-08-26,I feel that I need more challenging projects to grow.,Neutral
d8309207-5bcb-47b3-8451-e9e34047ac41,77d4a991-fb0f-4b52-97ee-3e209c3e5724,2025-07-07,The current management style is very supportive.,Positive
b979dae7-2209-44d7-9c61-9597a0292880,6425c2d4-04ed-4ba9-a69e-86bb62eb8f87,2026-06-27,I feel that I need more challenging projects to grow.,Neutral
dea139e6-98de-4ef7-be9a-044e09a4a6d4,f555012d-2d12-4013-b51e-ff95bac02786,2023-03-29,"Great team environment, love working here.",Positive
112a879b-e6ef-4ca1-b512-f98482b2bb7a,f555012d-2d12-4013-b51e-ff95bac02786,2024-08-11,The current management style is very supportive.,Positive
f5632aca-e69f-4a07-a733-ba4893c75878,e2adefb3-9e9b-4fdd-9fd0-84c65137702c,2020-10-26,I feel overlooked for promotions despite my hard work.,Negative
d34f4ebc-ae3d-4ff8-8587-2d7c9da7eff2,e2adefb3-9e9b-4fdd-9fd0-84c65137702c,2022-08-01,I feel overlooked for promotions despite my hard work.,Negative
bd30d963-cc95-4abb-b685-c1b5e7932653,08854e92-a5e5-4e86-a8ad-906cd5829ace,2026-04-20,Sometimes I feel micromanaged by leadership.,Negative
4dc241ee-a575-42f5-a47d-3577e0630dc3,08854e92-a5e5-4e86-a8ad-906cd5829ace,2026-06-30,I appreciate the continuous learning opportunities provided.,Positive
c80b2927-88f2-47a3-b935-458859280cfd,08854e92-a5e5-4e86-a8ad-906cd5829ace,2026-05-03,"Great team environment, love working here.",Positive
c02343fd-282f-4480-8c84-1baee16c2bdd,a63b557e-647f-43a0-8b53-468086b5f416,2025-02-01,Communication between departments could be improved.,Negative
00c94c23-ff72-4bc9-b134-64d43fd4b90e,0c15f430-dc2c-4c76-9e9d-7e25235515b7,2025-08-12,We need better tools to handle the increased workload.,Negative
cb9c9389-8894-4b23-94c8-d494f32a644a,0c15f430-dc2c-4c76-9e9d-7e25235515b7,2026-05-13,The benefits package is competitive but could improve on health coverage.,Neutral
678165d2-c705-428a-a7fe-0c0b4b271206,ae90fc59-0ee6-49fb-807c-0107e1cc29c5,2022-03-04,The current management style is very supportive.,Positive
f4e340ac-4dc7-4108-b181-cea2ecfb22f6,e11200db-2e7c-4d81-b313-f677f9bc12cb,2024-04-30,I appreciate the continuous learning opportunities provided.,Positive
d420989e-51ff-468d-ab00-11c92d6f9891,e11200db-2e7c-4d81-b313-f677f9bc12cb,2021-04-14,Communication between departments could be improved.,Negative
39ec71a9-4765-4a89-90c6-f5b14644f7bd,0913d798-c034-495a-9f09-389a1221427b,2026-05-27,I feel overlooked for promotions despite my hard work.,Negative
e9f8dc4f-faac-4514-94fc-cac27f3e8fdf,4e89e578-b3e7-40ec-8190-2daf789ae4ad,2024-10-18,I appreciate the continuous learning opportunities provided.,Positive
c9164ea2-77c2-4f7c-8f72-75b63f67db16,4e89e578-b3e7-40ec-8190-2daf789ae4ad,2024-08-14,The current management style is very supportive.,Positive
32f53abc-f7a1-4704-9a8e-b8421849762c,4e89e578-b3e7-40ec-8190-2daf789ae4ad,2023-08-31,The benefits package is competitive but could improve on health coverage.,Neutral
bd9bd7c2-2073-40f2-8fae-c2e020d9b3cb,9472e625-2d0e-49b3-a9fb-6acb3b03aadb,2026-06-20,Communication between departments could be improved.,Negative
e5710af7-0b47-42a1-b33f-940d56ddaad2,9472e625-2d0e-49b3-a9fb-6acb3b03aadb,2026-05-29,I feel that I need more challenging projects to grow.,Neutral
54bb8084-cfe8-47c1-9c26-c23fa70ab232,4c0e1d10-c487-4981-b91a-71f1dbd78ea4,2020-09-30,"Great team environment, love working here.",Positive
4863d3e1-cd5b-4be7-9ca4-76f8b16e65f2,4c0e1d10-c487-4981-b91a-71f1dbd78ea4,2022-11-15,I feel overlooked for promotions despite my hard work.,Negative
84a5d3b2-8944-4c9b-a12a-c654fbcffb61,640d08fc-ba1c-4286-bd93-ef0805dc477c,2025-10-20,The current management style is very supportive.,Positive
573f9969-620c-4b84-839b-45d0c1483a44,640d08fc-ba1c-4286-bd93-ef0805dc477c,2026-05-05,Sometimes I feel micromanaged by leadership.,Negative
487a2d19-8ff1-48a9-92e7-19bfa511a560,640d08fc-ba1c-4286-bd93-ef0805dc477c,2025-06-09,"Great team environment, love working here.",Positive
2ced5247-507f-43ad-ad67-e493501bd279,2318b5e1-2d30-420b-94ab-a93ba861f50b,2023-09-29,Communication between departments could be improved.,Negative
38db4a5c-4ba0-4e4f-8a2a-913c45cb712d,d5d70af6-3d6e-4a87-9be0-852c21690127,2018-12-29,"Great team environment, love working here.",Positive
1c8531a0-89f5-48d2-a20f-8b6489b095c7,784007a1-78b2-41ca-9cb2-75f3175db8d7,2025-12-19,"Great team environment, love working here.",Positive
d321e647-09e5-4c9b-82ea-11aa747e4b8d,784007a1-78b2-41ca-9cb2-75f3175db8d7,2025-12-29,The current management style is very supportive.,Positive
fe637b12-6dd3-49ad-9087-598ed65c6fec,e497b0c9-088b-4946-9c16-9a85f61900ca,2026-03-15,We need better tools to handle the increased workload.,Negative
da4eb483-b680-414f-b97e-b1f4f20331f6,e497b0c9-088b-4946-9c16-9a85f61900ca,2026-06-10,I feel overlooked for promotions despite my hard work.,Negative
99498092-4d47-4dcd-96a0-9bb200c148ed,85bbda80-b791-4b66-b3af-811cc62f0940,2025-05-09,I feel that I need more challenging projects to grow.,Neutral
81564743-e84c-49a7-be7e-6bfd30513da1,85bbda80-b791-4b66-b3af-811cc62f0940,2025-12-01,The current management style is very supportive.,Positive
b67ab7dc-c727-496b-aa6b-5873b1027cf2,97ea281b-0e5f-4277-975c-af98206928b4,2023-02-11,Communication between departments could be improved.,Negative
680e0d8c-2046-440b-b006-9131ed7f2c1a,97ea281b-0e5f-4277-975c-af98206928b4,2021-07-07,I appreciate the continuous learning opportunities provided.,Positive
688707ac-dc69-4a3c-a784-b7d6b3108f0c,97ea281b-0e5f-4277-975c-af98206928b4,2020-06-04,Communication between departments could be improved.,Negative
9a066f06-4934-43c5-bd35-89aa65c824aa,2c9e6be5-dea5-446d-be0e-1edb469f1e48,2022-12-07,The current management style is very supportive.,Positive
8d8c70e8-7f43-4c6f-af74-2d7d8433fff0,2c9e6be5-dea5-446d-be0e-1edb469f1e48,2020-01-19,I appreciate the continuous learning opportunities provided.,Positive
09403d26-ffac-4f58-862e-d5b5e4429a0a,426200c9-c9bb-4773-84c9-b06ba643f51b,2019-12-05,Communication between departments could be improved.,Negative
e99013c4-d92e-4ae7-8309-e3bc20cb56dc,426200c9-c9bb-4773-84c9-b06ba643f51b,2023-07-20,"Great team environment, love working here.",Positive
dece9719-d7e1-4873-ac4a-46785adf9ea4,55a47447-9d03-4c05-8d19-11a0ba611b34,2025-05-06,Communication between departments could be improved.,Negative
9a752cb9-1dce-47ad-9b54-475de678a7de,55a47447-9d03-4c05-8d19-11a0ba611b34,2025-01-23,We need better tools to handle the increased workload.,Negative
b38ac065-5fbd-4d5a-9812-8e77c0d98475,55a47447-9d03-4c05-8d19-11a0ba611b34,2026-01-31,Sometimes I feel micromanaged by leadership.,Negative
dc48a054-dc7c-4995-8aee-d19ffb8e1823,3fcedc19-8a37-45ec-ae9b-35a2dc139816,2017-10-28,We need better tools to handle the increased workload.,Negative
317c90c3-6a24-4cf5-91d6-f73f73d24a2d,3fcedc19-8a37-45ec-ae9b-35a2dc139816,2020-02-20,Sometimes I feel micromanaged by leadership.,Negative
034f6a30-bb83-4587-bcd2-c1e480eac1ac,994d2720-c8cf-4e93-85ab-0b7516943efc,2026-03-29,We need better tools to handle the increased workload.,Negative
90325165-ae41-48d7-b30b-3845815f0ac3,e0556e08-a460-4d98-a492-74a34a9b2c2d,2025-10-20,I feel overlooked for promotions despite my hard work.,Negative
11628b97-4ce2-4f25-af36-825312545410,bae6e5cc-583b-4a95-9a57-a41fd83ff1b7,2023-02-16,I am very happy with the recent changes in remote work policy.,Positive
13ba0a54-fc75-4d03-82e1-377a23f7abce,bae6e5cc-583b-4a95-9a57-a41fd83ff1b7,2024-03-15,I feel that I need more challenging projects to grow.,Neutral
d36726be-fb6f-4c51-bb41-9b950c37b815,20711a1c-8a89-47ef-8b64-34fca4b8eee1,2026-01-17,I feel overlooked for promotions despite my hard work.,Negative
8b8e82a5-a8ef-4f08-aa82-6632907ba4b4,20711a1c-8a89-47ef-8b64-34fca4b8eee1,2023-08-25,The current management style is very supportive.,Positive
123dd22c-e186-4d67-b91b-01f30d7b15e0,85dec03c-c7a0-4336-815e-58483701c142,2025-12-26,I feel overlooked for promotions despite my hard work.,Negative
503fb65a-6a4b-4b32-8fee-d4c0d5e99dea,61d91000-d0e7-435a-90d2-519fd3d55efc,2024-11-01,I appreciate the continuous learning opportunities provided.,Positive
168505ee-8e1c-49a3-be0d-f4f9e3fb04de,61d91000-d0e7-435a-90d2-519fd3d55efc,2025-06-03,I feel that I need more challenging projects to grow.,Neutral
87ffb7e4-195d-4581-8dd2-c18b11208835,e5f46248-1611-42e2-83e7-260863c29d11,2024-03-13,We need better tools to handle the increased workload.,Negative
6db1cb10-15ac-4bb8-98e4-da40ba1a36c0,e5f46248-1611-42e2-83e7-260863c29d11,2019-07-07,Communication between departments could be improved.,Negative
efc8ae02-85cd-4591-83d4-36e39c5b6a22,f47e37f2-344a-4c01-8134-677e2382f837,2020-06-06,I am very happy with the recent changes in remote work policy.,Positive
b64b1deb-0762-4c1a-92ab-8c60c1d56a93,1dc35fbf-ffe5-4b2a-81ab-3d79afcd6523,2024-12-14,The current management style is very supportive.,Positive
bea60f8f-c604-42bf-8abf-937ace97c5c0,1dc35fbf-ffe5-4b2a-81ab-3d79afcd6523,2024-04-08,The current management style is very supportive.,Positive
d5f7a05c-004a-4bf4-9867-c000ffbd20c5,f8847dac-df05-4392-b46f-a6d07624e493,2025-02-20,I appreciate the continuous learning opportunities provided.,Positive
89bfe408-cdca-4ff7-b6e1-aaedf9c8e869,4806dda9-b0db-4b42-97c9-77e7e81c30eb,2023-01-13,Sometimes I feel micromanaged by leadership.,Negative
29c309f3-f638-4c3c-9795-143df3d3c875,4806dda9-b0db-4b42-97c9-77e7e81c30eb,2020-12-21,The benefits package is competitive but could improve on health coverage.,Neutral
9d948d7c-8adf-4638-870c-c2bce90c42dc,4806dda9-b0db-4b42-97c9-77e7e81c30eb,2025-10-01,Communication between departments could be improved.,Negative
7b71768d-8d64-4aa3-80ff-41235c8f265d,72010f81-b32b-461e-950d-b2d480ee3dee,2017-06-12,I am very happy with the recent changes in remote work policy.,Positive
289d3447-557c-4195-878d-665d0ede4631,72010f81-b32b-461e-950d-b2d480ee3dee,2018-06-20,Sometimes I feel micromanaged by leadership.,Negative
7493a910-0da3-4129-8bbb-e410605b9df1,72010f81-b32b-461e-950d-b2d480ee3dee,2024-10-31,Communication between departments could be improved.,Negative
f34d41fd-58d7-483f-96f5-bfec83484b08,85fc90b8-28c1-45f5-8dba-1d739cdad787,2022-01-10,The benefits package is competitive but could improve on health coverage.,Neutral
aef7fe13-961c-4b3e-83b6-10ee67619e93,85fc90b8-28c1-45f5-8dba-1d739cdad787,2023-03-14,I am very happy with the recent changes in remote work policy.,Positive
7a01521e-51cb-45cc-b6df-40dfc76a5ace,5d5a2fa6-e6b9-4137-93f2-9f6f9cbbe7e1,2025-09-12,Communication between departments could be improved.,Negative
9654c26a-92a5-4f26-8cac-2e048904f0cb,5d5a2fa6-e6b9-4137-93f2-9f6f9cbbe7e1,2025-08-12,We need better tools to handle the increased workload.,Negative
5e400d04-1293-466e-8112-5c64eb397d31,5d5a2fa6-e6b9-4137-93f2-9f6f9cbbe7e1,2024-06-06,I am very happy with the recent changes in remote work policy.,Positive
0855e795-13b5-4d12-993b-120caa5366c8,0ae09915-a0c5-4351-830e-b527edc025cc,2026-06-18,"Great team environment, love working here.",Positive
2fb226fc-9599-461b-8116-976f5188d96b,0ae09915-a0c5-4351-830e-b527edc025cc,2026-02-27,Sometimes I feel micromanaged by leadership.,Negative
34ba80b8-433e-43e0-89dd-1233eee8951b,169011c2-973a-4016-a77c-8fc0cfd01f51,2026-04-25,"Great team environment, love working here.",Positive
8ff0ef82-f826-462f-ac88-89603e050668,169011c2-973a-4016-a77c-8fc0cfd01f51,2024-08-20,I appreciate the continuous learning opportunities provided.,Positive
225807c5-b452-4929-a1f0-8e06f01d4378,169011c2-973a-4016-a77c-8fc0cfd01f51,2025-03-29,Communication between departments could be improved.,Negative
07eb9381-b1a2-4fb9-84ed-a5187efaf1bb,4fcf49a8-35de-4205-b241-f8279c2f3faf,2025-08-03,Communication between departments could be improved.,Negative
7b37e8e4-e9e8-4e83-9bd8-bdd0471ba712,444c8dc3-243a-4f89-af20-f76e15ee9b27,2021-07-14,I feel overlooked for promotions despite my hard work.,Negative
3ce405ec-02a2-4de3-9442-286a676b15f8,4f69890d-c83f-476f-986f-a24897090da3,2021-04-08,The current management style is very supportive.,Positive
48495180-902f-4df2-acfa-418191a9eae8,4f69890d-c83f-476f-986f-a24897090da3,2021-05-30,The benefits package is competitive but could improve on health coverage.,Neutral
bf60c252-ba7c-44de-876e-1185e6b9b0bf,e9962ed3-0fec-4e5c-b8b4-7a7c1b8e1563,2026-05-19,I am very happy with the recent changes in remote work policy.,Positive
ec06dfc6-4411-4170-a4cf-adaa762e527c,e9962ed3-0fec-4e5c-b8b4-7a7c1b8e1563,2022-05-30,I feel overlooked for promotions despite my hard work.,Negative
a8e45347-9ded-480e-b9a4-92d6d1f69f83,e9962ed3-0fec-4e5c-b8b4-7a7c1b8e1563,2023-09-14,I appreciate the continuous learning opportunities provided.,Positive
7c07a031-9b4a-4b23-9ee1-af98b6e2543d,2208fb04-14ae-476c-aa15-b18dd255fc92,2025-12-27,We need better tools to handle the increased workload.,Negative
6f699f47-4f01-4c51-b3ca-f5668ebff717,2208fb04-14ae-476c-aa15-b18dd255fc92,2026-02-02,I feel overlooked for promotions despite my hard work.,Negative
f9f6b36a-1e36-4f40-8240-e8e74b3e9582,2208fb04-14ae-476c-aa15-b18dd255fc92,2026-06-11,The current management style is very supportive.,Positive
6dcebf63-e194-4c38-9c2f-f5e45d77482e,eb4caa37-01ea-4918-9f4b-169245cdd2f6,2024-06-10,The current management style is very supportive.,Positive
6430657e-e0ad-42fd-bdfb-2d788e4a24a8,16b8edea-a30a-4622-a601-e234d13689a5,2025-08-10,I am very happy with the recent changes in remote work policy.,Positive
e288ae84-c509-460d-867d-61a6c2f0d9ab,16b8edea-a30a-4622-a601-e234d13689a5,2025-01-11,I am very happy with the recent changes in remote work policy.,Positive
d6eb1ff7-d88d-48be-837c-cae30a824f9d,16b8edea-a30a-4622-a601-e234d13689a5,2022-01-26,I appreciate the continuous learning opportunities provided.,Positive
6e591eef-8719-4fd6-989a-45852dc1d132,3ff9348d-502c-4be6-bbdd-beaf1cff154f,2024-03-16,I feel that I need more challenging projects to grow.,Neutral
dbfab6fb-ab3e-4453-b0ca-6754d0435d7b,a5a0012a-6435-4a1f-972f-4c7056687a3d,2026-05-27,I am very happy with the recent changes in remote work policy.,Positive
5a413d51-b6f6-4a3a-9ccd-f0ae516538db,a5a0012a-6435-4a1f-972f-4c7056687a3d,2026-07-09,I feel that I need more challenging projects to grow.,Neutral
9f1427a2-faba-4c6b-b721-9b6a9b45725f,a5a0012a-6435-4a1f-972f-4c7056687a3d,2026-01-14,I am very happy with the recent changes in remote work policy.,Positive
894117c3-8b3c-4b96-9d0b-c7995f5ac343,d3451ad7-45e6-47c9-a0c7-31ae286d5c0a,2026-01-11,I feel overlooked for promotions despite my hard work.,Negative
b253a28c-793b-4253-961d-e109410dfd9f,d3451ad7-45e6-47c9-a0c7-31ae286d5c0a,2023-08-10,The benefits package is competitive but could improve on health coverage.,Neutral
0cc14bed-2f73-49e6-8b72-835418d6c4d3,6109afc3-da46-4c6c-85f2-5aa42d228d0f,2024-07-06,I am very happy with the recent changes in remote work policy.,Positive
2a26e2fa-e82c-40f5-8c69-faa482df9299,6109afc3-da46-4c6c-85f2-5aa42d228d0f,2021-08-06,The current management style is very supportive.,Positive
cc186c14-835d-41ce-90ad-2db567bb1090,6109afc3-da46-4c6c-85f2-5aa42d228d0f,2026-02-28,The current management style is very supportive.,Positive
26ab4089-5b21-4c7d-93b2-4e878c9fb023,dd9af298-236b-421c-8e76-ca5bc47d15d1,2024-03-23,I appreciate the continuous learning opportunities provided.,Positive
bd65e22c-86ad-42ff-9456-e5e842abb3fe,dd9af298-236b-421c-8e76-ca5bc47d15d1,2022-08-11,I am very happy with the recent changes in remote work policy.,Positive
28847fdc-06f9-4996-80db-2c63849ff216,dd9af298-236b-421c-8e76-ca5bc47d15d1,2026-02-26,Sometimes I feel micromanaged by leadership.,Negative
19c3e32b-bb67-496c-87d8-758fab7d0fda,d86ccdbc-aa73-4ed2-abab-f102ec26452f,2025-02-28,Communication between departments could be improved.,Negative
beed67a9-9da3-4b3f-8959-09f999072492,09fe69ac-28ad-4d15-a8b8-c4a2763384e6,2021-11-11,I am very happy with the recent changes in remote work policy.,Positive
6bad7372-45ac-45aa-8adf-fc9245390e3a,09fe69ac-28ad-4d15-a8b8-c4a2763384e6,2023-02-19,The current management style is very supportive.,Positive
eb7d9a0d-036c-41a0-835e-ac73183debe3,b81c2d28-3fcb-4616-a31f-55704d4be4b2,2024-04-25,The current management style is very supportive.,Positive
c24fdee4-ebc5-478c-89e8-a1ce86eb5ed3,cc0362ad-98f8-494f-83fe-c88849963c64,2020-09-19,I appreciate the continuous learning opportunities provided.,Positive
88c2a415-e05c-4569-b02a-fb83d959a5b1,eefd2914-bc1a-4583-a177-b3b68b6d8551,2017-05-23,I feel overlooked for promotions despite my hard work.,Negative
393a1dee-d0df-4e11-9b4f-71fc3d93ac93,eefd2914-bc1a-4583-a177-b3b68b6d8551,2024-05-31,Sometimes I feel micromanaged by leadership.,Negative
6dfb53f5-70b3-4784-8325-15cc05292599,5f4665a5-457f-4b7b-b201-ac3bc27a94ae,2024-08-04,The current management style is very supportive.,Positive
5ab8a478-a4de-4023-8441-4192676107d2,5f4665a5-457f-4b7b-b201-ac3bc27a94ae,2021-05-15,The current management style is very supportive.,Positive
639d1012-a74f-4f27-99a1-a458bfbd71e7,5f4665a5-457f-4b7b-b201-ac3bc27a94ae,2024-10-07,I appreciate the continuous learning opportunities provided.,Positive
d0fa78a1-2d3f-4245-af9e-9001e5236244,b510a7ee-0c6d-4b82-a0f1-ed6217ca7e48,2025-09-25,"Great team environment, love working here.",Positive
0dd67607-a47a-4025-9059-e75bf91ed65a,b510a7ee-0c6d-4b82-a0f1-ed6217ca7e48,2024-07-17,Sometimes I feel micromanaged by leadership.,Negative
ab515c09-4ab8-4d3a-a0da-2abfcbe73fe5,26a2ee15-8cff-4ec3-968e-d788cf060515,2021-12-22,I appreciate the continuous learning opportunities provided.,Positive
414ce811-a80e-4a9c-9641-51672365879b,26a2ee15-8cff-4ec3-968e-d788cf060515,2026-05-19,"Great team environment, love working here.",Positive
dd7442ec-2542-49a8-9bf5-061414d239a5,0d65cf78-b7f3-4305-b83c-6f558de40c0a,2021-06-14,I appreciate the continuous learning opportunities provided.,Positive
8edf9ca9-9643-49c6-9736-3dfda4a7b7f2,724ce511-6d59-4b6b-a591-bc9cf8bf5834,2024-03-26,I feel that I need more challenging projects to grow.,Neutral
67dfe746-3b6a-42c2-8663-8198bebbc5b2,724ce511-6d59-4b6b-a591-bc9cf8bf5834,2024-01-19,Sometimes I feel micromanaged by leadership.,Negative
500b586f-a002-4542-b16c-eab35d6098df,90b4ea17-3706-4df1-a43d-a63ce36ec447,2022-11-26,I feel that I need more challenging projects to grow.,Neutral
a12ee05e-0b1c-4620-9c49-4ad5ff1ecfbb,90b4ea17-3706-4df1-a43d-a63ce36ec447,2024-10-14,I am very happy with the recent changes in remote work policy.,Positive
dee08856-9e1b-4c33-a418-ad1ee4dda10c,bd928bef-5104-4ece-a692-aea36ae984e1,2025-09-13,We need better tools to handle the increased workload.,Negative
cf327423-18c5-4d84-9110-c564b8818d4a,bd928bef-5104-4ece-a692-aea36ae984e1,2025-04-06,The benefits package is competitive but could improve on health coverage.,Neutral
9a306cd6-46cb-489f-a5e3-775834097e96,2beb2383-49a5-4e4d-a6b9-063980773f9b,2021-10-26,"Great team environment, love working here.",Positive
c7779496-14c9-489f-8693-1137d45730f9,2beb2383-49a5-4e4d-a6b9-063980773f9b,2015-11-04,Communication between departments could be improved.,Negative
c288a608-e059-43aa-9a52-416c2d07a53a,2beb2383-49a5-4e4d-a6b9-063980773f9b,2025-01-29,The current management style is very supportive.,Positive
b8bd91bc-f1a8-4685-9eb0-9b2f10962c06,7de7e43f-205e-499b-ab07-b25e8c685c35,2022-01-11,I feel that I need more challenging projects to grow.,Neutral
415bf8ea-bcf8-4520-bb54-44a027466460,7de7e43f-205e-499b-ab07-b25e8c685c35,2023-10-13,I am very happy with the recent changes in remote work policy.,Positive
48bc1154-23ef-4aa1-8071-9b056468a990,e94d8713-411f-41cb-8f2f-70e902302d28,2018-05-16,Communication between departments could be improved.,Negative
15442198-588a-4357-9c52-2d731f3d62dd,e94d8713-411f-41cb-8f2f-70e902302d28,2025-02-27,I feel that I need more challenging projects to grow.,Neutral
ba00a9e9-3b39-4947-9c62-92caf79aec75,e94d8713-411f-41cb-8f2f-70e902302d28,2023-11-16,The benefits package is competitive but could improve on health coverage.,Neutral
359ed366-38c2-4402-bd96-3951a24d15c1,60943214-35db-455d-bf10-592be9d56ed0,2022-11-25,"Great team environment, love working here.",Positive
670b6ce3-89eb-4bc9-a703-f27098487f61,60943214-35db-455d-bf10-592be9d56ed0,2024-10-21,I am very happy with the recent changes in remote work policy.,Positive
c3c74449-ae4b-45e8-8a8a-3119ce784c34,60943214-35db-455d-bf10-592be9d56ed0,2022-10-05,Communication between departments could be improved.,Negative
566cbf18-1c61-427d-a544-619fb1739b88,f5bbaa6b-d3c9-4543-a98f-56ade63f89ac,2022-07-20,The current management style is very supportive.,Positive
f61f3c7e-317f-4968-a841-153565a09f56,f5bbaa6b-d3c9-4543-a98f-56ade63f89ac,2026-03-19,The benefits package is competitive but could improve on health coverage.,Neutral
f25ff52d-1410-45cd-bea8-72738e59abb0,f5bbaa6b-d3c9-4543-a98f-56ade63f89ac,2024-03-17,I feel that I need more challenging projects to grow.,Neutral
46002740-f05b-4b1f-9340-c1fddad32ff6,801d6e70-2cc0-4a16-a769-12ee20f01d56,2026-05-07,I appreciate the continuous learning opportunities provided.,Positive
d8a7cae0-8a66-44e6-a4c5-3ca54314b9b6,932339de-a50a-4650-b0f7-f36968bf725b,2021-07-20,The current management style is very supportive.,Positive
7ba3ab28-ff66-4322-93eb-725863d83540,5d569243-9e8e-40cc-8234-652100fb21f4,2018-07-16,Sometimes I feel micromanaged by leadership.,Negative
347bd5c6-15ed-4d15-bd0d-dc2fd67180ba,5d569243-9e8e-40cc-8234-652100fb21f4,2024-02-01,We need better tools to handle the increased workload.,Negative
fd44bac2-55e4-4c57-af72-847047c97162,a555780f-bdd1-4446-983b-16b64b01ddb1,2025-05-15,I feel overlooked for promotions despite my hard work.,Negative
7039529f-b363-4c23-8605-89fff2faad9a,325a1685-4f4b-4f35-8c39-db1c4e13ef64,2020-09-23,Communication between departments could be improved.,Negative
30ee736d-0f7d-40bb-a618-e0e38b558f93,325a1685-4f4b-4f35-8c39-db1c4e13ef64,2024-02-11,Communication between departments could be improved.,Negative
60b27722-4eed-4066-ae4d-8b7ccaa42c73,af9f5f36-c8a1-4796-8061-5e6ec6b27020,2024-09-10,Sometimes I feel micromanaged by leadership.,Negative
897f4f0b-30a8-4a58-bb67-3d6abe3f9ba2,af9f5f36-c8a1-4796-8061-5e6ec6b27020,2024-07-18,The benefits package is competitive but could improve on health coverage.,Neutral
7a7e877e-3b64-47a1-8ac2-4f9daee29b30,025e6795-7477-4e0a-acb2-a3445f7cdeea,2026-04-22,Sometimes I feel micromanaged by leadership.,Negative
c8d01045-f0f8-41f3-83de-a0322cab77e2,025e6795-7477-4e0a-acb2-a3445f7cdeea,2026-07-07,Communication between departments could be improved.,Negative
65023c40-a888-4efd-bafd-89c1858ba16e,5c0dde1d-4315-4c36-9a1e-9bf888dedfe2,2022-06-13,I am very happy with the recent changes in remote work policy.,Positive
75efbbef-de13-4b97-aad5-add572449163,5c0dde1d-4315-4c36-9a1e-9bf888dedfe2,2021-11-03,I feel that I need more challenging projects to grow.,Neutral
afec3ac4-15fb-4957-aebb-9ddf0bdca395,5c0dde1d-4315-4c36-9a1e-9bf888dedfe2,2024-12-31,Communication between departments could be improved.,Negative
9ff45e84-87ce-417a-8b78-faebc01f8bb7,3f96bea4-9550-425b-9510-87ae5a7ea6de,2024-06-02,The current management style is very supportive.,Positive
aabed761-0a99-44ac-b33a-5e0c218102f1,3f96bea4-9550-425b-9510-87ae5a7ea6de,2022-02-08,I appreciate the continuous learning opportunities provided.,Positive
7d453203-c1d7-4c91-9603-ebee9d1a7b22,891da385-8611-4e15-97e3-458e495d7276,2024-06-21,The current management style is very supportive.,Positive
ce2f6310-7949-4a68-b42d-8075267049cc,b51584ab-d762-4045-bb6b-5103a077001d,2024-04-13,The current management style is very supportive.,Positive
7780b19b-6555-4f49-b395-965879d9cb14,b51584ab-d762-4045-bb6b-5103a077001d,2024-06-15,Communication between departments could be improved.,Negative
0f5ebfb6-4f2a-4523-a693-27f373400ef3,afca0a3e-a6d4-441c-9fd3-fc269529a200,2023-01-13,The current management style is very supportive.,Positive
1081542c-d2e1-41e9-bfb5-2f6f38ce978b,a35c2939-9d48-4a98-9ff3-b7eeb0c91455,2022-09-04,Communication between departments could be improved.,Negative
2ca83c16-d6c4-480f-ae50-492ad05a7282,a35c2939-9d48-4a98-9ff3-b7eeb0c91455,2025-05-31,I feel overlooked for promotions despite my hard work.,Negative
22979a44-d415-4c2f-8777-415fd527fe3e,a35c2939-9d48-4a98-9ff3-b7eeb0c91455,2021-11-08,We need better tools to handle the increased workload.,Negative
52fbf52d-8bce-4e56-b763-9efff29dc8ef,153e36d9-359e-4ce6-8d1e-0eb0c798fb3a,2023-08-14,I feel overlooked for promotions despite my hard work.,Negative
9dddf371-b693-4be1-885b-91932a543a6c,153e36d9-359e-4ce6-8d1e-0eb0c798fb3a,2023-09-30,I feel that I need more challenging projects to grow.,Neutral
771b2ce0-6984-4787-80d8-823059eb034e,7db84503-15be-4955-a77c-0223c0473f29,2022-01-18,"Great team environment, love working here.",Positive
60c13730-3d7a-40cd-b09d-ddcde4a3914c,7db84503-15be-4955-a77c-0223c0473f29,2022-06-05,Sometimes I feel micromanaged by leadership.,Negative
0f724b12-8a29-471e-99d7-cb8570566156,7db84503-15be-4955-a77c-0223c0473f29,2026-03-29,The current management style is very supportive.,Positive
5e2adbb0-0202-4554-a383-cf511239524b,7b27d01b-4c72-4a2d-b7e1-21e87ff47c91,2018-01-23,"Great team environment, love working here.",Positive
7104fa41-d372-4f93-96f5-89fa86a52d8c,857c90f7-22ad-4bf5-87d3-60a8c8682ce5,2024-12-07,The benefits package is competitive but could improve on health coverage.,Neutral
35ce2ac4-4b42-43ac-8992-f1e71dd8d651,857c90f7-22ad-4bf5-87d3-60a8c8682ce5,2025-04-03,The benefits package is competitive but could improve on health coverage.,Neutral
e15827ae-5538-4479-9805-e4b4755f5306,164cdecd-f99d-4e0f-b01f-de9cd224a8e7,2026-06-27,"Great team environment, love working here.",Positive
29b426d2-fb1e-4b78-b95d-3c6f28cd2771,164cdecd-f99d-4e0f-b01f-de9cd224a8e7,2025-12-01,I feel that I need more challenging projects to grow.,Neutral
6eda8d59-1bb3-447b-a5f1-d4638ee5d0cf,164cdecd-f99d-4e0f-b01f-de9cd224a8e7,2026-03-12,I feel that I need more challenging projects to grow.,Neutral
a62d6448-61ff-478b-93e2-65de2fe56067,63ea8af5-49bb-4cc2-bd0b-f0db7263ce23,2024-07-06,"Great team environment, love working here.",Positive
ab48c84d-4193-4288-89f4-8d7e6a68b3f4,63ea8af5-49bb-4cc2-bd0b-f0db7263ce23,2022-11-24,I appreciate the continuous learning opportunities provided.,Positive
6284cb68-b04b-466c-9e16-99fd7f470b55,3e2d6ef6-a477-4105-9cbc-0447b18f56b2,2022-05-27,Communication between departments could be improved.,Negative
39a9a01a-ae24-45c6-af95-3adf4395e672,30cbbd22-243e-4f2b-8b80-7eda9664bb1b,2022-07-01,I am very happy with the recent changes in remote work policy.,Positive
8a971ab8-c0ba-451e-912a-fd9cf4adcfb6,35de6050-e5ca-4246-a36d-2ed83ac0b993,2026-02-21,We need better tools to handle the increased workload.,Negative
1d347493-aea8-4e2c-9ce6-681f92271cab,35de6050-e5ca-4246-a36d-2ed83ac0b993,2024-08-27,"Great team environment, love working here.",Positive
eaed0adb-5100-45cf-9cd9-c273e42e8613,aa5ba654-63eb-4b30-9fa0-a9b506664837,2026-01-28,The current management style is very supportive.,Positive
717364d3-e284-4ef9-957a-2a92232a61f0,aa5ba654-63eb-4b30-9fa0-a9b506664837,2023-01-12,I feel that I need more challenging projects to grow.,Neutral
dffdf1c4-7ae1-4aa9-b0fb-711410c57751,b81ac3ac-b77b-4f53-9b27-3be43f27863f,2026-06-04,I appreciate the continuous learning opportunities provided.,Positive
46478eaa-1b52-4fa0-be16-0e26d68dff4c,b81ac3ac-b77b-4f53-9b27-3be43f27863f,2026-03-21,"Great team environment, love working here.",Positive
cc3b9dd2-d77d-434e-a6ae-18b471efbe7f,f5ce14b8-9404-484b-8a8f-6bc3648ce6be,2026-03-23,I feel that I need more challenging projects to grow.,Neutral
6e3888ed-8683-401e-8d55-5c1a9a417a9e,637626c7-75c5-4b6b-85b0-87ef7145c5ba,2026-07-25,"Great team environment, love working here.",Positive
43bd3c90-b7e6-4401-a3d8-fc82e904228b,637626c7-75c5-4b6b-85b0-87ef7145c5ba,2026-06-18,Communication between departments could be improved.,Negative
e4af077b-d2f1-4e17-82ce-5c56f7133e55,0d39f601-db45-4d94-80fc-af9657a7577b,2025-12-06,I feel overlooked for promotions despite my hard work.,Negative
1f1d4072-d878-440d-839b-1c0a9b1646b1,0d39f601-db45-4d94-80fc-af9657a7577b,2025-02-16,I feel overlooked for promotions despite my hard work.,Negative
0d42333e-fdc2-42f9-a3f4-72f5205a72e9,0d39f601-db45-4d94-80fc-af9657a7577b,2026-03-11,I feel that I need more challenging projects to grow.,Neutral
bae6cc8e-4f44-43e6-abed-a9fb327a6dd2,efc679de-95ae-4f43-8723-9cbc533618a5,2025-06-13,Sometimes I feel micromanaged by leadership.,Negative
3fc0ccf6-5fc1-43dd-b0d4-d55a6a3b1a0b,1891210e-5c22-4407-a48c-b15d94eb8d00,2026-06-02,The current management style is very supportive.,Positive
8bd98cf1-589c-42dc-9e53-3e0f8e329032,1891210e-5c22-4407-a48c-b15d94eb8d00,2025-11-30,Sometimes I feel micromanaged by leadership.,Negative
d12ab141-a053-4202-97b7-46c14806bca1,425b5cfb-d10a-495e-ac00-0650023c1d75,2025-09-12,Sometimes I feel micromanaged by leadership.,Negative
e53a6036-45bd-4546-befb-d95a900258fa,425b5cfb-d10a-495e-ac00-0650023c1d75,2025-11-15,"Great team environment, love working here.",Positive
d7ed9261-af9f-41bd-bfc7-d18bd504e637,425b5cfb-d10a-495e-ac00-0650023c1d75,2025-11-01,The benefits package is competitive but could improve on health coverage.,Neutral
dd976cae-b024-47a7-98e0-f2c6360a64d6,9b7f8d5d-d5d6-4c93-b4f8-b70c6b20b7e9,2024-03-16,The current management style is very supportive.,Positive
bf573972-5e18-4afc-8980-2ae9be2090ac,9b7f8d5d-d5d6-4c93-b4f8-b70c6b20b7e9,2025-03-01,I feel overlooked for promotions despite my hard work.,Negative
4b01c903-8591-4757-80bd-841932024a14,13f4f9d1-fdd6-4375-8e84-0394afb4507e,2023-10-12,I feel that I need more challenging projects to grow.,Neutral
ca54e729-a976-42e0-8c77-0ab5c88aa97e,13f4f9d1-fdd6-4375-8e84-0394afb4507e,2021-06-05,Sometimes I feel micromanaged by leadership.,Negative
158c1dfd-61e2-43f1-9e9f-e1bc97bb217d,a8042b6d-b4a1-4a7f-898e-5df959e8e775,2025-10-12,We need better tools to handle the increased workload.,Negative
67e4d640-a460-4ee3-b1be-3e82a4c92ce5,a8042b6d-b4a1-4a7f-898e-5df959e8e775,2026-03-22,I feel that I need more challenging projects to grow.,Neutral
05fbb98b-1a57-4f54-a79f-c6ede048ba65,54b9faeb-4ca8-4631-9d61-6e8f5e6d513d,2022-11-24,We need better tools to handle the increased workload.,Negative
57f4af89-222d-4d1d-85ef-70e38f1f9004,54b9faeb-4ca8-4631-9d61-6e8f5e6d513d,2026-07-13,Communication between departments could be improved.,Negative
8f17cc9b-fa36-4d03-8ebf-ad5ba8c0010c,da2f17b0-9937-4a5e-bf09-5c0687bec253,2025-10-07,I am very happy with the recent changes in remote work policy.,Positive
2e3718fa-4e63-452c-90f4-db2c17bdb563,415b86a1-447e-411f-9904-2570e6e1fdd9,2020-07-08,I feel that I need more challenging projects to grow.,Neutral
d4bfa820-6517-4226-b6c4-773b860ea0cf,415b86a1-447e-411f-9904-2570e6e1fdd9,2017-08-24,I am very happy with the recent changes in remote work policy.,Positive
f71787eb-9756-4bdd-b4b0-82f86e5c7b41,3547a4ae-e653-4fd6-9e4f-db2bce0fb0e3,2017-07-04,I feel that I need more challenging projects to grow.,Neutral
7939a625-ef84-434d-8646-dbac91748bdf,3547a4ae-e653-4fd6-9e4f-db2bce0fb0e3,2025-02-22,Sometimes I feel micromanaged by leadership.,Negative
1e965b61-949e-454b-a302-8a27d0a6c97b,3547a4ae-e653-4fd6-9e4f-db2bce0fb0e3,2019-02-18,I appreciate the continuous learning opportunities provided.,Positive
1e5c5803-8c80-4675-a440-f570a9f9d3eb,728f6baa-c7d5-46b4-9758-7c1f94d5dfd7,2023-05-19,I feel that I need more challenging projects to grow.,Neutral
ad05eafd-8dd3-451a-a48e-95fd6a24805c,728f6baa-c7d5-46b4-9758-7c1f94d5dfd7,2024-10-06,I feel that I need more challenging projects to grow.,Neutral
bdf6da19-da9a-4e99-b0d4-bd14b4567324,935090e5-07f7-4727-9660-e88b2efdc951,2023-07-23,I appreciate the continuous learning opportunities provided.,Positive
4da68262-08f4-4ea1-af97-d36ea6ada055,935090e5-07f7-4727-9660-e88b2efdc951,2020-02-20,I appreciate the continuous learning opportunities provided.,Positive
2635c740-718f-4018-a1c6-087a323468f3,935090e5-07f7-4727-9660-e88b2efdc951,2023-06-08,The current management style is very supportive.,Positive
cb892814-a2ae-4b0a-b611-2b45fbf7279c,85cb7e8e-3649-4503-9bbc-1155e2c07f09,2026-05-09,Communication between departments could be improved.,Negative
9f1b9e41-d414-4582-8ca8-443f0341ea6f,32271daf-d5f7-4f30-9cf6-6df5ff4deada,2026-02-15,We need better tools to handle the increased workload.,Negative
0823605c-f9bd-43b3-8fa9-961ffcced5a9,32271daf-d5f7-4f30-9cf6-6df5ff4deada,2026-06-04,"Great team environment, love working here.",Positive
caedd19a-53ed-458b-a4b0-9d02b43ae887,32271daf-d5f7-4f30-9cf6-6df5ff4deada,2026-05-27,Communication between departments could be improved.,Negative
edc5ca10-6df4-4607-b262-97c63550517e,a0502e0c-c265-49cc-919d-00c24eef8a44,2024-08-08,The benefits package is competitive but could improve on health coverage.,Neutral
f66b5ea7-131c-4e81-bfdd-45cc6df2bb66,a0502e0c-c265-49cc-919d-00c24eef8a44,2025-04-05,The current management style is very supportive.,Positive
affee9bf-b811-4806-8067-55e825a9f7cd,a0502e0c-c265-49cc-919d-00c24eef8a44,2021-11-06,I feel overlooked for promotions despite my hard work.,Negative
dfab8705-6850-4d7a-9189-632b544170ee,f9177c39-864b-4304-9def-d3b29ece49ca,2025-10-09,I appreciate the continuous learning opportunities provided.,Positive
49d5a401-67ea-41d4-88a6-f015926dee44,f9177c39-864b-4304-9def-d3b29ece49ca,2025-09-06,The current management style is very supportive.,Positive
05bc20bb-16ff-45db-81d2-5a8d70b5088e,f9177c39-864b-4304-9def-d3b29ece49ca,2026-06-22,"Great team environment, love working here.",Positive
1de2875f-bbeb-4549-878a-4154465b54aa,7b594bde-977e-43f2-be60-51ca2caef4b4,2022-03-10,The current management style is very supportive.,Positive
aa5cb5da-afa3-46ff-938d-fb340ec421f3,271ae216-7d82-4453-904e-8dd318e4796f,2026-01-13,I am very happy with the recent changes in remote work policy.,Positive
fbbc0a73-f470-4fcb-8242-5533332587d3,271ae216-7d82-4453-904e-8dd318e4796f,2025-09-27,I feel that I need more challenging projects to grow.,Neutral
8a2727d6-0ccb-460d-a838-93ada276dc9f,49716740-f66d-4549-b77e-89d570584fd6,2026-04-29,"Great team environment, love working here.",Positive
313e2ba0-4c23-4495-b43b-880ef8213524,49716740-f66d-4549-b77e-89d570584fd6,2026-03-19,Sometimes I feel micromanaged by leadership.,Negative
a5cf9faf-0c40-4207-abe8-1fdf3e7002cb,49716740-f66d-4549-b77e-89d570584fd6,2026-03-12,I feel that I need more challenging projects to grow.,Neutral
51298166-1ac8-433c-bf0a-3791836d5f40,1ad55a29-8616-4261-9cca-e6bd6967de84,2026-03-24,I feel that I need more challenging projects to grow.,Neutral
ef884073-2ad6-4801-83bd-116b282c0146,eb18e7ee-fc21-4ef2-9c2d-bac4ee8f048c,2025-12-20,I feel that I need more challenging projects to grow.,Neutral
f38cff6a-6f06-4d2c-abca-74becafe9a91,eb18e7ee-fc21-4ef2-9c2d-bac4ee8f048c,2025-10-13,I feel overlooked for promotions despite my hard work.,Negative
ee0282bd-b5b9-497b-bddd-fb5fe50e5a17,eb18e7ee-fc21-4ef2-9c2d-bac4ee8f048c,2026-03-31,We need better tools to handle the increased workload.,Negative
9d3c53da-67da-4726-8cfb-caa32dee4060,17eddfe2-c1b2-410e-8455-1d131ea3cb72,2026-06-18,The current management style is very supportive.,Positive
65638da9-3589-4666-b901-b7b7cb4de808,e476261d-3da3-4da2-b1f8-3700b3e13ab1,2022-11-14,I feel overlooked for promotions despite my hard work.,Negative
5cdee872-ed91-44a7-9dd9-e29adf6ab1d2,e476261d-3da3-4da2-b1f8-3700b3e13ab1,2025-08-23,I am very happy with the recent changes in remote work policy.,Positive
ad2f15e3-1341-46ef-8565-da2f7fb70f26,e476261d-3da3-4da2-b1f8-3700b3e13ab1,2025-05-27,The current management style is very supportive.,Positive
8aed545b-9045-41f3-83af-9f9354cf2c79,21976e6e-b1ab-4b66-ae83-de0b09d5a842,2022-09-09,I feel overlooked for promotions despite my hard work.,Negative
e354b952-1208-4888-bdcd-4725096f0710,21976e6e-b1ab-4b66-ae83-de0b09d5a842,2022-01-24,We need better tools to handle the increased workload.,Negative
1dd8eceb-bd50-4406-841a-ea7aacc57ec0,21976e6e-b1ab-4b66-ae83-de0b09d5a842,2022-10-16,"Great team environment, love working here.",Positive
653626b6-8401-4930-9d63-33ef93140efd,234969bd-aa8c-41bb-a3df-4fa2ceab1f82,2025-03-23,Sometimes I feel micromanaged by leadership.,Negative
5159575a-31ca-472d-ac04-9d1f6b24bf5e,f6443027-37fb-4f01-af99-f67244851ee0,2021-03-25,I appreciate the continuous learning opportunities provided.,Positive
3828d3d6-33db-4dad-aafc-02c389a60bf7,f6443027-37fb-4f01-af99-f67244851ee0,2021-05-09,I appreciate the continuous learning opportunities provided.,Positive
b922174c-488a-4931-a628-2307efe24691,5c9df0de-492b-4c99-90ff-7c13ce595f0a,2026-04-03,I am very happy with the recent changes in remote work policy.,Positive
096a6054-1bf2-4a98-a6cf-43c8777bb4b9,1ac23ea9-6a82-470c-bcdb-d5d44701d985,2023-04-09,We need better tools to handle the increased workload.,Negative
fe154160-085b-485e-995e-5dc3d88a33f6,1ac23ea9-6a82-470c-bcdb-d5d44701d985,2023-11-12,Communication between departments could be improved.,Negative
ca8c53b6-aa8b-4153-a2a8-f41e27f90cec,7ca3060c-d284-4d76-9a58-093a9a57361d,2023-11-13,We need better tools to handle the increased workload.,Negative
8ec6bb94-ca48-494d-9b30-04faff6b66a0,7ca3060c-d284-4d76-9a58-093a9a57361d,2025-11-29,Sometimes I feel micromanaged by leadership.,Negative
0c38df4b-5467-4cd0-8aaf-d5e6e2f5cbe4,d37acc0b-3015-4421-b219-7bb5910c9594,2025-10-23,The current management style is very supportive.,Positive
974a7d2d-73e6-4869-bd28-84b1c6f2e0c9,d37acc0b-3015-4421-b219-7bb5910c9594,2025-08-25,The current management style is very supportive.,Positive
882c1368-566f-44ab-ab06-9d0500de4414,d37acc0b-3015-4421-b219-7bb5910c9594,2024-11-27,I am very happy with the recent changes in remote work policy.,Positive
056e4419-864e-408c-af73-ce885dac285e,d245afd2-806c-4ee9-9cc4-f77f1678924c,2024-11-02,Communication between departments could be improved.,Negative
279e98c3-d926-4889-83a4-cb3ad4c15d48,d245afd2-806c-4ee9-9cc4-f77f1678924c,2026-07-08,We need better tools to handle the increased workload.,Negative
b8426c9f-9d55-4496-8c16-ea7b21c03c85,d245afd2-806c-4ee9-9cc4-f77f1678924c,2026-04-07,"Great team environment, love working here.",Positive
57c48851-68b9-41b3-8305-b7c7f51bf2fb,eca58caf-3448-4cf9-900e-db8379a75fd1,2025-02-07,Communication between departments could be improved.,Negative
4e11114c-e376-4e79-849e-abfd6f3eb1a6,eca58caf-3448-4cf9-900e-db8379a75fd1,2024-06-25,The benefits package is competitive but could improve on health coverage.,Neutral
c0f6ff50-7769-4afe-8dfc-948ed78e3186,b8715a82-94de-4f4a-af75-d5cb80c0d14f,2023-12-14,I feel overlooked for promotions despite my hard work.,Negative
0b6e302a-0122-4ec5-933e-9e25238b2fc8,b8715a82-94de-4f4a-af75-d5cb80c0d14f,2020-04-11,Communication between departments could be improved.,Negative
9e7022e6-ee4f-4579-896a-c2a26d950ef0,77437f99-ce95-4b42-b6c8-273228f5673c,2024-10-17,Sometimes I feel micromanaged by leadership.,Negative
9499c6a0-f167-4e8a-8ed7-2b45654d4c61,77437f99-ce95-4b42-b6c8-273228f5673c,2020-11-15,We need better tools to handle the increased workload.,Negative
3b158e19-1efa-412c-9e6a-e4c17256f097,24a068e8-4de1-4f13-acaf-11d2331376a9,2023-11-28,Sometimes I feel micromanaged by leadership.,Negative
62c009c4-f04e-4e35-9657-459821744fe4,24a068e8-4de1-4f13-acaf-11d2331376a9,2024-09-20,I feel overlooked for promotions despite my hard work.,Negative
c856bf00-5fbd-4221-84f0-bf7cc3498f04,8f3b2d87-6177-4ac6-8b97-d84398b5b24c,2024-01-24,I feel that I need more challenging projects to grow.,Neutral
a7ec0144-b84d-4fef-9b87-66e0d7c74548,8f3b2d87-6177-4ac6-8b97-d84398b5b24c,2026-07-05,I feel overlooked for promotions despite my hard work.,Negative
43f7f0c0-241e-449f-88ae-bf0f802f7305,8e258cd0-909d-4a6f-a31f-63086e0a2324,2025-07-01,The current management style is very supportive.,Positive
94b0cf1f-6b58-45fd-9893-f9e1c302f800,8e258cd0-909d-4a6f-a31f-63086e0a2324,2025-12-05,I appreciate the continuous learning opportunities provided.,Positive
fc29a83e-b7b0-4273-95d7-ca8da0e95104,8e258cd0-909d-4a6f-a31f-63086e0a2324,2026-03-27,Communication between departments could be improved.,Negative
b5c787ef-481d-4495-a23b-9177c0a10cdb,952b9457-0b6c-4f6c-9287-efce386960df,2022-11-12,I appreciate the continuous learning opportunities provided.,Positive
ae336b7b-45eb-4787-a388-57f632dd9cf1,3ee4a8b2-d98d-4bd6-a3a8-fd77f7a6ba53,2025-10-09,The benefits package is competitive but could improve on health coverage.,Neutral
a1d16692-2a47-422a-bb29-8bbe1a4c1750,3ee4a8b2-d98d-4bd6-a3a8-fd77f7a6ba53,2025-02-04,I feel overlooked for promotions despite my hard work.,Negative
6b2db631-24e3-4bd0-8d7c-9e07de11f37e,af2e1f25-de9f-4284-9242-8b49cfc30600,2021-09-12,We need better tools to handle the increased workload.,Negative
39248db4-f2ef-43ca-b9b7-a69213b09f7c,40b505c1-76f6-4580-866a-86a9cb4c44f2,2026-06-27,The current management style is very supportive.,Positive
49a7161f-d01f-43fc-a725-9d33d7fdbef5,40b505c1-76f6-4580-866a-86a9cb4c44f2,2026-06-06,I feel that I need more challenging projects to grow.,Neutral
3ccc5f29-87b5-43de-95e0-8fe2fab44a2a,18567d8c-45d1-4425-bba3-dedc715525de,2022-07-27,I feel that I need more challenging projects to grow.,Neutral
28a52842-0258-4c0f-ad73-e3175f99ab67,18567d8c-45d1-4425-bba3-dedc715525de,2022-01-07,I am very happy with the recent changes in remote work policy.,Positive
c18f5c3d-a2be-4fda-a9fb-27a9ec16aaf8,18567d8c-45d1-4425-bba3-dedc715525de,2022-07-23,Communication between departments could be improved.,Negative
53c0632d-f653-4392-89aa-5b27ccbd685d,d87e98fe-aa7b-4caf-ac65-73b1e6faa18d,2024-12-07,Communication between departments could be improved.,Negative
bf113830-7f04-4d85-bb0d-e7d435a7b98f,54761c7e-f119-4dae-b624-b90ef587a52c,2020-09-15,The benefits package is competitive but could improve on health coverage.,Neutral
5c6a1ed7-2d0f-4d81-9cbf-1dbb1c1f012a,54761c7e-f119-4dae-b624-b90ef587a52c,2023-01-06,I am very happy with the recent changes in remote work policy.,Positive
630d5e84-14c3-43a8-8333-ea1f5fd89b9c,f03ef8f4-23b9-42a0-901e-25cc43656199,2022-12-26,The benefits package is competitive but could improve on health coverage.,Neutral
34c0c7f6-7d9d-4601-a55d-091aed228929,c66f2ed3-51c0-48e5-8f7e-56303b1e7707,2021-10-21,The current management style is very supportive.,Positive
59d51088-e85d-429d-89d9-639283d37062,a6874e01-d7ae-42ce-ab18-c9bc61cb53c4,2026-06-21,The current management style is very supportive.,Positive
05c33530-c75a-4c0d-9148-85ca68f7a7b3,6e4fa479-3872-4c5e-80de-3c020f6b846c,2020-10-07,I appreciate the continuous learning opportunities provided.,Positive
54dd085c-c5eb-434e-8a10-9914d2acc78f,2d3fc1f9-6d11-4754-a511-ed464204f3d3,2026-01-26,The benefits package is competitive but could improve on health coverage.,Neutral
890d0ad9-1438-47f3-858a-8a9281fd8ff6,2d3fc1f9-6d11-4754-a511-ed464204f3d3,2024-07-04,The current management style is very supportive.,Positive
e51d1862-b1f6-4078-b7d0-71d10781f6a8,2d3fc1f9-6d11-4754-a511-ed464204f3d3,2025-10-23,"Great team environment, love working here.",Positive
586573e7-43d1-47a3-a470-04c5337c1b70,0bf9d595-3962-445b-bf0d-10c3f8304888,2025-12-02,Communication between departments could be improved.,Negative
8389ac3c-9d39-45f4-a109-b7b5e2bf30ba,0bf9d595-3962-445b-bf0d-10c3f8304888,2025-01-14,Sometimes I feel micromanaged by leadership.,Negative
9b94751f-45c9-47b7-a06c-8ca679588ea7,0bf9d595-3962-445b-bf0d-10c3f8304888,2021-05-03,"Great team environment, love working here.",Positive
13c13b22-d767-45b5-9b4b-d26182e81a42,0148d784-6c51-4ba7-a2bf-64f8b45296ca,2024-12-03,I feel that I need more challenging projects to grow.,Neutral
1d5cbd7f-d92e-4571-8924-b4e60b5cacfe,0148d784-6c51-4ba7-a2bf-64f8b45296ca,2026-03-22,I appreciate the continuous learning opportunities provided.,Positive
0c511263-0c06-4b0c-8969-37ef34fcdf0a,69f7dbdc-85a9-49e1-af19-6b21f58ecadd,2024-06-17,The current management style is very supportive.,Positive
6c1c1713-f2d4-4f09-bb33-05eb064e30f9,69f7dbdc-85a9-49e1-af19-6b21f58ecadd,2024-06-28,I appreciate the continuous learning opportunities provided.,Positive
aa694ac8-ea9e-4094-9134-1f98e9d3c4ba,77593479-b6b7-4198-9003-56e7d4b7d3fe,2026-03-13,We need better tools to handle the increased workload.,Negative
7b596efc-d742-4df2-bef4-d6180fd76a1c,c7199121-5c2a-4b11-965f-5fabf8946d13,2024-04-18,I appreciate the continuous learning opportunities provided.,Positive
13d089f4-86c0-4988-873c-f1ee359e3e1d,c7199121-5c2a-4b11-965f-5fabf8946d13,2025-06-12,I feel overlooked for promotions despite my hard work.,Negative
659803b9-e5d6-449f-acb9-2d86e2f53d38,c7199121-5c2a-4b11-965f-5fabf8946d13,2025-10-19,I am very happy with the recent changes in remote work policy.,Positive
a3e02907-b0e4-4af6-b3a1-7554660f4584,c5993fae-47fc-4973-8c45-23e5bdec2279,2026-06-06,I am very happy with the recent changes in remote work policy.,Positive
43f0b58c-b62c-40cc-90fc-cd9dd42fe840,c5993fae-47fc-4973-8c45-23e5bdec2279,2025-12-16,Sometimes I feel micromanaged by leadership.,Negative
48bea12f-f325-40b7-b095-dd9c726bca35,f0357589-32ac-4ff4-8c41-0ee9abb697f8,2026-03-02,I feel that I need more challenging projects to grow.,Neutral
9989726e-c584-40f2-9c3e-5a7a5e042652,f0357589-32ac-4ff4-8c41-0ee9abb697f8,2026-05-20,The benefits package is competitive but could improve on health coverage.,Neutral
64b956ba-d611-41c2-b0b6-bd9d0ea1a8b5,f2da5281-5fad-47d8-8c2f-efe51f6cf5ca,2025-04-22,The current management style is very supportive.,Positive
ed36d03b-0f2f-4987-b0d8-59b920cbbfe7,c53b411f-ab6c-409c-a1b3-81ef8f16300a,2026-07-05,We need better tools to handle the increased workload.,Negative
43e930cc-a5ea-4430-a73b-7655cf04b06e,a92888bd-cb8b-4eac-9250-96267efc1074,2026-05-09,I feel overlooked for promotions despite my hard work.,Negative
84cb0b66-f8f1-4ca4-b050-2aac4856fa7b,8e40cca6-bd73-466c-9f22-e98dc94bfdd7,2020-01-05,I feel overlooked for promotions despite my hard work.,Negative
6df8944e-4317-48f7-9f36-61b921b7b86c,8e40cca6-bd73-466c-9f22-e98dc94bfdd7,2026-07-14,The current management style is very supportive.,Positive
456167eb-b8e9-4960-93ff-249aee9c1de7,4341cf20-704d-4ce4-a55a-74994facd575,2025-06-02,Sometimes I feel micromanaged by leadership.,Negative
e4ae7652-83f4-4b02-b3a9-41f2374fc07d,4341cf20-704d-4ce4-a55a-74994facd575,2026-07-12,I appreciate the continuous learning opportunities provided.,Positive
fb4b01f3-08bc-4d35-bcf4-8581c8b055c4,2eea99bf-d836-438f-9415-f47083760572,2019-05-14,Sometimes I feel micromanaged by leadership.,Negative
e5847fde-adcb-4aaf-803e-3f665884c1e7,2eea99bf-d836-438f-9415-f47083760572,2018-04-16,"Great team environment, love working here.",Positive
765ffff1-9287-43a0-8c78-1e0a76e0b700,9579d4d2-81a7-4a16-a5a5-8308e6093578,2026-02-01,The current management style is very supportive.,Positive
1fbe7236-3a0d-4687-af7d-18a2aa345d61,82eb394d-597a-4913-aa41-88b994d6e6dc,2026-01-06,I feel that I need more challenging projects to grow.,Neutral
6b07ac75-eaaa-4b2c-8213-12f7f7126a6d,82eb394d-597a-4913-aa41-88b994d6e6dc,2026-06-23,The benefits package is competitive but could improve on health coverage.,Neutral
1ad1859a-b6cb-46e3-bf23-83467441a66d,82eb394d-597a-4913-aa41-88b994d6e6dc,2024-01-03,The benefits package is competitive but could improve on health coverage.,Neutral
43a24478-7c4b-46ad-896b-565fa4e7b113,49eee6e5-31b2-4db1-b216-ef11af6fd24d,2023-09-25,I appreciate the continuous learning opportunities provided.,Positive
8447b0c3-8700-40f2-8364-6ff3d45f8d69,49eee6e5-31b2-4db1-b216-ef11af6fd24d,2026-04-25,Communication between departments could be improved.,Negative
3e4796aa-15c3-474f-b9d5-619a0bb3023f,49eee6e5-31b2-4db1-b216-ef11af6fd24d,2023-11-02,The benefits package is competitive but could improve on health coverage.,Neutral
0d5dec21-47e6-4054-922d-8a4da0c59e60,3db28425-2102-4e3d-abb1-4d72e07f31e6,2025-10-04,The benefits package is competitive but could improve on health coverage.,Neutral
fc0ef472-8f5e-497a-a9a7-8269e759cf93,3db28425-2102-4e3d-abb1-4d72e07f31e6,2024-12-16,Communication between departments could be improved.,Negative
ecf78200-5beb-48a1-901b-d15790beea1a,bb9f0690-29f1-432c-9a5f-f9074868d077,2026-04-10,I feel overlooked for promotions despite my hard work.,Negative
7a2346cc-b45b-402d-be08-da1755b4dd90,bb9f0690-29f1-432c-9a5f-f9074868d077,2025-10-10,The current management style is very supportive.,Positive
ee2fc8dc-4901-4887-b7f8-d152a4ed56ba,e13f028c-078b-4c9c-b6d4-22e2f83ace50,2023-07-01,I appreciate the continuous learning opportunities provided.,Positive
1cc42d86-7b16-4294-948d-99a4ef2df9d3,e13f028c-078b-4c9c-b6d4-22e2f83ace50,2024-06-30,I am very happy with the recent changes in remote work policy.,Positive
0edfc44b-98ef-4352-a341-3ec6bc33ef94,e13f028c-078b-4c9c-b6d4-22e2f83ace50,2026-06-27,I appreciate the continuous learning opportunities provided.,Positive
cc3590c5-5a4c-4fcf-bba2-8b2213ad1f0d,83e624dc-2f94-4149-9e35-837bf43b232f,2024-07-03,We need better tools to handle the increased workload.,Negative
304cc35f-0dd4-4a5f-8372-5eefcf1f00cd,83e624dc-2f94-4149-9e35-837bf43b232f,2016-09-18,I feel that I need more challenging projects to grow.,Neutral
4b60474e-dd86-4230-b929-0ce6d363e966,816b7233-8e0e-405b-8cd5-19e46bec0da8,2025-02-23,I feel that I need more challenging projects to grow.,Neutral
3f0663e4-8c99-41a6-a91a-5e334000edfa,3331ba84-dbcc-41ed-a54b-3e61970d091b,2024-12-25,The benefits package is competitive but could improve on health coverage.,Neutral
bc8350a1-8a8b-4940-b785-ecfc3962e345,3331ba84-dbcc-41ed-a54b-3e61970d091b,2021-10-11,The benefits package is competitive but could improve on health coverage.,Neutral
cad55721-5d76-44d3-b014-a04db7badb91,ee8a5a47-cfeb-40a2-add7-6523b26c3581,2025-10-24,Sometimes I feel micromanaged by leadership.,Negative
acdb3467-e029-40a4-b3ef-cb7031136635,ee8a5a47-cfeb-40a2-add7-6523b26c3581,2025-10-05,Communication between departments could be improved.,Negative
2bf17dbb-219e-414e-8d6f-966de007728d,ee8a5a47-cfeb-40a2-add7-6523b26c3581,2025-12-16,Communication between departments could be improved.,Negative
236778c2-a47a-4c66-92c2-35f157cf208b,0071ef89-d819-4571-96e2-17beed1d9bd5,2026-03-25,I feel that I need more challenging projects to grow.,Neutral
4f717565-0ef1-4868-93a0-f32eeff9b321,0071ef89-d819-4571-96e2-17beed1d9bd5,2025-03-22,I feel that I need more challenging projects to grow.,Neutral
1b146622-5906-41a5-b0d5-b1dc42968ec6,0071ef89-d819-4571-96e2-17beed1d9bd5,2023-07-05,The benefits package is competitive but could improve on health coverage.,Neutral
41dc086c-ce6f-4426-87c7-4489b618cf05,327e437b-22c7-4b97-a3a4-1d21df695d84,2025-04-27,Communication between departments could be improved.,Negative
7a705614-f9f9-4578-b147-13a13dbdb74e,327e437b-22c7-4b97-a3a4-1d21df695d84,2024-08-22,"Great team environment, love working here.",Positive
891d43c5-5614-4a89-9d11-013f2e91a00e,96b207fa-029a-44f7-8f8e-336fed1721b4,2021-02-20,The current management style is very supportive.,Positive
5bc31844-f99d-4441-bb67-facb3aa15a3e,7d074040-4756-4447-93ce-df56c9922b8b,2022-04-04,Sometimes I feel micromanaged by leadership.,Negative
6902cdc3-7c4e-4455-a7c0-b4628e0a245c,434e954d-95c6-4dcb-bf99-46e4359e0d7f,2024-05-20,Communication between departments could be improved.,Negative
ccffc824-9acf-432d-affe-e6b1ae72b625,434e954d-95c6-4dcb-bf99-46e4359e0d7f,2025-11-17,I feel overlooked for promotions despite my hard work.,Negative
e856241c-e33b-4bad-891a-3428790e2345,434e954d-95c6-4dcb-bf99-46e4359e0d7f,2024-07-23,The benefits package is competitive but could improve on health coverage.,Neutral
0a79f86e-3747-41cc-ad92-8940c0bb3075,4813b970-e9d6-4dc4-abef-6babbaaa2bb9,2025-11-27,We need better tools to handle the increased workload.,Negative
5961188e-bfae-4fbc-9800-4713a46831af,369f09ad-510b-4ba8-af17-f6a21aa7d901,2026-02-07,I feel overlooked for promotions despite my hard work.,Negative
37dc792d-1244-4574-ac6c-3e5309bd7c09,369f09ad-510b-4ba8-af17-f6a21aa7d901,2022-03-25,The current management style is very supportive.,Positive
281f8757-2ab1-40c1-9169-e7ad235ac52b,5bcc7e40-5d55-4ff7-a32d-0e728bb9b5dd,2018-12-31,I feel that I need more challenging projects to grow.,Neutral
c4b2ad24-9827-4b16-b4ec-706cb93b53c3,c359d09e-8161-403e-ad71-639463c4b574,2021-08-16,I feel overlooked for promotions despite my hard work.,Negative
c3757a3d-5788-413a-b556-16ec205e2639,c8b8badb-383a-4d3c-8982-f2399846748e,2026-05-05,I feel that I need more challenging projects to grow.,Neutral
a83a3cd9-723b-47af-ae4e-146f3f9de082,2e066e6b-aa88-442a-9dbd-144500215a83,2025-07-14,The benefits package is competitive but could improve on health coverage.,Neutral
51e2525c-3a8d-4454-ab9c-63ab32627324,2e066e6b-aa88-442a-9dbd-144500215a83,2025-08-09,We need better tools to handle the increased workload.,Negative
efecd17b-0073-4e9d-8435-0017c68caf2f,6762b8a6-1e07-4de5-adc9-f44a8e5b59bc,2025-02-20,I feel that I need more challenging projects to grow.,Neutral
65c50534-41e2-4fa7-b01b-b018e94af7f0,6762b8a6-1e07-4de5-adc9-f44a8e5b59bc,2025-06-24,The current management style is very supportive.,Positive
6491774f-e612-41ec-a45f-fe2f2bd3c821,359d6895-6d02-475a-b47b-6f8fd4394d4a,2026-04-20,Communication between departments could be improved.,Negative
7b30e49c-15d8-48a6-83f2-c4864ae6b1b3,d637552a-0f6e-4801-afe8-e524ca81d2b1,2023-06-02,I am very happy with the recent changes in remote work policy.,Positive
f2277385-d7be-4634-9753-1ed22fb3109a,d637552a-0f6e-4801-afe8-e524ca81d2b1,2022-05-18,Sometimes I feel micromanaged by leadership.,Negative
9d55acdd-9360-4ca4-89b5-419718f0f49f,e2a32eb2-e17c-4638-83a4-e8a248b10c6e,2025-12-30,"Great team environment, love working here.",Positive
105e09ad-5b43-4581-a4db-c63bf778c474,2d7ac0c1-d264-4e06-a863-bc460f270c7e,2026-05-11,The current management style is very supportive.,Positive
76a35a26-5831-41e9-8491-248a027754bb,2d7ac0c1-d264-4e06-a863-bc460f270c7e,2025-01-04,Sometimes I feel micromanaged by leadership.,Negative
e47f4ae9-f7fc-4639-9892-420c3de2f95e,2d7ac0c1-d264-4e06-a863-bc460f270c7e,2024-12-28,I feel that I need more challenging projects to grow.,Neutral
c9a5614a-a433-4faa-a143-d1a733fb5223,54336b59-52db-4720-bc2b-95bf349523e7,2025-05-22,I feel overlooked for promotions despite my hard work.,Negative
02f282d4-0941-4e44-a703-25956bda05c4,54336b59-52db-4720-bc2b-95bf349523e7,2024-11-26,The benefits package is competitive but could improve on health coverage.,Neutral
7d99d039-2626-4461-98bc-8fd8a1c134c5,54336b59-52db-4720-bc2b-95bf349523e7,2025-05-19,I am very happy with the recent changes in remote work policy.,Positive
c9bcc8e7-c53b-4748-82d3-30d44e6ef48e,6612ac8c-b655-4db5-a0c7-4e929c14fd5b,2026-03-08,We need better tools to handle the increased workload.,Negative
6d6adac7-d0b0-4524-ae2d-58cc6eb5553e,5ad4857a-5d72-4d39-867d-a5d44ad8e369,2025-02-27,I am very happy with the recent changes in remote work policy.,Positive
9249ae99-b5bc-47b8-9594-5775c59f6b6b,5ad4857a-5d72-4d39-867d-a5d44ad8e369,2025-12-06,I feel that I need more challenging projects to grow.,Neutral
a19bcd96-a128-4b4b-94be-66b608ada361,5ad4857a-5d72-4d39-867d-a5d44ad8e369,2025-07-07,The current management style is very supportive.,Positive
5d57e981-dd33-45bb-9460-394b84c95f96,ca9657db-521c-419c-845b-9de253ee54e3,2024-12-03,Communication between departments could be improved.,Negative
9f2d2b97-8ecb-45aa-897b-c9999b0fcce3,ca9657db-521c-419c-845b-9de253ee54e3,2026-03-04,We need better tools to handle the increased workload.,Negative
29c3619b-bcbe-4887-bffb-1863feebe3cc,9b37e412-4f31-42a5-9e49-6cbd6a6d6244,2025-08-20,We need better tools to handle the increased workload.,Negative
d3f6a740-0ed8-4bd3-ae67-fbecaacfdea3,9b37e412-4f31-42a5-9e49-6cbd6a6d6244,2025-06-10,The benefits package is competitive but could improve on health coverage.,Neutral
fd382503-99aa-40b8-9784-10e849617158,9b37e412-4f31-42a5-9e49-6cbd6a6d6244,2019-04-21,I feel overlooked for promotions despite my hard work.,Negative
d7934e96-56fb-4a00-84c3-c6040418637b,85d959c2-12ab-40a2-b4a2-1694cfcaab87,2024-01-11,Communication between departments could be improved.,Negative
499ea3cf-a483-4910-935e-88fc906330b1,85d959c2-12ab-40a2-b4a2-1694cfcaab87,2024-06-12,"Great team environment, love working here.",Positive
49b7f7ff-73f7-4bc7-8167-15b57e62c1e6,85d959c2-12ab-40a2-b4a2-1694cfcaab87,2025-09-11,Sometimes I feel micromanaged by leadership.,Negative
44c4eedd-6003-41e1-9bc5-6e22e38bedb7,81274bf2-df6c-4f51-bd8a-0d94ef47f051,2019-01-07,We need better tools to handle the increased workload.,Negative
77c72ff1-c4bf-4474-b861-1070ecb7542c,81274bf2-df6c-4f51-bd8a-0d94ef47f051,2025-11-11,I feel overlooked for promotions despite my hard work.,Negative
babcb54b-7514-46aa-a747-6fa076c7eca4,81274bf2-df6c-4f51-bd8a-0d94ef47f051,2018-01-16,I feel overlooked for promotions despite my hard work.,Negative
d0da5bde-4b5a-40a7-a2a9-ae1dfdee77d4,11d1ad61-d4b9-4814-8145-d852e92a62f2,2026-06-16,"Great team environment, love working here.",Positive
b052959d-c8a1-4f3e-b61e-63bce0ce4a3a,11d1ad61-d4b9-4814-8145-d852e92a62f2,2025-11-07,The current management style is very supportive.,Positive
7445c229-97e3-43c2-ae51-f551ba285662,11d1ad61-d4b9-4814-8145-d852e92a62f2,2024-12-07,The benefits package is competitive but could improve on health coverage.,Neutral
cf265b75-f8fe-4808-83dd-04db1c5a8bcf,2eefd697-c9ae-4789-913f-9d1bffa2f105,2023-02-04,Communication between departments could be improved.,Negative
64cf4911-b4f8-44d0-9c00-8503f56f528c,2eefd697-c9ae-4789-913f-9d1bffa2f105,2023-03-07,I am very happy with the recent changes in remote work policy.,Positive
85357623-3577-49b7-a78e-57b6f739ce8e,c60406b2-0de1-4564-9443-7ecd07e33d04,2025-02-16,Communication between departments could be improved.,Negative
b719a6e7-80c3-4771-b928-b46073c3eb20,c60406b2-0de1-4564-9443-7ecd07e33d04,2023-11-15,Communication between departments could be improved.,Negative
08a579a5-cede-4aef-b7b7-4852e627396e,01da3475-9b3e-40c4-9572-8c5fb050a3c2,2024-11-18,I am very happy with the recent changes in remote work policy.,Positive
5ed7a614-8f35-457e-81b8-9f17c7034b8f,01da3475-9b3e-40c4-9572-8c5fb050a3c2,2017-09-29,Communication between departments could be improved.,Negative
ce2bb288-2ecf-4e8d-a596-99a18601227c,208b0204-f914-4aed-9bec-90e9557f84a1,2024-01-15,"Great team environment, love working here.",Positive
df970915-8545-4038-9fed-eb6b5a5633a5,208b0204-f914-4aed-9bec-90e9557f84a1,2025-07-14,I feel that I need more challenging projects to grow.,Neutral
96ae572b-1dc3-4e36-8a6b-f8f24cbc9ce5,3e1dd2c2-a2ce-46e7-a7e3-5fbdeb1c3110,2022-06-13,I feel overlooked for promotions despite my hard work.,Negative
c7602fc4-1cb7-4ab9-a3d5-14d93c322ac6,e66df9ef-ab0d-43c7-877f-f9a22d38e683,2024-01-13,We need better tools to handle the increased workload.,Negative
91b1ca6b-06ed-4f4c-bb52-b1e6459331bb,644e83e1-f668-4f9f-8dfe-7ddd0afbfd5f,2024-06-16,The benefits package is competitive but could improve on health coverage.,Neutral
83d95921-57b4-4537-af11-a824a303a674,0cdefe2c-495e-4095-abb8-22f50042e740,2020-01-07,"Great team environment, love working here.",Positive
f81019a1-43fc-4b63-aeb4-22d5fbe29ee4,0cdefe2c-495e-4095-abb8-22f50042e740,2020-08-18,I appreciate the continuous learning opportunities provided.,Positive
161c9c3b-f41c-41f0-8889-6debf83378c9,0cdefe2c-495e-4095-abb8-22f50042e740,2022-06-21,I feel overlooked for promotions despite my hard work.,Negative
cd7a6501-79ac-44ca-a145-8bc52a912b4b,ba26fc77-07aa-46cf-992b-be7a8c3ec8cb,2022-05-17,Communication between departments could be improved.,Negative
c3f9ff38-971e-4309-b2d5-2776101390a2,ba26fc77-07aa-46cf-992b-be7a8c3ec8cb,2024-09-16,I feel overlooked for promotions despite my hard work.,Negative
ca73d1be-fe15-4e1f-89a9-cd3bdded0840,6d00c746-90ac-4831-8b0f-4cf696a631d1,2024-12-17,Communication between departments could be improved.,Negative
47bf0090-7e30-4954-babf-bdca36a3926b,6d00c746-90ac-4831-8b0f-4cf696a631d1,2020-07-10,The benefits package is competitive but could improve on health coverage.,Neutral
cab859c1-2997-48f3-b81e-029da31753e1,02e34fe3-d735-4e46-8518-0afa9bc707b9,2020-07-15,Communication between departments could be improved.,Negative
ffb7f50f-26c6-47b5-804e-6f1a2b30cd31,02e34fe3-d735-4e46-8518-0afa9bc707b9,2025-12-20,Communication between departments could be improved.,Negative
bffcfca0-c362-4767-ae83-f0f0595230eb,286aa56c-2d2a-4360-ab6a-7af75db36c78,2020-10-18,I am very happy with the recent changes in remote work policy.,Positive
c4366ecc-1763-40f3-833c-7ff5b122f254,20027bc6-c876-4238-8314-eeeee912fe4d,2023-02-17,We need better tools to handle the increased workload.,Negative
e8aeea21-48d3-4051-80a6-3d0cfe78919c,20027bc6-c876-4238-8314-eeeee912fe4d,2024-04-23,I appreciate the continuous learning opportunities provided.,Positive
73dc8a8a-4f70-4cdb-a10e-ebfd1aa76e1b,20027bc6-c876-4238-8314-eeeee912fe4d,2026-01-11,I am very happy with the recent changes in remote work policy.,Positive
3da8cfd1-b7b3-4cd0-8a31-8cb7f6152808,d4530d84-2aa4-427b-b0c1-e31677adcab7,2021-05-17,We need better tools to handle the increased workload.,Negative
dd500c5c-9153-475b-adc4-499fb99ae7f9,d4530d84-2aa4-427b-b0c1-e31677adcab7,2023-04-10,The current management style is very supportive.,Positive
543dec31-a22f-419b-917a-b818cb28bf2a,31026c95-2dc2-41c0-a0ce-406ff3a1d06a,2025-06-24,Sometimes I feel micromanaged by leadership.,Negative
b41e3c08-be24-40f7-aab5-fe98e0a268c7,31026c95-2dc2-41c0-a0ce-406ff3a1d06a,2022-08-15,I appreciate the continuous learning opportunities provided.,Positive
80865dbe-8d61-429d-bb6f-83a20e7852f0,011168f7-88fe-40d8-9db6-c860c2bac25f,2026-06-17,I feel that I need more challenging projects to grow.,Neutral
42b433a2-fb81-44b6-9146-161c168496d7,011168f7-88fe-40d8-9db6-c860c2bac25f,2026-01-23,We need better tools to handle the increased workload.,Negative
c29ed15a-afdd-4f14-b9b4-26cf9e987a2d,011168f7-88fe-40d8-9db6-c860c2bac25f,2025-07-20,Communication between departments could be improved.,Negative
1900c2da-ddd2-4d2e-96c0-10005a86fbb0,dc206570-0614-4142-9502-c447b1e2b856,2026-07-21,We need better tools to handle the increased workload.,Negative
98d3198e-b3e8-4a53-a799-7f30c86dfac9,dc206570-0614-4142-9502-c447b1e2b856,2026-05-28,I feel that I need more challenging projects to grow.,Neutral
137c723d-a359-4baf-93cd-db0d7e54ff40,061f1610-ebef-4fbf-af9e-6690a71f41e3,2025-11-21,The benefits package is competitive but could improve on health coverage.,Neutral
58ac7ac2-f30b-4ba0-9802-8d4cf1080165,061f1610-ebef-4fbf-af9e-6690a71f41e3,2024-11-17,"Great team environment, love working here.",Positive
d8e28984-72b3-41a5-a63e-0ea6c3615018,d86053c9-d9cc-43e1-8e4f-947647435782,2021-05-10,I feel overlooked for promotions despite my hard work.,Negative
89cfd6e9-f7a7-4691-8008-0ebe9bd0a672,d86053c9-d9cc-43e1-8e4f-947647435782,2025-08-08,I feel overlooked for promotions despite my hard work.,Negative
53479436-0982-46ed-8f5e-6c55672d7c14,6dfc699c-2fcb-40f1-8195-9ec3674aa4c1,2026-05-29,We need better tools to handle the increased workload.,Negative
6c7cf6a8-1a39-4fba-be0b-b7f29b31d53c,19367c0a-eea6-44a8-b4d1-9957489a46e8,2025-07-27,"Great team environment, love working here.",Positive
f3a33702-3564-43de-8794-3e50bd9d5886,19367c0a-eea6-44a8-b4d1-9957489a46e8,2023-12-05,I feel overlooked for promotions despite my hard work.,Negative
52b43614-edbe-4a3e-ad9e-ea41020f21d4,c73dc60e-aa50-47f2-b5f4-c2ec1e13759a,2024-08-12,The benefits package is competitive but could improve on health coverage.,Neutral
7f403718-f834-4685-b794-e8d0468c4a54,c73dc60e-aa50-47f2-b5f4-c2ec1e13759a,2025-02-19,I feel that I need more challenging projects to grow.,Neutral
65be932f-bf08-4194-86e0-eaa20570c999,8931948f-c39a-467d-b796-2d7726fa00c4,2024-09-15,I am very happy with the recent changes in remote work policy.,Positive
8fd5782e-3c45-4b25-bf5c-b39adab9e614,8931948f-c39a-467d-b796-2d7726fa00c4,2021-02-10,I appreciate the continuous learning opportunities provided.,Positive
72a56914-d41d-4a2a-982f-7839182ceb5f,8931948f-c39a-467d-b796-2d7726fa00c4,2022-10-13,"Great team environment, love working here.",Positive
57b158de-1837-4f4d-9dc3-a1d90e345a38,1dee5559-3cd8-4929-99db-eae0e04d3099,2025-08-10,We need better tools to handle the increased workload.,Negative
31822ef6-e5af-471b-b493-395add63c003,1dee5559-3cd8-4929-99db-eae0e04d3099,2025-07-08,We need better tools to handle the increased workload.,Negative
a4c4951f-b565-42e2-b011-b04801f0399e,32883f59-9a74-402b-83fb-7835b62dc743,2022-11-09,I feel overlooked for promotions despite my hard work.,Negative
6cb8cf7c-4f0c-4604-acca-76d08b99a4db,32883f59-9a74-402b-83fb-7835b62dc743,2024-08-23,I feel overlooked for promotions despite my hard work.,Negative
75760bea-5534-4e81-b31a-dc38352008a1,13819ee3-74dd-4111-9c9a-656fa2496760,2022-11-29,"Great team environment, love working here.",Positive
9597158d-8ecb-40b8-9ebf-6f1ba5069878,13819ee3-74dd-4111-9c9a-656fa2496760,2024-11-12,I appreciate the continuous learning opportunities provided.,Positive
02d5896a-da6a-4b4f-9fcf-462cd996da2d,d09b4bdf-6e61-4a22-8a31-7b47d83bdc29,2024-06-26,I am very happy with the recent changes in remote work policy.,Positive
5cefa3d6-cbaf-4cc5-923e-4bd9bb6577a9,d09b4bdf-6e61-4a22-8a31-7b47d83bdc29,2022-01-27,I appreciate the continuous learning opportunities provided.,Positive
bd9612cb-19e9-4dab-8af8-943c53b7a23b,d09b4bdf-6e61-4a22-8a31-7b47d83bdc29,2021-05-13,I feel that I need more challenging projects to grow.,Neutral
19198233-537a-41be-b88a-a6b6c443508e,7634ce00-42a9-472c-9ccd-0c4dfea0502b,2022-06-27,I feel overlooked for promotions despite my hard work.,Negative
15357521-0163-494d-bc23-7589aa088868,7634ce00-42a9-472c-9ccd-0c4dfea0502b,2022-05-08,"Great team environment, love working here.",Positive
e063b81f-66e9-4bc9-a4e4-70ffbb486638,7634ce00-42a9-472c-9ccd-0c4dfea0502b,2023-04-03,Sometimes I feel micromanaged by leadership.,Negative
8b32c947-4201-485a-89fe-659780edb268,edc94d7f-b9aa-4e73-a1fa-7ba3d434f4b0,2025-11-18,We need better tools to handle the increased workload.,Negative
cdfa20de-b35b-432e-bad0-dc2c3dde8939,edc94d7f-b9aa-4e73-a1fa-7ba3d434f4b0,2026-02-05,I feel overlooked for promotions despite my hard work.,Negative
474e84a5-63de-4141-910e-4b396f5024ae,916d1222-063c-48ba-af92-9f76d7ceb2f3,2021-07-18,I am very happy with the recent changes in remote work policy.,Positive
e2707058-49f9-403d-9dc6-6a50e04c27f1,916d1222-063c-48ba-af92-9f76d7ceb2f3,2021-06-18,Communication between departments could be improved.,Negative
827c224d-d7ca-4b32-ab1f-c7b135092ce7,916d1222-063c-48ba-af92-9f76d7ceb2f3,2024-06-23,We need better tools to handle the increased workload.,Negative
49349ffc-7ec5-413f-863d-6bb83d4c357c,6133bd83-4009-4108-9f67-a4b84a8f7b7d,2025-12-22,I feel that I need more challenging projects to grow.,Neutral
d42f913e-7b30-49a7-8262-3d2faae112ae,6133bd83-4009-4108-9f67-a4b84a8f7b7d,2025-10-22,Communication between departments could be improved.,Negative
64bc7bbd-ff7b-4a29-ba46-06b7c613c10f,6133bd83-4009-4108-9f67-a4b84a8f7b7d,2019-09-12,The current management style is very supportive.,Positive
eaeaf1a5-3e02-4f32-a5b7-e5a426c12124,e766582a-2524-49e6-8722-49d6d167a1a1,2026-07-01,We need better tools to handle the increased workload.,Negative
202c2093-828e-4cd2-8176-0f05e0742453,be0bdbba-5924-4f99-9dea-151c98b7a2be,2025-11-19,"Great team environment, love working here.",Positive
ec634c5b-c78f-4aef-8dd8-ef6a6d7aaf74,be0bdbba-5924-4f99-9dea-151c98b7a2be,2026-03-03,Communication between departments could be improved.,Negative
44ebe3d1-a6af-4b0b-8f8c-4e1b9b084782,c811708b-ca55-4008-97a2-f746ae3b2c10,2026-07-22,The benefits package is competitive but could improve on health coverage.,Neutral
a5b42f7b-4c47-42dc-97a1-84949f4fa89c,fa91359c-c4c9-4218-b72b-69fd129f0de0,2019-10-22,The benefits package is competitive but could improve on health coverage.,Neutral
cac38725-6b41-4ea0-8ced-b62a4b100bdd,fa91359c-c4c9-4218-b72b-69fd129f0de0,2023-09-11,I feel overlooked for promotions despite my hard work.,Negative
f80d2cc8-c810-43ce-b70a-7db3ad1db299,c755a280-c7ca-4208-a1b6-1f0107f1dd36,2023-02-10,Sometimes I feel micromanaged by leadership.,Negative
f5b149d9-2a5f-4ddc-80fa-a722e1cf376f,c755a280-c7ca-4208-a1b6-1f0107f1dd36,2022-06-12,The current management style is very supportive.,Positive
4fa12ee3-357e-4d2b-8b43-1fee3494c2a3,c755a280-c7ca-4208-a1b6-1f0107f1dd36,2016-09-21,I am very happy with the recent changes in remote work policy.,Positive
23307a8b-decc-483d-b5aa-58a7c7bc29f9,d1a654ec-c0bc-4fc3-ad96-245c5e55036e,2026-07-25,We need better tools to handle the increased workload.,Negative
fa6f6bca-ceaf-4b9d-821b-e37acc8e1454,d1a654ec-c0bc-4fc3-ad96-245c5e55036e,2026-07-25,The benefits package is competitive but could improve on health coverage.,Neutral
4f22d8dd-bc91-4031-aba2-07b737029d03,d1a654ec-c0bc-4fc3-ad96-245c5e55036e,2026-07-25,I appreciate the continuous learning opportunities provided.,Positive
401dcf47-5d93-41d6-8f71-680d4407a9c6,056e5db3-6f38-44ba-96f7-3720357f9de2,2024-01-26,The benefits package is competitive but could improve on health coverage.,Neutral
484d53be-3090-45be-b809-28eead390513,056e5db3-6f38-44ba-96f7-3720357f9de2,2023-08-21,I feel overlooked for promotions despite my hard work.,Negative
2a6fc042-485c-48f4-a192-04f6f0121e65,056e5db3-6f38-44ba-96f7-3720357f9de2,2018-10-01,I feel that I need more challenging projects to grow.,Neutral
3e7efc82-ee64-4e7c-9736-e2fccf4744a0,7ce14528-ca1f-4aae-9740-0343ced48c96,2017-07-16,I feel overlooked for promotions despite my hard work.,Negative
114a98eb-f40e-42f6-9975-d0bfae0ed9c7,7ce14528-ca1f-4aae-9740-0343ced48c96,2015-11-26,Sometimes I feel micromanaged by leadership.,Negative
478dc7a2-7cd2-4919-935f-d3e6bab46484,e11c4eee-e111-4ee9-a729-d538178d7279,2021-02-05,The current management style is very supportive.,Positive
2d087340-d7e5-419f-862a-d1703b4fe8ee,5e32ce9d-77e4-4a3f-a895-362cf31c2e2d,2024-11-24,Communication between departments could be improved.,Negative
e14d7b59-1605-4b8b-86c3-d02e6debdf61,ae57c921-d9de-49f8-b1f9-96f7ffc7c49c,2022-09-02,I feel overlooked for promotions despite my hard work.,Negative
b2a4126a-7a48-42ac-8f27-35feac0e84ad,ae57c921-d9de-49f8-b1f9-96f7ffc7c49c,2025-08-24,I feel that I need more challenging projects to grow.,Neutral
cf396281-947d-4299-a155-4e09a9d3f450,be66fda1-20e3-4c70-ad47-78b7e4193a1a,2025-11-15,The benefits package is competitive but could improve on health coverage.,Neutral
f752c08f-2cfb-4a71-9327-e60c9ab693f1,a8c31cfb-7def-43ba-a37b-c330d42514fd,2020-08-26,"Great team environment, love working here.",Positive
0b720472-9fae-4031-a6a2-69caf890932d,0490c516-8827-4276-8125-5bef8cb776bd,2021-11-02,I feel that I need more challenging projects to grow.,Neutral
e896982b-1804-4f3d-b6c6-513013265aa7,0490c516-8827-4276-8125-5bef8cb776bd,2024-04-24,We need better tools to handle the increased workload.,Negative
ea9d5043-b868-46b9-aaf9-ca603e2792b3,0490c516-8827-4276-8125-5bef8cb776bd,2022-02-14,I appreciate the continuous learning opportunities provided.,Positive
5588a81d-aa32-45f7-bae5-86373895128b,f5b363c2-afd7-497b-a151-6c3d9278da01,2023-12-04,The benefits package is competitive but could improve on health coverage.,Neutral
13d743b1-627d-4778-8c39-b5d6d604d509,f5b363c2-afd7-497b-a151-6c3d9278da01,2026-01-29,The benefits package is competitive but could improve on health coverage.,Neutral
eb76d83b-c450-4d07-83c3-6bba5c31e182,f5b363c2-afd7-497b-a151-6c3d9278da01,2023-10-06,We need better tools to handle the increased workload.,Negative
25e009d9-cd07-463a-88cd-51eac9946369,88d4b059-e245-4002-adbb-cbf5da7f34e5,2025-03-24,"Great team environment, love working here.",Positive
7a08a8bb-4f16-4f39-b4e3-f8b195fad14f,88d4b059-e245-4002-adbb-cbf5da7f34e5,2018-03-16,Communication between departments could be improved.,Negative
2e6da0c4-cca0-42ba-97d6-5883058a76e3,96bcd71e-d55d-4178-a6c1-f3e000f53c14,2022-10-21,I am very happy with the recent changes in remote work policy.,Positive
ffbec4bb-a928-4112-8955-2a9cc53d23d2,96bcd71e-d55d-4178-a6c1-f3e000f53c14,2021-05-07,We need better tools to handle the increased workload.,Negative
71d380ff-446e-4b05-9347-070184653129,2c2f7ddf-f6b0-46fe-8de4-4d6847669570,2025-12-29,"Great team environment, love working here.",Positive
58c0c7e8-9e70-4b5a-b83a-ba3d62720dbf,0f26efee-2218-4e67-90d8-b7961a5d6082,2026-02-28,I am very happy with the recent changes in remote work policy.,Positive
52c86a92-8aff-4630-96cf-b74621f53989,ac262dd4-3e8c-40af-bfb8-d1cf57dd944a,2019-11-30,I feel that I need more challenging projects to grow.,Neutral
801d2754-3804-40bd-bbfc-ac1b0c648515,ac262dd4-3e8c-40af-bfb8-d1cf57dd944a,2024-08-13,We need better tools to handle the increased workload.,Negative
ba3432da-9c64-4b97-905b-a2108fd3f864,ac262dd4-3e8c-40af-bfb8-d1cf57dd944a,2022-01-24,I feel that I need more challenging projects to grow.,Neutral
a8f84c1f-f244-4674-a6fd-731debafe65d,b9c9cfbc-25f2-4579-afe5-fde8c7b33016,2025-11-26,Sometimes I feel micromanaged by leadership.,Negative
117be438-5646-41c4-9ec0-db09aca5e048,b9c9cfbc-25f2-4579-afe5-fde8c7b33016,2025-12-11,I appreciate the continuous learning opportunities provided.,Positive
0523e0eb-cb1d-4376-bb4f-b3f07b2a1887,b9c9cfbc-25f2-4579-afe5-fde8c7b33016,2026-01-12,The benefits package is competitive but could improve on health coverage.,Neutral
06d94076-0618-42b3-b4c1-1299a9abf6af,58738fd4-61d1-486a-b4f5-77e98edafd96,2025-10-10,We need better tools to handle the increased workload.,Negative
d3284f4d-0f82-49f4-b270-a4ebdd55821e,58738fd4-61d1-486a-b4f5-77e98edafd96,2025-08-31,I feel that I need more challenging projects to grow.,Neutral
25531ffa-8aa9-4b2d-be7c-c6ee250eaad4,58738fd4-61d1-486a-b4f5-77e98edafd96,2025-04-21,I feel overlooked for promotions despite my hard work.,Negative
4c60c867-5d0d-45b0-ac8e-4ac1932aa2b4,8d43854b-5ef1-4a80-9860-6f0240aa9e76,2026-03-14,"Great team environment, love working here.",Positive
4ea0e78c-26c0-4afa-b5fc-12107f3ca99a,8d43854b-5ef1-4a80-9860-6f0240aa9e76,2025-12-19,"Great team environment, love working here.",Positive
2804e77a-f215-4aab-a358-ce02773579b9,8d43854b-5ef1-4a80-9860-6f0240aa9e76,2025-10-17,Sometimes I feel micromanaged by leadership.,Negative
2106d447-ae1f-414c-a07b-5db8ac0485f6,5d31bdd0-d67c-4501-b33e-f57126534951,2026-07-25,The current management style is very supportive.,Positive
e06ded78-e427-42eb-a239-b31819ba4da5,0e7d3bd7-4e30-4da4-b182-4a64aff8f675,2026-02-14,"Great team environment, love working here.",Positive
2d8ccf7f-7afc-4359-a1df-4b617fd5517a,0e7d3bd7-4e30-4da4-b182-4a64aff8f675,2025-01-30,I feel overlooked for promotions despite my hard work.,Negative
3a64e367-8f6e-4871-85e0-a582a6943c1c,0e7d3bd7-4e30-4da4-b182-4a64aff8f675,2026-06-06,I appreciate the continuous learning opportunities provided.,Positive
16f4ba29-79e8-4e68-8f89-8d888476771a,fe68531f-d0fc-41b8-bbf7-5cd8b077cb14,2017-09-26,The current management style is very supportive.,Positive
bbf597f7-95fa-4411-8e98-ce003a76b787,fe68531f-d0fc-41b8-bbf7-5cd8b077cb14,2025-09-25,Sometimes I feel micromanaged by leadership.,Negative
1e367a2b-c58f-4192-8780-e3fd1d698f53,b8b015cf-03bf-4bcd-bd42-d294427de41f,2026-02-28,The current management style is very supportive.,Positive
dc1d4a19-a1ef-4edb-bab8-f846db6373d1,b8b015cf-03bf-4bcd-bd42-d294427de41f,2026-04-06,I am very happy with the recent changes in remote work policy.,Positive
dc0f11cf-62fd-4e21-885d-0db84e2e7c81,b8b015cf-03bf-4bcd-bd42-d294427de41f,2025-11-26,The current management style is very supportive.,Positive
581bf4b7-1090-4fb0-a975-48676e9ff44b,acc35cdb-6d42-4140-a3fc-8c9299cef06e,2023-04-18,I feel that I need more challenging projects to grow.,Neutral
05fbd61c-032e-4ae0-b45e-2ce3babc2838,acc35cdb-6d42-4140-a3fc-8c9299cef06e,2024-09-30,Sometimes I feel micromanaged by leadership.,Negative
aa5b1874-30b4-4e06-84db-5f417a2c84b8,cb7ab074-58ff-45ca-922e-603a48670cc0,2026-07-21,The benefits package is competitive but could improve on health coverage.,Neutral
f35efcef-0e6e-418b-aa55-ed8f4e2935b9,cb7ab074-58ff-45ca-922e-603a48670cc0,2026-07-25,"Great team environment, love working here.",Positive
10fd2b90-ec32-4dc1-941b-4102a50e2ec7,cb7ab074-58ff-45ca-922e-603a48670cc0,2026-07-26,I am very happy with the recent changes in remote work policy.,Positive
40d2ed56-06cb-45f5-b25f-b469966171f7,275cfec0-3ac1-46f5-8fb3-7e8926a9162c,2024-12-14,The current management style is very supportive.,Positive
42ac9540-2339-4be9-a12c-68c93d2e4b04,275cfec0-3ac1-46f5-8fb3-7e8926a9162c,2026-05-04,The current management style is very supportive.,Positive
cb6a716d-cc98-468c-890a-d9bdb82ce589,275cfec0-3ac1-46f5-8fb3-7e8926a9162c,2024-06-12,The benefits package is competitive but could improve on health coverage.,Neutral
d77daec2-6f33-441d-87df-a62ab12cc5f1,7e1d8e45-bdd4-4165-bdff-135f6d4bbbf5,2020-09-12,The current management style is very supportive.,Positive
c129b228-025e-43a3-8417-1bb412dfb340,7e1d8e45-bdd4-4165-bdff-135f6d4bbbf5,2022-03-24,I feel overlooked for promotions despite my hard work.,Negative
da43c1b9-9c71-4016-8e35-d52728206027,8d9ef4d9-703e-4982-96bd-f8ef47180cfa,2025-07-07,I appreciate the continuous learning opportunities provided.,Positive
23338839-f847-4301-b398-c03171f9f782,8d9ef4d9-703e-4982-96bd-f8ef47180cfa,2026-03-25,Sometimes I feel micromanaged by leadership.,Negative
88846ab6-a03c-448d-ad5c-1c9a7a61918f,8d9ef4d9-703e-4982-96bd-f8ef47180cfa,2024-07-09,"Great team environment, love working here.",Positive
014ed30f-1897-457d-b751-db637a8100d2,e25fcc21-2c90-4df4-9327-805060eefb38,2026-03-14,The benefits package is competitive but could improve on health coverage.,Neutral
e4a3b740-0c54-4c1a-9123-31a918d56904,e25fcc21-2c90-4df4-9327-805060eefb38,2024-12-21,I feel that I need more challenging projects to grow.,Neutral
fc8b0e56-258f-4cb3-88cc-3435f0f58709,29014431-6fae-49c0-ab0a-e429b2075f07,2025-11-05,Sometimes I feel micromanaged by leadership.,Negative
e982d4de-879d-471e-917a-d3aeb90aa48b,29014431-6fae-49c0-ab0a-e429b2075f07,2026-04-08,Sometimes I feel micromanaged by leadership.,Negative
4d475fb8-a1e5-4004-8fa2-eef71543afbe,09aa3abb-a394-4796-b3e6-ee41b6705ba1,2026-02-13,We need better tools to handle the increased workload.,Negative
25f4b266-b313-43ed-a38d-5fb9fa4edc1a,7e7abf70-b4ef-4477-96d9-83361a8ec5ef,2023-07-06,Sometimes I feel micromanaged by leadership.,Negative
738973e5-94ad-42c7-98a5-8084f11c6c7f,7e7abf70-b4ef-4477-96d9-83361a8ec5ef,2025-11-07,Sometimes I feel micromanaged by leadership.,Negative
f1105476-638d-4586-a9da-9ff51ca1a8a8,7e7abf70-b4ef-4477-96d9-83361a8ec5ef,2017-09-02,I am very happy with the recent changes in remote work policy.,Positive
d994e651-4d62-4f07-8668-4936872f2e29,bfc6287a-3543-4c1a-9d0a-4561ccfa3c9a,2020-05-07,"Great team environment, love working here.",Positive
83c67727-d9e7-4c8f-96ba-97eaffd2e6fe,bfc6287a-3543-4c1a-9d0a-4561ccfa3c9a,2023-09-07,I feel that I need more challenging projects to grow.,Neutral
17893427-11cb-473a-a1f7-54f267a03ca7,bfc6287a-3543-4c1a-9d0a-4561ccfa3c9a,2021-12-24,The benefits package is competitive but could improve on health coverage.,Neutral
e9dbf09b-aa18-4ae7-9126-c107c6508919,19990549-597c-4764-9220-f264aca32878,2023-11-19,Communication between departments could be improved.,Negative
50988ba4-b523-414b-b66c-d58576158550,19990549-597c-4764-9220-f264aca32878,2018-07-19,We need better tools to handle the increased workload.,Negative
ed640258-b239-4a4e-983a-5f0ebb6542c6,e16587dc-749a-4485-8273-481a169a0e9a,2022-08-30,"Great team environment, love working here.",Positive
f6cd29d2-fb67-4e87-a940-584dad1a9857,a28a313b-ecd8-4c87-8f94-63866cb1d434,2026-06-29,I feel overlooked for promotions despite my hard work.,Negative
056a1fe2-cc2b-4853-a1ec-466536e357cb,8ff28551-a22d-4654-b397-b1fefab19613,2023-01-25,The current management style is very supportive.,Positive
89c520fd-8869-441d-8c9b-7ae0729bcef6,0da49405-2868-4132-9e10-09f396edcbae,2026-06-21,"Great team environment, love working here.",Positive
32e8370f-ddfc-49b1-99cc-5ec8b7090501,0da49405-2868-4132-9e10-09f396edcbae,2025-08-07,I feel overlooked for promotions despite my hard work.,Negative
b1b88448-185a-425f-950e-3188e9022b20,b1f0ac63-0845-431c-b6f1-008ca39dff4f,2026-05-28,Communication between departments could be improved.,Negative
f88244c9-1979-453a-9bb7-bfb47ccdd108,d515e15c-23f9-4830-a716-37945599ff64,2022-04-02,"Great team environment, love working here.",Positive
69504fa9-42f6-4962-9875-694b24f97068,d515e15c-23f9-4830-a716-37945599ff64,2023-06-30,I feel overlooked for promotions despite my hard work.,Negative
bc8a59b2-1d89-4fd9-8531-0232ae32926f,9c713cec-b034-4143-a6b6-169268504551,2026-03-03,I feel that I need more challenging projects to grow.,Neutral
6506166b-9d54-4ac7-840a-7f20d891e780,9c713cec-b034-4143-a6b6-169268504551,2023-11-14,We need better tools to handle the increased workload.,Negative
56c088c7-a2d8-49b0-9c51-e86af3848f39,285609e8-8174-44a3-9399-c8f481a96f48,2026-06-06,Sometimes I feel micromanaged by leadership.,Negative
8fdba33a-4be8-4ff8-a1ce-34de5b8a5f0d,285609e8-8174-44a3-9399-c8f481a96f48,2025-12-16,I feel overlooked for promotions despite my hard work.,Negative
e30691a2-2741-4cff-8e46-fef73bfc5755,b2f3980e-5c87-495e-84ac-6b945462e7aa,2026-01-13,We need better tools to handle the increased workload.,Negative
66803a78-48c8-4d46-b5cb-aa858fdf1b57,8605af7a-e2ab-4b55-ad5b-d181b54a510e,2025-04-08,Sometimes I feel micromanaged by leadership.,Negative
04d3186c-73be-491b-afb4-7367389e7bc0,8605af7a-e2ab-4b55-ad5b-d181b54a510e,2025-12-10,"Great team environment, love working here.",Positive
d0f24114-d74f-482b-a615-30b44152a721,8605af7a-e2ab-4b55-ad5b-d181b54a510e,2022-07-16,The benefits package is competitive but could improve on health coverage.,Neutral
f484ba90-3963-4d71-a84e-de33a6e91578,dda511f7-aed2-4089-b70e-9c39df9af11e,2024-08-28,I appreciate the continuous learning opportunities provided.,Positive
776bd4a4-457c-4d10-b27e-67b71828612f,dda511f7-aed2-4089-b70e-9c39df9af11e,2026-03-03,Sometimes I feel micromanaged by leadership.,Negative
44f1cbe2-e96c-428f-8dbc-81fd5fe4fb74,dda511f7-aed2-4089-b70e-9c39df9af11e,2025-11-09,The current management style is very supportive.,Positive
1759a0aa-025b-4f07-acb8-92635ec57f20,40eef62f-e8bf-4228-bbbd-37142c1c062e,2026-07-10,The benefits package is competitive but could improve on health coverage.,Neutral
46290afd-07c1-4284-bf7e-9ff7ce4d946f,40eef62f-e8bf-4228-bbbd-37142c1c062e,2025-10-31,The benefits package is competitive but could improve on health coverage.,Neutral
24751e1e-71bf-46ef-b626-d0691eee6a39,fd417534-f6ef-4ef9-b022-9e680f544c49,2025-12-02,Sometimes I feel micromanaged by leadership.,Negative
15f767b1-081c-4be2-b02d-397e41d5f5c5,5e6adabc-c67c-4c10-af34-451987e77d02,2025-08-20,Sometimes I feel micromanaged by leadership.,Negative
791e60f9-143a-4c7c-9b42-18345aa31aa7,adef98ff-891d-4b4e-939c-2ef63e3073f3,2025-07-10,I am very happy with the recent changes in remote work policy.,Positive
26bfb244-b13d-4d9d-a27c-d3ba93d49c25,adef98ff-891d-4b4e-939c-2ef63e3073f3,2019-08-05,I feel overlooked for promotions despite my hard work.,Negative
f3094757-e7f5-4b02-b3fc-118ef3a4bd08,624c8f6b-bf5b-46e0-9813-1d131ae22257,2026-01-10,The current management style is very supportive.,Positive
f9cd2602-5e86-433f-83a1-e6b3295b8c26,624c8f6b-bf5b-46e0-9813-1d131ae22257,2026-06-03,I feel that I need more challenging projects to grow.,Neutral
c69bdb7e-9f34-4d47-a291-49d61aba5991,c14ee28d-fe26-41d9-9467-d7dd09d2b7c9,2026-04-02,Communication between departments could be improved.,Negative
ab9bf7cb-cc7b-4087-9854-77834f0e70f5,adeba690-c7dc-4045-adeb-edc1b0e077c8,2025-04-27,We need better tools to handle the increased workload.,Negative
79fe7b0f-990c-4ed9-af20-edfe0780c786,37fe32f1-7d1b-4103-844b-7d57cf1a2eeb,2026-05-31,Sometimes I feel micromanaged by leadership.,Negative
2ffde407-d192-4539-b84f-59e8a31a65bd,37fe32f1-7d1b-4103-844b-7d57cf1a2eeb,2025-03-07,Sometimes I feel micromanaged by leadership.,Negative
d28dfcbb-5cc4-4a28-a04f-dfd834883617,e09062e5-8328-4920-a097-4c3f39ee4f82,2026-06-28,Sometimes I feel micromanaged by leadership.,Negative
dea18b4e-8e14-41d8-972d-c5fca14942b4,5f31c788-787f-4ecb-8553-addbf650bc83,2026-04-11,We need better tools to handle the increased workload.,Negative
5a1ecd20-fe0e-41ca-bf1a-139b9012ffcf,5f31c788-787f-4ecb-8553-addbf650bc83,2020-09-05,I feel overlooked for promotions despite my hard work.,Negative
334aef1e-1a17-44e4-8277-b8bf814fe488,5f31c788-787f-4ecb-8553-addbf650bc83,2026-04-17,I feel that I need more challenging projects to grow.,Neutral
e2b62282-78fd-4e57-a2e9-8dfdde502ec9,0127052a-f096-4894-a079-54d215f9672d,2023-03-28,Communication between departments could be improved.,Negative
875237fd-b431-4b6b-9802-eb755a2f4a3c,0127052a-f096-4894-a079-54d215f9672d,2023-03-17,Sometimes I feel micromanaged by leadership.,Negative
b9151c37-c760-45b7-aae5-239585ce4e4a,0127052a-f096-4894-a079-54d215f9672d,2018-08-16,Communication between departments could be improved.,Negative
73467fc0-7436-4de6-b51a-c774de101386,937cabbf-0a2b-43b8-a68b-9693caddfb1b,2021-01-08,I feel that I need more challenging projects to grow.,Neutral
019b5c2c-6fea-4593-99fe-f87c2920fb4c,937cabbf-0a2b-43b8-a68b-9693caddfb1b,2019-04-02,Sometimes I feel micromanaged by leadership.,Negative
f7bd74a6-c54b-4cd0-9902-ceb5ba28d01c,96e7e382-845a-409f-bff7-5d69bd2a2324,2023-06-02,Communication between departments could be improved.,Negative
531901a1-47c1-4417-bbae-db380142869d,5418c9ed-bd49-4560-8cdd-013490d6ed61,2019-07-16,"Great team environment, love working here.",Positive
43f9540e-a82f-4fb1-9cd0-30d0d3f8dd5f,c15b9258-b2b0-4e68-8ef8-8b7bbc49d127,2025-07-16,The current management style is very supportive.,Positive
fdab59eb-fc2c-4e78-9b6d-c58ff5ba34ed,89df571a-4771-4bb0-8178-0f09cb2c1bb8,2023-05-29,I am very happy with the recent changes in remote work policy.,Positive
b8a19a75-581b-4367-9ca8-b9dbb7bf1557,89df571a-4771-4bb0-8178-0f09cb2c1bb8,2026-07-02,I feel overlooked for promotions despite my hard work.,Negative
62a11627-bbee-42a5-bb4a-23e8643dfa20,89df571a-4771-4bb0-8178-0f09cb2c1bb8,2026-05-09,We need better tools to handle the increased workload.,Negative
be9dcb5d-e5d8-4502-86a3-28cd0a33026a,37a6c0be-8654-4eb4-b5b7-c213c3d2e0e1,2026-02-12,I am very happy with the recent changes in remote work policy.,Positive
cda1901a-9b68-4ac7-9075-08d97b3a1950,37a6c0be-8654-4eb4-b5b7-c213c3d2e0e1,2025-12-05,The benefits package is competitive but could improve on health coverage.,Neutral
fc5500aa-e80f-4eaf-9b71-eb2f2bcd2fc1,90d9dea0-91ff-43d2-a13f-d2d274002dcb,2026-05-11,Sometimes I feel micromanaged by leadership.,Negative
96191b15-a765-4162-9590-b19c3a8ef957,90d9dea0-91ff-43d2-a13f-d2d274002dcb,2025-02-26,The current management style is very supportive.,Positive
16f5c7c8-09e7-4596-a2ee-b1fd960de482,90d9dea0-91ff-43d2-a13f-d2d274002dcb,2025-08-02,Sometimes I feel micromanaged by leadership.,Negative
fc01bd72-f352-4a7a-86d2-956e9e23a5d5,aabe383e-8452-4eac-940f-49b281e27b3b,2026-03-21,We need better tools to handle the increased workload.,Negative
95a1ef59-aa92-435e-b129-8e9308066006,aabe383e-8452-4eac-940f-49b281e27b3b,2025-11-30,I feel overlooked for promotions despite my hard work.,Negative
90bc1d1f-7be7-41fb-84b9-3d5d5878878e,be9ac348-bfe4-4c3a-b577-f4d502256b8c,2018-07-28,We need better tools to handle the increased workload.,Negative
7a885b68-ad89-4735-a295-b8fd31a2c9e8,be9ac348-bfe4-4c3a-b577-f4d502256b8c,2025-06-20,I appreciate the continuous learning opportunities provided.,Positive
20ce50c8-1cfe-478a-b673-a67aa1618fb4,7f0d57cd-9054-49da-9b9c-a873aa435bc9,2019-10-08,The current management style is very supportive.,Positive
2c4a7458-d891-47c2-864d-2694df88f1be,7f0d57cd-9054-49da-9b9c-a873aa435bc9,2023-02-03,I appreciate the continuous learning opportunities provided.,Positive
9d1f56eb-886c-4e72-a44b-55981860c794,1f6b1a9e-67d2-4b45-9497-2a06540ca811,2024-06-22,Communication between departments could be improved.,Negative
a41c0e6b-1bf8-414c-b948-a6a6830373fa,343a844d-4465-4444-a46c-af0d2fe97c97,2023-12-04,I appreciate the continuous learning opportunities provided.,Positive
97ebef00-c38c-481a-9a3d-fa399e1827f9,343a844d-4465-4444-a46c-af0d2fe97c97,2023-02-10,I appreciate the continuous learning opportunities provided.,Positive
e6ec60d4-144e-46dd-9523-c129d29ccf16,6a6e3ab4-49d2-4fda-81a4-dfb6b54e103c,2026-03-09,I appreciate the continuous learning opportunities provided.,Positive
ed88a553-d7af-4396-b707-b23afa7c95bc,6a6e3ab4-49d2-4fda-81a4-dfb6b54e103c,2026-03-29,I appreciate the continuous learning opportunities provided.,Positive
58e44294-e114-426f-aeb5-f0220896f57c,6a6e3ab4-49d2-4fda-81a4-dfb6b54e103c,2026-05-02,We need better tools to handle the increased workload.,Negative
f86ff1f0-7def-4db6-9557-2fa32656643e,aa79934b-cb38-4551-ad1d-123b4fc0d84a,2022-09-06,I feel overlooked for promotions despite my hard work.,Negative
00006d39-2267-4e0e-b303-9936f51a975a,5a62fe7d-fe8f-4c9c-a01d-77f55b4982d2,2024-10-17,Communication between departments could be improved.,Negative
b8840dbf-ce08-4134-9094-cf1d6dd616ee,5a62fe7d-fe8f-4c9c-a01d-77f55b4982d2,2021-10-21,Communication between departments could be improved.,Negative
afd09b58-6eac-4ff4-a0e7-863ba2472e03,cb350cea-0614-46d2-9fd5-cce839cb892a,2025-11-04,Sometimes I feel micromanaged by leadership.,Negative
aba9dc80-9663-49c3-bca7-556efc64baf4,cb350cea-0614-46d2-9fd5-cce839cb892a,2020-05-16,Sometimes I feel micromanaged by leadership.,Negative
c617f7b3-8b12-424d-b9b6-ae44db06d0f1,cb350cea-0614-46d2-9fd5-cce839cb892a,2024-01-13,The current management style is very supportive.,Positive
9b4f8fb7-317b-411e-bff9-66735a42caa9,03050702-32e9-4de6-921d-7a9d597dd202,2025-11-18,"Great team environment, love working here.",Positive
09957c05-fe34-4bc1-a3ee-cab122f585af,03050702-32e9-4de6-921d-7a9d597dd202,2025-10-10,Communication between departments could be improved.,Negative
93270a4f-0700-4b97-b645-1e26daf3881d,03050702-32e9-4de6-921d-7a9d597dd202,2026-04-21,I am very happy with the recent changes in remote work policy.,Positive
d6e382cc-fb5e-43d3-acc1-1c5769841c68,1e1c3236-b91d-48fc-9ad2-738c2a2b2e69,2026-07-19,"Great team environment, love working here.",Positive
947fe548-4f12-4fec-a890-580232d05b14,07ca2091-62e1-4477-bfc0-5987e69a9e19,2025-02-09,The benefits package is competitive but could improve on health coverage.,Neutral
e0ede96d-0967-41e5-a972-f7b700427573,cfb6203e-4529-4a7b-8656-3bb53768ab4e,2021-12-04,"Great team environment, love working here.",Positive
77960b2f-8369-43ca-8856-487ed4d6803f,b3663891-6ab9-42ec-96f9-d755e9c7dd4c,2018-06-28,I feel that I need more challenging projects to grow.,Neutral
f987200c-fbf8-4d6b-8875-81389cbbd521,b3663891-6ab9-42ec-96f9-d755e9c7dd4c,2021-03-28,Sometimes I feel micromanaged by leadership.,Negative
374d07b3-bc2d-492a-9ef0-cf784ff24f52,4186c1e7-e3ab-4cd8-a778-d4202da1548e,2025-12-13,The benefits package is competitive but could improve on health coverage.,Neutral
3b93c8ec-de90-4ce4-8bfc-9b77ea84fbae,4186c1e7-e3ab-4cd8-a778-d4202da1548e,2025-09-22,I feel that I need more challenging projects to grow.,Neutral
f77ff9a6-7db3-4abe-852c-d4a69ada594a,825b247d-4364-4737-9b18-74bdf3c03c03,2025-05-27,I am very happy with the recent changes in remote work policy.,Positive
9ef9f05c-5440-4777-8c1d-378334eca483,825b247d-4364-4737-9b18-74bdf3c03c03,2025-01-21,I appreciate the continuous learning opportunities provided.,Positive
46f7c276-5b21-4fc6-b7b0-e583705b9cc5,825b247d-4364-4737-9b18-74bdf3c03c03,2024-08-22,I feel overlooked for promotions despite my hard work.,Negative
8c691478-3a9d-479b-ad46-73aca0d90887,e15a58f5-b608-4bc8-93f8-d9e848934639,2023-09-24,I feel that I need more challenging projects to grow.,Neutral
6b6f4306-9346-40b6-ab8b-5fa109870f32,e15a58f5-b608-4bc8-93f8-d9e848934639,2025-02-07,I appreciate the continuous learning opportunities provided.,Positive
bcbaaaeb-033e-45ce-b45a-b607f1362cee,979dfd4f-7a35-474b-a08d-53eb505bca1f,2026-04-07,I am very happy with the recent changes in remote work policy.,Positive
4a7e1071-af9b-4936-86ac-1fcdb6aa8330,979dfd4f-7a35-474b-a08d-53eb505bca1f,2026-06-22,The benefits package is competitive but could improve on health coverage.,Neutral
3d330bfc-a8ff-4651-9252-d95f2c11960e,979dfd4f-7a35-474b-a08d-53eb505bca1f,2026-02-02,Communication between departments could be improved.,Negative
1ae9cc2b-d8de-4630-9f7b-08779b8f84d5,daf2b43a-e08b-41ff-b3f5-f7d5cb5e11b7,2023-03-11,We need better tools to handle the increased workload.,Negative
2ead66df-8a92-44a1-bb07-40505415e4d4,daf2b43a-e08b-41ff-b3f5-f7d5cb5e11b7,2017-03-01,I am very happy with the recent changes in remote work policy.,Positive
e87426e9-dde2-46fd-8561-c70d794f4724,daf2b43a-e08b-41ff-b3f5-f7d5cb5e11b7,2024-04-01,Communication between departments could be improved.,Negative
0b11b89c-fd62-4a8e-a12a-bf8d59d29d63,f72e2e39-f288-4bcf-b1fc-b3926b61e7a0,2026-03-24,Sometimes I feel micromanaged by leadership.,Negative
8c951fe5-be7a-4851-b754-f79acdda47e8,63927b69-0379-4ea5-a4ad-837479fd3fa7,2026-06-26,I feel that I need more challenging projects to grow.,Neutral
f5a917b8-acb9-4a26-a4bb-d877916ad7b7,63927b69-0379-4ea5-a4ad-837479fd3fa7,2026-03-31,The current management style is very supportive.,Positive
fc02828a-2c97-4d50-9090-6ac246681922,c38e1a3e-0f34-487b-9809-8aeacce6d48e,2025-08-12,I feel that I need more challenging projects to grow.,Neutral
8d46cdbe-2f7f-42df-84ff-e8dafccf796c,c38e1a3e-0f34-487b-9809-8aeacce6d48e,2025-08-30,I feel overlooked for promotions despite my hard work.,Negative
c37932c0-4288-4399-91b4-8d6cc47e0477,1ecbca75-dae5-468f-9bf3-f89bd6eb8187,2023-02-08,We need better tools to handle the increased workload.,Negative
65c36f66-c981-4bf7-86f9-0048ae704863,ec3b260f-abb4-49e2-adb6-689effd80023,2025-10-19,I feel that I need more challenging projects to grow.,Neutral
a0085bb2-25b6-4f8e-b05a-503f71d2b7ed,2d091cf2-0ad5-4444-98a8-4ed7bdbed977,2020-03-02,Communication between departments could be improved.,Negative
f00e4945-6ad2-48ff-9a66-a8a5761e658c,c3a674a4-e305-4c2a-a198-8f31857a4562,2021-05-14,Sometimes I feel micromanaged by leadership.,Negative
9e87a28d-66af-43e9-bd52-c624d7ec1a68,a82da437-50f0-4521-b6aa-ee2dcfb9f80e,2020-05-29,"Great team environment, love working here.",Positive
fe7a38d1-e652-4316-8dd2-dc398df03127,a82da437-50f0-4521-b6aa-ee2dcfb9f80e,2021-09-12,Sometimes I feel micromanaged by leadership.,Negative
4ddc563d-883f-436d-a3c9-1dbc8a5b748e,97aa3c2a-41e6-4df7-8d1b-4b55270f141a,2019-08-23,Communication between departments could be improved.,Negative
fd862e3b-c8b5-4eb7-bd50-fab1f91896aa,97aa3c2a-41e6-4df7-8d1b-4b55270f141a,2018-11-22,The benefits package is competitive but could improve on health coverage.,Neutral
2b78fe02-b832-4e22-8ce4-4395f61d4638,97aa3c2a-41e6-4df7-8d1b-4b55270f141a,2021-03-04,The current management style is very supportive.,Positive
14af12a1-2dc9-4836-9877-59d598b7d2fd,55a83463-a9ca-4df2-ba6c-109647adbc4e,2023-03-13,Communication between departments could be improved.,Negative
d306ee3e-6008-44a5-8af2-a6ddb92baa30,0d78e902-c72a-4677-958f-4dde41205961,2026-05-24,The current management style is very supportive.,Positive
5fe173fc-6ada-4db6-a5e9-dbd6f8624d93,0d78e902-c72a-4677-958f-4dde41205961,2026-07-11,The current management style is very supportive.,Positive
7391a0ad-48fc-4cb4-9973-bf5427d36f30,0d78e902-c72a-4677-958f-4dde41205961,2026-04-04,I feel overlooked for promotions despite my hard work.,Negative
de776515-425b-419b-ac0b-b74f7a78e10c,f02e33b8-8bcb-477e-9a03-3bbd37ef8fdf,2023-02-22,I appreciate the continuous learning opportunities provided.,Positive
70223262-84cf-4e8e-b987-3e9c5a020ae0,f02e33b8-8bcb-477e-9a03-3bbd37ef8fdf,2026-02-14,The current management style is very supportive.,Positive
f298cd56-507c-49b5-8f7b-86ca1316ddfb,a9f566c2-a9a4-4b0e-afb2-4c4125f4ba08,2025-08-20,We need better tools to handle the increased workload.,Negative
466429bd-a591-4075-82a7-636024d21799,a9f566c2-a9a4-4b0e-afb2-4c4125f4ba08,2023-08-21,Sometimes I feel micromanaged by leadership.,Negative
4ed94102-97e8-47e0-a404-53127cc28d39,a9f566c2-a9a4-4b0e-afb2-4c4125f4ba08,2026-03-08,We need better tools to handle the increased workload.,Negative
64f7854b-cad5-4abc-9a77-99cd16e6ffe3,8d8cb1c6-1f6a-4815-a11d-3baec4df1695,2021-11-14,The current management style is very supportive.,Positive
f8943371-2158-49da-871b-9264fe7c5e94,8d8cb1c6-1f6a-4815-a11d-3baec4df1695,2021-05-10,I feel that I need more challenging projects to grow.,Neutral
ab35dfaf-3efd-4b79-b65e-7574aba5da7e,dc2f2071-afe8-4f69-9459-a079dd79b881,2025-03-15,I feel that I need more challenging projects to grow.,Neutral
1f1e6a09-a0ea-4ead-8277-36bfa9e90834,dc2f2071-afe8-4f69-9459-a079dd79b881,2024-03-09,The benefits package is competitive but could improve on health coverage.,Neutral
321a7b58-347f-4466-a681-85d91aca4b6a,046e35af-6ab1-4222-b895-20ed1a9a0929,2025-10-13,I appreciate the continuous learning opportunities provided.,Positive
2cbc5688-0f0e-4bfa-a479-90e9e5921837,046e35af-6ab1-4222-b895-20ed1a9a0929,2025-02-12,The current management style is very supportive.,Positive
4ae66a9d-4e83-432c-83f4-c71c1bc9502d,046e35af-6ab1-4222-b895-20ed1a9a0929,2024-01-17,We need better tools to handle the increased workload.,Negative
74e4c8f3-6f49-42fa-9f7e-6c10c2f7bf2e,9131cb47-86da-419b-91f1-52d7a19ba080,2025-08-06,"Great team environment, love working here.",Positive
a4473c3e-a868-4224-bed4-0f2aa2ccabc5,2a6b5956-5714-4011-af94-c006d7ae0691,2026-05-12,I feel overlooked for promotions despite my hard work.,Negative
ca20826e-9fa1-44ab-80ff-58d3c15bf40d,016f284a-3d20-4647-92ea-b6c3b0bc6b87,2025-10-16,I feel that I need more challenging projects to grow.,Neutral
1a73803d-e2ff-4de8-856b-b4d6262d9761,016f284a-3d20-4647-92ea-b6c3b0bc6b87,2026-07-05,Sometimes I feel micromanaged by leadership.,Negative
657c3ab1-17b3-48d7-8383-8be89de67b91,016f284a-3d20-4647-92ea-b6c3b0bc6b87,2026-02-01,Communication between departments could be improved.,Negative
c8a460f7-3842-4ac3-88a2-4f26205d839c,ebab6662-070a-419b-80c3-f194ddd1606d,2026-07-04,The benefits package is competitive but could improve on health coverage.,Neutral
5da4d46f-e346-4c3e-992d-d6ea2d7897d4,308320d8-7791-415d-b87b-187752b7fa44,2026-07-15,Communication between departments could be improved.,Negative
2bc66435-a0bc-4d63-91f4-de2bca62aa0f,308320d8-7791-415d-b87b-187752b7fa44,2026-07-12,The benefits package is competitive but could improve on health coverage.,Neutral
e2623114-383a-4539-b744-9e701077d7d0,503ae7cb-cdd6-4e41-a27a-3107bcb0ae91,2026-06-28,I appreciate the continuous learning opportunities provided.,Positive
17c1f848-7fe6-4d39-b14b-fa514047adf0,503ae7cb-cdd6-4e41-a27a-3107bcb0ae91,2026-01-26,Sometimes I feel micromanaged by leadership.,Negative
be774583-0943-4b55-9ea3-02a6f2007e2d,503ae7cb-cdd6-4e41-a27a-3107bcb0ae91,2023-02-24,I feel that I need more challenging projects to grow.,Neutral
ea7cfb90-1ec2-4e16-944e-754ba3175ec5,0a66f92a-039d-42b4-abef-c527a3f1157c,2024-08-13,"Great team environment, love working here.",Positive
1d3079d8-41a1-459a-bdd0-b41d9620e423,3414631f-ae1b-49cc-afab-39b96b9779ab,2025-03-07,"Great team environment, love working here.",Positive
acd101f0-6bde-48df-8639-8b686e8a13d1,3414631f-ae1b-49cc-afab-39b96b9779ab,2023-03-03,Sometimes I feel micromanaged by leadership.,Negative
30aa4876-6fbd-452c-bef6-e5c49c575232,3414631f-ae1b-49cc-afab-39b96b9779ab,2026-07-16,Communication between departments could be improved.,Negative
04ea018b-8507-44ed-bc4e-6d274fe16ad4,58ce0f3c-6201-4a45-b875-e5eff56a6ade,2019-12-02,The current management style is very supportive.,Positive
cabf16d3-dd40-4ca4-b9ca-a55252f8bb50,58ce0f3c-6201-4a45-b875-e5eff56a6ade,2017-08-18,We need better tools to handle the increased workload.,Negative
d2db31e8-f609-490a-b628-ab91521f11a5,79e1dc34-5e53-496b-9f4f-29f75c9e0a43,2020-06-05,Sometimes I feel micromanaged by leadership.,Negative
2cc66914-175f-498c-b3b6-5ad9014d5a5c,79e1dc34-5e53-496b-9f4f-29f75c9e0a43,2023-01-19,I am very happy with the recent changes in remote work policy.,Positive
2c838a01-41b1-4b8a-b412-1cecb7a3b572,8808d0d9-7b90-4482-8b99-e50164b8f1ca,2025-07-20,Sometimes I feel micromanaged by leadership.,Negative
335b23c6-1adb-4c09-a157-241998341a6e,8808d0d9-7b90-4482-8b99-e50164b8f1ca,2020-11-18,Sometimes I feel micromanaged by leadership.,Negative
c1615f8a-ae3e-4bc2-a60b-0c43dbec4188,a24f9987-1898-49ad-af10-29a8f40a92be,2024-07-08,I am very happy with the recent changes in remote work policy.,Positive
69ee354d-57e3-47da-9666-55e2f47bade1,1cf45958-68fd-4f04-8f79-b0756ad19915,2026-02-06,The current management style is very supportive.,Positive
7d63c338-ece6-4788-b910-7b6adcd50f86,c14d22eb-8000-4ea6-8b9a-f6b553849931,2016-03-15,I am very happy with the recent changes in remote work policy.,Positive
282f35df-767a-4616-ba7f-06fcd2c4fb8a,c14d22eb-8000-4ea6-8b9a-f6b553849931,2024-06-12,I feel overlooked for promotions despite my hard work.,Negative
3fd815a3-46b1-4114-bff9-8efa90381453,c14d22eb-8000-4ea6-8b9a-f6b553849931,2021-08-14,The current management style is very supportive.,Positive
aa59e2ba-bd67-4919-86e9-0371eb9da8ef,f414b8c5-935d-4617-9c96-beaf04dad2ac,2023-07-17,Sometimes I feel micromanaged by leadership.,Negative
0b30ecf0-3c64-456c-9490-08ace1dbd525,f414b8c5-935d-4617-9c96-beaf04dad2ac,2024-06-04,The benefits package is competitive but could improve on health coverage.,Neutral
bc3215a9-c2c9-4859-ad9a-3f498456337a,5fb10d36-f557-4dde-a1d2-0080bfa17fb4,2021-05-29,Sometimes I feel micromanaged by leadership.,Negative
5228d49b-a882-4b82-bde4-1ace7c911528,5fb10d36-f557-4dde-a1d2-0080bfa17fb4,2017-12-07,The benefits package is competitive but could improve on health coverage.,Neutral
4ca1e7de-a042-4cc0-97ea-c05115d9bc95,5fb10d36-f557-4dde-a1d2-0080bfa17fb4,2019-06-08,I feel overlooked for promotions despite my hard work.,Negative
e0a0e33b-76d0-4696-a109-09f392c53938,6ee03486-2af8-4fbf-98ab-16affaa26892,2026-03-21,I feel that I need more challenging projects to grow.,Neutral
3c55343a-dce4-4801-9151-53074ccee4e4,6ee03486-2af8-4fbf-98ab-16affaa26892,2022-09-07,I am very happy with the recent changes in remote work policy.,Positive
058129a4-7ef5-4390-896e-319d0a154a1b,f35713e7-6b72-4672-afa6-7e7266e0b9f2,2026-02-23,Sometimes I feel micromanaged by leadership.,Negative
ddff00ed-0037-4c66-a2ef-876d09fd24d7,f35713e7-6b72-4672-afa6-7e7266e0b9f2,2023-03-26,"Great team environment, love working here.",Positive
2c16d95d-776c-41b8-beb9-3bd8dc595ecd,55162126-9506-490e-94cb-3287f4a3d450,2024-12-28,The current management style is very supportive.,Positive
dc8684b9-c2ca-432d-a3a2-a958a8ef3442,55162126-9506-490e-94cb-3287f4a3d450,2025-06-08,"Great team environment, love working here.",Positive
4a731afb-2cea-4b17-85e9-34092c35a66d,55162126-9506-490e-94cb-3287f4a3d450,2025-05-26,I appreciate the continuous learning opportunities provided.,Positive
fd95938e-1e8f-4970-aa8f-5324cbf6dcb4,d9884cf9-07aa-47b6-8cb4-bec397be7d49,2024-06-12,The current management style is very supportive.,Positive
c5dc03da-ca51-4d9e-9e7a-71b0107c531b,2e80c806-da33-43ff-bdf8-c4f43f30b9ad,2021-04-18,"Great team environment, love working here.",Positive
667b9b32-51b8-4b08-9b22-fc0b664319fc,2e80c806-da33-43ff-bdf8-c4f43f30b9ad,2023-01-07,I feel overlooked for promotions despite my hard work.,Negative
20fcbb68-f6bb-4dce-85dc-27c43858fb3e,2e80c806-da33-43ff-bdf8-c4f43f30b9ad,2018-12-31,The benefits package is competitive but could improve on health coverage.,Neutral
52f41ef3-6cff-4f29-a49c-845d7d9227bb,589e3d5b-f608-44f8-aa82-0c9c2238abb5,2023-12-06,I appreciate the continuous learning opportunities provided.,Positive
e45a2f60-8207-40f3-b46f-524460f2951b,c00d5da4-bc6b-47cd-b7d9-69cccf1dc78b,2020-07-24,Communication between departments could be improved.,Negative
254097a5-3e23-4ff9-a145-9a09f3bc1235,c00d5da4-bc6b-47cd-b7d9-69cccf1dc78b,2023-11-25,I appreciate the continuous learning opportunities provided.,Positive
4c56506b-e553-47fa-a715-31c4bbd36a9f,c00d5da4-bc6b-47cd-b7d9-69cccf1dc78b,2018-11-10,I feel overlooked for promotions despite my hard work.,Negative
0805fe06-0e41-4d92-a254-80f88eafa5cc,ddaa2e49-da63-4c05-88b5-f27cebbc40a6,2023-07-20,Communication between departments could be improved.,Negative
ff22a405-b93c-45ea-b494-ea97d27d0b54,08a7cda2-e579-4162-9c9c-33978da5bbba,2026-06-02,I appreciate the continuous learning opportunities provided.,Positive
67aa25b2-8f6a-4351-9574-0013d7f81350,890e4121-29a8-40af-be09-14938bb3d3b4,2024-11-09,I appreciate the continuous learning opportunities provided.,Positive
c2599cd2-0a22-44f7-ac5d-d91fb6fc66d7,890e4121-29a8-40af-be09-14938bb3d3b4,2025-10-03,I am very happy with the recent changes in remote work policy.,Positive
4a376212-0d9d-42dc-93c4-0ef5031d9d5b,890e4121-29a8-40af-be09-14938bb3d3b4,2022-10-15,Sometimes I feel micromanaged by leadership.,Negative
7b28975a-23fe-426a-9551-7d2093ab3155,2442a6b9-f1af-48fb-8407-5b3e921c8fda,2025-11-16,I feel overlooked for promotions despite my hard work.,Negative
c20f807b-8da7-45ce-8e3c-6344546be581,2442a6b9-f1af-48fb-8407-5b3e921c8fda,2023-11-05,I feel overlooked for promotions despite my hard work.,Negative
b01d83cd-2949-401b-bf4a-7e917848dd64,e36500dc-1424-4a1d-b278-18f3d921302c,2025-12-16,Communication between departments could be improved.,Negative
4dc65ce2-7d71-4018-8a39-d55f2376faa6,e36500dc-1424-4a1d-b278-18f3d921302c,2025-08-24,I feel overlooked for promotions despite my hard work.,Negative
79ce4fc8-a2e1-4256-bd16-76e1ccc8be76,e36500dc-1424-4a1d-b278-18f3d921302c,2026-07-15,Communication between departments could be improved.,Negative
732c7534-d00a-4400-98ce-58a4a44c6f0b,253a8c43-5955-4509-9be4-ce79c6fb9fb8,2021-03-16,I feel that I need more challenging projects to grow.,Neutral
932ade3e-b51a-491a-b1a9-8484c636d822,253a8c43-5955-4509-9be4-ce79c6fb9fb8,2026-05-30,Sometimes I feel micromanaged by leadership.,Negative
037b0aac-bf4c-4991-9d4d-6619ac0ae769,3512e4b7-9720-45a6-bb9c-f0a8ffdab228,2020-09-12,Sometimes I feel micromanaged by leadership.,Negative
d2fd00a9-17a8-41c4-8263-3f26dc6204dd,3512e4b7-9720-45a6-bb9c-f0a8ffdab228,2025-05-16,The benefits package is competitive but could improve on health coverage.,Neutral
22d46865-dfae-4230-8b43-3c7e6a177973,3512e4b7-9720-45a6-bb9c-f0a8ffdab228,2019-05-28,The current management style is very supportive.,Positive
6b17969b-769b-44ec-92b4-49d87acc92e4,3f91b2b7-025c-4157-8493-e8226acdb09f,2018-08-27,I feel overlooked for promotions despite my hard work.,Negative
c667a5d0-258d-4e98-a2e5-292ad69ad254,5864f214-bd67-4c85-adaf-525b230f7695,2024-11-26,The current management style is very supportive.,Positive
6923c280-380e-44a4-b68e-a3441ab17f6f,4b6e8772-2736-40db-9bfb-e433ed3ce2dd,2026-06-18,Sometimes I feel micromanaged by leadership.,Negative
868f2345-5391-432b-a9d4-2948b98a704c,4b6e8772-2736-40db-9bfb-e433ed3ce2dd,2026-06-26,I am very happy with the recent changes in remote work policy.,Positive
4d58cf97-5c99-4a9e-aeef-5dc29d09c304,4b6e8772-2736-40db-9bfb-e433ed3ce2dd,2026-06-20,I feel overlooked for promotions despite my hard work.,Negative
4a1e3798-a35a-4fee-b755-0861c3094fd9,a9e19fee-2c87-4521-b4f0-ccee72963123,2025-03-02,We need better tools to handle the increased workload.,Negative
510c0e54-fe52-4959-9d8c-e075cd6786c9,a9e19fee-2c87-4521-b4f0-ccee72963123,2025-01-31,I am very happy with the recent changes in remote work policy.,Positive
ae6fd642-d0dc-4acc-b0fe-36bc9592349e,a9e19fee-2c87-4521-b4f0-ccee72963123,2026-01-29,Sometimes I feel micromanaged by leadership.,Negative
f820cbff-141c-4e77-9fa6-f97fce91510e,4177ef66-633c-47fa-bab3-e82fd01e57c1,2026-07-24,We need better tools to handle the increased workload.,Negative
8693ac6c-6853-4e3e-a702-afc688cdc32e,6fbc7052-7d9d-4191-b697-57b23536e423,2025-01-25,The current management style is very supportive.,Positive
e1c44256-838a-4bd0-ab53-2884987a47e7,6fbc7052-7d9d-4191-b697-57b23536e423,2025-02-04,I am very happy with the recent changes in remote work policy.,Positive
2f24613b-7ed2-4ccb-83af-5a9bacf7df78,6fbc7052-7d9d-4191-b697-57b23536e423,2026-06-26,We need better tools to handle the increased workload.,Negative
9d18f666-6aea-40e4-beb9-da5e7b4157d9,8042e115-f293-4d84-a3be-b9c143a94c75,2022-01-15,I feel overlooked for promotions despite my hard work.,Negative
ef032d73-8d4b-4c8f-b08e-5802e4e03ca5,8042e115-f293-4d84-a3be-b9c143a94c75,2022-07-29,We need better tools to handle the increased workload.,Negative
3be56aa2-66c8-4dc0-82cb-b7b2f56f1646,8042e115-f293-4d84-a3be-b9c143a94c75,2024-06-27,The benefits package is competitive but could improve on health coverage.,Neutral
2dae7598-795e-47f5-844e-472e59d2bcec,20a1548d-dd08-4a7c-90a7-089d991d8c37,2017-04-28,I feel that I need more challenging projects to grow.,Neutral
0ed5fe2b-34f9-42f8-9d23-4de6c845a9c9,20a1548d-dd08-4a7c-90a7-089d991d8c37,2019-04-29,The current management style is very supportive.,Positive
4bf97356-8370-408e-aeed-f3abf75e63fc,20a1548d-dd08-4a7c-90a7-089d991d8c37,2025-10-17,I feel overlooked for promotions despite my hard work.,Negative
941d09c2-88fa-40ba-94a7-484b28125e9c,a6fc367a-6616-4e03-a472-45d9373414fc,2026-06-23,The current management style is very supportive.,Positive
c7e7fb5b-7a08-4101-910e-165f1712c842,a6fc367a-6616-4e03-a472-45d9373414fc,2026-06-13,I feel that I need more challenging projects to grow.,Neutral
76896af7-7840-41eb-a812-f24f6e52a2c3,fe30f2a1-6b0f-4904-8d3f-3f8e3210e9aa,2024-07-27,"Great team environment, love working here.",Positive
9769253a-83af-45f7-9550-a52d7bf2edef,fe30f2a1-6b0f-4904-8d3f-3f8e3210e9aa,2024-10-21,I am very happy with the recent changes in remote work policy.,Positive
b252a3b0-3d9e-4c77-9ab6-f77da2c46703,fe30f2a1-6b0f-4904-8d3f-3f8e3210e9aa,2025-08-04,The current management style is very supportive.,Positive
e711e70c-4dc2-4767-9069-cb6aaf99ccf4,b8778e8e-6df6-48b8-81b7-d8bfeed50620,2024-03-22,Sometimes I feel micromanaged by leadership.,Negative
22c6bb30-a255-40d8-a267-e4ce87af5c56,57d83a62-d893-459e-998f-2c7ad992da6f,2020-02-09,The benefits package is competitive but could improve on health coverage.,Neutral
fbd0a62c-4ae9-49aa-8c37-6dbf9a314d44,57d83a62-d893-459e-998f-2c7ad992da6f,2020-03-25,Communication between departments could be improved.,Negative
88e73eae-fa7a-4cf6-82ce-945ab637d896,3a5ac978-f1f5-4ec8-b1e4-8f2e09361d7d,2024-05-03,"Great team environment, love working here.",Positive
5a2f16b5-d26f-4608-898f-75b6238bbf7d,3a5ac978-f1f5-4ec8-b1e4-8f2e09361d7d,2020-03-27,"Great team environment, love working here.",Positive
0414ee99-917b-41b2-bb9c-c65f77a333ca,3a5ac978-f1f5-4ec8-b1e4-8f2e09361d7d,2021-05-21,I feel that I need more challenging projects to grow.,Neutral
b2945938-a694-4289-aeed-28089fa2da87,aeb942b7-d0f3-4c4c-bbfe-b0ac96effcbb,2022-05-24,I appreciate the continuous learning opportunities provided.,Positive
288f597f-f441-4f80-bac3-12389d05facf,5673ebe7-bdf4-48c7-9937-e9875012e628,2026-07-21,I am very happy with the recent changes in remote work policy.,Positive
6a1fc64c-28a9-43ea-9912-7f5195b02842,9cbd56bb-a752-41ee-9183-80a1cbb27b38,2023-01-14,"Great team environment, love working here.",Positive
9d942a1f-da6a-4247-9b03-e91ab560e4e5,4d23052d-c019-4a6c-ba23-db32ec0e3943,2021-07-20,Communication between departments could be improved.,Negative
a389c610-bb1a-4e68-a541-2296975e7b18,0cbeae72-6e5c-4985-98e3-1aa23488844c,2023-03-26,I feel that I need more challenging projects to grow.,Neutral
92e4d533-4101-4543-9fca-cdbb5c10b549,0cbeae72-6e5c-4985-98e3-1aa23488844c,2019-12-19,Communication between departments could be improved.,Negative
2c145c72-9bdc-446b-80f1-12151c885a1e,0cbeae72-6e5c-4985-98e3-1aa23488844c,2018-04-13,We need better tools to handle the increased workload.,Negative
ca65ee30-88a6-46be-8e26-4b7bf206c0ef,098baf1c-1f33-4a85-b7fb-bca8560ce4be,2020-07-18,I am very happy with the recent changes in remote work policy.,Positive
5c959209-c214-4e84-8951-2b315afb34d4,098baf1c-1f33-4a85-b7fb-bca8560ce4be,2025-06-25,I feel overlooked for promotions despite my hard work.,Negative
7420514b-d246-4bb0-9dfb-dc564d9778cb,098baf1c-1f33-4a85-b7fb-bca8560ce4be,2018-06-03,I feel that I need more challenging projects to grow.,Neutral
1a224df4-e608-4dd1-b45e-d570c7ab8018,862ac4e8-dbb1-49a4-8710-4dbd4bd44a03,2026-06-04,The current management style is very supportive.,Positive
32ec8e22-5aee-4821-a2dc-39c518882b71,862ac4e8-dbb1-49a4-8710-4dbd4bd44a03,2023-10-29,We need better tools to handle the increased workload.,Negative
f4609f28-8613-4358-97b7-e25d4af385cc,862ac4e8-dbb1-49a4-8710-4dbd4bd44a03,2025-12-24,I am very happy with the recent changes in remote work policy.,Positive
198e4bc8-c605-42fd-a8e0-0004873ac204,27436aea-1e7d-4808-ac2d-ec95efb13c32,2023-11-20,I appreciate the continuous learning opportunities provided.,Positive
66a6bc12-6df8-4ad8-9677-f028230e227e,27436aea-1e7d-4808-ac2d-ec95efb13c32,2025-04-15,Communication between departments could be improved.,Negative
f2040792-8ed7-4a4e-8e1a-5e7beccc115c,bcb5d6e5-8ce5-4cba-a76d-2daa09746619,2026-04-02,The current management style is very supportive.,Positive
0120ef7a-6a07-470e-9823-a1c7c8da2a62,bcb5d6e5-8ce5-4cba-a76d-2daa09746619,2024-11-12,The current management style is very supportive.,Positive
10a11ab8-4e46-48ac-8005-aa85f627cefa,43178cb0-940a-4410-acf8-94df38642e42,2023-08-30,I feel that I need more challenging projects to grow.,Neutral
ce372820-ee8b-418f-8ae4-6ffd596ef038,43178cb0-940a-4410-acf8-94df38642e42,2025-12-07,I am very happy with the recent changes in remote work policy.,Positive
e2d04df2-dc9d-4f1f-81d4-c21f9bef00a9,43178cb0-940a-4410-acf8-94df38642e42,2024-03-18,We need better tools to handle the increased workload.,Negative
43951f9a-a301-4fd2-b5e9-afcbd709409b,354c0cd2-675d-465b-9f52-ff6c9d0d6bbd,2024-07-11,I feel that I need more challenging projects to grow.,Neutral
62db3d4c-9fe6-42ec-80b1-3fc681df8f33,354c0cd2-675d-465b-9f52-ff6c9d0d6bbd,2023-09-30,The current management style is very supportive.,Positive
a700e40d-a2ea-4fce-87e2-4685090e207c,6ce7acb7-5ada-46af-82ee-420413dd90f2,2015-12-23,I am very happy with the recent changes in remote work policy.,Positive
b9b366c0-2f43-411c-85f9-aaa7b40532f2,6ce7acb7-5ada-46af-82ee-420413dd90f2,2025-08-29,We need better tools to handle the increased workload.,Negative
952ce490-9235-4799-8730-fc2343250dc9,8c819dbf-da8e-493c-87d0-370d69ebab04,2023-07-02,We need better tools to handle the increased workload.,Negative
5c3f96ae-24df-47e2-9428-6d9a0525918e,8c819dbf-da8e-493c-87d0-370d69ebab04,2025-12-29,We need better tools to handle the increased workload.,Negative
afda17b3-823d-4d8f-a2ff-79fbcda0b360,c1011fa9-5bd8-41fe-b247-83b33758b3f8,2021-09-17,I feel that I need more challenging projects to grow.,Neutral
cb4294f9-0201-4da9-80bb-e53a6624c020,c1011fa9-5bd8-41fe-b247-83b33758b3f8,2022-11-13,We need better tools to handle the increased workload.,Negative
749c05ab-4ee7-4b26-ab7b-5e7909e09eba,4bdf25ba-e979-4111-9b2c-b86ec0431a63,2024-02-07,I feel overlooked for promotions despite my hard work.,Negative
5ed12bdf-310d-4fb3-aa5c-957f69424576,2b5a4332-2d72-47db-862a-ac862e49884a,2026-04-28,Sometimes I feel micromanaged by leadership.,Negative
dcbd6eda-83a4-4916-9129-d9a55daef8ef,6c93d1d3-dc9f-4d3d-b345-a21e3161771d,2025-03-16,The benefits package is competitive but could improve on health coverage.,Neutral
d6fd7260-d902-4029-a5f7-aabef0475436,6c93d1d3-dc9f-4d3d-b345-a21e3161771d,2025-05-29,The benefits package is competitive but could improve on health coverage.,Neutral
88801c61-4fb0-4e63-8c43-bd322c5a5872,a349958f-9995-4ebd-8a9a-ffcddeba301e,2026-05-21,"Great team environment, love working here.",Positive
caa37f07-dd76-49c4-a444-d97fc01c7f3d,4a50b556-ad7a-4e4b-babc-44df194b99df,2025-11-04,"Great team environment, love working here.",Positive
bb9c6570-ed87-474d-ba73-9251900589c4,4a50b556-ad7a-4e4b-babc-44df194b99df,2024-04-26,I feel overlooked for promotions despite my hard work.,Negative
721bb41a-3985-483e-b842-96b2c3e0d7a3,d030a013-cc6a-476a-8d24-e757a1a7dc67,2020-03-11,I feel overlooked for promotions despite my hard work.,Negative
830a0097-5af2-4f1a-a1bb-94d6685845b5,d030a013-cc6a-476a-8d24-e757a1a7dc67,2022-06-24,"Great team environment, love working here.",Positive
29a94f3b-364a-431f-a4c0-87f25b5761a7,d030a013-cc6a-476a-8d24-e757a1a7dc67,2022-04-02,"Great team environment, love working here.",Positive
53f12221-3bc3-4ed5-b7f9-153052a2f5d3,ffa96281-c391-4f28-ac27-c6fa8aae27d9,2024-06-18,The benefits package is competitive but could improve on health coverage.,Neutral
09873f51-ac0e-46d4-a72b-e41c945df113,8e7a1f6e-f5cc-41a2-befd-38b6e47516e8,2025-09-01,Communication between departments could be improved.,Negative
07ec0c23-1ba2-4b80-a9af-85debe2ab910,8ca3eba9-316c-4027-a5ad-0ba0ce4e42a8,2020-09-08,I am very happy with the recent changes in remote work policy.,Positive
8fa05e30-7dea-445e-b89f-8a381319086c,8ca3eba9-316c-4027-a5ad-0ba0ce4e42a8,2024-04-27,We need better tools to handle the increased workload.,Negative
a4d1ffb2-5ce3-40fa-bf45-dcca056d24d5,a9446d58-c4dc-4cee-afde-5d85d663e9d3,2022-07-14,Sometimes I feel micromanaged by leadership.,Negative
d53b0d73-dd17-47fc-8102-febc595ad8f2,a9446d58-c4dc-4cee-afde-5d85d663e9d3,2025-12-25,I appreciate the continuous learning opportunities provided.,Positive
dd58b9bd-14b0-4daa-a2c5-ec5316945d70,3b3e8c20-735f-4539-a33e-4ebf50191aaa,2025-06-07,Communication between departments could be improved.,Negative
dcf3588e-3815-4ec5-9381-91e57d374a61,5db818af-461a-49e1-9ad2-53844f8c5020,2026-07-14,I feel overlooked for promotions despite my hard work.,Negative
f1270d89-1f88-4403-a0cd-e208d3606cfc,da7ffe0c-d0b6-4b66-bbea-ca3261e1cf87,2019-08-18,We need better tools to handle the increased workload.,Negative
0db173cf-2511-4b52-9d06-53306ee82603,8866cbb3-d703-4d0f-bd06-80490a70b4e3,2026-05-23,Communication between departments could be improved.,Negative
84fa63bf-0217-4596-a75c-fe90dde02b2c,8866cbb3-d703-4d0f-bd06-80490a70b4e3,2025-06-09,We need better tools to handle the increased workload.,Negative
a4f36ffb-4ebb-4284-ab19-d324c2ea6de9,8866cbb3-d703-4d0f-bd06-80490a70b4e3,2023-12-04,We need better tools to handle the increased workload.,Negative
ad76a46a-1815-4779-b388-ef9b27d9d366,947198b7-2986-4829-8eab-15262ce6c062,2022-01-18,I feel overlooked for promotions despite my hard work.,Negative
344f548e-bb78-418b-a2d1-b2f484ad2cd1,947198b7-2986-4829-8eab-15262ce6c062,2021-08-02,Communication between departments could be improved.,Negative
d1c9f7f3-f070-439e-8185-7bceb7500425,ccd3136b-a8b0-4e40-a9fb-2366fc97eadb,2017-10-12,We need better tools to handle the increased workload.,Negative
18d12163-1aab-4ae5-a448-56056f6596e3,429848c8-cd28-492f-8454-699dbfc7abb8,2026-07-24,The benefits package is competitive but could improve on health coverage.,Neutral
c0bc8003-a814-433a-8967-170f055082fb,429848c8-cd28-492f-8454-699dbfc7abb8,2026-07-13,Sometimes I feel micromanaged by leadership.,Negative
0d37dcc0-78f7-4e79-9ec2-20ec86b96891,429848c8-cd28-492f-8454-699dbfc7abb8,2026-07-04,The benefits package is competitive but could improve on health coverage.,Neutral
1d83e641-7746-438c-b80c-05489f4680e1,796e0429-995b-450c-adab-1b28cafc3025,2022-08-06,I am very happy with the recent changes in remote work policy.,Positive
f5120508-41c9-42e0-a8c2-04e457a0a038,18f82e30-63ee-49c7-8ea4-b6713c249b73,2026-01-24,We need better tools to handle the increased workload.,Negative
4937b1ee-0ef8-4254-8ae0-ddb53397cdc4,18f82e30-63ee-49c7-8ea4-b6713c249b73,2026-07-01,The benefits package is competitive but could improve on health coverage.,Neutral
63aea385-ba22-4d6b-9969-6494ac3f72e9,dca44805-44b0-4a77-aaf7-0737e193bc50,2025-11-06,I am very happy with the recent changes in remote work policy.,Positive
9462466f-c944-4932-81a6-2d8b870aba0e,dca44805-44b0-4a77-aaf7-0737e193bc50,2025-01-20,Sometimes I feel micromanaged by leadership.,Negative
5240f6f3-0398-4743-b205-e471037ec0ce,dca44805-44b0-4a77-aaf7-0737e193bc50,2026-05-13,The current management style is very supportive.,Positive
1736a117-a742-4c7f-bbb9-a3b72a76b865,e51631cf-9308-4ea8-b472-c767c11e3cfb,2023-06-28,Sometimes I feel micromanaged by leadership.,Negative
635ec442-3a4a-48ec-95f7-67470c549f6a,d5bbae0b-f39f-4e92-8297-a44e20bbf5a2,2023-05-18,Communication between departments could be improved.,Negative
14cee221-092e-4aa3-818c-1f1dd0ce0b70,d5bbae0b-f39f-4e92-8297-a44e20bbf5a2,2023-07-04,I appreciate the continuous learning opportunities provided.,Positive
be6ba1da-36f5-4200-b417-b5e5111cc775,d5bbae0b-f39f-4e92-8297-a44e20bbf5a2,2025-08-27,I feel that I need more challenging projects to grow.,Neutral
10627968-4058-427b-9cf7-d595a57cd5c4,ddf3eb62-90b6-4c34-8f84-324b19df8299,2025-06-11,We need better tools to handle the increased workload.,Negative
6956c70d-4448-4baa-93fd-d8ab7b129bd8,801b2cfb-4bcd-491f-a149-9bacae60561c,2025-03-09,Communication between departments could be improved.,Negative
d2640935-e760-4080-84ac-ddcd522835a8,801b2cfb-4bcd-491f-a149-9bacae60561c,2026-07-19,I am very happy with the recent changes in remote work policy.,Positive
784ae3b2-d927-46c5-98d5-821c3d5332c9,0485a9cc-c4c4-4738-bb60-b6639ad97c66,2018-07-12,The benefits package is competitive but could improve on health coverage.,Neutral
66e58e58-ec17-4df4-a4b7-6ad1eac39060,0485a9cc-c4c4-4738-bb60-b6639ad97c66,2019-12-03,I am very happy with the recent changes in remote work policy.,Positive
6985b55c-a24c-4d91-9104-e1f151be4c3a,0485a9cc-c4c4-4738-bb60-b6639ad97c66,2022-06-29,I feel overlooked for promotions despite my hard work.,Negative
b1925d6c-9a28-4aec-bbda-7ca6adab0935,4f5a3934-b6fd-47eb-ab9a-f3abbf415dc5,2023-12-18,I feel overlooked for promotions despite my hard work.,Negative
02a321b4-e4dd-49d3-b287-73242f8ef44c,4f5a3934-b6fd-47eb-ab9a-f3abbf415dc5,2023-08-01,We need better tools to handle the increased workload.,Negative
d64ed711-5104-49ca-b444-fc4da2ef83b8,5f571e5c-3906-4785-9056-cff3151f260d,2019-11-22,The benefits package is competitive but could improve on health coverage.,Neutral
22f0194b-df6b-4727-9f24-14265ce16fed,5f571e5c-3906-4785-9056-cff3151f260d,2021-12-28,I feel that I need more challenging projects to grow.,Neutral
e9dcbb16-793a-4602-8e2f-b7fc018fc53c,03797b76-30cb-4436-adb7-3ffe929f9f7c,2024-10-06,We need better tools to handle the increased workload.,Negative
9ee359da-4045-4254-9257-2b8364364259,a1318682-7d4c-439b-ac05-3df33d1f6ec5,2026-06-23,I feel that I need more challenging projects to grow.,Neutral
c7de0c91-8a6b-451d-b671-2677ccf24db6,2bc5c1c7-f8c8-4dd3-8cb4-0d495800cf4f,2022-08-11,I feel overlooked for promotions despite my hard work.,Negative
2b1b52fd-6b99-4f06-a186-670e38bf7a5c,17d812af-66f7-4302-800a-b2ace260ac4d,2025-05-14,I appreciate the continuous learning opportunities provided.,Positive
cf49ed14-0a59-43df-b03f-94bb3c61bc60,17d812af-66f7-4302-800a-b2ace260ac4d,2026-05-02,The current management style is very supportive.,Positive
b0604042-c8b8-4d8e-9017-69ae8cde4eaa,2012b0de-fb43-49a5-8afb-1f88f45cb098,2020-11-22,Sometimes I feel micromanaged by leadership.,Negative
0fd95c01-a5fd-4954-9934-a97b362775b7,2012b0de-fb43-49a5-8afb-1f88f45cb098,2024-10-02,We need better tools to handle the increased workload.,Negative
1360506e-9758-47cf-8ec8-600817763f77,2862e575-02a4-4a54-b3e9-708ba50c7772,2026-05-14,Sometimes I feel micromanaged by leadership.,Negative
8e4ac8d8-0909-450f-b2b0-274b9b2cfa8d,2862e575-02a4-4a54-b3e9-708ba50c7772,2026-03-23,We need better tools to handle the increased workload.,Negative
8d1e865b-e409-4b28-bead-48f4f271f800,2862e575-02a4-4a54-b3e9-708ba50c7772,2026-07-01,We need better tools to handle the increased workload.,Negative
266c9bee-f673-4388-849f-bea88e0dcd33,3dd364a4-5734-4dcd-9a0b-607de8475acd,2023-03-31,The benefits package is competitive but could improve on health coverage.,Neutral
47c7fcc7-1875-4dd1-a97a-07b9772b4576,3dd364a4-5734-4dcd-9a0b-607de8475acd,2018-04-20,"Great team environment, love working here.",Positive
8bf5d492-7023-4f87-87d0-2702b268a8bd,4449119f-286a-4ffe-95b0-0e05059bf99d,2023-12-07,I appreciate the continuous learning opportunities provided.,Positive
e66eb3b6-cc2e-4a9c-baa7-40d4480b8f3b,4449119f-286a-4ffe-95b0-0e05059bf99d,2019-11-27,The current management style is very supportive.,Positive
8cead2fb-b4cc-4769-aee2-85294c9727ef,06fb6a9e-35be-4e0b-89eb-4f9c6cfccc24,2023-11-28,I feel that I need more challenging projects to grow.,Neutral
216439ab-c6bb-4710-b991-de2ada92bd4c,06fb6a9e-35be-4e0b-89eb-4f9c6cfccc24,2026-06-27,Sometimes I feel micromanaged by leadership.,Negative
27b14d7e-9bc0-494a-b694-7ff7ea0476f9,08db2da4-e542-4ee4-94eb-3a93c37bb289,2024-09-09,Communication between departments could be improved.,Negative
54f6196e-d9aa-457a-856c-11b779a45051,08db2da4-e542-4ee4-94eb-3a93c37bb289,2022-08-23,Communication between departments could be improved.,Negative
5f976104-d78e-438c-9b24-f318143a5191,08db2da4-e542-4ee4-94eb-3a93c37bb289,2022-03-16,We need better tools to handle the increased workload.,Negative
e75ef5cc-fc8b-4060-964d-5a4256cad22e,1ba05307-5caf-443a-a581-a70f88a6364d,2020-10-17,Communication between departments could be improved.,Negative
3f98d743-a382-49e2-87ff-764d7f994ee0,6ca9ad67-edae-4731-adc1-0d6444722d3d,2025-12-02,I feel overlooked for promotions despite my hard work.,Negative
3bf0edb0-f50a-495f-a5b2-9e2504506b44,6ca9ad67-edae-4731-adc1-0d6444722d3d,2026-01-30,The benefits package is competitive but could improve on health coverage.,Neutral
ae1dd60c-b562-49a6-a679-d87b431d0fd6,6ca9ad67-edae-4731-adc1-0d6444722d3d,2025-02-20,"Great team environment, love working here.",Positive
12fdc7de-db09-4d65-8bd8-ed1cbe0a1138,22170799-9053-4733-9654-7378628f4209,2026-07-20,The current management style is very supportive.,Positive
50df9ddc-d67b-455d-a9b1-bbc693d2fa94,22170799-9053-4733-9654-7378628f4209,2026-07-25,We need better tools to handle the increased workload.,Negative
c9523791-a573-44c6-993e-d8d2c52476cf,67a131a5-b2b0-41c1-83eb-9874e75492dd,2020-11-09,"Great team environment, love working here.",Positive
8da5ce8c-5437-4c43-8638-a8cb48ad8059,67a131a5-b2b0-41c1-83eb-9874e75492dd,2023-02-13,I appreciate the continuous learning opportunities provided.,Positive
01dbfd28-bf02-4308-ae47-d9ba33e7b840,c3693754-7f9b-42fd-af40-5d54945ac8e5,2025-11-06,I feel that I need more challenging projects to grow.,Neutral
b204aec9-9745-426c-a94f-a22bb67036af,c3693754-7f9b-42fd-af40-5d54945ac8e5,2026-03-21,"Great team environment, love working here.",Positive
bec2630c-b69e-4a5d-a59d-d7a61274606f,c36b8fbe-0e9a-4a2a-a7ff-636b2fd86998,2021-06-09,Sometimes I feel micromanaged by leadership.,Negative
6b0cb908-be8a-4ac7-9e62-9d09e5c14fd1,c36b8fbe-0e9a-4a2a-a7ff-636b2fd86998,2019-06-03,I feel overlooked for promotions despite my hard work.,Negative
72d8f79b-f5d2-45bb-992f-67a5eec949dc,6edc4538-c811-487e-9762-b5456f1d16cf,2018-02-12,I appreciate the continuous learning opportunities provided.,Positive
ed105bf1-4b31-4719-946e-e0e0acf8ce39,59409e75-955a-4f0c-a333-9a5b1cca5271,2025-05-20,The current management style is very supportive.,Positive
cbf26831-3700-4e39-be93-3c9aff942009,e9cd4285-65c2-4d43-ba90-d3c964add09e,2023-09-16,I feel overlooked for promotions despite my hard work.,Negative
a1234839-9662-4936-95a2-0ba06430aa83,d513d3d8-13f1-4471-890f-32be1cda5b89,2022-08-15,I am very happy with the recent changes in remote work policy.,Positive
2d036a23-ed89-44ae-b64c-5c7878f28150,d513d3d8-13f1-4471-890f-32be1cda5b89,2024-08-07,Sometimes I feel micromanaged by leadership.,Negative
a30df7de-c13a-48ff-820e-4c965881caaa,d513d3d8-13f1-4471-890f-32be1cda5b89,2026-01-15,The current management style is very supportive.,Positive
3e0f94f0-c0dd-4307-99e8-8077215889a2,a0f7abf7-6d0f-4d29-a293-0ea2c6eaa311,2023-11-01,"Great team environment, love working here.",Positive
e0ff3994-5e53-404c-bba8-fcfa8f277041,a0f7abf7-6d0f-4d29-a293-0ea2c6eaa311,2021-09-14,I feel that I need more challenging projects to grow.,Neutral
d5fb9faf-81e7-41e3-bf83-b512338a6c64,a0f7abf7-6d0f-4d29-a293-0ea2c6eaa311,2025-04-03,We need better tools to handle the increased workload.,Negative
28088b76-6b95-4190-a281-aa176dfef24c,f6926359-1d44-441d-82ac-52d6fafe6ffb,2025-10-19,Communication between departments could be improved.,Negative
3e583521-1bdd-4df3-8c43-8c49cbfdfb75,f6926359-1d44-441d-82ac-52d6fafe6ffb,2025-12-02,"Great team environment, love working here.",Positive
45536361-4a24-4fd6-8094-7db5d7927c3f,f6926359-1d44-441d-82ac-52d6fafe6ffb,2026-02-24,I appreciate the continuous learning opportunities provided.,Positive
bf220881-a4dd-47c8-bc37-04ad81c9ae9b,caf20963-6884-4324-9ae1-121cfd8b707b,2026-07-18,The current management style is very supportive.,Positive
f7cf6170-a494-4227-a70e-932b36615221,caf20963-6884-4324-9ae1-121cfd8b707b,2026-07-14,I appreciate the continuous learning opportunities provided.,Positive
adf6e647-d09f-485f-9fb4-ba78ed9dcb50,74f31779-8175-4423-8101-2e8651d02888,2022-04-05,The current management style is very supportive.,Positive
e5e5f405-2295-4b4e-a04b-76bfeda8ed3d,74f31779-8175-4423-8101-2e8651d02888,2024-08-04,We need better tools to handle the increased workload.,Negative
0c9dd001-1ee1-4ec1-b6a5-f10f0843474b,59b43397-40f4-46ef-9a3c-961054e8edd4,2021-04-22,Sometimes I feel micromanaged by leadership.,Negative
c80e3977-609d-4b7d-b022-2cb29fe7222e,59b43397-40f4-46ef-9a3c-961054e8edd4,2023-10-30,"Great team environment, love working here.",Positive
97c566a6-6049-4419-9e87-a3d9a80f6dc5,5d642bfb-38f3-461a-8697-02f6916bdc66,2023-08-05,We need better tools to handle the increased workload.,Negative
5c6c555e-27eb-488b-875c-bba8e9a91f5b,5d642bfb-38f3-461a-8697-02f6916bdc66,2026-02-16,The benefits package is competitive but could improve on health coverage.,Neutral
291395dc-7c71-4ce6-8408-78b19b106ee5,ab352517-fd30-45cd-a1e4-83224425360e,2025-12-20,The benefits package is competitive but could improve on health coverage.,Neutral
02da4c5f-eb59-4a73-8891-375a9bb5b49e,ca4c8fff-17ec-4f37-8d03-243e495f2425,2021-03-26,Communication between departments could be improved.,Negative
b1dd8886-76ef-4f34-92a9-63c2e1709f89,ca4c8fff-17ec-4f37-8d03-243e495f2425,2023-08-02,I feel overlooked for promotions despite my hard work.,Negative
423ef982-f692-4be8-bcc3-9cd67bb5dd02,bad8616d-3035-43cf-95e4-301586a2e938,2026-02-18,The current management style is very supportive.,Positive
4b57b192-dda1-4dc3-bfca-b155542c99fd,bad8616d-3035-43cf-95e4-301586a2e938,2026-03-10,"Great team environment, love working here.",Positive
eb7eb442-bf6d-4ecd-b2fd-ffbbc0d92a00,124c9d34-d7d3-4da4-8a46-f70e95c69c1a,2024-01-14,I feel overlooked for promotions despite my hard work.,Negative
db3de17c-cc50-478c-9587-8c97c5e4ee11,124c9d34-d7d3-4da4-8a46-f70e95c69c1a,2026-01-16,I feel that I need more challenging projects to grow.,Neutral
f017ef9b-f085-43b2-8720-8acb3a00c2ab,c6aa2336-cb3b-413e-8f49-a8e1dac1c429,2026-04-04,I am very happy with the recent changes in remote work policy.,Positive
28508869-c31f-40d2-9d79-8c9e8c9a6cb0,c6aa2336-cb3b-413e-8f49-a8e1dac1c429,2026-06-24,I feel overlooked for promotions despite my hard work.,Negative
9bf02f62-f209-441a-be13-0d69f334c2e6,1679bbb4-ae3e-43d0-8f11-b417511ef735,2019-07-01,"Great team environment, love working here.",Positive
17046b39-e501-40f8-9810-fca8a35708f8,1679bbb4-ae3e-43d0-8f11-b417511ef735,2020-05-10,"Great team environment, love working here.",Positive
f5bd5e2b-8b26-46c6-9d0b-d522b8c0c39e,e43514d6-0604-4a48-af9e-cf34f3ecc86f,2017-07-15,I feel overlooked for promotions despite my hard work.,Negative
b17258a2-7868-4fd5-8f2e-487d054c1894,5e97cd2d-7c1b-4c60-973f-3ac6861199dc,2026-06-09,I feel overlooked for promotions despite my hard work.,Negative
a3bf5444-dc58-41c4-8f55-8c2e3bc870e4,5e97cd2d-7c1b-4c60-973f-3ac6861199dc,2025-01-17,I feel that I need more challenging projects to grow.,Neutral
34f59434-baf8-42e3-ab3c-f73738f23db7,7b8bc369-beb3-4bee-a81f-8057dc636860,2025-07-18,I appreciate the continuous learning opportunities provided.,Positive
5c0a23e5-1f08-4b0f-a899-525992469c5f,7b8bc369-beb3-4bee-a81f-8057dc636860,2023-08-12,Communication between departments could be improved.,Negative
48cbdb3a-7acf-4691-bd86-e558b65873ae,7b8bc369-beb3-4bee-a81f-8057dc636860,2025-02-12,Communication between departments could be improved.,Negative
ebab5d19-26a5-499e-9ed6-c55e6e667910,0543cfec-58b5-4d8a-8ac0-667dcb3f6374,2018-01-23,I feel overlooked for promotions despite my hard work.,Negative
2571cee8-ed50-4c4e-82f4-d7f7b136e493,0543cfec-58b5-4d8a-8ac0-667dcb3f6374,2017-08-12,The current management style is very supportive.,Positive
011feacd-1159-4f99-8d42-78a5ee411a16,1cb1ab85-6997-4c35-beaf-6cec62c9089e,2020-01-03,The benefits package is competitive but could improve on health coverage.,Neutral
2ac8ccfc-f88e-4991-b9fb-6def2ef7aeee,1cb1ab85-6997-4c35-beaf-6cec62c9089e,2016-06-29,The benefits package is competitive but could improve on health coverage.,Neutral
a814fb0d-4d69-4374-8cf3-a53daac7efbd,1cb1ab85-6997-4c35-beaf-6cec62c9089e,2025-08-15,Sometimes I feel micromanaged by leadership.,Negative
e2af880f-1c98-46d9-8382-ba8de55697fe,b07439a2-8f08-4bee-8419-c573a8d5f211,2026-06-07,Communication between departments could be improved.,Negative
61da936e-70dd-4c52-92ac-a5bc3c7517a1,b07439a2-8f08-4bee-8419-c573a8d5f211,2025-08-11,Communication between departments could be improved.,Negative
cefc258f-339a-4a9c-bb1a-fde195284ac0,b07439a2-8f08-4bee-8419-c573a8d5f211,2026-06-27,Communication between departments could be improved.,Negative
b7292d57-2764-4fef-84b2-d9cd5f62ab64,e00a65be-9b4c-4aa1-96a7-d1cdf12cc7fd,2023-11-26,I feel overlooked for promotions despite my hard work.,Negative
7fbf724e-dd4f-4b25-b373-b031e84fc59b,57262fdd-7f8b-4a74-b43b-8b6832a6e6ba,2023-06-28,Communication between departments could be improved.,Negative
caeeeda0-bbb6-49cc-9cc2-184ecd51f334,ff7b321e-6064-405c-960a-95fde8a159bd,2026-07-09,The current management style is very supportive.,Positive
51c97e2b-84c2-4e54-a7bc-b0cb1f963ebe,ff7b321e-6064-405c-960a-95fde8a159bd,2026-06-29,I appreciate the continuous learning opportunities provided.,Positive
72a49dff-f000-4302-903d-4b77e25b09ec,ff7b321e-6064-405c-960a-95fde8a159bd,2026-07-17,I feel that I need more challenging projects to grow.,Neutral
430898df-5607-4b5a-abe2-02434d732948,a0afb9c9-3e5a-4c33-81ea-cc24ca296d5c,2023-02-05,"Great team environment, love working here.",Positive
b107c92c-fbc8-4392-a41b-622772d2bf3f,e110f9cc-0ac9-4ad5-bfa3-e089fb8d61e2,2024-08-09,I feel that I need more challenging projects to grow.,Neutral
00fc2cfe-e03f-477a-b418-d37b8cfc3a6a,e110f9cc-0ac9-4ad5-bfa3-e089fb8d61e2,2024-11-18,I feel overlooked for promotions despite my hard work.,Negative
7721df62-9978-48dc-bbec-c16ff99e96bb,e110f9cc-0ac9-4ad5-bfa3-e089fb8d61e2,2025-05-03,I am very happy with the recent changes in remote work policy.,Positive
01a3cda1-9492-4f02-a5c2-3529659465cb,a7f89431-2305-4184-b3f2-f077904bf32d,2026-05-04,I appreciate the continuous learning opportunities provided.,Positive
0d2d1dd6-ff19-41c8-b02d-dca9051d1b4d,a7f89431-2305-4184-b3f2-f077904bf32d,2025-03-30,We need better tools to handle the increased workload.,Negative
1ebb793d-c57c-4243-98b6-2063775dc0b7,daa279c4-cfbb-4edc-b097-41b95bc02f98,2026-06-14,Communication between departments could be improved.,Negative
1206e6fd-c9b6-4ad0-a491-1878f0a9fd0e,daa279c4-cfbb-4edc-b097-41b95bc02f98,2026-01-04,The benefits package is competitive but could improve on health coverage.,Neutral
a3f3d6b0-9ac9-4f7c-9ac4-4f95de851753,daa279c4-cfbb-4edc-b097-41b95bc02f98,2026-03-15,The benefits package is competitive but could improve on health coverage.,Neutral
45483083-9d6b-4660-8508-0a5e9320a684,a6ca71af-68b1-4696-9cc0-c12f68153e39,2026-05-02,We need better tools to handle the increased workload.,Negative
925ef74a-d132-46da-a9f2-5276fd7c695e,a6ca71af-68b1-4696-9cc0-c12f68153e39,2021-07-20,"Great team environment, love working here.",Positive
6b01da1f-27df-4a50-b097-f8a27a6a9314,5a185440-7aff-4a66-b376-2c7770531bc7,2024-02-29,The current management style is very supportive.,Positive
110db67c-add6-4a79-ae2d-9b821b1b6698,5a185440-7aff-4a66-b376-2c7770531bc7,2024-07-12,I am very happy with the recent changes in remote work policy.,Positive
d4f0c893-e04e-4c04-80ad-741f9008671d,5a185440-7aff-4a66-b376-2c7770531bc7,2023-08-29,I am very happy with the recent changes in remote work policy.,Positive
d9cac5f4-1b83-48c6-80b0-a9f1a948434b,831a1a12-6644-49fa-a611-0f1b00c642da,2025-06-07,"Great team environment, love working here.",Positive
f0423a44-83e8-4bc3-bb2a-124d89a3ed68,539d1f79-5ab4-4900-bc64-e210bc9f2118,2023-05-26,I feel that I need more challenging projects to grow.,Neutral
76ab882a-7c17-47e1-a824-fb34d29564ed,539d1f79-5ab4-4900-bc64-e210bc9f2118,2025-01-09,I appreciate the continuous learning opportunities provided.,Positive
296021a7-73d3-475e-a8ef-c58720ca631b,ec555724-228c-49e1-8674-72533809aff2,2025-04-04,We need better tools to handle the increased workload.,Negative
ab514842-a617-4652-9bc7-18f7a4bc0421,ec555724-228c-49e1-8674-72533809aff2,2019-03-13,The current management style is very supportive.,Positive
4f5a234a-cbf0-48d7-83fb-8d98d5c12436,19f19a9e-1840-48d3-ab90-16b8eb779f27,2026-04-07,The current management style is very supportive.,Positive
2f4f487c-f732-471f-818d-8ed18ada4616,19f19a9e-1840-48d3-ab90-16b8eb779f27,2026-07-22,The benefits package is competitive but could improve on health coverage.,Neutral
cfb40d90-72b2-4c97-ad89-e4fbea1ee12b,19f19a9e-1840-48d3-ab90-16b8eb779f27,2025-04-22,I feel that I need more challenging projects to grow.,Neutral
d13ae13d-ac3c-436e-80c1-767ef78f8d25,5cd035d9-1dbd-4346-9fcf-a5c81cf7c301,2025-07-16,Communication between departments could be improved.,Negative
0dbb961a-a057-4fd5-9595-a85eb9e63957,5cd035d9-1dbd-4346-9fcf-a5c81cf7c301,2024-04-24,I am very happy with the recent changes in remote work policy.,Positive
c038a24c-ddb3-4e20-9bee-523348116ac8,5cd035d9-1dbd-4346-9fcf-a5c81cf7c301,2022-07-26,I am very happy with the recent changes in remote work policy.,Positive
9bc508cc-6c76-497b-a77e-18d97a9bec0d,275ba9b5-5f17-47ee-9e8a-c568dc0689f1,2026-05-11,I feel overlooked for promotions despite my hard work.,Negative
c77f977f-1212-40c7-8663-245c9a184ac7,e8cadb6c-9e41-491f-8692-78b5892e70d0,2026-03-04,I feel that I need more challenging projects to grow.,Neutral
29125f01-d358-4192-ab66-f5ec9d79e806,e8cadb6c-9e41-491f-8692-78b5892e70d0,2025-04-28,I feel that I need more challenging projects to grow.,Neutral
356d391c-d42a-4c92-866d-d16bc126aa2f,149c954a-3c5a-4056-bc1f-503d0f0190c5,2021-02-25,The current management style is very supportive.,Positive
0d72559f-5a6f-4ac5-81fe-2fb23369cd7a,149c954a-3c5a-4056-bc1f-503d0f0190c5,2022-11-30,I feel overlooked for promotions despite my hard work.,Negative
138285f8-62ae-42dc-ba77-b0fd1773324a,149c954a-3c5a-4056-bc1f-503d0f0190c5,2025-02-12,"Great team environment, love working here.",Positive
57657834-a1a8-4cda-94d2-2f718f4a937c,e2e8de44-faba-493d-91a7-1d2f7919cc7c,2026-06-08,The benefits package is competitive but could improve on health coverage.,Neutral
f18c4ee6-09ad-4626-8996-61d22cfba0ce,e2e8de44-faba-493d-91a7-1d2f7919cc7c,2026-06-19,We need better tools to handle the increased workload.,Negative
7b73f87e-1b0b-4046-b450-7ee641798531,e2e8de44-faba-493d-91a7-1d2f7919cc7c,2026-07-06,The benefits package is competitive but could improve on health coverage.,Neutral
e07f5586-d07b-443f-a791-f2a3995029db,12f5959d-7d5d-41ff-8a1d-e658b7a9aa73,2025-03-22,Sometimes I feel micromanaged by leadership.,Negative
8d1629a1-161c-4576-93ad-14c6f324e7c7,12f5959d-7d5d-41ff-8a1d-e658b7a9aa73,2024-01-15,I feel that I need more challenging projects to grow.,Neutral
e0b43007-4588-4ef4-bf5c-e07c29d5e0d1,12f5959d-7d5d-41ff-8a1d-e658b7a9aa73,2024-05-03,I appreciate the continuous learning opportunities provided.,Positive
05a2f724-a0a3-402b-9417-004bb920de42,41d1529e-759b-4d8e-80d2-0037ce2dcf42,2026-04-16,Sometimes I feel micromanaged by leadership.,Negative
f4882c11-e655-488b-864c-cf3c2a2acb40,41d1529e-759b-4d8e-80d2-0037ce2dcf42,2026-04-08,I feel that I need more challenging projects to grow.,Neutral
29e991f6-856c-47c1-b75a-f54c71a06418,f9d29a40-46b3-4fa0-81a6-2a9d06f86248,2026-01-10,I am very happy with the recent changes in remote work policy.,Positive
cd31c22b-cfb5-4153-8359-4375fe19e152,8096ca20-1182-4ba3-a7a1-71c6d9921302,2026-03-08,We need better tools to handle the increased workload.,Negative
9673fa67-6ff2-4c4e-9535-75b2a8ed8ccc,8096ca20-1182-4ba3-a7a1-71c6d9921302,2024-10-02,Sometimes I feel micromanaged by leadership.,Negative
993a5a98-f2c0-440a-8892-387e9813623d,e0b16672-0926-4c08-89ba-bf8c920ec5a5,2021-12-20,We need better tools to handle the increased workload.,Negative
f158ebd2-75c0-444f-98a4-b76894db2a3a,78a9ab42-d92b-46d4-bb60-a58d1eabda73,2017-12-10,Sometimes I feel micromanaged by leadership.,Negative
279abcc7-d5ec-49cf-830c-f061bd8c1c83,78a9ab42-d92b-46d4-bb60-a58d1eabda73,2020-07-26,Sometimes I feel micromanaged by leadership.,Negative
33877af9-a92e-4d97-8ca9-09fb41d4ce83,78a9ab42-d92b-46d4-bb60-a58d1eabda73,2018-05-12,The current management style is very supportive.,Positive
bf6053b9-3900-4238-a9d1-4052fa2666da,adb55aaa-18be-43fd-917e-da224abc0a8a,2021-05-03,I feel that I need more challenging projects to grow.,Neutral
aebea40d-0e7a-4464-ac8e-01b88ac11d3f,adb55aaa-18be-43fd-917e-da224abc0a8a,2017-03-31,"Great team environment, love working here.",Positive
01c99619-733a-4882-ac1f-f289e3919981,adb55aaa-18be-43fd-917e-da224abc0a8a,2023-01-05,I feel that I need more challenging projects to grow.,Neutral
2f79f563-bc6e-4a2b-8901-eed2ccc18b99,466490ed-c441-4809-89de-7a7b94f6c805,2024-10-30,I appreciate the continuous learning opportunities provided.,Positive
20414479-9d8a-4152-b0f6-773ff6b6f66c,466490ed-c441-4809-89de-7a7b94f6c805,2025-05-03,The benefits package is competitive but could improve on health coverage.,Neutral
4ba6714a-e518-44cb-88a3-e9d19e2f80a4,466490ed-c441-4809-89de-7a7b94f6c805,2024-10-03,I appreciate the continuous learning opportunities provided.,Positive
4fa8a268-75a2-41c9-a25a-df7a7e772e34,043fe031-fb59-4ea9-aa82-21dd7b079832,2018-02-25,"Great team environment, love working here.",Positive
94644c3d-24f7-4c3c-9eb5-4dcb13b76ad7,043fe031-fb59-4ea9-aa82-21dd7b079832,2022-01-27,"Great team environment, love working here.",Positive
e01e30b2-b1b2-4ac3-8b53-c10084579997,043fe031-fb59-4ea9-aa82-21dd7b079832,2016-01-06,I am very happy with the recent changes in remote work policy.,Positive
d6b1e10c-d041-4304-8b97-1179d5631bd9,7f08202e-b8b5-4439-9520-6270ec61cd33,2026-05-20,I appreciate the continuous learning opportunities provided.,Positive
2ecedb6f-c686-4324-84fa-4ab87d1a295c,deca4391-71d5-4f72-bd29-a5aa46fc2e8c,2023-05-15,I feel that I need more challenging projects to grow.,Neutral
3b234d6b-269e-4ded-b2d1-ce4ec35ae303,cd81d63c-a952-4463-b178-fce4a1371d96,2025-03-17,"Great team environment, love working here.",Positive
a8a9c355-75ab-413e-8c78-543d1b35cda9,794bf5aa-3ec9-4958-a1fe-52c7b6f6ddab,2024-12-22,The current management style is very supportive.,Positive
24528534-d9f2-439a-ae54-81b4da60f750,794bf5aa-3ec9-4958-a1fe-52c7b6f6ddab,2026-07-21,I feel that I need more challenging projects to grow.,Neutral
7326d1c0-c0cf-43ca-9e0a-cca6cfb66955,a329a60e-e34d-493c-a006-2beb675b04d4,2022-01-11,Sometimes I feel micromanaged by leadership.,Negative
e7687dd5-6380-4c56-8c29-6101214d0ebe,a329a60e-e34d-493c-a006-2beb675b04d4,2026-02-28,Sometimes I feel micromanaged by leadership.,Negative
9bd62105-677d-4ff0-a6b5-1f7802c84018,a329a60e-e34d-493c-a006-2beb675b04d4,2018-09-17,The benefits package is competitive but could improve on health coverage.,Neutral
98ce1f66-ebe3-472c-a145-648633ca1716,9192bd04-cb21-44b6-9d46-8febbe562935,2023-10-12,I feel that I need more challenging projects to grow.,Neutral
5daa6207-52d4-4636-a6a9-7a7d502dab45,d84619a3-6cef-41e1-85a8-651b88ea69cf,2020-12-15,The benefits package is competitive but could improve on health coverage.,Neutral
d4ed05a5-e9d8-4097-991a-65380d88b3d1,d84619a3-6cef-41e1-85a8-651b88ea69cf,2018-04-10,The benefits package is competitive but could improve on health coverage.,Neutral
ec3ff20e-0dac-470c-b384-2c9ca703cc97,d84619a3-6cef-41e1-85a8-651b88ea69cf,2023-04-19,The current management style is very supportive.,Positive
960a92cb-0a6c-4764-bbe4-3c9f9854631d,2ba51aff-a5cb-451f-a38b-08018efb14cb,2022-02-19,I feel that I need more challenging projects to grow.,Neutral
adea546c-3edd-486f-8476-5c70843a7ed6,2ba51aff-a5cb-451f-a38b-08018efb14cb,2022-02-10,I appreciate the continuous learning opportunities provided.,Positive
204cdd07-82e2-4c1d-b244-99ea504dfb2c,2ba51aff-a5cb-451f-a38b-08018efb14cb,2021-02-04,I feel that I need more challenging projects to grow.,Neutral
103bd173-5cd8-4755-9756-83ca674141ee,8313ea82-4a82-46a8-9f77-e7807cc5ff90,2026-07-23,I feel overlooked for promotions despite my hard work.,Negative
f115d9f1-a73b-4eec-b840-1da8a9bb4bd5,8313ea82-4a82-46a8-9f77-e7807cc5ff90,2024-12-06,I appreciate the continuous learning opportunities provided.,Positive
a87518d7-9c01-4377-a52c-6937a16183b1,555a9ff4-2c53-4447-886d-531961eb8b1c,2025-08-23,I feel overlooked for promotions despite my hard work.,Negative
0fce4ac2-4725-4b26-a865-81682bcd2c3c,555a9ff4-2c53-4447-886d-531961eb8b1c,2018-09-26,Sometimes I feel micromanaged by leadership.,Negative
aaa1706f-c754-4da4-b37f-1fa506ee6908,df626fa8-c65a-4dd5-83d9-0ab5939c68d1,2023-04-07,"Great team environment, love working here.",Positive
f40602d4-ea28-4a0a-8de8-7ee7224dfb00,df626fa8-c65a-4dd5-83d9-0ab5939c68d1,2022-01-17,The benefits package is competitive but could improve on health coverage.,Neutral
94a698e9-1701-41fb-8b0c-a7124ccd1f28,df626fa8-c65a-4dd5-83d9-0ab5939c68d1,2024-01-07,"Great team environment, love working here.",Positive
48d523ae-6979-4527-8610-b512b28f9579,b23f4475-52bb-4426-a043-52b276e609a1,2025-12-17,Communication between departments could be improved.,Negative
7882ebb7-c93a-4488-96a6-a710e605d02f,b23f4475-52bb-4426-a043-52b276e609a1,2024-02-17,Sometimes I feel micromanaged by leadership.,Negative
16340bf3-6072-4d0b-94ba-186448f2c7fe,6dd37145-d719-42c2-8ee9-678ee724461d,2023-12-09,"Great team environment, love working here.",Positive
8dc95261-53c2-4557-983b-f8011ec1596a,6dd37145-d719-42c2-8ee9-678ee724461d,2025-06-01,The benefits package is competitive but could improve on health coverage.,Neutral
6ce10793-fa5b-42fc-b653-2e64cdcad970,6dd37145-d719-42c2-8ee9-678ee724461d,2022-11-04,Communication between departments could be improved.,Negative
9bde424a-88f7-4609-bf94-db204a8316fb,37e99a2b-2003-441e-acfa-2ff18a0424d7,2025-08-30,I feel overlooked for promotions despite my hard work.,Negative
4b94db79-f642-4e29-bbaf-7e1b1afe9498,37e99a2b-2003-441e-acfa-2ff18a0424d7,2024-07-23,"Great team environment, love working here.",Positive
233791f5-522e-465c-b975-fc3e55a288f4,b7ffbd45-3f86-4788-8726-106f4220e61d,2025-04-23,I feel overlooked for promotions despite my hard work.,Negative
1cb64b08-db87-46c0-a9d4-d036da40793d,53cd0959-7dc2-4ce7-af53-e884056ee1a6,2026-07-25,I appreciate the continuous learning opportunities provided.,Positive
7d6320b0-96d0-4a31-ac7d-56965c9b8b60,53cd0959-7dc2-4ce7-af53-e884056ee1a6,2026-07-16,I feel that I need more challenging projects to grow.,Neutral
e402ae85-43ec-4757-99f4-0c79faabb028,53cd0959-7dc2-4ce7-af53-e884056ee1a6,2026-07-15,I feel that I need more challenging projects to grow.,Neutral
4bf9e2cb-6a2e-4ce2-b944-d4957b864749,a60d31a0-6718-4535-91a3-2a9e3a052926,2024-08-20,I am very happy with the recent changes in remote work policy.,Positive
eaf71fe5-37f5-4d76-8a25-06494b519e1d,a60d31a0-6718-4535-91a3-2a9e3a052926,2026-03-05,"Great team environment, love working here.",Positive
d8f116af-cbfa-47f5-83bc-b445766f244c,a60d31a0-6718-4535-91a3-2a9e3a052926,2026-02-28,I am very happy with the recent changes in remote work policy.,Positive
29cc5adb-1a5c-4e07-9841-cea60d82c151,9d6858ae-5d10-41d3-b613-ff03447a770b,2024-04-01,I am very happy with the recent changes in remote work policy.,Positive
a736f8c5-186b-4a46-a747-e08ae9ed2895,9dc214ac-2c19-44c3-bb6a-a1e51210f7ed,2025-12-08,I feel overlooked for promotions despite my hard work.,Negative
67824c9c-756a-4a7a-ac36-69721b1f4bd1,9dc214ac-2c19-44c3-bb6a-a1e51210f7ed,2023-10-19,The current management style is very supportive.,Positive
f69df61d-972e-4c97-9013-6abe13216990,879d1e92-5cf6-4093-9848-484a7d782dc3,2025-02-07,"Great team environment, love working here.",Positive
19f89551-e773-4f45-9aef-a9585af89aa2,879d1e92-5cf6-4093-9848-484a7d782dc3,2024-08-11,I feel that I need more challenging projects to grow.,Neutral
24d9676e-e29a-4ca5-a9f7-5bc24265270f,879d1e92-5cf6-4093-9848-484a7d782dc3,2025-08-30,The current management style is very supportive.,Positive
ca36eded-c17a-45ae-90b5-89f94e876b5b,7d340f6b-0e3c-49a4-80fd-30501d1309ed,2026-03-02,I feel that I need more challenging projects to grow.,Neutral
cfaae8c6-8920-4bb4-bca0-68dbaf9d63be,7d340f6b-0e3c-49a4-80fd-30501d1309ed,2026-04-23,I appreciate the continuous learning opportunities provided.,Positive
6cf3841a-d2fd-4257-a7d3-fb45428b7a46,7d340f6b-0e3c-49a4-80fd-30501d1309ed,2025-10-16,I feel overlooked for promotions despite my hard work.,Negative
5831619e-b13d-40f7-9a42-d611c25dfc82,d62b0d40-d3d3-48fa-9fc8-423b9d6c464a,2026-01-22,I feel overlooked for promotions despite my hard work.,Negative
3c5442d1-42a9-4274-b1ce-6334a974b0e6,d62b0d40-d3d3-48fa-9fc8-423b9d6c464a,2025-11-29,The current management style is very supportive.,Positive
dd61c289-b194-4b83-bf09-da3a87cd73a0,36cc0bd8-3e91-48ef-99e7-0974e02a6000,2025-02-17,I am very happy with the recent changes in remote work policy.,Positive
914254d0-ad2c-45d8-80e2-42e52f9b663c,b9b7129e-8f4c-454a-864e-ebee4a271bcf,2022-04-14,Communication between departments could be improved.,Negative
09ec3a44-705d-4cc7-9f22-99d40725251e,4c6e6cc6-b50c-4880-9a3a-78a7641407f5,2023-03-15,We need better tools to handle the increased workload.,Negative
377fa38d-85de-4ac6-9d31-4eab0245aefe,1cdb587a-1a52-495e-8a55-acad1da61720,2023-09-08,We need better tools to handle the increased workload.,Negative
2137b13d-bb5c-42de-8794-eefdc80c18ae,663e6e23-a861-469d-89c8-69b8e53a8d08,2024-07-26,I am very happy with the recent changes in remote work policy.,Positive
05880618-3fdf-4f74-9242-5328ad4a8c01,3f79c304-b4fd-4b0a-b7e5-f263b28e556e,2025-12-12,We need better tools to handle the increased workload.,Negative
75ee2957-ffbf-406b-a053-db1818face6f,a3b23f99-b529-4428-bce6-25f11c881dce,2026-03-25,Communication between departments could be improved.,Negative
0fa2115d-ab25-4192-8693-857305f2bb84,a3b23f99-b529-4428-bce6-25f11c881dce,2022-03-10,I feel that I need more challenging projects to grow.,Neutral
1d5730d9-73c6-4d46-9f3d-41d566a5ee14,a3b23f99-b529-4428-bce6-25f11c881dce,2022-08-28,The current management style is very supportive.,Positive
9b6a5fc3-1db0-45b4-9d60-7a89454a0513,09bb5581-2b05-48fd-a4ba-d2e32bd6ade5,2020-12-31,I feel that I need more challenging projects to grow.,Neutral
00c7c538-74f1-4286-973d-6764e6ca25b2,af1730f2-3420-4781-b074-b50a17d27284,2026-03-20,Sometimes I feel micromanaged by leadership.,Negative
94bc9266-50eb-41ab-afe6-b545885b5a2c,af1730f2-3420-4781-b074-b50a17d27284,2025-12-14,Sometimes I feel micromanaged by leadership.,Negative
1ca10f29-fb73-4a38-9493-1a26293e3363,af1730f2-3420-4781-b074-b50a17d27284,2026-03-05,Communication between departments could be improved.,Negative
36c6743a-c0ee-4db0-88e9-69d7f2958706,8154c70d-9d90-4ff7-a7cf-9bd75e54ca67,2024-11-01,We need better tools to handle the increased workload.,Negative
7e315428-fcc1-46b8-8412-8881f8223397,f08d813b-db73-450e-b906-ebd6ed8c1771,2024-08-23,Communication between departments could be improved.,Negative
b90c623b-2056-42e2-96f8-b594babf12aa,f08d813b-db73-450e-b906-ebd6ed8c1771,2025-07-25,I appreciate the continuous learning opportunities provided.,Positive
8efcd07f-6045-4fdc-bce6-3d6f99296f40,8861cfa9-73b7-4805-bae1-db576743a7d8,2026-06-15,Sometimes I feel micromanaged by leadership.,Negative
02d67063-960f-42a3-9c98-92c320457858,8861cfa9-73b7-4805-bae1-db576743a7d8,2026-03-27,I feel that I need more challenging projects to grow.,Neutral
5b12db87-d592-4e27-bb96-b4d45bef199a,8861cfa9-73b7-4805-bae1-db576743a7d8,2026-06-07,The benefits package is competitive but could improve on health coverage.,Neutral
77b7b7e1-dbf4-41b6-857e-3af97fc6b7b3,6df48676-dd92-4d53-b6d6-5f904495cc1e,2026-06-13,I am very happy with the recent changes in remote work policy.,Positive
b0d27b0d-36a0-435c-97f8-8d8aca357041,6df48676-dd92-4d53-b6d6-5f904495cc1e,2026-07-25,We need better tools to handle the increased workload.,Negative
7bb390e7-2a03-42b6-a25d-7ee8e45abda8,25e678e9-6adf-4562-9e42-eef2203c139e,2025-03-05,I feel overlooked for promotions despite my hard work.,Negative
0124fa45-0d9b-4c03-9d2f-3696b1502696,50c6b676-fcd0-4f12-992f-613b176db028,2026-02-10,I appreciate the continuous learning opportunities provided.,Positive
38989400-34f3-49e3-8939-ec6efc0042d1,9809544d-13b1-4fb0-bbc2-d8ef22cf963d,2026-01-27,I appreciate the continuous learning opportunities provided.,Positive
7ae479e2-570d-46b0-b50f-58c73fcfe1a9,9809544d-13b1-4fb0-bbc2-d8ef22cf963d,2024-06-03,I appreciate the continuous learning opportunities provided.,Positive
832ff1aa-3056-4450-bad1-fa87901fcde4,371b3f66-8787-4419-8c29-bebcdea4794e,2021-01-27,The current management style is very supportive.,Positive
14f9ead6-d366-4e01-81f2-10ac455d1eac,446f1af2-a71c-487d-86ba-866c3f7a99c5,2021-03-26,The benefits package is competitive but could improve on health coverage.,Neutral
e95963d1-4956-4f29-abd6-44a666734eb7,446f1af2-a71c-487d-86ba-866c3f7a99c5,2020-08-31,I am very happy with the recent changes in remote work policy.,Positive
5a94317c-4550-4a8c-9018-7684c014b069,7b72d801-4a67-4104-b2ed-e037f3795ebf,2024-07-30,The benefits package is competitive but could improve on health coverage.,Neutral
9eb9e999-9cc1-472e-8e44-c7de097cbb2d,7247dc34-6ac4-4065-8190-cd35ffd5cbe2,2024-05-29,We need better tools to handle the increased workload.,Negative
cff98514-a902-4cb3-bde3-a98213f6a86a,7247dc34-6ac4-4065-8190-cd35ffd5cbe2,2018-03-08,I feel overlooked for promotions despite my hard work.,Negative
26822d71-f10c-4a82-a5f0-a4b2d4e5d16a,723080fd-cc74-49bd-9612-74a5ff75ba52,2026-07-18,"Great team environment, love working here.",Positive
8033c299-292b-4f1b-800a-2585435f259c,723080fd-cc74-49bd-9612-74a5ff75ba52,2026-07-14,Sometimes I feel micromanaged by leadership.,Negative
e633f307-6a1e-459c-b22d-f177139f9e41,723080fd-cc74-49bd-9612-74a5ff75ba52,2026-07-17,We need better tools to handle the increased workload.,Negative
7afc4213-d531-42cb-956c-5a4c25c0db79,47a3151b-c949-4d44-b4ad-1279d2e30311,2025-12-17,The current management style is very supportive.,Positive
df9d2834-7cc5-4b7b-bddf-014f32424b1b,47a3151b-c949-4d44-b4ad-1279d2e30311,2025-12-15,The current management style is very supportive.,Positive
19b41b2b-f3c9-4666-9f30-e4b738a3cef9,25c43ebb-6948-467a-974c-9764d366d439,2022-05-10,We need better tools to handle the increased workload.,Negative
dc75af4b-ce87-4db7-8ce4-8794365f9e8a,25c43ebb-6948-467a-974c-9764d366d439,2026-01-22,I am very happy with the recent changes in remote work policy.,Positive
ae58987c-0239-48b0-ac00-8fce6ca7d119,1b834e04-cf84-4fcd-8156-af8cf789207d,2023-04-19,Sometimes I feel micromanaged by leadership.,Negative
331d722a-c84f-4cf3-a389-2d6f053dd3ef,1b834e04-cf84-4fcd-8156-af8cf789207d,2020-08-31,Communication between departments could be improved.,Negative
1aa56f34-9d79-40eb-b04b-d24f045d7b85,d4306738-7669-49ca-93b4-f9f8b6641a7e,2024-06-06,I feel overlooked for promotions despite my hard work.,Negative
2e211027-bf11-4965-a32c-248e2870c8de,e15dba5f-a137-4a6f-8504-8b8818aa892d,2020-11-14,I am very happy with the recent changes in remote work policy.,Positive
594c7746-37cb-4771-b33e-e94dd2979db6,dd9317b7-894d-487f-921b-8615f8732ebe,2021-09-04,We need better tools to handle the increased workload.,Negative
f54125e7-032f-4ed1-a442-1a673bc9f9fa,57e55676-b960-4190-8270-aa75d426753e,2024-08-22,"Great team environment, love working here.",Positive
c601d155-e9a0-488b-bb55-b8b96da864fd,57e55676-b960-4190-8270-aa75d426753e,2024-10-06,We need better tools to handle the increased workload.,Negative
7c8582c9-58dd-47ab-ad5e-4758c3952c22,57e55676-b960-4190-8270-aa75d426753e,2025-05-14,"Great team environment, love working here.",Positive
8bd03526-0c1d-425b-96d9-8581da4c4c78,87fdac6b-1e07-4b33-9f91-bbdbd1b3d9ea,2020-08-08,I feel that I need more challenging projects to grow.,Neutral
6abc10a2-9c13-4dda-80b3-fc9ae955ef6a,87fdac6b-1e07-4b33-9f91-bbdbd1b3d9ea,2019-03-25,We need better tools to handle the increased workload.,Negative
e82feda5-c4a9-46bf-94ef-35b40c5d51ec,8af390bb-9b14-4623-b79c-10d7bac6f62f,2025-04-25,I feel overlooked for promotions despite my hard work.,Negative
eb45961b-9d0a-4bae-83ba-f294a87f3449,8af390bb-9b14-4623-b79c-10d7bac6f62f,2025-08-18,Communication between departments could be improved.,Negative
214107bd-65c0-442f-95f6-fb0c45777bef,8af390bb-9b14-4623-b79c-10d7bac6f62f,2025-01-30,Communication between departments could be improved.,Negative
4f83c9f2-17b2-4251-b139-88bb50a08d1d,676474c6-3ff9-46a6-9fef-c58b1701a4f9,2026-07-23,"Great team environment, love working here.",Positive
e901ee93-f337-4184-8241-b18aecea8e3b,bd7d8e10-20d7-4b03-b81e-cc244da3a7da,2024-04-18,We need better tools to handle the increased workload.,Negative
f581d228-5eff-472b-8a6f-42b29bf2e3bc,2f192788-1e23-4e20-a45a-333d35e52d1d,2024-08-28,The current management style is very supportive.,Positive
aa88b509-182d-490f-bfb3-049f1de26114,8457cae3-79f4-4e6a-8cba-7aeb896e60ed,2024-10-16,"Great team environment, love working here.",Positive
112f50d6-5472-4952-bb02-e6196707c9ec,1aecc58d-bf1c-4912-be5e-37eab906b971,2025-01-13,The benefits package is competitive but could improve on health coverage.,Neutral
252fba88-a15d-4e2e-abbe-351bce2d9b4d,7bae2e41-48ed-48cc-8d87-aaa626b732bc,2026-03-25,We need better tools to handle the increased workload.,Negative
94b7e1cd-5214-411b-9b34-1680607843bb,7bae2e41-48ed-48cc-8d87-aaa626b732bc,2026-05-13,We need better tools to handle the increased workload.,Negative
8e62a024-8cd7-4282-b878-ea189afd3244,7bae2e41-48ed-48cc-8d87-aaa626b732bc,2025-11-24,We need better tools to handle the increased workload.,Negative
0480414a-ad97-4e64-b80e-6e04b81b9518,21407545-345a-41dc-8483-2e8bde378d16,2019-07-15,I appreciate the continuous learning opportunities provided.,Positive
58062a95-653a-4a0e-a436-0b17abe38c59,20b88c31-5044-46bc-aa2f-c5ea52748d8b,2026-04-14,I feel that I need more challenging projects to grow.,Neutral
65857aa8-461f-4cb0-b175-1f47d322b610,20b88c31-5044-46bc-aa2f-c5ea52748d8b,2024-08-17,I feel overlooked for promotions despite my hard work.,Negative
269551ab-b8a6-45b2-94c2-e763c74f387f,6169fad8-e5e2-42cb-a448-e5dbf0faabe5,2025-04-29,"Great team environment, love working here.",Positive
2c8fb462-1ddf-4ec7-bfe4-b3e60ce0be8d,6169fad8-e5e2-42cb-a448-e5dbf0faabe5,2026-03-06,I appreciate the continuous learning opportunities provided.,Positive
5e08d31a-724c-4439-9277-189b81702350,6169fad8-e5e2-42cb-a448-e5dbf0faabe5,2026-04-17,I am very happy with the recent changes in remote work policy.,Positive
b700e581-89f0-43a3-a81e-ddb8e2360fbc,ffaa18e2-3f36-4677-bafe-b57d13bb1466,2024-12-11,I am very happy with the recent changes in remote work policy.,Positive
d88f3777-c0c2-4112-bdff-e885b834ace2,ffaa18e2-3f36-4677-bafe-b57d13bb1466,2024-09-03,"Great team environment, love working here.",Positive
02144644-99ed-411d-a151-68d4cf4a2a82,354ffcdd-e2a4-424d-9e98-b29379035780,2020-05-19,The benefits package is competitive but could improve on health coverage.,Neutral
9ccc4e5a-dff7-410c-89d0-9324f3e63122,354ffcdd-e2a4-424d-9e98-b29379035780,2020-01-06,The current management style is very supportive.,Positive
d4ce22aa-a9e0-4ef6-9007-a9cf1dc054b5,354ffcdd-e2a4-424d-9e98-b29379035780,2019-05-07,Sometimes I feel micromanaged by leadership.,Negative
555937cf-454c-45c9-9d03-c1a2b55b24c5,893a2263-90d9-4370-bfdd-9b00764ad7e7,2021-07-16,I am very happy with the recent changes in remote work policy.,Positive
2578117f-4bff-4c11-acc0-9f819426bd1c,98f020b1-3dd8-4b73-8728-fd7522417a19,2021-12-24,The current management style is very supportive.,Positive
6626d372-2aeb-486b-84a3-e5c2938202ce,bdb2f4f4-b5f0-4953-b2bc-a98afc7aa1b7,2025-12-24,I feel overlooked for promotions despite my hard work.,Negative
1dd3c3a9-94ea-4f2b-a8af-eff61cdda1e6,e5289003-bb7a-435e-8016-32ffb4105b0a,2022-09-20,Sometimes I feel micromanaged by leadership.,Negative
b0b05118-4253-44ee-890d-fc49e9daf915,e5289003-bb7a-435e-8016-32ffb4105b0a,2026-04-16,I feel that I need more challenging projects to grow.,Neutral
b83f2dd9-e995-4359-abcf-16f3d9e232f3,9a9120be-a2d2-4e59-8476-f9c4c1c00c77,2023-06-14,I feel overlooked for promotions despite my hard work.,Negative
9cc1bf2d-0223-4967-903c-ad98c92f5e34,9a9120be-a2d2-4e59-8476-f9c4c1c00c77,2023-11-14,The current management style is very supportive.,Positive
46530e81-1e67-4e9b-bd75-c4fbada66a62,9a9120be-a2d2-4e59-8476-f9c4c1c00c77,2026-02-11,I feel overlooked for promotions despite my hard work.,Negative
7eafdba2-cfd1-4245-ac8d-3a08c7629710,e9eb8ff7-9e05-46f9-be95-90a625ca15f4,2025-03-18,"Great team environment, love working here.",Positive
f4fa5e38-8790-4d71-a6e2-4e6892f37510,e9eb8ff7-9e05-46f9-be95-90a625ca15f4,2024-04-30,I appreciate the continuous learning opportunities provided.,Positive
41238681-6568-42a2-b993-d130ab7f36db,e9eb8ff7-9e05-46f9-be95-90a625ca15f4,2025-04-09,"Great team environment, love working here.",Positive
b189392e-fc81-409b-b05b-1e08d34cccb2,df661edc-6c63-4c9a-bf48-8bdeafa583ae,2022-12-31,I feel that I need more challenging projects to grow.,Neutral
eefa46ad-c2cb-4566-9de7-6632e92b9ab8,0dc29479-3747-4560-b13b-7c1dfab9ed46,2017-05-07,"Great team environment, love working here.",Positive
4e806cb7-e515-4490-a8c1-d6120c80f267,0dc29479-3747-4560-b13b-7c1dfab9ed46,2021-10-19,Sometimes I feel micromanaged by leadership.,Negative
cfafef44-abaf-4c08-af8b-c4baaaf9aee9,0dc29479-3747-4560-b13b-7c1dfab9ed46,2021-08-08,I am very happy with the recent changes in remote work policy.,Positive
3aea953b-4846-4c86-93f1-94222a064626,be8d4354-3f04-4d14-b53f-14405415cee0,2026-01-03,I am very happy with the recent changes in remote work policy.,Positive
0d48a88d-e648-4293-9254-534b6758f064,db8078f9-330a-4e8e-aa3b-0d91619a81a7,2025-01-31,I feel that I need more challenging projects to grow.,Neutral
be55272f-859e-4b88-bb00-14832076973a,bed0010c-734b-4e69-80f0-4507354fb3f1,2025-12-11,The benefits package is competitive but could improve on health coverage.,Neutral
694193c0-960b-4a21-b325-97c7c579f16e,bed0010c-734b-4e69-80f0-4507354fb3f1,2025-05-29,"Great team environment, love working here.",Positive
913d905e-3358-4599-af3c-bb8f242030bd,6b282c33-bd7d-4d94-82bb-3051b1986abf,2025-08-26,The current management style is very supportive.,Positive
675df9f7-9e41-45bd-845e-3ff8d358eac6,6b282c33-bd7d-4d94-82bb-3051b1986abf,2023-06-18,The benefits package is competitive but could improve on health coverage.,Neutral
dbfda095-6124-4706-99d6-3c38ed9be21f,f2b40d9d-49ea-442d-a4ba-e1a5cb3ead47,2017-07-10,We need better tools to handle the increased workload.,Negative
e97961db-af6e-4d04-9b2b-3b9f70c55a1f,f2b40d9d-49ea-442d-a4ba-e1a5cb3ead47,2024-04-07,The current management style is very supportive.,Positive
ddbfae44-8bf8-493e-ab8f-c5f412d06a62,f2b40d9d-49ea-442d-a4ba-e1a5cb3ead47,2024-11-18,I appreciate the continuous learning opportunities provided.,Positive
9ed8c04e-8617-45fe-902d-da9ace2804ed,ef5833c6-9cba-4ca8-8667-4ea38d23f48c,2026-04-09,The benefits package is competitive but could improve on health coverage.,Neutral
2732dafb-53a6-4c5f-bee6-d97e09d9f082,2733f5d9-3308-418e-8fa0-6419b66f4c41,2025-10-21,Communication between departments could be improved.,Negative
a3197ea3-a06b-4b6f-85bc-105d04be8cea,cdcc1f09-b070-478f-a6ae-c7b5236ef747,2025-08-18,Sometimes I feel micromanaged by leadership.,Negative
c08c6679-990c-4adf-83dc-719bbea05fe8,cdcc1f09-b070-478f-a6ae-c7b5236ef747,2025-05-20,The current management style is very supportive.,Positive
ac2c591c-f613-4642-a257-79d53035fecb,cdcc1f09-b070-478f-a6ae-c7b5236ef747,2025-01-11,Communication between departments could be improved.,Negative
a2caa71c-0fcc-4a3c-8f1b-3773ec4eeaeb,fd51028d-530a-46d7-ac1e-c23fa552ae30,2020-05-19,Communication between departments could be improved.,Negative
06427aec-0eac-4356-b22f-9f5fcb9e5dda,386e70ba-71ea-444b-abce-dc2041b3c760,2021-08-13,The current management style is very supportive.,Positive
ddc22b22-3cc4-464c-bfcd-da253a924dda,54a9fd3e-03b6-4d5f-b70c-08f0ee91f1d7,2021-10-24,I am very happy with the recent changes in remote work policy.,Positive
8efe8ae7-7a84-4dfc-896b-40e93f7e3c3f,1444ab1a-250d-423c-be1f-662b48191da1,2024-07-20,The current management style is very supportive.,Positive
1277a9a2-555b-4e4c-9a90-7ef5974850b7,1444ab1a-250d-423c-be1f-662b48191da1,2023-08-03,"Great team environment, love working here.",Positive
79c28c40-6313-4368-abb0-7f54132c2b89,1444ab1a-250d-423c-be1f-662b48191da1,2022-08-28,I appreciate the continuous learning opportunities provided.,Positive
584795d5-9ba4-4e0a-94e5-d48aa08b3919,f7a588e2-7488-4812-9136-9be5b8ba8160,2020-09-15,The benefits package is competitive but could improve on health coverage.,Neutral
c0979716-d1c2-4c0a-8cd1-8d05f1d9991d,1b1a2832-860e-4277-b31f-b81b330b01ef,2025-06-02,The current management style is very supportive.,Positive
3856bc8f-8649-4bb9-a93e-9806f9249fb1,1b1a2832-860e-4277-b31f-b81b330b01ef,2024-10-29,I am very happy with the recent changes in remote work policy.,Positive
aa8224ab-ff2d-4b2e-8491-e44cb596299a,fa925fef-029d-4524-bc64-245d377e8d96,2025-07-28,Sometimes I feel micromanaged by leadership.,Negative
fef40ef9-4231-42ff-a156-b0aa12b9b3a1,fa925fef-029d-4524-bc64-245d377e8d96,2025-02-04,Sometimes I feel micromanaged by leadership.,Negative
240bc4fe-37fb-470a-8e6e-8987cbee6564,fa925fef-029d-4524-bc64-245d377e8d96,2025-08-18,"Great team environment, love working here.",Positive
5ddee7fc-ee87-46e1-9fe7-5122196d60f3,abc05666-6264-48f2-a039-06e0afaddaf1,2023-01-12,I am very happy with the recent changes in remote work policy.,Positive
f19bddb8-2bc2-40aa-a961-5ddd247b43c4,abc05666-6264-48f2-a039-06e0afaddaf1,2023-08-07,I feel that I need more challenging projects to grow.,Neutral
0c02c209-40ff-4d61-8999-0e5f9a95ed2b,abc05666-6264-48f2-a039-06e0afaddaf1,2024-06-26,I feel overlooked for promotions despite my hard work.,Negative
ad5b6423-ccf9-4dda-b7f7-7cbd002f1fe7,ae49cd00-348f-4f48-ae38-42e13b28a05c,2022-11-11,Communication between departments could be improved.,Negative
c828e7c6-161d-404c-afd4-b9232a645cd0,ae49cd00-348f-4f48-ae38-42e13b28a05c,2022-06-24,The benefits package is competitive but could improve on health coverage.,Neutral
9dfcfd67-61fe-48bc-bf2e-11cff03cfe99,74527601-16a2-4ec7-9c0b-3f69decbebb1,2021-06-08,I appreciate the continuous learning opportunities provided.,Positive
ba3e92cf-7f35-4b1a-b820-a6818b6d40ee,74527601-16a2-4ec7-9c0b-3f69decbebb1,2026-04-26,The current management style is very supportive.,Positive
72130dfe-a0ef-48b6-af57-cfea8f4f3b6b,74527601-16a2-4ec7-9c0b-3f69decbebb1,2021-12-25,Sometimes I feel micromanaged by leadership.,Negative
b983af6f-9dfc-48b9-8737-7c2f438317ae,f6f60cd7-e56e-42dd-b6e2-2b94422ccbbe,2024-06-28,Sometimes I feel micromanaged by leadership.,Negative
51860520-e630-4d40-886f-fd9e88a7b768,989d3187-583b-4a07-8f87-4aafd3fa67d8,2025-05-01,I am very happy with the recent changes in remote work policy.,Positive
da060543-8097-4123-b532-7c8db773d4f4,c84126f4-b92b-4dce-9f37-e247ee802cef,2025-04-05,The current management style is very supportive.,Positive
9371303c-bc1c-4acd-b46a-31d4a6a106c1,7b56ef8a-f08a-4659-a439-a173cdf5fdd4,2025-11-03,"Great team environment, love working here.",Positive
18172679-bb7f-48c6-ad6e-764a0b38b2fb,7b56ef8a-f08a-4659-a439-a173cdf5fdd4,2026-05-06,"Great team environment, love working here.",Positive
ce0b331f-abd1-47c1-a9b0-d5ab701eb5ef,7b56ef8a-f08a-4659-a439-a173cdf5fdd4,2026-03-14,Sometimes I feel micromanaged by leadership.,Negative
23bedb58-daab-49fa-837c-5642497c088f,99ed0793-c4fb-41b7-94e8-2bc0da423a98,2023-05-28,I feel that I need more challenging projects to grow.,Neutral
b886af77-13a9-4f7a-b1ca-de619788eb87,6fffcd4b-9c81-4509-94f5-a715a7aaae2c,2021-09-14,I feel overlooked for promotions despite my hard work.,Negative
7efea27b-0da7-4d2b-b6d2-38e743fa8b4b,33df6abd-f6e0-4939-834a-248860d5e33c,2025-05-06,I feel that I need more challenging projects to grow.,Neutral
8d42d6d7-ef07-40b1-bdcb-4bb872c026d9,33df6abd-f6e0-4939-834a-248860d5e33c,2026-02-02,Communication between departments could be improved.,Negative
16a112d3-1bbf-481e-9e7d-ac08f72f194c,33df6abd-f6e0-4939-834a-248860d5e33c,2026-03-13,I appreciate the continuous learning opportunities provided.,Positive
2636e68b-8515-44d2-8a04-6fe67d7eea3a,acc00b8e-00ef-429a-b690-a7841c0048f8,2023-05-03,The benefits package is competitive but could improve on health coverage.,Neutral
1d0ed8c1-0eb2-4eaf-a7b4-968bd3f849e5,acc00b8e-00ef-429a-b690-a7841c0048f8,2025-07-30,I feel overlooked for promotions despite my hard work.,Negative
b7c1dade-b534-4c33-9e8d-a7f9ad0ab503,acc00b8e-00ef-429a-b690-a7841c0048f8,2023-09-25,The current management style is very supportive.,Positive
1395d9f0-94fc-407f-a33d-5fc81c92634d,9f606140-d3f4-4ab0-babe-cbcf295b2981,2026-05-01,Sometimes I feel micromanaged by leadership.,Negative
dc4ba289-6ccf-44b2-bd5c-0e43bac422e5,9f606140-d3f4-4ab0-babe-cbcf295b2981,2026-03-10,I feel overlooked for promotions despite my hard work.,Negative
8ae6231a-3d9b-4632-83d0-4c468d4cb1e1,124e39ad-9169-4fac-8643-2c520a98c6ac,2025-12-14,"Great team environment, love working here.",Positive
9ddad797-1b85-4fad-9594-31ef8d9b3d96,c5145ed5-f22e-46af-bead-d42e67f5e21f,2025-06-04,I appreciate the continuous learning opportunities provided.,Positive
ba1d2b34-559f-46ea-a956-ce885982c19b,c5145ed5-f22e-46af-bead-d42e67f5e21f,2025-10-22,Communication between departments could be improved.,Negative
b0288624-42b1-49a9-afe8-53aebcd6caa5,ceeb97ff-8fb9-4e08-ac33-972bc482ad3c,2020-08-05,"Great team environment, love working here.",Positive
7ed6ee25-077f-44d8-8b91-f2bb4aadf6d1,ceeb97ff-8fb9-4e08-ac33-972bc482ad3c,2026-02-20,I appreciate the continuous learning opportunities provided.,Positive
7ab1f392-dce4-40ca-badc-9cd393def1b1,ab5849b4-0e8d-4e65-8347-9c3e36df50ba,2023-05-13,I feel that I need more challenging projects to grow.,Neutral
5a1d0162-2a22-47a5-beaf-a126537d5190,ab505fba-0509-48f0-a4fb-579baaf8b5c6,2026-01-17,I am very happy with the recent changes in remote work policy.,Positive
76ded097-1701-40f2-8840-30f3dc196d1e,ab505fba-0509-48f0-a4fb-579baaf8b5c6,2026-03-10,Communication between departments could be improved.,Negative
97c71521-d0a9-4245-8904-827cedb78bb8,467dc8f7-bd08-4ff4-aca2-4610e7cac2ef,2025-01-27,I am very happy with the recent changes in remote work policy.,Positive
3c587c26-e661-4cc8-9ea0-9fe31a412e11,467dc8f7-bd08-4ff4-aca2-4610e7cac2ef,2025-04-28,Communication between departments could be improved.,Negative
749dba06-7eb8-4cc7-ba41-4e05009c7858,b40d27d3-4d44-4c2e-9275-bcb7b6461181,2022-11-07,The current management style is very supportive.,Positive
bbef80f6-692e-4e63-974e-9baac4c64792,b40d27d3-4d44-4c2e-9275-bcb7b6461181,2021-12-25,We need better tools to handle the increased workload.,Negative
2d357e5c-bf6e-413c-8ebb-e17a8b4ee382,b40d27d3-4d44-4c2e-9275-bcb7b6461181,2025-02-19,I appreciate the continuous learning opportunities provided.,Positive
a4b30bef-dec2-4e5e-bc51-2ba28511a3b5,9fa9842e-3763-45e3-ba88-c5aaf749a571,2020-10-30,Sometimes I feel micromanaged by leadership.,Negative
ebd2a8d5-d93a-4487-ab92-1881f95bfdde,9fa9842e-3763-45e3-ba88-c5aaf749a571,2022-07-01,Sometimes I feel micromanaged by leadership.,Negative
c973a1b6-0bed-4e47-913f-c709eb2b3d14,0f82a7ba-6afa-4cb5-bc42-84d048503eff,2026-02-16,The benefits package is competitive but could improve on health coverage.,Neutral
865a067b-0978-4892-af90-9924f3f95d27,0f82a7ba-6afa-4cb5-bc42-84d048503eff,2025-10-22,I am very happy with the recent changes in remote work policy.,Positive
438a86d6-7520-4768-9bda-bf6af1ffb989,0f82a7ba-6afa-4cb5-bc42-84d048503eff,2026-01-23,"Great team environment, love working here.",Positive
6a44928d-a397-4146-98c5-2375f7d730b1,cbc9ac71-3e42-4858-a303-9632e1d8ff42,2023-12-24,Communication between departments could be improved.,Negative
87bbb463-805a-444b-9c75-c8149aac60c6,cbc9ac71-3e42-4858-a303-9632e1d8ff42,2025-11-14,We need better tools to handle the increased workload.,Negative
dac17650-14ab-48f1-ae17-6d2f04517aa6,332ae845-3bae-44f2-9c49-a01b98e089cc,2025-05-01,The current management style is very supportive.,Positive
e4763796-6d00-4f1d-9c08-1252016bc4a4,332ae845-3bae-44f2-9c49-a01b98e089cc,2023-03-06,I appreciate the continuous learning opportunities provided.,Positive
bd7d0179-678e-4617-8499-676e2498f06a,332ae845-3bae-44f2-9c49-a01b98e089cc,2020-05-26,The current management style is very supportive.,Positive
ca0a07a7-0f00-4e89-86e7-9429e198b498,7253da67-f930-4248-8377-6fd95edfca74,2023-01-30,The current management style is very supportive.,Positive
ab1e90a9-3653-4a0b-93a3-d04bcdbec3ad,fe885786-facc-4516-bf12-78120b562e3b,2025-05-11,I am very happy with the recent changes in remote work policy.,Positive
3383edde-bd8d-4278-9577-1db67f583553,283ff50f-936d-49d2-ae39-9d3d5598ea91,2025-12-04,I appreciate the continuous learning opportunities provided.,Positive
50e4a4d1-b99e-4d68-801c-1bf48bf29ca5,a3089efd-225c-40d8-ad70-651ebf2c7650,2025-10-05,I appreciate the continuous learning opportunities provided.,Positive
c55416ab-2ec5-46b2-ab3f-e02225d2c924,a3089efd-225c-40d8-ad70-651ebf2c7650,2019-07-21,The benefits package is competitive but could improve on health coverage.,Neutral
440bebbd-a9c7-433f-b61c-0716b04644e6,a3089efd-225c-40d8-ad70-651ebf2c7650,2023-03-12,We need better tools to handle the increased workload.,Negative
e22687bd-9398-4315-bbc6-2738c7f42e76,b819c374-b371-4b58-a145-7fc885363ea4,2025-08-26,"Great team environment, love working here.",Positive
279d524e-492d-47ce-980f-c53b997be253,1d578ef4-828f-4921-afba-d3d1a70a006e,2026-02-17,We need better tools to handle the increased workload.,Negative
a06afc55-1098-4cac-99da-070e9957e66c,824f6135-9c86-4cbf-9e45-7230b6360334,2025-02-26,I am very happy with the recent changes in remote work policy.,Positive
836aa444-0346-431a-b7f1-9e3950302a49,c3fde0b4-699e-4297-9026-f45898e3968a,2025-08-02,I am very happy with the recent changes in remote work policy.,Positive
7ecc8661-4817-4ae0-b577-fbf1ea745d64,c3fde0b4-699e-4297-9026-f45898e3968a,2024-09-23,The benefits package is competitive but could improve on health coverage.,Neutral
d2df0359-1f5a-469b-81fa-283430e29341,9c90f22b-7a86-4224-99fd-fc0008412e5e,2025-07-12,I feel overlooked for promotions despite my hard work.,Negative
5303c114-f10f-4eb5-96c3-4ae2bafb1b64,b180f32f-9821-424d-bf7c-d47ab46f8e02,2026-06-26,I feel that I need more challenging projects to grow.,Neutral
2a9493f5-3b6c-47d5-abd6-244c31ab2453,314206cb-4f2e-46f8-a8bb-d85f5e2153b3,2025-06-25,The benefits package is competitive but could improve on health coverage.,Neutral
82246a41-cd2f-47c7-96eb-cacfb2d1f8a8,314206cb-4f2e-46f8-a8bb-d85f5e2153b3,2026-05-26,Communication between departments could be improved.,Negative
d1151574-663b-42db-8246-2ce52c40e1b7,314206cb-4f2e-46f8-a8bb-d85f5e2153b3,2026-04-12,"Great team environment, love working here.",Positive
578e7c9d-e43c-47c7-997f-3e891e33fd11,c80dd545-8c48-4d8a-af92-dd5da6cdebad,2025-01-16,I feel overlooked for promotions despite my hard work.,Negative
23e812a2-bb48-417d-9ff9-1fe46b140dae,c80dd545-8c48-4d8a-af92-dd5da6cdebad,2026-01-10,"Great team environment, love working here.",Positive
f779b96d-5d70-4131-aad4-ebff8fdd5d6b,c80dd545-8c48-4d8a-af92-dd5da6cdebad,2023-10-15,I am very happy with the recent changes in remote work policy.,Positive
7707707c-de34-4814-b53a-a7277316105b,74e992dc-6731-4397-b84d-cc9906015ded,2024-12-13,I am very happy with the recent changes in remote work policy.,Positive
f880539a-233f-4fcd-bced-329912e52ebd,74e992dc-6731-4397-b84d-cc9906015ded,2026-04-11,I am very happy with the recent changes in remote work policy.,Positive
92a9ef7b-9599-431e-8f6b-577d7b535681,02f653f2-b560-4688-81aa-1de65444692e,2025-09-06,The benefits package is competitive but could improve on health coverage.,Neutral
d2868453-97d8-4283-84a8-f3977374b368,02f653f2-b560-4688-81aa-1de65444692e,2017-03-15,I feel overlooked for promotions despite my hard work.,Negative
a2465ae0-3492-42ec-8e5b-60c35f615c22,02f653f2-b560-4688-81aa-1de65444692e,2022-06-05,Sometimes I feel micromanaged by leadership.,Negative
0f5755a9-7bd6-4c4a-b042-d450f41be210,c9950151-ce32-449c-8063-a404ec0a5cb6,2018-08-05,We need better tools to handle the increased workload.,Negative
411a0569-a76e-4782-856a-187f0a0cca3e,ce967f0a-36fb-4bd1-b20a-8bdb74635668,2025-07-12,Sometimes I feel micromanaged by leadership.,Negative
c72b308f-1ef7-466d-a50b-b216f671d45c,200a85d8-93a0-4bf0-8cf2-63ba9d6416de,2024-10-30,"Great team environment, love working here.",Positive
0987f5f3-1581-4a2e-92fa-9bb89339d44d,200a85d8-93a0-4bf0-8cf2-63ba9d6416de,2025-11-02,The benefits package is competitive but could improve on health coverage.,Neutral
b8473ecc-7fff-484d-8174-48b3e34d58d2,c90a53d1-a592-4828-81f9-6ec12490d083,2024-02-06,We need better tools to handle the increased workload.,Negative
6643ac9c-c6c2-4ffe-8b64-1ded0ccc406b,c90a53d1-a592-4828-81f9-6ec12490d083,2023-09-03,I feel overlooked for promotions despite my hard work.,Negative
75a22af3-b27c-4367-9521-5d61566c4429,c90a53d1-a592-4828-81f9-6ec12490d083,2026-05-26,Sometimes I feel micromanaged by leadership.,Negative
a5ef3b26-4cb8-4954-964a-a10471554ecc,9bf48e2b-fcf3-4379-b692-a4c64f480057,2024-02-16,I am very happy with the recent changes in remote work policy.,Positive
11316fe9-11da-4f0f-ab8b-382e2eb51648,9bf48e2b-fcf3-4379-b692-a4c64f480057,2017-11-03,I am very happy with the recent changes in remote work policy.,Positive
fc70ecfd-523b-49ec-a152-7c3e9e7ce261,a117794c-4df7-42af-81b2-3551f8542239,2017-05-19,I appreciate the continuous learning opportunities provided.,Positive
5aba27dc-be40-42f0-9046-00de0fec4276,68ea8624-427b-4187-8564-5f8b5633961f,2020-11-28,We need better tools to handle the increased workload.,Negative
9d0f92bc-48ff-4289-a8f4-7dc1cf188cef,68ea8624-427b-4187-8564-5f8b5633961f,2025-07-20,Sometimes I feel micromanaged by leadership.,Negative
730ef56c-a5f4-4e37-9a2a-651f5b7c072b,68ea8624-427b-4187-8564-5f8b5633961f,2024-03-21,We need better tools to handle the increased workload.,Negative
87bd11f9-e64d-48ba-a9f7-1f1c27eeb097,fc963031-fd98-4b7f-9002-95f576b0a761,2026-06-07,I feel overlooked for promotions despite my hard work.,Negative
faa63d6f-1dc8-40ac-bf13-d202bfc199f0,fc963031-fd98-4b7f-9002-95f576b0a761,2026-06-19,The benefits package is competitive but could improve on health coverage.,Neutral
ffb4e2ff-1f6f-439e-b3a8-572763b1aae9,fc963031-fd98-4b7f-9002-95f576b0a761,2026-07-16,We need better tools to handle the increased workload.,Negative
e719412a-9786-4324-b3c3-2d0911a3ca81,fb90b2de-6e00-49ae-88b2-63dcc1c25553,2020-08-27,I am very happy with the recent changes in remote work policy.,Positive
1b08ff60-cfe0-47a8-aaed-a2deb0e62fbb,fb90b2de-6e00-49ae-88b2-63dcc1c25553,2018-03-27,The current management style is very supportive.,Positive
4d6d7550-c1b5-4494-b917-bfe3f87f0d3a,a3f903b0-9045-4b16-8679-2b0886a214b5,2023-08-14,I am very happy with the recent changes in remote work policy.,Positive
e2533e1b-e8b9-44a5-8675-52d32185a251,36c19f05-fea9-45af-85d5-b607ca044fef,2025-11-27,The benefits package is competitive but could improve on health coverage.,Neutral
d8955fca-a7dd-4aaa-8934-8ae140441c6f,36c19f05-fea9-45af-85d5-b607ca044fef,2025-03-18,We need better tools to handle the increased workload.,Negative
54386a52-5c19-4c69-94be-7de003edb80c,51f1eed1-1f74-4ab1-8251-8d4660101b9f,2025-05-13,Communication between departments could be improved.,Negative
40d10287-74de-4ed1-9b04-93b8b0c932ba,51f1eed1-1f74-4ab1-8251-8d4660101b9f,2026-01-31,"Great team environment, love working here.",Positive
5d5e8ea4-3e4f-4186-a2ed-3ca315cd35e7,ffc144d4-1eec-4706-b909-7a55c25164d3,2023-02-09,I feel overlooked for promotions despite my hard work.,Negative
e832a0b7-76f7-405f-a9d7-11183cc2fee2,ffc144d4-1eec-4706-b909-7a55c25164d3,2020-06-27,I feel overlooked for promotions despite my hard work.,Negative
84165f2c-545b-4ce0-aa67-7dd8cea9e391,ffc144d4-1eec-4706-b909-7a55c25164d3,2020-12-05,I appreciate the continuous learning opportunities provided.,Positive
8d642e59-268d-43fa-99a2-9803216d6a6f,8bd51501-351b-4888-8ab7-461958bbbbff,2021-05-03,Sometimes I feel micromanaged by leadership.,Negative
57e8d090-5c52-4cd6-9f11-28b23cf2798d,8bd51501-351b-4888-8ab7-461958bbbbff,2020-07-02,I feel overlooked for promotions despite my hard work.,Negative
b73385a5-2ed5-453e-909f-43b7cc306f7f,c0962f3b-36d0-4e65-9a26-d97e171373a9,2024-12-04,I feel overlooked for promotions despite my hard work.,Negative
aa0fc10b-d729-48fd-b1ae-6ac2cb572a01,c0962f3b-36d0-4e65-9a26-d97e171373a9,2026-07-24,I am very happy with the recent changes in remote work policy.,Positive
1ad090c5-833f-4c6d-8ea9-2d4e1ac9ecb3,c0962f3b-36d0-4e65-9a26-d97e171373a9,2026-03-20,I am very happy with the recent changes in remote work policy.,Positive
09b157d3-2824-479d-97d2-99aa25055452,f18e5367-960a-4189-ad25-c33b1e3fa7c2,2022-09-06,Communication between departments could be improved.,Negative
f1b8617d-b4d5-41f1-80e9-248c5910ab50,f18e5367-960a-4189-ad25-c33b1e3fa7c2,2025-04-24,I feel overlooked for promotions despite my hard work.,Negative
972a0570-7c12-4484-a8f8-a80ab0bed4dc,f18e5367-960a-4189-ad25-c33b1e3fa7c2,2023-03-17,Sometimes I feel micromanaged by leadership.,Negative
20cea932-49b6-4fe9-bb9e-2565a5af06f2,654ee07e-23b4-477c-a71d-d3d80efc9bb4,2025-10-17,Sometimes I feel micromanaged by leadership.,Negative
d1c1373e-4380-4cc1-973a-543df809578d,654ee07e-23b4-477c-a71d-d3d80efc9bb4,2026-07-03,"Great team environment, love working here.",Positive
2c2dd96d-71f4-40f1-a525-6262d50cf79d,ba1c17d1-be48-4303-a212-c01242cbd177,2025-10-03,"Great team environment, love working here.",Positive
ceef5ed3-8182-43f8-b135-f22391d49e34,2042b704-06cb-4acd-8efa-cb9a5a7d6b25,2019-08-28,We need better tools to handle the increased workload.,Negative
4235b85b-e469-4efc-b122-ccaea5829212,2042b704-06cb-4acd-8efa-cb9a5a7d6b25,2019-03-13,Communication between departments could be improved.,Negative
ed8ce9ef-9d0e-4ce2-8a91-ee42f5ffec02,2042b704-06cb-4acd-8efa-cb9a5a7d6b25,2021-09-16,I feel that I need more challenging projects to grow.,Neutral
d9091512-32b1-4005-bb73-4bb60b1410db,0c57e314-8e11-4161-ae43-97f5df987669,2021-03-15,I feel that I need more challenging projects to grow.,Neutral
55356358-724e-4b98-bc06-d8336849d3c8,4f47c9b7-2a5b-436a-a6a3-a94fb35bbea7,2023-01-01,I feel that I need more challenging projects to grow.,Neutral
e6581552-399b-4a82-b53b-0ae47af88967,4f47c9b7-2a5b-436a-a6a3-a94fb35bbea7,2021-10-16,I appreciate the continuous learning opportunities provided.,Positive
25985e81-0fd8-4bf5-9f81-ccc2399ea6e5,bd508695-2de6-4c92-af4d-02a4ee535a1a,2020-06-12,The benefits package is competitive but could improve on health coverage.,Neutral
c61ddf9a-d473-4dd3-9083-7ebb3cd64499,c8c70739-739e-4af5-a740-3cdff11d0030,2024-09-20,I feel that I need more challenging projects to grow.,Neutral
47a1be26-526f-445c-865f-5c11606f2d88,4539ff43-8eb1-470f-aef5-6008eae429a5,2025-07-15,Sometimes I feel micromanaged by leadership.,Negative
f88d0115-93a6-4ec9-b3bb-8e9c7384b4aa,a38f45ea-ee5d-46e5-94ee-d34f79c06891,2023-09-08,I appreciate the continuous learning opportunities provided.,Positive
ff188c27-801c-4c14-874c-eeaff96ccc53,0c960f5a-c1ac-47a1-bbaa-2d44ba05ec61,2024-04-24,Communication between departments could be improved.,Negative
08a55b97-28ac-4d7d-b002-2b962d8d54f1,0c960f5a-c1ac-47a1-bbaa-2d44ba05ec61,2024-11-02,The benefits package is competitive but could improve on health coverage.,Neutral
0ff9e79c-e6f0-481c-8a90-63ede3eae18d,0c960f5a-c1ac-47a1-bbaa-2d44ba05ec61,2026-07-13,"Great team environment, love working here.",Positive
a0630a84-5cca-4bf0-aa0d-a597534ef27b,395876ab-2b1f-4140-947a-8b2170e3411c,2021-08-21,Sometimes I feel micromanaged by leadership.,Negative
3e2fbc73-f685-465f-a762-87ea52eccd3a,f485b527-f05f-4867-b308-cbb8ff448ae9,2022-01-31,I am very happy with the recent changes in remote work policy.,Positive
b6e0ffc3-44e5-45d6-bca1-d849e9551a93,c564045b-b137-47d3-8574-1f0d7fa06604,2022-07-23,I feel that I need more challenging projects to grow.,Neutral
8e89567d-4f8e-4a27-baa8-0e3effe33c80,5246327d-4f18-4612-8b0d-c7d0f624b090,2024-01-15,I feel that I need more challenging projects to grow.,Neutral
5f7d4efe-0431-4537-bbcd-42c85288b9a4,0fbcfd00-dbd8-4899-9926-85e23abfb5ab,2022-06-29,The current management style is very supportive.,Positive
d0caa52c-1843-4dcb-9de2-5643b2a170a4,0fbcfd00-dbd8-4899-9926-85e23abfb5ab,2021-07-06,I am very happy with the recent changes in remote work policy.,Positive
747468cc-bf81-4470-8e8e-964424ec8256,0fbcfd00-dbd8-4899-9926-85e23abfb5ab,2025-06-02,The benefits package is competitive but could improve on health coverage.,Neutral
b6ff0d34-2f52-4bcc-9036-3d716d28b7b2,9366bdd7-1827-4ab2-916d-a65852f3ebe3,2017-11-27,I feel that I need more challenging projects to grow.,Neutral
8c5cd876-78ae-47e1-95f2-452904565c03,4656f8ec-ecbf-4dc9-8533-ff6b0854b65d,2026-05-04,I feel that I need more challenging projects to grow.,Neutral
0a99ba6d-52f6-4bea-a329-c40b184dce76,4656f8ec-ecbf-4dc9-8533-ff6b0854b65d,2025-11-27,I appreciate the continuous learning opportunities provided.,Positive
22536efb-c361-4ec3-be89-5f9ee15ac17e,4656f8ec-ecbf-4dc9-8533-ff6b0854b65d,2024-09-04,I feel overlooked for promotions despite my hard work.,Negative
9d2634e4-b1ac-4b14-a32b-367998d399e8,14dc194c-c6fd-4333-88e2-f5d1bc353e54,2026-07-15,I am very happy with the recent changes in remote work policy.,Positive
072c55ce-a8e9-4026-b171-48ccc7159a15,14dc194c-c6fd-4333-88e2-f5d1bc353e54,2024-08-09,Communication between departments could be improved.,Negative
1371c859-6cfa-4697-8592-f7c4546c446d,14dc194c-c6fd-4333-88e2-f5d1bc353e54,2023-06-13,Communication between departments could be improved.,Negative
0d6b5b1d-2590-4928-9fae-00a91e2811a7,c2fa8e16-25d3-4067-ac23-d74e3d4553a1,2026-05-12,I feel that I need more challenging projects to grow.,Neutral
d54f94ba-d7ec-47ad-a223-ecfbc5ae3158,c2fa8e16-25d3-4067-ac23-d74e3d4553a1,2025-08-04,I appreciate the continuous learning opportunities provided.,Positive
419fcca7-0eff-4304-8c1a-a02a9353f65b,033f8ff3-b82a-45c9-905d-172af59fc7f9,2025-05-04,The benefits package is competitive but could improve on health coverage.,Neutral
5de82a6d-8c73-4a2d-a9a2-ad5ce1ad7e01,033f8ff3-b82a-45c9-905d-172af59fc7f9,2020-07-31,The benefits package is competitive but could improve on health coverage.,Neutral
99bf6e93-40ef-4c94-8037-9899fa002c5e,692909c0-619b-472a-8e83-d0d087d3ca74,2022-08-22,We need better tools to handle the increased workload.,Negative
08ac2b0f-33ac-4996-9580-a0b1cb6010ef,692909c0-619b-472a-8e83-d0d087d3ca74,2018-11-25,I appreciate the continuous learning opportunities provided.,Positive
78f9dc82-1f96-4196-8f05-e777657b27df,67d755bf-a43f-4276-8a1f-7f16122bca42,2024-09-09,Communication between departments could be improved.,Negative
c715a5d8-1213-4792-870c-bb6f10ef4e02,67d755bf-a43f-4276-8a1f-7f16122bca42,2025-04-01,I feel overlooked for promotions despite my hard work.,Negative
07a34d35-85c5-4c41-a35c-7f9a6cbbea6a,67d755bf-a43f-4276-8a1f-7f16122bca42,2026-04-27,I feel overlooked for promotions despite my hard work.,Negative
887e02fa-34f2-4ce0-bbde-c381e63af685,db4394ce-6f13-48d7-9c8e-2ea258c2139b,2025-05-30,Sometimes I feel micromanaged by leadership.,Negative
7d7f3818-6269-45f6-abb7-6663ded717e2,457db891-2d80-485a-8738-8972bfef538e,2018-07-22,The current management style is very supportive.,Positive
4a520104-d67b-4bfc-8dbb-cc7e9d846b99,457db891-2d80-485a-8738-8972bfef538e,2019-05-07,The current management style is very supportive.,Positive
4fab1cee-d00e-4ed0-9c96-a06cc82bf597,da8611d8-60b3-475e-9467-e6e03c28c3d3,2023-12-22,We need better tools to handle the increased workload.,Negative
fa62041c-2472-4513-9846-a70f9792e964,da6918b9-e28a-4c9b-b4bf-be32befa86b5,2025-02-24,I am very happy with the recent changes in remote work policy.,Positive
f21ba474-115c-45ce-9574-47ba72f6af97,da6918b9-e28a-4c9b-b4bf-be32befa86b5,2023-12-03,I feel overlooked for promotions despite my hard work.,Negative
2c06f439-19d4-4b61-a9ff-abf4eb39672f,5599d60f-6518-4ae5-b5d8-bb3c47f1aba5,2025-11-23,We need better tools to handle the increased workload.,Negative
df63e972-b5af-4fa6-a5b6-c006ec380dcf,5599d60f-6518-4ae5-b5d8-bb3c47f1aba5,2025-05-13,I am very happy with the recent changes in remote work policy.,Positive
bd992544-72ea-44e9-a551-e8621d622251,5599d60f-6518-4ae5-b5d8-bb3c47f1aba5,2025-06-04,I appreciate the continuous learning opportunities provided.,Positive
68841260-d8cd-4b7b-9199-2784da1e4b0c,c822b7e5-cd0d-48f8-8286-4b09bd12b1b1,2023-06-26,Communication between departments could be improved.,Negative
0e1e8d4a-d2d1-4e10-851c-ba111be4511b,c822b7e5-cd0d-48f8-8286-4b09bd12b1b1,2026-04-20,We need better tools to handle the increased workload.,Negative
1068bd5b-6c55-4913-b802-8c134b83aad7,6ec8b880-8657-4261-aba3-0e9fea0e84ce,2026-02-18,The current management style is very supportive.,Positive
432b49d4-562e-414e-8e2f-1e70d80df41a,4a92cb5c-6bb1-4cb3-8a41-599177ff596f,2023-03-28,The benefits package is competitive but could improve on health coverage.,Neutral
534700bb-e315-427c-95fb-e74e830e755d,1ed7b98c-7e1e-48dc-a3b8-05c2e927db93,2026-07-01,The benefits package is competitive but could improve on health coverage.,Neutral
280bd50c-382d-4668-bbb3-91b8308236bc,8ef1ecbd-3546-4c17-956b-cae06607d80a,2023-02-08,Sometimes I feel micromanaged by leadership.,Negative
da448128-e29a-448c-bec4-58b96168e7a6,8ef1ecbd-3546-4c17-956b-cae06607d80a,2021-04-09,I am very happy with the recent changes in remote work policy.,Positive
8ea03b13-9f3f-4433-8caf-2059ce53e0e5,8ef1ecbd-3546-4c17-956b-cae06607d80a,2018-07-27,I appreciate the continuous learning opportunities provided.,Positive
e56561c3-8b6b-424d-a68c-1e5d69d24c46,5fe2f125-6419-4f33-b6a6-2c2d8be35a3a,2023-03-24,"Great team environment, love working here.",Positive
35f82a1f-8f8a-4ec2-8dc1-528225c48731,5fe2f125-6419-4f33-b6a6-2c2d8be35a3a,2021-10-05,The benefits package is competitive but could improve on health coverage.,Neutral
87a1e613-1afb-494e-a324-e38f62dd90f6,4db19165-70b3-4e7b-9ea5-4c8d8ae7e64d,2022-05-26,The benefits package is competitive but could improve on health coverage.,Neutral
a5004c07-460d-4e41-a753-ffcfa0b292e1,4db19165-70b3-4e7b-9ea5-4c8d8ae7e64d,2024-09-28,The benefits package is competitive but could improve on health coverage.,Neutral
8d03f70e-9640-4bf3-a37d-e5fe5fc6fe79,8772a587-a814-4c40-9ffa-01f07a23e11a,2023-05-03,We need better tools to handle the increased workload.,Negative
f641239d-c310-48be-bd9a-c53f79450ef1,8772a587-a814-4c40-9ffa-01f07a23e11a,2024-06-23,I feel that I need more challenging projects to grow.,Neutral
0b2672f5-80aa-4827-ad2a-3f3fd04cb1b5,8772a587-a814-4c40-9ffa-01f07a23e11a,2025-07-23,I feel that I need more challenging projects to grow.,Neutral
e9a59a89-5f46-4dec-8cb9-1476da62170c,13e6bfc3-3929-4f23-a54f-3f2bb2966312,2023-03-21,I feel that I need more challenging projects to grow.,Neutral
6d284abe-1b04-4153-a634-8ec44205738d,13e6bfc3-3929-4f23-a54f-3f2bb2966312,2022-06-22,The current management style is very supportive.,Positive
a0a79f95-443e-4391-8178-474410ec6883,765aa0f5-1df7-4d13-b9a2-99c6ac1da22f,2019-10-12,The current management style is very supportive.,Positive
de2b2d2c-5c68-479b-8ec6-8ca00fc1ae63,96e871d5-f00c-404a-ad65-75765d43993e,2025-11-05,I am very happy with the recent changes in remote work policy.,Positive
048e5f1a-5b9c-447a-9982-024805c02b15,96e871d5-f00c-404a-ad65-75765d43993e,2024-09-24,Communication between departments could be improved.,Negative
161e7da4-a3ad-44c4-a1fd-5f2594c587ec,c3ba6d27-5250-4549-ad46-333b8f1907f5,2022-08-23,I appreciate the continuous learning opportunities provided.,Positive
e61b0065-e3c4-476d-b2c5-5451347faf3a,53a3e6bb-b2fc-4d1f-acfa-a053b6109c6d,2026-04-19,The current management style is very supportive.,Positive
6db52ff7-fa3b-48e9-8dfd-b78fdce8824d,53a3e6bb-b2fc-4d1f-acfa-a053b6109c6d,2022-03-31,I appreciate the continuous learning opportunities provided.,Positive
07632cb2-3636-4eb5-a41e-9cb4ba954e21,137b2a8e-ff95-441b-8784-ad3a73145ae4,2022-11-12,I am very happy with the recent changes in remote work policy.,Positive
75cf3c8e-9fd4-41b2-b954-c3feb4714b76,137b2a8e-ff95-441b-8784-ad3a73145ae4,2023-12-15,I feel overlooked for promotions despite my hard work.,Negative
dfb6556a-99c4-49a2-994c-0a1ca798e0d5,ac1ebae7-118f-489c-8554-56261ef5acce,2021-10-26,The benefits package is competitive but could improve on health coverage.,Neutral
d3304a93-0889-4819-9269-d05b3472732c,ac1ebae7-118f-489c-8554-56261ef5acce,2022-07-20,Communication between departments could be improved.,Negative
840c466b-c4df-4f88-b786-4a6b8057ce8f,c3cb1bc2-b4bc-46a9-9d07-5af1a4286613,2024-06-25,"Great team environment, love working here.",Positive
fdc70383-3590-4b64-8144-664d112d5feb,f2074da0-31ad-4f44-9f4e-6758c09dea0d,2022-12-03,I am very happy with the recent changes in remote work policy.,Positive
bf9088e5-da24-4ac9-af01-3d0b85d5aec4,f2074da0-31ad-4f44-9f4e-6758c09dea0d,2025-09-14,I am very happy with the recent changes in remote work policy.,Positive
5db720e6-b04b-4cba-a5af-f244b825fe5a,f2074da0-31ad-4f44-9f4e-6758c09dea0d,2026-02-12,Communication between departments could be improved.,Negative
fa8a7eb8-bb38-4a0f-890e-43711666c854,a629701d-206c-49d4-ac22-4d735603870f,2016-11-18,We need better tools to handle the increased workload.,Negative
9f79d0c9-56eb-47f2-ba34-1ff389f8f0b8,a629701d-206c-49d4-ac22-4d735603870f,2021-02-08,Sometimes I feel micromanaged by leadership.,Negative
9b608b16-8163-4dc5-b598-e6d9ad192036,38cd41e0-bbef-40b4-b450-64a130a935de,2026-06-17,We need better tools to handle the increased workload.,Negative
eea42db3-30ea-4dd6-9c4c-76cdfc4b8783,38cd41e0-bbef-40b4-b450-64a130a935de,2026-06-23,I am very happy with the recent changes in remote work policy.,Positive
e828b2e6-14b2-4e4b-ada8-1d26d3bf3fe1,5cb81f28-5cf3-4fb8-b33f-548cb308ab3a,2024-12-30,We need better tools to handle the increased workload.,Negative
6a040eaf-1560-43b1-9161-8e5f83a389d2,5cb81f28-5cf3-4fb8-b33f-548cb308ab3a,2025-10-08,I feel that I need more challenging projects to grow.,Neutral
1b60dbfd-def9-49dd-9fc7-c270c1316097,5cb81f28-5cf3-4fb8-b33f-548cb308ab3a,2025-02-15,I am very happy with the recent changes in remote work policy.,Positive
5336f274-5306-401b-861b-969073ae8eee,98172343-218d-4f1a-83d9-2dabdc2f94e3,2021-09-09,Communication between departments could be improved.,Negative
6528954e-93e2-462c-af0f-a3491ff16625,98172343-218d-4f1a-83d9-2dabdc2f94e3,2024-11-04,I am very happy with the recent changes in remote work policy.,Positive
3c932fc5-08cd-4972-be9d-76f3521a0f63,98172343-218d-4f1a-83d9-2dabdc2f94e3,2021-05-08,"Great team environment, love working here.",Positive
be9c5654-e980-4643-bd87-49275c2b01e8,6203e1ee-0792-49e0-822d-a1e187c0089f,2025-12-18,I am very happy with the recent changes in remote work policy.,Positive
65f1a3d5-f7f7-4258-82c7-ec592a9c11fc,6203e1ee-0792-49e0-822d-a1e187c0089f,2024-12-03,Sometimes I feel micromanaged by leadership.,Negative
38634517-cd50-4b8f-a2cc-6848076538b4,df2a0329-c692-4e94-8099-b2befe8cb4f1,2026-02-07,Sometimes I feel micromanaged by leadership.,Negative
035b1b5f-b825-479d-b0e0-7aa4e7b858f7,df2a0329-c692-4e94-8099-b2befe8cb4f1,2026-03-05,I feel overlooked for promotions despite my hard work.,Negative
2bac2a10-ce1a-48b4-9a6e-9316893c6db0,44bd5790-7b96-4d36-bd8a-b546853f6215,2019-04-09,I appreciate the continuous learning opportunities provided.,Positive
ecc86f4a-d94f-45e7-9f67-080443c7d1b0,44bd5790-7b96-4d36-bd8a-b546853f6215,2017-01-03,I am very happy with the recent changes in remote work policy.,Positive
81f87183-bd9e-4fbc-aa02-f4f7158ec757,44bd5790-7b96-4d36-bd8a-b546853f6215,2024-10-23,Sometimes I feel micromanaged by leadership.,Negative
75a0b339-3792-45a3-a6a2-cf38fcf35e42,5ae2f0cb-3910-4e07-8272-5fcf199e2b8c,2023-01-25,I feel that I need more challenging projects to grow.,Neutral
554bbeab-5790-4c71-a93e-681abd5dd6c6,5ae2f0cb-3910-4e07-8272-5fcf199e2b8c,2023-11-13,The current management style is very supportive.,Positive
bf95ee42-e244-48ff-8114-8202b6519ac8,a5565b05-2d1d-47ae-9733-4870196f4919,2026-07-13,"Great team environment, love working here.",Positive
2208c374-1190-44d4-827f-b1ec261f8764,a5565b05-2d1d-47ae-9733-4870196f4919,2026-07-15,We need better tools to handle the increased workload.,Negative
cef7fcc6-bc5e-48de-9f16-0547db92539e,a5565b05-2d1d-47ae-9733-4870196f4919,2026-07-14,The current management style is very supportive.,Positive
43f2d3e3-aa08-4fe0-8380-957c262277e0,57de502e-22e1-4ed1-9d06-915def99a041,2026-06-04,I feel that I need more challenging projects to grow.,Neutral
c16a8cc6-679b-4af7-99c0-404641f47a88,57de502e-22e1-4ed1-9d06-915def99a041,2026-07-24,We need better tools to handle the increased workload.,Negative
bf0bde86-edcc-4b55-8e8f-b351378bfbcb,57de502e-22e1-4ed1-9d06-915def99a041,2026-06-23,We need better tools to handle the increased workload.,Negative
d0ed98f1-eaa2-4564-aeee-56ee022f5559,7f68e163-f283-4265-82c1-9b29c3e5af07,2025-06-18,The benefits package is competitive but could improve on health coverage.,Neutral
e8c9e364-e3d4-4371-ad3f-aa408103cd9b,7f68e163-f283-4265-82c1-9b29c3e5af07,2021-07-28,Communication between departments could be improved.,Negative
e6bcb74a-6040-403b-97d8-60d787ff03ad,194c2d4d-cbaf-4d32-9d95-35974370aa55,2025-09-08,I feel that I need more challenging projects to grow.,Neutral
86f6fca8-1a9b-4387-972e-434e7d3caf57,194c2d4d-cbaf-4d32-9d95-35974370aa55,2019-04-19,The current management style is very supportive.,Positive
34acf700-191b-4b6c-803e-e638e9bb78ff,194c2d4d-cbaf-4d32-9d95-35974370aa55,2023-12-09,Communication between departments could be improved.,Negative
a3d48474-10e8-4b85-aa89-f980bd6ccb2d,17df8764-268a-4bea-baad-d6c3edccd53b,2024-05-09,We need better tools to handle the increased workload.,Negative
4dd21b89-58f2-496d-851c-78b0184cbbe7,28eb26fa-ab54-4970-9074-337df40283f7,2024-10-02,The current management style is very supportive.,Positive
aa702933-f39b-4fde-9146-5f80277de4f5,28eb26fa-ab54-4970-9074-337df40283f7,2026-01-05,Sometimes I feel micromanaged by leadership.,Negative
3dec90de-1772-4ee2-9d3d-3706b40c0190,28eb26fa-ab54-4970-9074-337df40283f7,2026-03-03,I feel overlooked for promotions despite my hard work.,Negative
8c776d97-ec3b-4a6c-adcf-4a366af3a369,79ea5c3b-a456-4646-96ad-38b62deaa860,2025-01-18,I feel that I need more challenging projects to grow.,Neutral
f8686f6b-86d1-4120-9995-b90195e482d3,79ea5c3b-a456-4646-96ad-38b62deaa860,2022-06-18,We need better tools to handle the increased workload.,Negative
323898c2-eed6-4e0d-adae-5c60d6267fb1,79ea5c3b-a456-4646-96ad-38b62deaa860,2023-01-23,I appreciate the continuous learning opportunities provided.,Positive
8d562930-9913-4c57-83d2-d691b87aeed0,b5731655-62fd-47ed-a094-320ed4b4ce4b,2026-06-21,The current management style is very supportive.,Positive
f6442060-c650-43b7-a528-d9f593b0bb6b,b5731655-62fd-47ed-a094-320ed4b4ce4b,2026-05-29,"Great team environment, love working here.",Positive
8d6c7394-6d7a-4074-97ee-88052f71f52c,3aa1a160-24f4-4554-81ad-4eb18e14b727,2018-09-29,Sometimes I feel micromanaged by leadership.,Negative
d01bf478-75fa-495a-a48d-5b6b7df8d4ef,91f44267-9ca9-4728-bbb6-47cdf75e54b0,2026-07-19,I feel that I need more challenging projects to grow.,Neutral
2463c7a2-87a1-4b5a-b9ae-2384f4825109,78f2b6f3-a1fd-4525-97e3-0357c4efec81,2024-04-30,Sometimes I feel micromanaged by leadership.,Negative
44f68c74-cace-4b9f-aa84-f7cc97f998f9,78f2b6f3-a1fd-4525-97e3-0357c4efec81,2024-05-03,I appreciate the continuous learning opportunities provided.,Positive
9ee5a6b2-3e23-4a61-a791-8a0c0edad1a3,93668de2-9fd6-475a-8b3f-1d572df1be43,2025-07-21,We need better tools to handle the increased workload.,Negative
64658704-f8c8-4527-a960-6dae03776116,93668de2-9fd6-475a-8b3f-1d572df1be43,2026-01-02,I feel that I need more challenging projects to grow.,Neutral
1af95918-a2cd-402c-a5eb-61076d2ceb86,2f47c07c-47e8-496e-9ec4-329b6d3edd9c,2023-07-16,The benefits package is competitive but could improve on health coverage.,Neutral
4bb4e2c7-691d-439c-a8de-f192550001d2,2f47c07c-47e8-496e-9ec4-329b6d3edd9c,2025-12-08,Sometimes I feel micromanaged by leadership.,Negative
4baa5598-0098-4f76-b32e-bf3530a96bf9,cebbe511-4c2c-4c7d-a230-f44666ef9523,2021-06-14,The current management style is very supportive.,Positive
0716b43b-b4bc-4537-ba75-b4ea4017b001,cebbe511-4c2c-4c7d-a230-f44666ef9523,2024-04-11,We need better tools to handle the increased workload.,Negative
21c158c3-4783-422f-be95-6bb165704808,024fc515-8c79-4af4-82ff-a17837532fb4,2026-04-07,The current management style is very supportive.,Positive
2ab14490-3059-4131-b645-6cd0cafefab4,024fc515-8c79-4af4-82ff-a17837532fb4,2026-05-03,I feel overlooked for promotions despite my hard work.,Negative
60046974-f062-44cf-91a1-fe4214f4de00,10bb8735-74e2-4e89-b08a-ddcb9ba0953c,2024-03-24,The current management style is very supportive.,Positive
074142c1-3073-4b08-82d2-1284a0d48f06,10bb8735-74e2-4e89-b08a-ddcb9ba0953c,2024-12-28,"Great team environment, love working here.",Positive
d54ef1af-833c-4682-bbf9-4e37b1be3355,ab408c82-656d-4f9f-9ac3-cd515aabd147,2023-09-07,Sometimes I feel micromanaged by leadership.,Negative
aad44c1f-d8c1-4c59-b0e5-b3aad3788a74,ab408c82-656d-4f9f-9ac3-cd515aabd147,2022-04-07,I feel that I need more challenging projects to grow.,Neutral
5271266b-7893-4464-b29a-75ce6fe757bd,ab408c82-656d-4f9f-9ac3-cd515aabd147,2021-05-04,Sometimes I feel micromanaged by leadership.,Negative
87135772-4e16-446b-927b-2d76c5178411,a2f7537c-c53c-43be-8c4d-6ea8415028a4,2022-04-11,The benefits package is competitive but could improve on health coverage.,Neutral
3f5b1d27-7d54-463d-8486-dc380a2547de,a2f7537c-c53c-43be-8c4d-6ea8415028a4,2026-03-14,"Great team environment, love working here.",Positive
cd39919e-7979-4987-8876-2175ecaaea28,a2f7537c-c53c-43be-8c4d-6ea8415028a4,2026-01-18,I appreciate the continuous learning opportunities provided.,Positive
0a23ffdc-697d-4032-b581-7296dfbd26cf,bb8eaeac-7bbd-45f8-a33b-04452a86fbf0,2023-02-26,The benefits package is competitive but could improve on health coverage.,Neutral
d9597dc7-66a4-4789-9011-7bfa79d27cdc,90479ef5-ca18-4bb8-8a7c-a99969de5449,2024-08-25,The current management style is very supportive.,Positive
808082e8-b167-460d-9938-c64434c229ac,90479ef5-ca18-4bb8-8a7c-a99969de5449,2025-11-30,We need better tools to handle the increased workload.,Negative
98750cc1-b423-4b02-b6bd-b9c9008f138d,c5de4998-f45c-4402-abcc-2e6b450bd821,2022-11-02,I am very happy with the recent changes in remote work policy.,Positive
3b9d3935-6959-49a7-881b-9c93024738f3,c5de4998-f45c-4402-abcc-2e6b450bd821,2022-06-19,I feel overlooked for promotions despite my hard work.,Negative
1d46de9d-c29b-4f52-99dc-4c5fd046cb7f,c5de4998-f45c-4402-abcc-2e6b450bd821,2025-03-24,Communication between departments could be improved.,Negative
2e65e2fd-616f-43cd-9c3a-e963a22097bc,37ea7dbc-bd25-4679-bb2e-23b7f60bb10c,2026-04-29,Communication between departments could be improved.,Negative
20b98b96-ae12-4832-8c97-d6843c32a97c,37ea7dbc-bd25-4679-bb2e-23b7f60bb10c,2026-03-22,We need better tools to handle the increased workload.,Negative
7f8b0f99-52a9-4423-8b00-86762c06f441,ece3a728-1821-4f16-af15-4fc1f10e243c,2024-01-23,Communication between departments could be improved.,Negative
2c2960c3-40ac-4153-98f8-e1025a9f1ea1,ece3a728-1821-4f16-af15-4fc1f10e243c,2024-09-28,I feel that I need more challenging projects to grow.,Neutral
db37a253-e7d5-4fb9-8a62-dae38a13b473,1dd36d2a-3c27-4e99-81a3-db24afce861e,2023-10-26,I feel overlooked for promotions despite my hard work.,Negative
cd68268e-7aee-4cc9-8df1-cde117d6dbfa,1dd36d2a-3c27-4e99-81a3-db24afce861e,2024-08-08,The benefits package is competitive but could improve on health coverage.,Neutral
08e77116-9075-4621-85ed-1f12ddfa3d3c,210193fa-13a9-4336-8276-a7ba84ff6f4b,2025-11-19,I am very happy with the recent changes in remote work policy.,Positive
f09501eb-0e33-4fa8-b470-4271c2bd1b76,210193fa-13a9-4336-8276-a7ba84ff6f4b,2026-03-25,Sometimes I feel micromanaged by leadership.,Negative
09046731-3c49-45a9-bfab-15efbd72e080,6f41ec60-fc36-4e95-ab35-ed017e1944a2,2020-01-21,We need better tools to handle the increased workload.,Negative
b0def1e6-0b9b-454c-84e5-eef3887b77c7,6f41ec60-fc36-4e95-ab35-ed017e1944a2,2020-09-20,I am very happy with the recent changes in remote work policy.,Positive
f60c418b-163b-4f61-9594-6ab0a559102f,6f41ec60-fc36-4e95-ab35-ed017e1944a2,2020-05-01,I feel overlooked for promotions despite my hard work.,Negative
5b88141c-1c02-4944-bf75-5180439936ae,dd41fd80-25c2-4d18-b99f-2aa8dec626e0,2026-05-30,"Great team environment, love working here.",Positive
325e35f1-39de-44e3-bb26-8fa960250a6c,5f278c3e-b991-4163-bb3c-40087bf6cb5e,2024-05-30,The current management style is very supportive.,Positive
b66c4350-146d-44cd-8bc0-6ae3341e0441,5104331f-3d2e-473c-9d86-d3c3a6a90982,2024-06-03,I feel overlooked for promotions despite my hard work.,Negative
95483851-5b3c-44d8-98f0-cd098c9c2135,5104331f-3d2e-473c-9d86-d3c3a6a90982,2020-05-25,Communication between departments could be improved.,Negative
a7c69141-9b66-48e9-8db6-202cd4be7362,f08c083f-2286-4890-8f1a-b0fa03961ae5,2020-08-12,The benefits package is competitive but could improve on health coverage.,Neutral
4fdd4c73-824a-4931-9181-0efbea9fe5d1,f08c083f-2286-4890-8f1a-b0fa03961ae5,2020-06-27,"Great team environment, love working here.",Positive
6654c428-a3d3-424c-af82-a63f20c268b9,f74b3b05-adc9-4393-ab8e-2e20f310cc26,2026-05-06,I feel overlooked for promotions despite my hard work.,Negative
535325a1-65e1-46b4-a46e-8d62c9cff35b,6e2177b0-800e-4348-b5ca-8b16e36df335,2026-06-21,"Great team environment, love working here.",Positive
e7a4db3a-5773-4971-ab02-bbb53bc4e50a,6e2177b0-800e-4348-b5ca-8b16e36df335,2025-12-15,Communication between departments could be improved.,Negative
edf8342b-6f32-49b8-b91d-4719a206f9a0,4a1fec4c-f380-48fb-9acd-5ef161df991c,2023-10-29,Sometimes I feel micromanaged by leadership.,Negative
11dea433-0a69-415f-b338-30dfa2ad1fc7,4a1fec4c-f380-48fb-9acd-5ef161df991c,2018-11-23,We need better tools to handle the increased workload.,Negative
dd638f65-7363-4d7a-be79-a06fa9ec39ca,4a1fec4c-f380-48fb-9acd-5ef161df991c,2016-11-06,I feel that I need more challenging projects to grow.,Neutral
5a7b1d8c-5095-4e82-9ff6-5600d7b5a7a3,34cd047c-0421-4d3d-b1eb-74c5193b0ff2,2026-06-13,I feel overlooked for promotions despite my hard work.,Negative
905cb810-2c41-4589-bde3-055fbcbbc050,34cd047c-0421-4d3d-b1eb-74c5193b0ff2,2024-11-19,Sometimes I feel micromanaged by leadership.,Negative
154c75f0-387e-459b-bc65-2805871a9be6,34cd047c-0421-4d3d-b1eb-74c5193b0ff2,2026-05-16,I feel that I need more challenging projects to grow.,Neutral
83f73ec9-3efc-4c76-8fde-14f4a7c10885,f7bd2526-a1b0-4954-b61c-ee69b49f15b4,2024-04-20,"Great team environment, love working here.",Positive
fd331cfb-aa1b-45bc-9f47-b09385f43f24,f7bd2526-a1b0-4954-b61c-ee69b49f15b4,2025-11-04,I appreciate the continuous learning opportunities provided.,Positive
f3790e8e-e64d-40cd-b9be-f0ad9d14c10c,c3497335-d1f1-4803-b6e9-1a733a4e242f,2024-07-21,I appreciate the continuous learning opportunities provided.,Positive
29180e0c-1269-419e-a028-f5bf3bfc4191,c3497335-d1f1-4803-b6e9-1a733a4e242f,2022-11-29,"Great team environment, love working here.",Positive
ab732e5c-1e85-4d23-a85c-bf1ed6faf957,c3497335-d1f1-4803-b6e9-1a733a4e242f,2022-09-25,I feel that I need more challenging projects to grow.,Neutral
f9bd7ae4-2a70-40b2-95d4-a1180785f9b2,890f24ef-b428-4193-8a6b-40bf74a427a3,2026-07-01,We need better tools to handle the increased workload.,Negative
3a60895b-4b56-4fc2-81b2-13b01a65db99,890f24ef-b428-4193-8a6b-40bf74a427a3,2026-06-25,We need better tools to handle the increased workload.,Negative
7922bec5-f1b9-4290-b30c-9e45b4e56fc5,bc937cb0-9c8b-4859-b811-7b5b2a1edd4c,2025-11-05,I appreciate the continuous learning opportunities provided.,Positive
92e99c87-c693-466e-835f-4227b338bba3,bc937cb0-9c8b-4859-b811-7b5b2a1edd4c,2025-04-05,Communication between departments could be improved.,Negative
e1102587-912e-4023-899d-24b09ee6a594,270807ea-9f56-4438-a0e5-f4896c064cda,2023-09-14,The current management style is very supportive.,Positive
ecbd2725-b2cf-4c13-8bb9-e96170fba02d,270807ea-9f56-4438-a0e5-f4896c064cda,2023-05-20,I appreciate the continuous learning opportunities provided.,Positive
ba343300-fd3b-47c9-ab92-68a20995b682,270807ea-9f56-4438-a0e5-f4896c064cda,2021-05-01,I appreciate the continuous learning opportunities provided.,Positive
2abc769a-3960-4fc5-8e96-2729d9df923c,fcdfb524-f31d-4f16-8c75-8ae05a307294,2025-08-08,I feel overlooked for promotions despite my hard work.,Negative
5bcac814-81bb-4255-9d9a-1f50e984b742,2737b249-bbed-4d63-a99b-3006b7744c69,2026-07-21,The current management style is very supportive.,Positive
df271b3b-04d7-4059-8077-743304173bf7,2737b249-bbed-4d63-a99b-3006b7744c69,2021-08-10,I appreciate the continuous learning opportunities provided.,Positive
88ce8d80-6ce2-4c43-beb0-9e54078d83c9,6d30cd3d-7403-416b-a831-b7d794f8bc47,2019-07-21,The benefits package is competitive but could improve on health coverage.,Neutral
06496d3e-50fc-44f7-a7b9-08a9c71c1ad6,0a54cf5c-0a30-4783-9a22-169d62bcc8c9,2022-12-28,Communication between departments could be improved.,Negative
f2d39b2e-f494-4d53-a24f-41340f108fc2,482ba374-a477-48f8-acd0-353643856861,2023-04-30,Communication between departments could be improved.,Negative
8cc3ba73-4b82-42de-9bbf-a27121dce9c5,eb4cd8f9-da1f-4308-b6f4-d7a6cb912034,2024-10-14,"Great team environment, love working here.",Positive
826432ad-b053-4fb0-9738-8dfa5ff3a3ef,eb4cd8f9-da1f-4308-b6f4-d7a6cb912034,2023-12-11,The current management style is very supportive.,Positive
330ebf7b-2f7b-430d-a6f8-451832ce776e,eb4cd8f9-da1f-4308-b6f4-d7a6cb912034,2022-09-24,We need better tools to handle the increased workload.,Negative
08367b9e-631d-4f3b-9686-532bc33d27cd,809d7830-1e52-4669-91d1-b546acaa74c1,2025-07-04,Communication between departments could be improved.,Negative
05666b7c-187c-4674-94f6-bf552b44b9b3,8db2e339-db0e-4217-953a-c7aa6adea0bf,2024-10-16,The current management style is very supportive.,Positive
1bccc6d4-6322-43a2-b81a-060509cc9067,41ebb9f8-62fb-4645-bf42-922e890f1fe7,2025-08-13,"Great team environment, love working here.",Positive
b9c500f8-6f49-43b1-8b96-174588b16c8d,41ebb9f8-62fb-4645-bf42-922e890f1fe7,2024-08-21,"Great team environment, love working here.",Positive
864b2237-b91e-494d-966d-efa9029462cc,fee3b507-980a-42a1-b326-cdaab6a63e04,2026-07-17,I appreciate the continuous learning opportunities provided.,Positive
198b74c8-92a5-49af-803f-c187d9182121,7632ae62-8f4a-45ce-9e5c-9ec290bafb90,2025-07-07,Sometimes I feel micromanaged by leadership.,Negative
b13c44d5-77fd-4a9c-9e29-64202d829080,6729e45e-1135-4176-b523-b4c5af5b721a,2022-09-07,We need better tools to handle the increased workload.,Negative
018baa75-66ef-4c5c-82bc-a6a2791a44ff,6729e45e-1135-4176-b523-b4c5af5b721a,2019-10-14,We need better tools to handle the increased workload.,Negative
f97a1bbf-0346-4067-a512-93f40f2cc910,6729e45e-1135-4176-b523-b4c5af5b721a,2019-12-30,I feel that I need more challenging projects to grow.,Neutral
87db1d70-acbc-49dc-ab18-7bca2b5b3352,1e8667b8-19cd-4c2d-a6b9-6ac7acac9e05,2023-10-13,I feel overlooked for promotions despite my hard work.,Negative
63af8de1-a4cd-491e-9cf0-deda6439edb3,d8903a26-efea-4297-b988-164b3a51a321,2024-04-21,The benefits package is competitive but could improve on health coverage.,Neutral
ff29a039-2f8f-4a68-a4e0-225063f25ac0,d8903a26-efea-4297-b988-164b3a51a321,2023-12-31,I appreciate the continuous learning opportunities provided.,Positive
c3c12408-2ea8-485d-8569-d936aab21472,d3c472fe-21cc-45af-bcb4-02747da2c9de,2020-11-30,Sometimes I feel micromanaged by leadership.,Negative
f973df28-0294-46c6-a4b6-9ae23197d18a,d3c472fe-21cc-45af-bcb4-02747da2c9de,2020-06-03,The current management style is very supportive.,Positive
562e6370-1f96-4151-92c1-aa9a6d92518d,d3c472fe-21cc-45af-bcb4-02747da2c9de,2026-01-02,We need better tools to handle the increased workload.,Negative
5243d833-a415-4fe7-921a-f35589ae1f78,4135adb1-79ed-4479-8419-3da9bebf621a,2026-06-03,The benefits package is competitive but could improve on health coverage.,Neutral
d22f987d-a1e1-43bc-95ce-da6e771f76a6,4135adb1-79ed-4479-8419-3da9bebf621a,2025-06-22,Sometimes I feel micromanaged by leadership.,Negative
b11e449a-2c2b-4e31-bc25-9b09cec0f9bf,a392ef10-1d48-40c1-9db1-b6f0aa438af1,2022-12-28,The benefits package is competitive but could improve on health coverage.,Neutral
d2b6e849-9822-4ea5-a600-55f5769a2793,fa3a12f8-60bb-49bb-a843-d86c8968b990,2023-12-18,I feel that I need more challenging projects to grow.,Neutral
25b5ce8c-f136-4a1e-a854-e47fd269913b,8111a374-326a-431e-bd1d-017e65d0a888,2020-04-03,Sometimes I feel micromanaged by leadership.,Negative
8a6696c3-8b02-4876-9559-e97161797366,8111a374-326a-431e-bd1d-017e65d0a888,2021-04-04,We need better tools to handle the increased workload.,Negative
1976d597-fc0c-4fcd-ba6e-ab8cba170d25,8111a374-326a-431e-bd1d-017e65d0a888,2023-10-23,I appreciate the continuous learning opportunities provided.,Positive
baaa56bc-f191-41df-9650-adf99fb1df8b,c4e9fbaa-f78d-4256-8496-232ecba358c7,2025-01-22,"Great team environment, love working here.",Positive
adc33432-ac53-4f63-bd10-8eaf54221cbd,c4e9fbaa-f78d-4256-8496-232ecba358c7,2025-12-09,I appreciate the continuous learning opportunities provided.,Positive
9e0f75f5-d221-4920-8c88-11db379090d6,c4e9fbaa-f78d-4256-8496-232ecba358c7,2025-12-14,I am very happy with the recent changes in remote work policy.,Positive
20e96deb-3467-459e-81c2-8f1ce342ce7d,616d87ef-9bb4-4f83-8767-e92cc817a125,2023-12-17,I am very happy with the recent changes in remote work policy.,Positive
ec664748-c426-42d1-ab72-d9ef8d2e3df2,877eada1-fdbe-4ff9-b406-9f1e9cf96035,2026-06-03,"Great team environment, love working here.",Positive
de54d41c-7904-492f-bb0a-7c4d6b8d3a66,885c9200-8cfd-4bab-912a-827a569ab455,2026-05-08,Communication between departments could be improved.,Negative
f6d57903-a7b5-4682-8b94-97950558147f,885c9200-8cfd-4bab-912a-827a569ab455,2026-06-04,"Great team environment, love working here.",Positive
8d546c4a-2501-4ce5-b04f-b9d0fd28c83d,885c9200-8cfd-4bab-912a-827a569ab455,2026-05-25,I feel that I need more challenging projects to grow.,Neutral
30aae29b-ba4e-417d-b586-83c93493d9c7,9856d08c-4dbe-48b1-ab16-29aecf6cd15a,2025-07-18,Sometimes I feel micromanaged by leadership.,Negative
1ba9bce6-b939-490d-877b-c053d022b772,9856d08c-4dbe-48b1-ab16-29aecf6cd15a,2025-03-10,The benefits package is competitive but could improve on health coverage.,Neutral
aed14277-a124-49be-896e-ee7296def2f8,28826ffb-e935-4c8b-a2f7-d43d6ad28000,2026-02-10,Sometimes I feel micromanaged by leadership.,Negative
fca65bb3-9272-4536-bb24-0f0ea39df98e,28826ffb-e935-4c8b-a2f7-d43d6ad28000,2026-02-14,I feel overlooked for promotions despite my hard work.,Negative
3eef463a-57da-4753-b140-85a82239cde3,28826ffb-e935-4c8b-a2f7-d43d6ad28000,2026-06-12,The benefits package is competitive but could improve on health coverage.,Neutral
6d90a943-b67a-4b3b-ad9b-e64e773851fa,2326da6b-27bc-4f2d-bb30-eb12cc553360,2018-06-03,The benefits package is competitive but could improve on health coverage.,Neutral
fcae9dd4-a384-4fb8-8430-cafc7c1e843c,2326da6b-27bc-4f2d-bb30-eb12cc553360,2023-10-23,I appreciate the continuous learning opportunities provided.,Positive
f72570a6-cd63-47a4-8605-e412b88d185f,2326da6b-27bc-4f2d-bb30-eb12cc553360,2019-10-31,Sometimes I feel micromanaged by leadership.,Negative
b916ddfc-26e0-4df9-9d83-dd53d443b47d,f0f04098-5ff1-4144-9e21-153702a6d077,2024-10-17,The current management style is very supportive.,Positive
de73d53a-dfed-48a9-8d94-1a72d845ce2b,c8c7da67-e978-4d8a-9f00-99b4b1fd5aaf,2026-06-29,I feel that I need more challenging projects to grow.,Neutral
8058e1ae-ab74-4c86-a58c-c774d95cfa75,e6caf497-b7d7-4f5d-810f-c112dc4b645b,2024-12-11,I feel that I need more challenging projects to grow.,Neutral
3d14a2e2-04ea-43e6-a8da-0cf532d52358,e6caf497-b7d7-4f5d-810f-c112dc4b645b,2026-05-07,I feel that I need more challenging projects to grow.,Neutral
d5c05e2c-06af-4eb0-b140-e3868b9affe1,671c624d-8489-43b4-8093-7c331e3deb9f,2024-06-22,Communication between departments could be improved.,Negative
704a54a5-e8ac-4a02-b171-b8bd645a8010,671c624d-8489-43b4-8093-7c331e3deb9f,2022-05-22,Sometimes I feel micromanaged by leadership.,Negative
7da7b621-0fc0-4687-871f-40434c44a3c9,f62de975-9035-4a14-bfb3-449876e58156,2025-11-23,I feel that I need more challenging projects to grow.,Neutral
ad470fbd-05ab-4b12-9ca2-f39b3a6f4fa7,f62de975-9035-4a14-bfb3-449876e58156,2019-06-30,Sometimes I feel micromanaged by leadership.,Negative
b25ded43-381b-41cc-bda0-d489ceb9b024,f62de975-9035-4a14-bfb3-449876e58156,2016-09-16,I feel that I need more challenging projects to grow.,Neutral
d343eb59-01e0-4b35-8491-35b58f892ff4,c0dbfd17-2428-45ec-98bf-71474cd0ab91,2018-04-08,I am very happy with the recent changes in remote work policy.,Positive
f8053033-9597-4378-bc0a-2d9063d0bd54,c0dbfd17-2428-45ec-98bf-71474cd0ab91,2022-09-06,"Great team environment, love working here.",Positive
7a01cc48-1e7d-4673-aa65-288f8a00aa01,c0dbfd17-2428-45ec-98bf-71474cd0ab91,2019-07-10,"Great team environment, love working here.",Positive
7022c4e6-6e62-413d-aa9b-d64b4e37319c,4303086e-daf0-427e-b8d8-4d7df24f1c98,2025-12-21,I am very happy with the recent changes in remote work policy.,Positive
ce0954bf-c4a1-4a69-aa58-d8bdde964710,4303086e-daf0-427e-b8d8-4d7df24f1c98,2021-08-23,"Great team environment, love working here.",Positive
b65b4e3e-0f8e-4cf7-884b-92f99686ae76,085a2ceb-ac23-44aa-9926-56c3a013de03,2025-07-19,I feel that I need more challenging projects to grow.,Neutral
4ab4ec28-ca25-4feb-bc1a-60382b574bea,085a2ceb-ac23-44aa-9926-56c3a013de03,2025-08-08,"Great team environment, love working here.",Positive
ec8d2233-5f3d-4c35-91f2-ef7ffb62849d,085a2ceb-ac23-44aa-9926-56c3a013de03,2024-08-08,I feel overlooked for promotions despite my hard work.,Negative
6ccce4ff-8003-4b77-b268-00fe6d082b6d,3c9dc861-7883-49b9-a3e3-2b0d29ca2ba9,2025-03-20,Sometimes I feel micromanaged by leadership.,Negative
8873babc-2996-4fb6-9ce7-985425b8c580,3c9dc861-7883-49b9-a3e3-2b0d29ca2ba9,2024-11-22,The benefits package is competitive but could improve on health coverage.,Neutral
a37fec07-2089-42fd-b4e7-2a0e6edec6a0,3c9dc861-7883-49b9-a3e3-2b0d29ca2ba9,2026-04-13,"Great team environment, love working here.",Positive
0408128f-8ad7-42b8-a90d-0d85fea9e485,c06e1d95-b09f-4489-81c3-7866cbf1a0c5,2026-06-06,"Great team environment, love working here.",Positive
e295d61c-9f2a-4454-b0b1-5a71c9e4bfac,c06e1d95-b09f-4489-81c3-7866cbf1a0c5,2025-12-12,Communication between departments could be improved.,Negative
9eeb9f31-7aa6-43d3-832f-a4682b2c6832,209311d8-3065-4f89-be4c-8429dde22e37,2016-11-16,I appreciate the continuous learning opportunities provided.,Positive
6cc1721a-b403-4c18-b481-232441c1f3d8,209311d8-3065-4f89-be4c-8429dde22e37,2024-01-18,I appreciate the continuous learning opportunities provided.,Positive
f74f6dfe-1d2b-423f-b703-8dc332b550fb,209311d8-3065-4f89-be4c-8429dde22e37,2016-10-21,"Great team environment, love working here.",Positive
343c93bc-1613-4350-89d5-1cf3e1385812,a0f22ff0-da45-410b-8937-25d76d91f2d1,2026-03-16,"Great team environment, love working here.",Positive
c5526857-ab50-4f0b-a95e-77d885115500,a0f22ff0-da45-410b-8937-25d76d91f2d1,2024-03-22,The current management style is very supportive.,Positive
fac3cf6b-68d5-4452-99f3-19deb1197851,944cc784-84c2-4af6-9791-97cc1d41a1d0,2026-04-22,The benefits package is competitive but could improve on health coverage.,Neutral
54172aeb-0e72-4414-87cf-958d2bb390c2,944cc784-84c2-4af6-9791-97cc1d41a1d0,2025-10-10,I appreciate the continuous learning opportunities provided.,Positive
44055be2-77d7-425c-8a1d-491f4188b1e2,944cc784-84c2-4af6-9791-97cc1d41a1d0,2025-09-11,Communication between departments could be improved.,Negative
9b10c36c-108b-4670-b09f-da0a33496505,ab236748-dbd9-4d4e-9b09-66e0ae34a01e,2021-02-14,I appreciate the continuous learning opportunities provided.,Positive
01b36dcb-30ee-4505-ac37-7da3d5f25ec7,ab236748-dbd9-4d4e-9b09-66e0ae34a01e,2022-09-11,I appreciate the continuous learning opportunities provided.,Positive
86473ff1-9556-45d2-86c2-c6cba7048a22,ab236748-dbd9-4d4e-9b09-66e0ae34a01e,2024-02-13,The current management style is very supportive.,Positive
fd98c1f0-8aff-4bf8-b258-ed8c427567e5,570db3ae-e515-49b9-889c-995b6301380c,2024-01-02,Communication between departments could be improved.,Negative
bd3b8b92-3070-4a25-a984-1b6017368f03,62ea8f30-f807-4f49-a201-14a3aff107a8,2025-11-01,I feel overlooked for promotions despite my hard work.,Negative
5aa134ec-024c-4517-b6a5-29e6901b7f22,62ea8f30-f807-4f49-a201-14a3aff107a8,2024-10-26,The benefits package is competitive but could improve on health coverage.,Neutral
8461ad53-88c0-4cb1-9c22-2fd1029de4d0,62ea8f30-f807-4f49-a201-14a3aff107a8,2026-06-16,I feel that I need more challenging projects to grow.,Neutral
c8453101-c304-47ce-9b64-2a030a958376,7045d5b1-a7d8-408f-a6e6-29a55c4d4fa9,2024-02-13,I feel overlooked for promotions despite my hard work.,Negative
a3e80286-4a5d-45fc-8343-12b6a59f7f89,af7354ab-8885-46c1-a03d-851c37672e6c,2021-11-18,I am very happy with the recent changes in remote work policy.,Positive
27cf21d4-321f-409f-bff5-582a09bab640,af7354ab-8885-46c1-a03d-851c37672e6c,2025-04-12,I feel that I need more challenging projects to grow.,Neutral
9588d84f-8f94-4d09-be99-c7f817db221b,4c57513d-51ef-4839-86f3-61bdad7e62e7,2020-02-14,I appreciate the continuous learning opportunities provided.,Positive
f07ff59b-e163-435a-b277-3636a809ce4b,4c57513d-51ef-4839-86f3-61bdad7e62e7,2021-08-06,"Great team environment, love working here.",Positive
bbea9efd-9727-46ff-92d8-6af9bd1e0fce,4c57513d-51ef-4839-86f3-61bdad7e62e7,2018-03-05,I appreciate the continuous learning opportunities provided.,Positive
30c225bc-36f9-4e7c-b503-f27bdd07b824,4a4376b2-3f75-400a-93eb-1a53242d2235,2024-11-06,I feel that I need more challenging projects to grow.,Neutral
9aeb8dfb-c8de-485a-85f5-5d9612fbb5a3,4a4376b2-3f75-400a-93eb-1a53242d2235,2024-10-26,The benefits package is competitive but could improve on health coverage.,Neutral
2f1cc299-89f9-4ae2-93e5-544247362475,4a4376b2-3f75-400a-93eb-1a53242d2235,2023-09-06,The benefits package is competitive but could improve on health coverage.,Neutral
52d8e047-80cc-475f-8137-b81cf5464708,6483974b-6944-4487-85ba-49e73b4795e8,2026-02-14,I appreciate the continuous learning opportunities provided.,Positive
795b9d81-35d9-4d3c-9b90-8d266c717806,6483974b-6944-4487-85ba-49e73b4795e8,2023-11-10,I feel overlooked for promotions despite my hard work.,Negative
9ac1719b-2f16-4525-8c35-d9ee7e2c6588,71f7ec58-bd72-45fd-8eb9-e4d6bc82a900,2023-04-16,We need better tools to handle the increased workload.,Negative
bd693d73-d7c2-49e3-ac1e-b0f88dacb659,71f7ec58-bd72-45fd-8eb9-e4d6bc82a900,2021-05-05,Sometimes I feel micromanaged by leadership.,Negative
711603cc-6225-4f1e-b21e-a427c64d6007,71f7ec58-bd72-45fd-8eb9-e4d6bc82a900,2022-01-03,I appreciate the continuous learning opportunities provided.,Positive
e9100904-f471-4be5-92df-7d5a76ecfb76,cc2d3a8b-43fd-4ba6-9ab6-e47d7de509c8,2023-03-13,I feel that I need more challenging projects to grow.,Neutral
1c8c9ade-bd2f-4a44-90fb-367a25ddc52f,8953a919-d946-4ef7-9afe-8e9e922dc7c2,2022-09-14,I feel that I need more challenging projects to grow.,Neutral
03a135d4-4f8a-4af4-a457-b5a496e29fa5,b44c2f30-841d-4992-8537-1cd636d99238,2025-05-22,We need better tools to handle the increased workload.,Negative
56fc4450-1bea-4701-84c0-d22ede8e1f22,b44c2f30-841d-4992-8537-1cd636d99238,2025-12-16,"Great team environment, love working here.",Positive
63d58564-8182-476d-aeea-ab79381d074e,aab939b0-6851-41f9-970f-25f909bd1b33,2019-05-03,Sometimes I feel micromanaged by leadership.,Negative
2f355161-9895-4830-8783-7b782c3a002c,aab939b0-6851-41f9-970f-25f909bd1b33,2021-04-26,I feel that I need more challenging projects to grow.,Neutral
e577c0dd-f260-4e29-af5c-d95fa5cfd380,aab939b0-6851-41f9-970f-25f909bd1b33,2025-01-24,I am very happy with the recent changes in remote work policy.,Positive
66a0a2d8-4373-4ae8-b94c-4741f2586fee,c46f2a6e-8252-463f-b35e-3efcad5432ac,2024-04-13,I feel that I need more challenging projects to grow.,Neutral
087cda12-9b60-47bc-ade7-23cc6faf4932,c46f2a6e-8252-463f-b35e-3efcad5432ac,2020-08-09,We need better tools to handle the increased workload.,Negative
4d8f2267-9877-46f1-be0d-3e9b10b764f8,c46f2a6e-8252-463f-b35e-3efcad5432ac,2024-09-20,I am very happy with the recent changes in remote work policy.,Positive
884f7e5f-32de-4da5-98db-e4a2d1d73c83,78133e3a-dd3a-4c34-80b2-e89d269599f0,2024-07-22,Sometimes I feel micromanaged by leadership.,Negative
ef494e25-99d5-46b8-83d5-8893efb2c4e7,78133e3a-dd3a-4c34-80b2-e89d269599f0,2025-08-02,Sometimes I feel micromanaged by leadership.,Negative
ab08e3da-7db1-447a-aec2-14b296bc557c,d78b9cae-7a7d-4017-9ba8-e9c43970b164,2026-05-25,I feel overlooked for promotions despite my hard work.,Negative
e0e78a88-dc57-41df-a1dc-6c1ffd6dfe12,b2fa5c3c-6c14-44f1-9a25-50fc6c673c5a,2026-04-07,"Great team environment, love working here.",Positive
9cc1377c-622d-424b-886e-695e58f02fc7,7cd9c28a-1820-412b-a55c-253d3bb426d0,2019-08-23,I am very happy with the recent changes in remote work policy.,Positive
0c614581-d247-4a91-a0b3-76f856a9e686,7cd9c28a-1820-412b-a55c-253d3bb426d0,2018-11-08,The current management style is very supportive.,Positive
5bfde718-2562-4d76-afac-258f4d8189b9,7cd9c28a-1820-412b-a55c-253d3bb426d0,2021-04-28,The benefits package is competitive but could improve on health coverage.,Neutral
ffc1358b-f703-44dd-b8e5-b4c0c8155d43,5455cfbc-b5d2-4bcd-a26d-90ee773eb42e,2025-08-08,I am very happy with the recent changes in remote work policy.,Positive
5fc1a15a-9ee8-4412-a87a-da0be384ab0a,dc960f6c-3b71-4192-a7ce-10110c09a333,2024-09-07,"Great team environment, love working here.",Positive
6959b670-6231-4578-a33e-0d80da39e1da,dc960f6c-3b71-4192-a7ce-10110c09a333,2024-10-29,I am very happy with the recent changes in remote work policy.,Positive
a147a109-0485-4654-a834-70010e2d6063,f94795c7-d7b8-49cb-889e-5ec3018b1417,2022-06-03,The benefits package is competitive but could improve on health coverage.,Neutral
e09a6315-5d36-49c0-b8fa-a4935c5c072b,f94795c7-d7b8-49cb-889e-5ec3018b1417,2020-04-11,Sometimes I feel micromanaged by leadership.,Negative
641aeca4-fa43-42f7-aecf-1ea4d0e0a49f,281b04eb-1ea1-468b-aa3d-9e69c1e9caf4,2025-12-11,The current management style is very supportive.,Positive
15d53d25-7095-496f-8eca-dd78607fc411,603f653b-cd9d-4a78-9ada-bd830d1222de,2022-03-12,I feel overlooked for promotions despite my hard work.,Negative
6062f166-71c3-4f21-872a-86632ad17af2,603f653b-cd9d-4a78-9ada-bd830d1222de,2020-04-24,The current management style is very supportive.,Positive
0ef33571-ea8f-491f-88f7-b699efd19b0d,608cf4ae-33c5-4e50-bfe2-a4b8318de781,2024-11-25,I appreciate the continuous learning opportunities provided.,Positive
94408b8f-70be-4b39-9997-14c2b911c2dd,e9c83264-d7ed-4f2a-9357-0550e0acff05,2022-06-05,"Great team environment, love working here.",Positive
87713b1e-fbab-432c-919f-1d6c50f0e0f0,058835db-aa7d-4d63-8bbb-8ee34e102435,2026-02-05,The current management style is very supportive.,Positive
7f9e9e38-f7ed-41cf-820c-8668f6d7d167,058835db-aa7d-4d63-8bbb-8ee34e102435,2025-05-13,The benefits package is competitive but could improve on health coverage.,Neutral
bfe18e92-603e-4a9e-963c-a68c1624c74e,60b1e498-e015-40c1-9f47-89deff8c391e,2025-08-22,The benefits package is competitive but could improve on health coverage.,Neutral
4a7db36a-378e-4652-a55d-e785bc6a8c15,60b1e498-e015-40c1-9f47-89deff8c391e,2026-05-03,I feel that I need more challenging projects to grow.,Neutral
d32a8f85-91cd-4d0f-b68d-a1992abf2eb3,70a47f0f-b8a9-4542-a67e-22d00147db82,2025-07-24,The current management style is very supportive.,Positive
062d9e2c-bc37-4ad2-969a-b58683e33aee,70a47f0f-b8a9-4542-a67e-22d00147db82,2025-12-15,Sometimes I feel micromanaged by leadership.,Negative
bdd07872-8096-498a-a7e9-f77f59866967,70a47f0f-b8a9-4542-a67e-22d00147db82,2024-12-03,I feel overlooked for promotions despite my hard work.,Negative
e82f7b60-e54b-4deb-858a-0afeb0f33881,6700045a-c01d-4393-a161-3a4542c4a471,2018-08-27,Communication between departments could be improved.,Negative
bb1cf88c-c45a-4b80-8d99-ebb4c2d707ed,6700045a-c01d-4393-a161-3a4542c4a471,2020-06-18,Communication between departments could be improved.,Negative
3bed8eb4-d1a0-45df-94da-9d74ebc28eae,6700045a-c01d-4393-a161-3a4542c4a471,2020-05-25,I feel overlooked for promotions despite my hard work.,Negative
dd9abe04-181a-4348-8465-5f90531dcd3a,4f042aeb-d4bf-4632-9633-734d0ef1d9ac,2023-11-02,Communication between departments could be improved.,Negative
e95ea6da-73fc-480c-a444-c7f9163433a8,4f042aeb-d4bf-4632-9633-734d0ef1d9ac,2024-08-16,"Great team environment, love working here.",Positive
f899c243-165f-427d-bfdc-a138837e48b0,971d8162-50bf-49f8-adf8-ffc36e79e16c,2025-09-16,I am very happy with the recent changes in remote work policy.,Positive
99165ee3-783f-4b14-b90e-a8d348426614,d6cc4a2a-4713-46a2-b06a-d3549166836c,2026-06-25,I feel that I need more challenging projects to grow.,Neutral
f9df7024-be6a-4513-9b73-b25b607f8b7c,d6cc4a2a-4713-46a2-b06a-d3549166836c,2026-07-23,I feel overlooked for promotions despite my hard work.,Negative
d62377fd-3671-46d5-b109-f767491ad900,b89faaa1-7b72-44e7-bde1-b0245ed5508f,2023-01-03,I am very happy with the recent changes in remote work policy.,Positive
8d79120d-1b90-4fb2-9f2a-287fc5034cd7,b89faaa1-7b72-44e7-bde1-b0245ed5508f,2019-08-02,I appreciate the continuous learning opportunities provided.,Positive
61b41892-999c-4e6b-93db-27b6a62fe904,325c58ba-905a-4cfa-83e4-3e79b57a44ec,2026-02-15,I appreciate the continuous learning opportunities provided.,Positive
a284eec7-b001-4e81-803e-4862efa033fe,325c58ba-905a-4cfa-83e4-3e79b57a44ec,2025-11-16,The current management style is very supportive.,Positive
bdcceb4b-9912-4893-82f5-2005f1ce3ec4,325c58ba-905a-4cfa-83e4-3e79b57a44ec,2026-05-23,Sometimes I feel micromanaged by leadership.,Negative
829e0ee9-4945-418b-b3ed-c3f5a994ba4d,70770191-22c8-4a63-8fdf-fdcc07142c64,2019-03-04,Sometimes I feel micromanaged by leadership.,Negative
14dbb94f-5e1d-4c88-9b47-f597d3812955,70770191-22c8-4a63-8fdf-fdcc07142c64,2024-10-06,I appreciate the continuous learning opportunities provided.,Positive
0ef6694e-32d2-435f-a85f-53062b9a4098,0ada5e68-2a0f-42d6-b418-5445bf5797bf,2024-11-13,I feel overlooked for promotions despite my hard work.,Negative
e610e040-ec62-408b-bd2e-f3e118612625,0ada5e68-2a0f-42d6-b418-5445bf5797bf,2025-10-09,I feel overlooked for promotions despite my hard work.,Negative
811f9e06-d0cf-453d-ae6b-6464588c1e99,0ada5e68-2a0f-42d6-b418-5445bf5797bf,2023-05-06,Communication between departments could be improved.,Negative
458feb24-b434-4267-b53c-6a66301914c9,3ce024ee-07a0-4cdc-8b58-93e4e8cd9550,2025-03-29,I feel overlooked for promotions despite my hard work.,Negative
8418bd1e-c5a2-4738-9b7b-3926bc2baebc,3ce024ee-07a0-4cdc-8b58-93e4e8cd9550,2026-07-14,I feel that I need more challenging projects to grow.,Neutral
83305c98-ecd2-4f79-b5d6-a066b9bd309c,cba70765-fcf1-4b0f-9455-a897bf1d5d0a,2025-03-10,I appreciate the continuous learning opportunities provided.,Positive
02466ab9-6834-4471-b590-fc8015068703,cba70765-fcf1-4b0f-9455-a897bf1d5d0a,2025-12-14,Communication between departments could be improved.,Negative
554f0fce-2dfe-4afe-b14f-1347d91f1c8f,995faa5e-7f63-4c34-8c39-ebaf70087be2,2021-03-11,The benefits package is competitive but could improve on health coverage.,Neutral
18017205-2cbd-4a89-9d42-b8e048bd0058,9eafdd9d-f0c3-4816-aec6-63b4f104b0b2,2019-05-13,I feel overlooked for promotions despite my hard work.,Negative
81ce6db5-f2ec-4d22-b838-727de4e7eb6a,1500cb23-4c46-48cd-a3fc-1a5796c6907d,2024-12-18,I feel that I need more challenging projects to grow.,Neutral
51a32982-3d5f-434e-acbe-522067bcd6c9,ece035f9-2ae4-4f21-9914-d80f7aaad2e4,2023-06-23,Communication between departments could be improved.,Negative
2dde0cf5-2b99-4ed1-a1b8-954b907d2a4c,25460e67-8195-4e3a-b103-fe2f4bf6a74d,2026-04-04,I feel that I need more challenging projects to grow.,Neutral
e31a650d-b0ad-4e77-b335-1c874167c24c,25460e67-8195-4e3a-b103-fe2f4bf6a74d,2026-01-13,"Great team environment, love working here.",Positive
f564a532-74ea-44cf-ad93-acd7db84c52d,1b7e1fa2-f087-4df2-a8c4-d3d35c3cf16c,2025-11-19,I appreciate the continuous learning opportunities provided.,Positive
b1996442-c1e1-4bf0-812c-98eedf890cf5,1b7e1fa2-f087-4df2-a8c4-d3d35c3cf16c,2023-09-03,The current management style is very supportive.,Positive
c23732f0-4d0b-492b-be08-29823ddfc2e7,1b7e1fa2-f087-4df2-a8c4-d3d35c3cf16c,2025-11-08,I feel that I need more challenging projects to grow.,Neutral
002c40af-6069-4a25-8341-5d05bf4965f0,9222b7d7-411c-4450-9f57-77ad8b63e395,2022-09-27,Sometimes I feel micromanaged by leadership.,Negative
d0f12066-e7df-4ecb-9077-2111d038d821,9222b7d7-411c-4450-9f57-77ad8b63e395,2022-02-26,We need better tools to handle the increased workload.,Negative
a64d2e2a-1fa7-47ee-b56b-f800880b3ae3,83c009a7-fe47-4ae0-9834-6870ad55dec2,2022-01-22,"Great team environment, love working here.",Positive
b9a31bc9-a10d-4008-a953-d3f633b5eef3,83c009a7-fe47-4ae0-9834-6870ad55dec2,2020-12-31,"Great team environment, love working here.",Positive
f6b31478-e214-4b3d-9ec1-da6fd73f8418,83c009a7-fe47-4ae0-9834-6870ad55dec2,2021-01-11,Communication between departments could be improved.,Negative
18ae1a97-99fe-4d85-9797-52e7e35f8a80,77b4dc15-f2d6-42db-987b-cc5541016cd6,2025-05-23,We need better tools to handle the increased workload.,Negative
502893b0-9c96-42d9-8286-3473cbb33956,49fa6261-6c8b-43bc-8b46-026d9e34dab3,2025-09-08,I feel that I need more challenging projects to grow.,Neutral
77558a81-2b4c-4063-a8d9-0ceb571e028c,49fa6261-6c8b-43bc-8b46-026d9e34dab3,2025-08-18,The benefits package is competitive but could improve on health coverage.,Neutral
a70d7789-e77e-4523-8adf-04ee8e81fc15,4342f3e0-326c-4582-b4f1-4bf1111e82a5,2026-03-02,I appreciate the continuous learning opportunities provided.,Positive
a010d738-c273-420e-b624-321eafeaa879,5024cb83-b861-469a-ba3e-170777c0fb68,2020-01-17,I feel that I need more challenging projects to grow.,Neutral
0d8a4654-e7f7-436f-8054-7995c162855e,5024cb83-b861-469a-ba3e-170777c0fb68,2025-06-22,I am very happy with the recent changes in remote work policy.,Positive
503b4110-4fff-4fa2-a938-a3251de2a619,5024cb83-b861-469a-ba3e-170777c0fb68,2024-07-09,We need better tools to handle the increased workload.,Negative
d2ebc5de-6e22-4d26-a783-0189bffa0e8b,554ad7fa-5860-44f9-936d-88543f20d497,2021-04-28,Sometimes I feel micromanaged by leadership.,Negative
9069ccc6-6473-4b7a-8b95-e8da37b34709,d5a93db9-9f0b-42bb-9882-0c841deeff6c,2026-07-19,We need better tools to handle the increased workload.,Negative
099a7d17-12a3-4fb6-ab88-676e13513c9c,d5a93db9-9f0b-42bb-9882-0c841deeff6c,2026-07-09,I am very happy with the recent changes in remote work policy.,Positive
212f0451-d2f5-4dfa-a85c-51cd0de5336a,d5a93db9-9f0b-42bb-9882-0c841deeff6c,2026-07-21,The benefits package is competitive but could improve on health coverage.,Neutral
97a3340d-b505-43c0-b709-59d60715f048,8413f6a1-c5d3-4aff-b6dd-c47dc684aa2b,2018-12-16,I appreciate the continuous learning opportunities provided.,Positive
92e2b7b0-8ec3-4f66-9f4b-efb4373fffb2,8413f6a1-c5d3-4aff-b6dd-c47dc684aa2b,2022-06-16,We need better tools to handle the increased workload.,Negative
8d058369-3ec4-4eed-a941-14aff5536174,003eaf72-a659-4fc9-b389-92e8dde85a9f,2020-07-14,"Great team environment, love working here.",Positive
8bcdbf39-9de1-430a-a330-fc5a9268c297,003eaf72-a659-4fc9-b389-92e8dde85a9f,2018-04-10,"Great team environment, love working here.",Positive
e7153a00-9aee-4ca0-b88a-75040c14a7b0,6d5a2659-b9d1-48a9-98bd-c6d1f05552e4,2022-07-28,I feel that I need more challenging projects to grow.,Neutral
91008add-d186-4f2b-8bb3-36ced835ee16,6d5a2659-b9d1-48a9-98bd-c6d1f05552e4,2020-05-16,We need better tools to handle the increased workload.,Negative
7fcc59c5-7d4e-4223-8304-8867db8dda4c,6d5a2659-b9d1-48a9-98bd-c6d1f05552e4,2021-01-17,The current management style is very supportive.,Positive
12418edb-aa10-4c0b-b367-e1b3c0fb2b12,f86c3d5c-37a9-41d1-b606-0be37a529594,2024-02-16,I feel that I need more challenging projects to grow.,Neutral
b8ad528b-bdef-4e37-86b2-47cafe266fe3,f86c3d5c-37a9-41d1-b606-0be37a529594,2025-02-06,"Great team environment, love working here.",Positive
821689c6-9c77-4eec-ab90-43e0a70b306a,f86c3d5c-37a9-41d1-b606-0be37a529594,2021-10-06,Communication between departments could be improved.,Negative
69ed643d-c616-4f60-95b7-053756eb9bc1,7d552d0e-d6ab-42af-9d86-bace0c61ef75,2024-06-21,"Great team environment, love working here.",Positive
faa16b19-34ab-40d4-9b9d-cb4e0dc4df55,7d552d0e-d6ab-42af-9d86-bace0c61ef75,2020-04-29,The benefits package is competitive but could improve on health coverage.,Neutral
200a2d6d-9fe7-4225-a6ad-53e8f51e9df2,7d552d0e-d6ab-42af-9d86-bace0c61ef75,2022-12-25,I am very happy with the recent changes in remote work policy.,Positive
a5f924fe-0771-46c8-bd0a-42bb516621fc,edda6399-9c98-4213-9aab-e80339958da9,2024-12-05,The current management style is very supportive.,Positive
e3294ad1-f1d0-4ca8-b94b-dab983e0058a,49a8b877-3368-4732-9738-81bce46d9be8,2022-06-28,"Great team environment, love working here.",Positive
62598e00-1be2-43cc-8715-c0b8475755eb,49a8b877-3368-4732-9738-81bce46d9be8,2021-08-10,"Great team environment, love working here.",Positive
ad46c040-f937-4371-ae39-d22fb21b465c,a79bee6a-8ede-4066-b664-303330f21182,2026-01-13,The benefits package is competitive but could improve on health coverage.,Neutral
d1e21243-fbd2-4ff3-8ae5-c6aac605a16a,a79bee6a-8ede-4066-b664-303330f21182,2024-10-26,The current management style is very supportive.,Positive
29e21182-b713-4a50-8a47-3af318a97df5,adb98518-4f7d-47fa-b049-2c8904105cf5,2026-07-19,I feel that I need more challenging projects to grow.,Neutral
19e3c659-f994-42d3-b551-0e8db3cbc061,adb98518-4f7d-47fa-b049-2c8904105cf5,2026-07-26,The benefits package is competitive but could improve on health coverage.,Neutral
dad485ac-e5f6-4c5a-9260-736bed0816c4,adb98518-4f7d-47fa-b049-2c8904105cf5,2026-07-18,"Great team environment, love working here.",Positive
c182e36b-b3a5-4f8a-860e-cbcdd5d007fb,d3747db9-45c5-4472-bb41-900a15f67849,2020-07-26,Communication between departments could be improved.,Negative
cb43ba1c-1ecb-47b1-8860-1ae0d3f6e0be,1dc9dbe9-1497-4b4b-81f3-63eeeb2c460a,2021-02-28,I feel that I need more challenging projects to grow.,Neutral
a5d5614b-7efa-4ffc-8593-970921158e18,1dc9dbe9-1497-4b4b-81f3-63eeeb2c460a,2023-06-16,I appreciate the continuous learning opportunities provided.,Positive
c66f76f4-9d11-4f84-8037-411b7f6a7980,1dc9dbe9-1497-4b4b-81f3-63eeeb2c460a,2022-08-17,Communication between departments could be improved.,Negative
a4c74ead-42bf-46d1-871f-fcad8b88abc2,4bb85093-fb6b-4162-a954-bc7a0250bcf2,2025-08-27,I feel that I need more challenging projects to grow.,Neutral
d160ba1e-8df4-4c1d-87f6-90ced88eef6c,4bb85093-fb6b-4162-a954-bc7a0250bcf2,2025-08-23,The current management style is very supportive.,Positive
2ea86fd4-8102-4a9d-9bfa-9578190b6ad1,4bb85093-fb6b-4162-a954-bc7a0250bcf2,2026-03-25,I feel overlooked for promotions despite my hard work.,Negative
02220782-476f-422e-9218-4837c4e0e8ab,1f9e1390-dced-4d42-b7a3-a0a40d967b28,2022-12-23,"Great team environment, love working here.",Positive
8a5605c5-7fc9-4218-bc33-4c0487fee380,1f9e1390-dced-4d42-b7a3-a0a40d967b28,2022-07-11,We need better tools to handle the increased workload.,Negative
67dbfc83-7f14-49b4-a0e1-b98a47579bea,1f9e1390-dced-4d42-b7a3-a0a40d967b28,2022-11-30,We need better tools to handle the increased workload.,Negative
6a61d71e-5d31-4579-8744-2838ff760dbe,f3c72ba4-6fcf-48b3-8212-246922d9c619,2024-01-03,I am very happy with the recent changes in remote work policy.,Positive
9c5a10f8-90c2-4a3c-8e84-45c89d8d9bfc,f3c72ba4-6fcf-48b3-8212-246922d9c619,2023-11-29,I appreciate the continuous learning opportunities provided.,Positive
9205f7f8-8337-4dcb-8c13-25a35a306c15,3aa93b12-0122-4edc-957b-eaa8806e822a,2026-03-20,We need better tools to handle the increased workload.,Negative
1132a9f2-9454-4c4f-b4f4-9f0be9804fb2,3aa93b12-0122-4edc-957b-eaa8806e822a,2026-02-19,We need better tools to handle the increased workload.,Negative
9932957f-95df-4582-aa98-cc0d63e12310,0aedbe9c-bc9e-4999-9941-f73029adf29f,2020-06-16,We need better tools to handle the increased workload.,Negative
5f6cf8d7-56c2-46b9-8d72-ec134afcdf01,e3758f62-2cfc-4243-9714-9222053ec7c2,2022-03-03,I am very happy with the recent changes in remote work policy.,Positive
417b265e-c605-41ba-91e6-193303788c0e,e3758f62-2cfc-4243-9714-9222053ec7c2,2020-07-13,We need better tools to handle the increased workload.,Negative
65e36093-248f-4dce-9a00-6bb81faf4b43,e782b7f2-341a-400a-afef-5b7f5bc5a94f,2026-03-28,The current management style is very supportive.,Positive
0938dda4-f124-4d96-b4f4-872550c0c3c3,e782b7f2-341a-400a-afef-5b7f5bc5a94f,2025-06-20,I am very happy with the recent changes in remote work policy.,Positive
b5e7b82b-52fc-4194-b091-d3ea5df2cc03,e782b7f2-341a-400a-afef-5b7f5bc5a94f,2025-02-27,Communication between departments could be improved.,Negative
7a7e883e-d538-4306-b744-c574d0bd084e,f7dacb0c-5cf8-443c-92e4-9db3743b1aab,2022-04-07,Communication between departments could be improved.,Negative
11a50e64-0a1c-4278-a008-918f90d84310,f7dacb0c-5cf8-443c-92e4-9db3743b1aab,2021-10-27,I feel that I need more challenging projects to grow.,Neutral
c4b2465f-45b6-4fb9-ab53-fc8a535f7d0d,f7dacb0c-5cf8-443c-92e4-9db3743b1aab,2021-02-05,We need better tools to handle the increased workload.,Negative
5663a178-8488-44e1-b3bc-3a3860cdce03,4ba9cbd7-17ed-4f0f-82b0-18cfeac762f9,2026-07-26,The benefits package is competitive but could improve on health coverage.,Neutral
02cf32d2-d270-45ad-b867-6b5581896c61,4ba9cbd7-17ed-4f0f-82b0-18cfeac762f9,2026-07-26,The benefits package is competitive but could improve on health coverage.,Neutral
