ReviewID,EmployeeID,ReviewYear,ReviewDate,PerformanceRating,GoalsMet,TrainingHoursCompleted,PromotedThisYear
95a157f5-4416-406d-a74a-5e4210649ee1,d85264b7-130e-4f14-970d-b80f9f87f4c4,2017,2017-12-15,2.5,100,36,false
34b39e11-75bc-429f-8a3f-00b410cd85bb,d85264b7-130e-4f14-970d-b80f9f87f4c4,2018,2018-12-15,4.5,100,29,true
163544be-9fb5-402f-af19-de6e0ee9482c,d85264b7-130e-4f14-970d-b80f9f87f4c4,2019,2019-12-15,3.3,61,59,false
3e0113e9-55fd-4c0b-8a05-58adbac9db48,d85264b7-130e-4f14-970d-b80f9f87f4c4,2020,2020-12-15,2,60,19,false
fa32cf46-832c-4c93-8501-4e9b0550a346,d85264b7-130e-4f14-970d-b80f9f87f4c4,2021,2021-12-15,3,100,26,false
c5d76a69-a394-44b8-9f5b-2374d62ebd8f,d85264b7-130e-4f14-970d-b80f9f87f4c4,2022,2022-12-15,4.5,86,28,true
06b14a04-aef4-4df0-825c-8daece2945c4,d85264b7-130e-4f14-970d-b80f9f87f4c4,2023,2023-12-15,4,97,30,false
9ef1bd39-79e9-484c-94b6-2668e5d1d792,d85264b7-130e-4f14-970d-b80f9f87f4c4,2024,2024-12-15,2.5,65,47,false
14b2d3a9-f3df-4dd0-86de-0f12fe5cc5d6,d85264b7-130e-4f14-970d-b80f9f87f4c4,2025,2025-12-15,2.3,76,16,false
cb27ab34-97ff-475d-ac5c-dd990a2cd709,d85264b7-130e-4f14-970d-b80f9f87f4c4,2026,2026-12-15,3.6,100,32,false
1d204fca-4051-425c-b339-c3fbccf4297e,0756f919-39b6-4378-a8b0-33707bc84ccf,2026,2026-12-15,2.8,97,25,false
44e56418-e6c4-4087-bd06-4e5198978568,39bb11e3-8432-4211-9125-6accd0d799c0,2017,2017-12-15,5,67,13,true
ce28536a-9294-4401-9408-6414907ffdca,39bb11e3-8432-4211-9125-6accd0d799c0,2018,2018-12-15,3.6,62,15,false
63175d91-cdf4-4230-91c3-3e3f73221dc6,39bb11e3-8432-4211-9125-6accd0d799c0,2019,2019-12-15,4.2,67,30,false
983f4e06-8a3b-4259-852f-dad9bcc8d995,39bb11e3-8432-4211-9125-6accd0d799c0,2020,2020-12-15,4.7,94,31,false
0be825a0-1c62-4da3-86f7-e509cfb8f22e,39bb11e3-8432-4211-9125-6accd0d799c0,2021,2021-12-15,3.7,71,36,false
d7f21d1c-16cb-4b52-bbf2-842695ec862e,39bb11e3-8432-4211-9125-6accd0d799c0,2022,2022-12-15,4.8,85,33,false
6973db46-707d-40cb-a01a-8a89cc0780d6,39bb11e3-8432-4211-9125-6accd0d799c0,2023,2023-12-15,4.6,66,45,false
2993c992-a0e7-4d3e-8389-bf94c585fd29,39bb11e3-8432-4211-9125-6accd0d799c0,2024,2024-12-15,4.7,61,52,true
97a08589-9617-43b2-9638-4450a8cca487,39bb11e3-8432-4211-9125-6accd0d799c0,2025,2025-12-15,4.7,96,33,false
d8a21843-6f98-4d2e-a010-9b31c7433419,39bb11e3-8432-4211-9125-6accd0d799c0,2026,2026-12-15,2.9,62,16,false
fa563ca1-72a0-47ef-88d8-a5b04bc79aa3,41fe4ef1-e753-4584-83eb-8d980c5e1e82,2023,2023-12-15,2.1,63,39,false
1156602b-73c2-4705-bfe9-5f4186aada9a,41fe4ef1-e753-4584-83eb-8d980c5e1e82,2024,2024-12-15,3.3,68,58,false
83203e10-d899-4b81-8ad4-7a9fe4a3c8f8,41fe4ef1-e753-4584-83eb-8d980c5e1e82,2025,2025-12-15,5,61,56,false
223d4ad7-ec52-4220-aaa0-d14e445d49f4,41fe4ef1-e753-4584-83eb-8d980c5e1e82,2026,2026-12-15,2.8,62,22,false
55be7abf-e4d4-47ea-9673-7cfde34dfd56,a344149f-bc18-412b-940e-29c201e37a54,2017,2017-12-15,3.6,60,22,false
38ff0fda-02f3-44db-b1f6-e8f07d1d91fe,a344149f-bc18-412b-940e-29c201e37a54,2018,2018-12-15,2.6,60,57,false
1ddab36f-c4a4-424d-a109-5db988d92d2a,a344149f-bc18-412b-940e-29c201e37a54,2019,2019-12-15,4.1,96,29,false
772a6fff-f1bb-45b5-a553-a172151c468d,a344149f-bc18-412b-940e-29c201e37a54,2020,2020-12-15,3.8,68,27,false
2b8dbc3a-6eea-4817-b89d-c6f89a656f30,a344149f-bc18-412b-940e-29c201e37a54,2021,2021-12-15,4.6,85,16,true
1a4d81e1-f990-4ef7-97ad-20de99481896,a344149f-bc18-412b-940e-29c201e37a54,2022,2022-12-15,3.7,99,43,false
f63e1704-d98e-423f-9212-c706db9b9836,a344149f-bc18-412b-940e-29c201e37a54,2023,2023-12-15,4.4,92,40,false
e718f315-69d4-432e-909f-7bc99f2df342,a344149f-bc18-412b-940e-29c201e37a54,2024,2024-12-15,3,69,47,false
50df824f-dff2-4c82-a601-49dc56bf4943,a344149f-bc18-412b-940e-29c201e37a54,2025,2025-12-15,4.4,98,29,false
08ba4c0d-3c22-4343-9fd4-c147ef81eeb5,a344149f-bc18-412b-940e-29c201e37a54,2026,2026-12-15,4.6,71,16,false
ab0a4a51-ebee-4cf8-8e22-f9b6f8ed0c78,7005687a-9bf2-49a1-ada1-97c42963f3ed,2017,2017-12-15,4,98,49,false
f28db08a-9eb4-4e93-946d-68638ed0d3eb,7005687a-9bf2-49a1-ada1-97c42963f3ed,2018,2018-12-15,2.4,86,48,false
63b9c7a1-8b24-426c-87db-73231cb1bacf,7005687a-9bf2-49a1-ada1-97c42963f3ed,2019,2019-12-15,3.5,61,54,false
8fd2a709-6e47-4032-905e-a41aed073510,7005687a-9bf2-49a1-ada1-97c42963f3ed,2020,2020-12-15,3.9,100,20,false
fafaeb91-ddf2-42b5-bc5c-6cdd675966fe,7005687a-9bf2-49a1-ada1-97c42963f3ed,2021,2021-12-15,4.4,70,55,false
83913d41-4908-4a23-b051-dfd5791e5507,7005687a-9bf2-49a1-ada1-97c42963f3ed,2022,2022-12-15,4.1,87,53,false
074ddfc6-b636-4378-9302-0194109abcdf,7005687a-9bf2-49a1-ada1-97c42963f3ed,2023,2023-12-15,3.8,100,10,false
359b9073-a6ce-44aa-b795-c452b484ba18,7005687a-9bf2-49a1-ada1-97c42963f3ed,2024,2024-12-15,3.1,82,59,false
8718a9b8-93a1-40f7-aee5-710220389e3c,7005687a-9bf2-49a1-ada1-97c42963f3ed,2025,2025-12-15,2.4,76,21,false
630ad3f4-a18a-489b-9f1a-3630938e9430,7005687a-9bf2-49a1-ada1-97c42963f3ed,2026,2026-12-15,4.6,99,57,false
3c962525-a4ea-4a7c-b1fe-b214d9a413a7,7e265d70-9188-4135-8f84-55b39076442e,2025,2025-12-15,2.4,92,57,false
6aa21fc9-8d54-480f-bd34-fb5d90e21a9e,7e265d70-9188-4135-8f84-55b39076442e,2026,2026-12-15,3.9,95,35,false
1c096bb9-f627-424f-b640-ec15fb109a21,93893360-8fd5-40d9-a827-3d8dc0d2f698,2022,2022-12-15,4.6,74,45,true
267f0ac3-3fc6-4f12-b408-6df7dca7651e,93893360-8fd5-40d9-a827-3d8dc0d2f698,2023,2023-12-15,3.3,64,37,false
5e3af1b3-b1e0-46f8-a056-0995f0cecb09,93893360-8fd5-40d9-a827-3d8dc0d2f698,2024,2024-12-15,2,60,21,false
a109d76c-e30f-4d5c-bbda-e40cad03e426,93893360-8fd5-40d9-a827-3d8dc0d2f698,2025,2025-12-15,3,89,55,false
dff77fd8-3fc0-491e-8338-e21e0dd2ac35,93893360-8fd5-40d9-a827-3d8dc0d2f698,2026,2026-12-15,2.6,99,24,false
4850c52b-3af4-43e8-a203-a6a9a899149c,ddf2f671-973b-4de9-afc4-04e64c763b88,2017,2017-12-15,3.1,77,55,false
3ab12a09-a90f-46bf-828e-fbc9846f5b47,ddf2f671-973b-4de9-afc4-04e64c763b88,2018,2018-12-15,3.2,74,42,false
03dbcbcf-1b25-4033-8186-e0c90c871ff4,ddf2f671-973b-4de9-afc4-04e64c763b88,2019,2019-12-15,2.1,66,30,false
503271c0-58a3-4ee9-bcfd-49919d1cf2f7,ddf2f671-973b-4de9-afc4-04e64c763b88,2020,2020-12-15,3.9,65,37,false
637262cc-0b88-4593-88d9-62d01692c46e,ddf2f671-973b-4de9-afc4-04e64c763b88,2021,2021-12-15,3.2,62,49,false
60c8996f-bdeb-465e-ad8a-3994fffcb8db,ddf2f671-973b-4de9-afc4-04e64c763b88,2022,2022-12-15,2.6,99,52,false
c765ec62-dc0b-48b3-b6d5-e351f2098308,ddf2f671-973b-4de9-afc4-04e64c763b88,2023,2023-12-15,3.7,79,13,false
dd9a4a75-2119-49a3-a4db-812902d45f56,ddf2f671-973b-4de9-afc4-04e64c763b88,2024,2024-12-15,4.6,89,51,true
8d8d715d-0a90-4f3a-814a-bad3bdf994ab,ddf2f671-973b-4de9-afc4-04e64c763b88,2025,2025-12-15,2.1,80,28,false
46f8ab2a-e765-4c86-be54-44983e71fe44,ddf2f671-973b-4de9-afc4-04e64c763b88,2026,2026-12-15,2.7,64,54,false
93c8fa54-c1d0-4f17-bf2b-0bf1fb89ce80,555ee223-e3a0-411a-bd41-37eb57af5802,2022,2022-12-15,4.8,60,42,false
50370e5e-a18c-4755-857f-32ceb6211645,555ee223-e3a0-411a-bd41-37eb57af5802,2023,2023-12-15,4.1,60,25,false
50405978-d346-46a9-97c4-a9de33abd355,555ee223-e3a0-411a-bd41-37eb57af5802,2024,2024-12-15,2.3,100,19,false
d147f282-de0d-46f4-a604-6e2183b53251,555ee223-e3a0-411a-bd41-37eb57af5802,2025,2025-12-15,3.3,61,32,false
c21b4df6-3332-4e77-86ec-5a6af30a870f,555ee223-e3a0-411a-bd41-37eb57af5802,2026,2026-12-15,3.3,61,14,false
78d76907-b5c4-4c9e-9364-383fed34c50b,5ca802ef-bd45-459e-8fb9-c2b0ce1e03cc,2018,2018-12-15,4.3,84,17,false
64217dd7-686f-4b64-b506-0156eceab34d,5ca802ef-bd45-459e-8fb9-c2b0ce1e03cc,2019,2019-12-15,2.3,94,20,false
aae1cc3c-ba94-4280-a82e-c1edd665223b,5ca802ef-bd45-459e-8fb9-c2b0ce1e03cc,2020,2020-12-15,5,62,10,false
074db2c8-c112-4a96-a8c0-1b2791aff076,5ca802ef-bd45-459e-8fb9-c2b0ce1e03cc,2021,2021-12-15,3.7,65,60,false
e35f7844-f48d-484d-9667-dc1c0bc20920,5ca802ef-bd45-459e-8fb9-c2b0ce1e03cc,2022,2022-12-15,4.2,78,29,false
8b3818cf-dbcb-4ac4-b1fd-c7003a9b2457,5ca802ef-bd45-459e-8fb9-c2b0ce1e03cc,2023,2023-12-15,2.9,63,42,false
8cdfb22a-c4e8-4b84-bd34-134586a6ce66,5ca802ef-bd45-459e-8fb9-c2b0ce1e03cc,2024,2024-12-15,3.6,90,12,false
fe9ae7f4-44b2-4ca1-a8f1-602f22fa35f9,5ca802ef-bd45-459e-8fb9-c2b0ce1e03cc,2025,2025-12-15,3.9,87,10,false
8b9c742e-7c02-42d3-974b-e1124a671901,5ca802ef-bd45-459e-8fb9-c2b0ce1e03cc,2026,2026-12-15,3.6,79,37,false
5850850b-5d28-46c9-8bf9-397aefd8256a,95fee654-165a-4426-8f15-5aa7615c5e52,2020,2020-12-15,2.5,73,25,false
8cf7e33b-9872-402c-a5e3-78939394190b,95fee654-165a-4426-8f15-5aa7615c5e52,2021,2021-12-15,2.1,79,14,false
5bcc7873-05f8-4627-9c52-1e807e1ac939,95fee654-165a-4426-8f15-5aa7615c5e52,2022,2022-12-15,4.5,100,12,false
51cb2d77-e40d-47f0-bbde-a8edd37d8e6d,95fee654-165a-4426-8f15-5aa7615c5e52,2023,2023-12-15,3.1,89,41,false
ba3f5963-18ac-4f66-8a57-97a29bd8dc65,95fee654-165a-4426-8f15-5aa7615c5e52,2024,2024-12-15,4.5,88,41,false
f6417380-a5fd-4e4b-a3ed-803e9142ab60,95fee654-165a-4426-8f15-5aa7615c5e52,2025,2025-12-15,4.5,68,19,true
aec511b1-1400-40c3-9b79-b466ec81dd1f,95fee654-165a-4426-8f15-5aa7615c5e52,2026,2026-12-15,3.7,97,41,false
c87d99a1-593f-4d72-931c-5d908b71f5df,f9bec295-192b-427e-b468-b90a36d3ed6e,2019,2019-12-15,2.5,67,37,false
fdabf8ef-d1f5-43e4-ae6d-7ec0805d6965,f9bec295-192b-427e-b468-b90a36d3ed6e,2020,2020-12-15,3.1,95,41,false
561d6126-39b7-4329-af49-bd067fb95b46,f9bec295-192b-427e-b468-b90a36d3ed6e,2021,2021-12-15,2,61,37,false
51f42525-94fa-47b2-a081-f6e2915e78c1,f9bec295-192b-427e-b468-b90a36d3ed6e,2022,2022-12-15,3.2,85,28,false
70624e29-f19b-41d5-820d-b7bb2be252a2,f9bec295-192b-427e-b468-b90a36d3ed6e,2023,2023-12-15,3.7,80,23,false
2b303064-1486-48fa-afaa-e467c26d6060,f9bec295-192b-427e-b468-b90a36d3ed6e,2024,2024-12-15,3,65,39,false
fe3fbdcb-5cb6-456a-b194-385d011e1441,f9bec295-192b-427e-b468-b90a36d3ed6e,2025,2025-12-15,3.3,98,22,false
2698043b-ecc6-4da8-a1d7-6606bcd65edb,f9bec295-192b-427e-b468-b90a36d3ed6e,2026,2026-12-15,2.8,86,33,false
582b557e-2a0b-48db-aa45-81111088f94a,c928550c-2338-463b-930a-29020041a190,2026,2026-12-15,2.8,60,47,false
ed419589-9b7c-4a38-873e-901641796da1,c3301c22-2b4b-4c7f-827f-90a886d47311,2016,2016-12-15,2.7,96,49,false
77290da5-9f43-43a3-bd3f-8ab2a20da7f2,c3301c22-2b4b-4c7f-827f-90a886d47311,2017,2017-12-15,2.8,66,52,false
0f901a52-eb17-43e7-8e98-1d2339025217,c3301c22-2b4b-4c7f-827f-90a886d47311,2018,2018-12-15,4.9,85,59,true
7a063e7c-1bc2-48aa-99ed-e48e5f47f003,c3301c22-2b4b-4c7f-827f-90a886d47311,2019,2019-12-15,2.1,93,22,false
52e91f29-4968-4759-bd85-7c384d81f371,c3301c22-2b4b-4c7f-827f-90a886d47311,2020,2020-12-15,3.2,64,10,false
859ec06b-b88b-4406-a997-f4e2e91a7790,c3301c22-2b4b-4c7f-827f-90a886d47311,2021,2021-12-15,3.8,65,34,false
03950d60-b729-448c-b95b-9c9c049842e4,c3301c22-2b4b-4c7f-827f-90a886d47311,2022,2022-12-15,2.9,89,21,false
ad4f5e79-2b0a-432e-bfc0-8792bd837783,c3301c22-2b4b-4c7f-827f-90a886d47311,2023,2023-12-15,4.5,71,36,false
5174c49a-a90d-4164-9351-ef1247a40181,c3301c22-2b4b-4c7f-827f-90a886d47311,2024,2024-12-15,4.3,80,50,false
6cde745c-964d-4927-84bf-77887e373b06,c3301c22-2b4b-4c7f-827f-90a886d47311,2025,2025-12-15,2,99,19,false
fa754e23-17e5-4ca7-b43b-a863a89033e8,c3301c22-2b4b-4c7f-827f-90a886d47311,2026,2026-12-15,2.8,71,17,false
d134ee1c-cfdf-4d37-bdd1-371dd66098bf,75540a9f-e62c-4345-88b2-726080c8100d,2018,2018-12-15,2.6,79,19,false
48e7f9d4-8f07-4712-9848-bcfdfe6eaf30,75540a9f-e62c-4345-88b2-726080c8100d,2019,2019-12-15,3.3,90,26,false
58d0a4a5-ce6f-412f-98f8-3de840bfd4b6,75540a9f-e62c-4345-88b2-726080c8100d,2020,2020-12-15,4.4,85,31,false
f70ab965-b950-4611-93fd-d8e18210fd23,75540a9f-e62c-4345-88b2-726080c8100d,2021,2021-12-15,4.1,66,55,false
a9b052bc-4604-4852-b42e-f5b316dbcecc,75540a9f-e62c-4345-88b2-726080c8100d,2022,2022-12-15,4.9,61,32,true
182512ea-a367-4bd6-976f-836e8fb8623c,75540a9f-e62c-4345-88b2-726080c8100d,2023,2023-12-15,2,79,42,false
42a9ada1-ae1b-4d78-91fc-b2855ea274ee,75540a9f-e62c-4345-88b2-726080c8100d,2024,2024-12-15,2.5,65,15,false
90383da2-3f79-44a4-bf66-3ea727122e35,75540a9f-e62c-4345-88b2-726080c8100d,2025,2025-12-15,3.1,76,60,false
b0d66ebf-20d5-4b13-9fc7-e9f48cf4df28,75540a9f-e62c-4345-88b2-726080c8100d,2026,2026-12-15,4.6,71,27,false
0c96ccc9-a6e1-435a-b505-b7c47301b79c,a21c8a2b-18ab-4040-b6ca-9d87668287e2,2022,2022-12-15,4.2,62,26,false
f02ca8a8-caa0-40a9-8026-1962ab044084,a21c8a2b-18ab-4040-b6ca-9d87668287e2,2023,2023-12-15,2.1,74,37,false
a529c49f-9100-4b26-b7ca-89fdb47a44f2,a21c8a2b-18ab-4040-b6ca-9d87668287e2,2024,2024-12-15,3.6,87,39,false
8b6e91a1-1a60-4c85-a351-bee052cc8484,a21c8a2b-18ab-4040-b6ca-9d87668287e2,2025,2025-12-15,3.3,69,14,false
d5dad1fe-2afc-4856-9c7e-4708e7ead87e,a21c8a2b-18ab-4040-b6ca-9d87668287e2,2026,2026-12-15,2.8,62,27,false
5318ae4d-296c-4292-99fb-7d228d626ed1,b2876e84-60b7-4ebb-aa0a-3fbd7a27bca2,2025,2025-12-15,4.9,79,23,false
437c04b3-00ba-4b15-8fa3-a4f711d529b7,b2876e84-60b7-4ebb-aa0a-3fbd7a27bca2,2026,2026-12-15,4.2,90,34,false
a01292bd-24ac-4ecd-9272-878dad5f1704,0dc34f7f-1c7f-4008-9b7a-8c416421e4fa,2016,2016-12-15,3.1,76,60,false
71f1a385-29d9-4de7-a515-27ce711ec287,0dc34f7f-1c7f-4008-9b7a-8c416421e4fa,2017,2017-12-15,2.2,69,59,false
c67d9c92-ad50-4ce7-aa63-4c4593f9148d,0dc34f7f-1c7f-4008-9b7a-8c416421e4fa,2018,2018-12-15,4.1,64,33,false
bc3266c6-2ebb-4df1-80d4-46dcffc722b7,0dc34f7f-1c7f-4008-9b7a-8c416421e4fa,2019,2019-12-15,3.6,76,39,false
5febcf32-9171-4b14-a8eb-8ac573638132,0dc34f7f-1c7f-4008-9b7a-8c416421e4fa,2020,2020-12-15,4.9,69,40,false
d675ab0b-e225-4fe7-a220-436fcda1a171,0dc34f7f-1c7f-4008-9b7a-8c416421e4fa,2021,2021-12-15,4.3,97,30,false
75b8fa33-a1b5-476c-a76d-304b3bdd9687,0dc34f7f-1c7f-4008-9b7a-8c416421e4fa,2022,2022-12-15,2.8,89,31,false
8e3c7b54-f7a0-4814-840e-e7552e430d47,0dc34f7f-1c7f-4008-9b7a-8c416421e4fa,2023,2023-12-15,3.2,89,55,false
5529af73-f232-464e-8e32-8c97349cbc4f,0dc34f7f-1c7f-4008-9b7a-8c416421e4fa,2024,2024-12-15,3.3,89,44,false
101412ea-6238-4157-abae-b6110f9af88e,0dc34f7f-1c7f-4008-9b7a-8c416421e4fa,2025,2025-12-15,3.2,99,44,false
a589a3e9-dc6e-40fa-9e81-0b7e0503e5e5,0dc34f7f-1c7f-4008-9b7a-8c416421e4fa,2026,2026-12-15,4.7,77,33,true
f3ed99f6-8793-4eb4-b246-22016c2e413e,254e5290-7c0b-4c32-a48f-ce956be85d4a,2017,2017-12-15,3.9,96,56,false
3d9b6707-05c0-4fc3-b1d1-8353b6668336,254e5290-7c0b-4c32-a48f-ce956be85d4a,2018,2018-12-15,3.7,77,48,false
4f7b7d7b-b215-46f9-aade-3b5725c4e527,254e5290-7c0b-4c32-a48f-ce956be85d4a,2019,2019-12-15,3.6,86,55,false
e40bf625-73d3-4fe4-89d2-a6a6b3a79111,254e5290-7c0b-4c32-a48f-ce956be85d4a,2020,2020-12-15,4.5,79,45,false
674ab616-0bf3-4b32-834b-747cdf7eb8b1,254e5290-7c0b-4c32-a48f-ce956be85d4a,2021,2021-12-15,2.8,74,28,false
7aab9548-c17d-4dd7-8f55-9f3b237724d5,254e5290-7c0b-4c32-a48f-ce956be85d4a,2022,2022-12-15,4.4,80,22,false
3f69f502-8e16-40f5-b780-850e1cb595dc,254e5290-7c0b-4c32-a48f-ce956be85d4a,2023,2023-12-15,4.2,61,15,false
4ab48555-e614-4afd-9c52-c20f01e3e1ad,254e5290-7c0b-4c32-a48f-ce956be85d4a,2024,2024-12-15,4.8,99,24,false
b25ce5e6-853c-4996-8d44-85c99cd429c0,254e5290-7c0b-4c32-a48f-ce956be85d4a,2025,2025-12-15,3.3,65,13,false
c3a18f16-f2ab-4a02-a534-d04a3528f3b9,254e5290-7c0b-4c32-a48f-ce956be85d4a,2026,2026-12-15,3.8,90,33,false
1fe2a8d5-c75d-4ad8-b670-a39914dab268,8763f813-0fd1-448e-ae96-bd0f6be5d249,2021,2021-12-15,2.2,84,11,false
4ce94077-d2db-4c8d-875e-a0fd48d7baf0,8763f813-0fd1-448e-ae96-bd0f6be5d249,2022,2022-12-15,3.1,71,57,false
0c3c01d3-bd49-4c69-9f20-bc347b848b0d,8763f813-0fd1-448e-ae96-bd0f6be5d249,2023,2023-12-15,3.3,85,21,false
283ab4c0-1785-46a1-adcd-356d0c15de2a,8763f813-0fd1-448e-ae96-bd0f6be5d249,2024,2024-12-15,2.9,93,38,false
6935c9e4-1f9f-4e7e-9d56-f4c0443a443a,8763f813-0fd1-448e-ae96-bd0f6be5d249,2025,2025-12-15,4.2,62,52,false
bcc6630b-3b5f-482b-baec-1ec2a8fb31f6,8763f813-0fd1-448e-ae96-bd0f6be5d249,2026,2026-12-15,2.3,75,58,false
8fcae543-d035-4ce5-9698-069c975d7315,526dd8a4-62c4-44d0-8e3b-c6005383a6e8,2023,2023-12-15,3.5,61,36,false
326876a7-e5ff-4186-9b10-b5eb06e4e0ae,526dd8a4-62c4-44d0-8e3b-c6005383a6e8,2024,2024-12-15,3.4,98,58,false
74c4a0e9-673d-4662-a569-24a270018a6f,526dd8a4-62c4-44d0-8e3b-c6005383a6e8,2025,2025-12-15,4.8,88,34,false
520e932a-6d89-4d79-9e15-cf064d6a76be,526dd8a4-62c4-44d0-8e3b-c6005383a6e8,2026,2026-12-15,2.6,69,31,false
829d679d-69a6-4542-ba6c-6ce01c9b3e0c,0a372f95-d7ee-49d9-a2df-e7ddf82290de,2022,2022-12-15,4.2,70,11,false
e430dd00-6765-4489-b466-a9e04561a2e0,0a372f95-d7ee-49d9-a2df-e7ddf82290de,2023,2023-12-15,3.4,87,27,false
d4ccfb0a-ff31-4c93-8148-d7e39353601b,0a372f95-d7ee-49d9-a2df-e7ddf82290de,2024,2024-12-15,3.1,71,36,false
ebb77760-af6f-4e60-800b-088e13569429,0a372f95-d7ee-49d9-a2df-e7ddf82290de,2025,2025-12-15,3.7,68,57,false
5b095307-082a-42ce-9997-75a0e5173e7d,0a372f95-d7ee-49d9-a2df-e7ddf82290de,2026,2026-12-15,4.3,75,10,false
23b71243-ff2d-4e49-b6aa-0076cac8bfb7,3cd82c5e-529d-4500-8d52-deee030c1ea3,2021,2021-12-15,3.2,64,17,false
30397111-565a-4af5-b690-e6327762d45d,3cd82c5e-529d-4500-8d52-deee030c1ea3,2022,2022-12-15,3.6,99,23,false
fbb224c4-5691-40a6-9b3e-f8ce40b5d45d,3cd82c5e-529d-4500-8d52-deee030c1ea3,2023,2023-12-15,3.9,74,27,false
51d23b39-d208-4fef-8d86-c561ea0f7afa,3cd82c5e-529d-4500-8d52-deee030c1ea3,2024,2024-12-15,3.3,85,35,false
0c811e27-c3fe-452b-9fb9-137ebc40dc44,3cd82c5e-529d-4500-8d52-deee030c1ea3,2025,2025-12-15,4.6,73,51,false
d51f872c-780f-49b3-b4cd-861bd62a3639,3cd82c5e-529d-4500-8d52-deee030c1ea3,2026,2026-12-15,4.5,61,58,true
1e56d0f4-e6ed-4ee2-bb86-7c4b163ede22,40d6cd96-c5d0-4455-b009-0b0046dcb51b,2019,2019-12-15,2.1,76,56,false
337bda1d-205c-40ab-b346-deed30536add,40d6cd96-c5d0-4455-b009-0b0046dcb51b,2020,2020-12-15,4.7,99,22,false
b16d8dbe-90e6-478c-8c9f-929480fffa61,40d6cd96-c5d0-4455-b009-0b0046dcb51b,2021,2021-12-15,3.6,63,11,false
e3ee6160-fd0b-4ae9-a9e1-62a975542f09,40d6cd96-c5d0-4455-b009-0b0046dcb51b,2022,2022-12-15,2.7,72,15,false
77d61a9f-fa03-4fb3-ab48-e29c8c359fe8,40d6cd96-c5d0-4455-b009-0b0046dcb51b,2023,2023-12-15,3.1,83,31,false
fb9dd55a-c2a1-41cf-91d8-4385d08bc45b,40d6cd96-c5d0-4455-b009-0b0046dcb51b,2024,2024-12-15,4.3,93,10,false
14682cc8-d771-4e3c-bed0-d13cb2121487,40d6cd96-c5d0-4455-b009-0b0046dcb51b,2025,2025-12-15,3.3,79,22,false
46ccabcf-ba9f-49c3-9aec-4f7211763e38,40d6cd96-c5d0-4455-b009-0b0046dcb51b,2026,2026-12-15,2.6,87,38,false
49bbb9d9-7de0-4432-8ff4-dc21ce51837e,ce210808-0643-4154-b355-0f4fdb9309a7,2021,2021-12-15,3.2,74,53,false
3c325f0b-1b5f-4b45-a9b1-757e31c7e0ab,ce210808-0643-4154-b355-0f4fdb9309a7,2022,2022-12-15,4.5,88,21,true
4f0a2028-7316-4174-b480-618251d0840f,ce210808-0643-4154-b355-0f4fdb9309a7,2023,2023-12-15,2.5,97,55,false
719dfcbb-d859-4092-8d83-0a56fce7cc58,ce210808-0643-4154-b355-0f4fdb9309a7,2024,2024-12-15,2.7,72,60,false
5519ba8c-00ba-4df3-8e77-cb385d1a2c7b,ce210808-0643-4154-b355-0f4fdb9309a7,2025,2025-12-15,4.1,66,39,false
41c393b9-812a-4c44-9f15-31c53c802e01,ce210808-0643-4154-b355-0f4fdb9309a7,2026,2026-12-15,2.8,63,31,false
3a09b869-3b9f-4f5a-8771-2d46d3db9e62,630716e5-012e-462e-997f-4bddc29d22c6,2024,2024-12-15,2.6,68,43,false
0882e52e-ac3b-498f-a735-ef03b0534c32,630716e5-012e-462e-997f-4bddc29d22c6,2025,2025-12-15,4.7,93,16,false
d2bb745a-1eb5-413b-b29c-3082be31520e,630716e5-012e-462e-997f-4bddc29d22c6,2026,2026-12-15,4.6,97,57,true
4fc8cbb3-bfd7-4ec1-b058-aeca38f74965,543b70df-c750-4d2d-8b42-9ad31bebe5d1,2024,2024-12-15,4.1,79,37,false
de6ffeac-53b0-4f61-af22-d9b6d245b7ee,543b70df-c750-4d2d-8b42-9ad31bebe5d1,2025,2025-12-15,3.2,68,44,false
592923d1-4336-4ca5-93af-b2320922b0fd,543b70df-c750-4d2d-8b42-9ad31bebe5d1,2026,2026-12-15,4.9,86,43,true
8ec73aea-f11c-4972-8b9b-d38ae4581b6e,8a6cb659-c889-4932-ba72-818cd81574f2,2021,2021-12-15,2.4,63,56,false
4449fff9-1dfb-404c-9669-b6fff6f2b8c4,8a6cb659-c889-4932-ba72-818cd81574f2,2022,2022-12-15,3.9,72,59,false
6173eeb8-436a-4d6e-95f3-06d4d11c66de,8a6cb659-c889-4932-ba72-818cd81574f2,2023,2023-12-15,3.5,94,11,false
24f839af-5e03-43af-bac7-8ae3d749c343,8a6cb659-c889-4932-ba72-818cd81574f2,2024,2024-12-15,3.3,61,21,false
217371b5-4a37-49da-a5d4-1387cdd29d82,8a6cb659-c889-4932-ba72-818cd81574f2,2025,2025-12-15,3.4,75,22,false
cf699744-c277-4989-b3cc-5918cadf269c,8a6cb659-c889-4932-ba72-818cd81574f2,2026,2026-12-15,3.3,77,21,false
c13ac359-c62b-4cde-ba70-dbb07924ff7c,9c6389a2-f1aa-472a-a405-217b6094b685,2019,2019-12-15,3.5,87,31,false
59bbf65b-e64f-4287-add0-3802394f87e7,9c6389a2-f1aa-472a-a405-217b6094b685,2020,2020-12-15,2.7,80,12,false
e4d15606-93b9-43e3-a7c0-4dac651a60c4,9c6389a2-f1aa-472a-a405-217b6094b685,2021,2021-12-15,2.2,64,55,false
2774498b-8791-4c75-ad94-87bc98cacd54,9c6389a2-f1aa-472a-a405-217b6094b685,2022,2022-12-15,3.6,76,59,false
32a8634c-897c-433a-bdca-a2ae42b80191,9c6389a2-f1aa-472a-a405-217b6094b685,2023,2023-12-15,3.7,81,26,false
759f59d7-f186-459d-8f41-6a79af9a2b29,9c6389a2-f1aa-472a-a405-217b6094b685,2024,2024-12-15,4.9,66,12,true
f34719fc-9d91-4de0-adf4-bc55c443d3b4,9c6389a2-f1aa-472a-a405-217b6094b685,2025,2025-12-15,2,88,37,false
36a7d42c-cc1e-4d1d-b7cf-f589ab9b52da,9c6389a2-f1aa-472a-a405-217b6094b685,2026,2026-12-15,2.9,60,13,false
47aa86c1-585b-4408-9e5f-93a05f9a217f,7359f127-082a-47a1-afd6-d98dac6f8531,2024,2024-12-15,2,61,11,false
08915467-f87f-482e-a1ab-a7c8d0f5861a,7359f127-082a-47a1-afd6-d98dac6f8531,2025,2025-12-15,2.6,98,39,false
3db6db15-5920-499b-8939-b7f62ce25e07,7359f127-082a-47a1-afd6-d98dac6f8531,2026,2026-12-15,3.8,80,38,false
eff1cad9-9d83-4875-994d-e62bfa6c7520,74376a27-d9d0-49bf-9c83-bc4ab403c567,2023,2023-12-15,2.4,60,38,false
b3f75b79-e3f8-4aa8-a57a-ad93b43e4a41,74376a27-d9d0-49bf-9c83-bc4ab403c567,2024,2024-12-15,3.7,70,13,false
42a24d2b-90f3-4fe6-825d-614d3f9456f7,74376a27-d9d0-49bf-9c83-bc4ab403c567,2025,2025-12-15,4.4,81,43,false
57fda46a-2f76-4646-b050-985df5134e94,74376a27-d9d0-49bf-9c83-bc4ab403c567,2026,2026-12-15,3.4,63,24,false
e181c3ec-7775-45a4-9d13-81d226d36169,fc790a5e-5361-4772-af8b-ee1d742b0fe6,2021,2021-12-15,2.4,80,51,false
2a2185e2-4c82-4955-9126-141aceb65f51,fc790a5e-5361-4772-af8b-ee1d742b0fe6,2022,2022-12-15,3.1,78,20,false
29b44a7a-ed91-4975-8bfe-4390bbf5df54,fc790a5e-5361-4772-af8b-ee1d742b0fe6,2023,2023-12-15,3.3,100,11,false
e9c16e84-3f91-459e-bd88-a4e37924ca99,fc790a5e-5361-4772-af8b-ee1d742b0fe6,2024,2024-12-15,3.5,93,15,false
2c83401f-b5e5-461b-8920-bf58cc4e4551,fc790a5e-5361-4772-af8b-ee1d742b0fe6,2025,2025-12-15,3.5,96,13,false
7b2b5863-b64c-4633-8cc9-7c2ab99d1689,fc790a5e-5361-4772-af8b-ee1d742b0fe6,2026,2026-12-15,3.3,63,50,false
7deba08b-8d94-4f6e-b223-584ec6ec1af5,00c00a8f-b622-4a76-9e00-ce938c614b1d,2020,2020-12-15,2.4,80,54,false
9bcd9feb-d3a5-4504-af63-b53188bee071,00c00a8f-b622-4a76-9e00-ce938c614b1d,2021,2021-12-15,3.3,61,54,false
7c104ffb-72f9-4059-9cf8-118209f92b64,00c00a8f-b622-4a76-9e00-ce938c614b1d,2022,2022-12-15,4.7,83,36,false
0a813f42-3c44-4055-8c5d-2bc7104e0fc7,00c00a8f-b622-4a76-9e00-ce938c614b1d,2023,2023-12-15,3.6,91,44,false
820539de-7f0c-4257-86ba-0626e39cf0ca,00c00a8f-b622-4a76-9e00-ce938c614b1d,2024,2024-12-15,3.6,82,29,false
ae4de2b7-b3c3-4db7-b730-5b30e8f8c1c4,00c00a8f-b622-4a76-9e00-ce938c614b1d,2025,2025-12-15,3.2,70,26,false
f15b5710-f234-444d-b0d3-d90e2f78264f,00c00a8f-b622-4a76-9e00-ce938c614b1d,2026,2026-12-15,3.3,93,38,false
63c93bb4-6747-4ca4-866c-3def372940dc,4433f642-09a1-4035-a78c-a2ccd919d61e,2018,2018-12-15,2.1,70,21,false
b3de729f-7108-462c-9c90-5f978b03072a,4433f642-09a1-4035-a78c-a2ccd919d61e,2019,2019-12-15,3.5,81,48,false
c5cab84b-9456-462e-aaea-147842ceb694,4433f642-09a1-4035-a78c-a2ccd919d61e,2020,2020-12-15,2.1,82,52,false
ae061212-4553-4e57-99de-b34305ba9f62,4433f642-09a1-4035-a78c-a2ccd919d61e,2021,2021-12-15,4.7,68,33,true
223f803b-8c9d-4a02-9e4a-e5113236f0cc,4433f642-09a1-4035-a78c-a2ccd919d61e,2022,2022-12-15,3.3,72,40,false
bf838f16-4dbc-4bf2-84e4-5cb7acf6519a,4433f642-09a1-4035-a78c-a2ccd919d61e,2023,2023-12-15,4.4,95,57,false
0d428cb0-eecf-4df9-9a53-05960a5f31c5,4433f642-09a1-4035-a78c-a2ccd919d61e,2024,2024-12-15,4,88,39,false
3e220e90-54c6-4429-a971-97b0b8da790d,4433f642-09a1-4035-a78c-a2ccd919d61e,2025,2025-12-15,3.7,98,56,false
77e63a0b-fa26-4de3-bae2-3214ef7b7fa3,4433f642-09a1-4035-a78c-a2ccd919d61e,2026,2026-12-15,2.6,62,24,false
69111ddd-766c-4c85-9427-c4e7c40eb49d,b047d3dc-6bf9-498c-b69c-1cf1896bd490,2018,2018-12-15,3.8,99,28,false
65bbb442-5c1a-4020-989f-76a954aaf17c,b047d3dc-6bf9-498c-b69c-1cf1896bd490,2019,2019-12-15,2.8,89,14,false
6b57d3ec-ce9f-4b31-b5ba-4e62a675b79d,b047d3dc-6bf9-498c-b69c-1cf1896bd490,2020,2020-12-15,2.3,67,24,false
037ca01f-2b22-4dce-a931-a15e28069af5,b047d3dc-6bf9-498c-b69c-1cf1896bd490,2021,2021-12-15,2.1,67,15,false
a77eb5bb-b82f-406d-8e8f-bb4dc531e37c,b047d3dc-6bf9-498c-b69c-1cf1896bd490,2022,2022-12-15,3.5,80,28,false
10b218ed-fa34-4b8d-b7a8-d37d54b03bb4,b047d3dc-6bf9-498c-b69c-1cf1896bd490,2023,2023-12-15,2.1,90,60,false
bc693353-5353-4a04-a02d-40a8e5c2ab72,b047d3dc-6bf9-498c-b69c-1cf1896bd490,2024,2024-12-15,3.6,95,33,false
a2a573fe-c084-4e11-9158-234920a11d19,b047d3dc-6bf9-498c-b69c-1cf1896bd490,2025,2025-12-15,3.6,69,26,false
56810cf2-3117-4799-8c60-58b2559ac84b,b047d3dc-6bf9-498c-b69c-1cf1896bd490,2026,2026-12-15,4.5,76,34,false
28aea04e-1985-4d8d-9842-57d0008aa5f1,dc9895f6-cdf4-4d24-b2ae-243f43b91385,2020,2020-12-15,3.6,100,22,false
9ba974b8-04ba-4159-a087-2aec8fba7538,dc9895f6-cdf4-4d24-b2ae-243f43b91385,2021,2021-12-15,4.3,62,36,false
226013e8-5109-43ba-aab6-7cffedb82049,dc9895f6-cdf4-4d24-b2ae-243f43b91385,2022,2022-12-15,2.4,71,21,false
dabd67e1-428e-4722-8001-c55d81d0a431,dc9895f6-cdf4-4d24-b2ae-243f43b91385,2023,2023-12-15,3.4,67,56,false
945b690c-7a05-4478-bc2b-c2a18692b789,dc9895f6-cdf4-4d24-b2ae-243f43b91385,2024,2024-12-15,2.6,65,54,false
60d3f912-fc7c-4925-b9f7-bb18ebaabd20,dc9895f6-cdf4-4d24-b2ae-243f43b91385,2025,2025-12-15,3.5,88,60,false
d7874ed3-6d40-4547-b7ec-0002949ab9c5,dc9895f6-cdf4-4d24-b2ae-243f43b91385,2026,2026-12-15,2.2,93,20,false
81668de2-cd9c-4f84-b4dd-53aa19221b1f,ed93b858-9ed1-469e-bd16-df78e690e7f2,2020,2020-12-15,3.4,91,55,false
2320550e-5942-40c6-9bf2-245680cb74f8,ed93b858-9ed1-469e-bd16-df78e690e7f2,2021,2021-12-15,4.5,89,57,true
1dc40491-9b4d-4451-bf1d-914a2601201e,ed93b858-9ed1-469e-bd16-df78e690e7f2,2022,2022-12-15,3.1,64,40,false
69a3c59b-c56a-4aa3-b576-8ced5cd0fb66,ed93b858-9ed1-469e-bd16-df78e690e7f2,2023,2023-12-15,4.1,95,53,false
9294e739-2b3b-44d2-b0a0-718a9484bfa3,ed93b858-9ed1-469e-bd16-df78e690e7f2,2024,2024-12-15,4,73,12,false
f374627d-6f82-4fc7-9bc2-0ffbf1b636fd,ed93b858-9ed1-469e-bd16-df78e690e7f2,2025,2025-12-15,4,64,27,false
1fa4fd9e-4f57-40c2-975d-e361570c1bad,ed93b858-9ed1-469e-bd16-df78e690e7f2,2026,2026-12-15,2.8,65,33,false
f243c7ea-dd6c-4c2a-8be7-00394a03a164,81cceb49-66a1-46ba-8b01-e8605c24a206,2020,2020-12-15,4.4,82,20,false
3140c136-ce7b-4068-9ff0-6d6c03449faa,81cceb49-66a1-46ba-8b01-e8605c24a206,2021,2021-12-15,3.1,76,19,false
5f49ccb3-9425-4293-9875-38a04f29836b,81cceb49-66a1-46ba-8b01-e8605c24a206,2022,2022-12-15,4.1,69,20,false
62ccfefc-f24b-4502-bbf7-a280af52cb25,81cceb49-66a1-46ba-8b01-e8605c24a206,2023,2023-12-15,4,92,29,false
2d7c7d6f-7936-44b5-87ce-cdf5469c0220,81cceb49-66a1-46ba-8b01-e8605c24a206,2024,2024-12-15,3.4,72,33,false
d2341f6b-8e8e-4c76-9531-2d8b78bf7fa4,81cceb49-66a1-46ba-8b01-e8605c24a206,2025,2025-12-15,4.5,62,15,false
d9e4fcde-a468-40d2-86d8-e8c3203bbaff,81cceb49-66a1-46ba-8b01-e8605c24a206,2026,2026-12-15,4.9,80,15,false
b1b9f21c-f6d1-4739-90b2-52d32d0e3d7f,2e30c9a4-5232-45c6-bd48-e95d079c2f48,2021,2021-12-15,3.1,93,37,false
8243a4ad-2f14-41b7-bea3-aac65acf17ca,2e30c9a4-5232-45c6-bd48-e95d079c2f48,2022,2022-12-15,2.2,67,59,false
21b3da8e-4ee3-419f-ba7c-29a545bbc5db,2e30c9a4-5232-45c6-bd48-e95d079c2f48,2023,2023-12-15,4.8,94,42,false
2ba93685-9046-4b33-aefe-2d6dd14f43da,2e30c9a4-5232-45c6-bd48-e95d079c2f48,2024,2024-12-15,4.8,77,23,true
f9227b87-35f9-4e5f-bda4-340f7ca3c2a6,2e30c9a4-5232-45c6-bd48-e95d079c2f48,2025,2025-12-15,2.5,98,14,false
2827e98e-9950-4e8f-a227-33ca04afcc7b,2e30c9a4-5232-45c6-bd48-e95d079c2f48,2026,2026-12-15,2.6,79,60,false
ef5f4e79-be92-40e3-ad5a-2b78412c1d21,6f2df1ae-9656-40c3-a15c-8dfce6aad49d,2018,2018-12-15,4.8,100,29,true
8334d6e0-656e-4ec9-9710-6a7e40c825aa,6f2df1ae-9656-40c3-a15c-8dfce6aad49d,2019,2019-12-15,2.7,86,48,false
1cee38b7-3581-431c-8e2e-3aa1daac2fb1,6f2df1ae-9656-40c3-a15c-8dfce6aad49d,2020,2020-12-15,2.3,74,38,false
3876ac38-fa52-46a4-91e8-a9ed0adf6223,6f2df1ae-9656-40c3-a15c-8dfce6aad49d,2021,2021-12-15,2.2,80,58,false
a10e1af3-23f3-4945-b4c3-907b36b8b605,6f2df1ae-9656-40c3-a15c-8dfce6aad49d,2022,2022-12-15,2.3,95,60,false
38e2bc72-490b-420f-9bc0-e08a27e5a589,6f2df1ae-9656-40c3-a15c-8dfce6aad49d,2023,2023-12-15,3.2,70,57,false
82967066-1807-4cbc-b1ff-a1a3dea1a49d,6f2df1ae-9656-40c3-a15c-8dfce6aad49d,2024,2024-12-15,2.2,89,53,false
bac72065-95e4-426b-989d-710853a700a9,6f2df1ae-9656-40c3-a15c-8dfce6aad49d,2025,2025-12-15,4.4,83,49,false
6a849060-5639-4d2e-9fb2-1297f58e3f33,6f2df1ae-9656-40c3-a15c-8dfce6aad49d,2026,2026-12-15,3.2,65,29,false
85812ff2-60c3-4835-b6c3-aa9c3530f2c6,c84bb11c-b275-448f-9887-a3f3b3f991a8,2021,2021-12-15,2.4,79,34,false
3fca1a53-5a0f-4d07-a4d2-9c87176f7ce1,c84bb11c-b275-448f-9887-a3f3b3f991a8,2022,2022-12-15,5,89,18,false
01d217e8-ab82-4473-9d0c-531fb79a707a,c84bb11c-b275-448f-9887-a3f3b3f991a8,2023,2023-12-15,2.3,67,14,false
3e47a529-004a-405d-b445-c3d37602ab82,c84bb11c-b275-448f-9887-a3f3b3f991a8,2024,2024-12-15,3.7,61,51,false
cf32c9b2-f160-41ca-aeb8-1a7c64be84b4,c84bb11c-b275-448f-9887-a3f3b3f991a8,2025,2025-12-15,2.6,75,34,false
c8ac637b-52f8-4b13-a322-e673e8eb7bf9,c84bb11c-b275-448f-9887-a3f3b3f991a8,2026,2026-12-15,4.1,74,28,false
3ceedf7f-5b45-4a19-9449-6d03e372115c,2c96d918-aa1b-41cb-b9aa-f807ad8d789e,2024,2024-12-15,4.3,66,25,false
10b92493-2c5e-4146-a831-e414214e93c0,2c96d918-aa1b-41cb-b9aa-f807ad8d789e,2025,2025-12-15,4.4,82,36,false
f367bba0-0877-413f-867c-16014a595d6b,2c96d918-aa1b-41cb-b9aa-f807ad8d789e,2026,2026-12-15,3,86,60,false
1675e3e1-c809-4a02-a4c1-b56f4f1ef749,456c7c4e-8d4d-4bfc-bc77-8e985bd62a93,2018,2018-12-15,4.4,100,33,false
91491799-e11e-4c72-9ee2-bdd15795b20f,456c7c4e-8d4d-4bfc-bc77-8e985bd62a93,2019,2019-12-15,2.6,99,25,false
74e13eba-7e55-47b3-aeec-458302f90d7b,456c7c4e-8d4d-4bfc-bc77-8e985bd62a93,2020,2020-12-15,3.7,100,15,false
a6b1cbe8-941b-4593-9b68-0613238c1c0e,456c7c4e-8d4d-4bfc-bc77-8e985bd62a93,2021,2021-12-15,3.6,85,17,false
cf2709bf-c1ab-442a-88f2-0d913b4f25c6,456c7c4e-8d4d-4bfc-bc77-8e985bd62a93,2022,2022-12-15,4.4,73,41,false
890dc72f-3a39-4023-9853-df3782753321,456c7c4e-8d4d-4bfc-bc77-8e985bd62a93,2023,2023-12-15,3.7,91,35,false
10b2dcff-e62b-4940-9259-b9766ad1b0de,456c7c4e-8d4d-4bfc-bc77-8e985bd62a93,2024,2024-12-15,2,95,38,false
24059084-9a2f-49ff-b7c7-a872987d9c0a,456c7c4e-8d4d-4bfc-bc77-8e985bd62a93,2025,2025-12-15,2.4,98,19,false
60d924e0-5f64-44dd-b81e-55b1c2daeb6b,456c7c4e-8d4d-4bfc-bc77-8e985bd62a93,2026,2026-12-15,3.7,74,16,false
76fa9ec1-a105-410b-973f-fcc2c6a55ba3,5aa6d796-b898-4b8b-8db4-92f492653467,2016,2016-12-15,4.8,69,26,false
75b7e816-1a7c-4531-8ae3-41efd097d0bf,5aa6d796-b898-4b8b-8db4-92f492653467,2017,2017-12-15,3.1,100,49,false
8add8bfc-adb2-42a5-a3c5-c80bbb124c5d,5aa6d796-b898-4b8b-8db4-92f492653467,2018,2018-12-15,3.3,78,15,false
cc8519bb-503f-4bf8-bb4e-544c53b51263,5aa6d796-b898-4b8b-8db4-92f492653467,2019,2019-12-15,3.3,90,25,false
f0a74833-54df-4ad7-8f09-6a4e5cf65ba5,5aa6d796-b898-4b8b-8db4-92f492653467,2020,2020-12-15,4,85,38,false
801e0958-2ad1-4b31-8fa7-af63323f038a,5aa6d796-b898-4b8b-8db4-92f492653467,2021,2021-12-15,3.4,76,31,false
7520d0d2-c71e-4ae7-b278-fdd010857820,5aa6d796-b898-4b8b-8db4-92f492653467,2022,2022-12-15,4,90,29,false
2ef97627-78a4-4df8-9beb-3ecc3ac34005,5aa6d796-b898-4b8b-8db4-92f492653467,2023,2023-12-15,4.6,98,34,false
cb3f1ed1-147e-4f89-8504-9c3be1bc0887,5aa6d796-b898-4b8b-8db4-92f492653467,2024,2024-12-15,4.8,100,28,true
b528b540-dca5-4ef2-a5c9-7a50b34d2b54,5aa6d796-b898-4b8b-8db4-92f492653467,2025,2025-12-15,4.1,97,31,false
c1e8ce9e-1182-40d0-a865-a37d7ceaca44,5aa6d796-b898-4b8b-8db4-92f492653467,2026,2026-12-15,4.6,67,29,false
e6ef4a61-7f8e-4c9a-a68f-8e2cfa047672,1731a96b-9624-4e2e-8cc8-8305124009a7,2021,2021-12-15,4.6,80,58,true
6275bdae-f584-4751-ae9e-cca886b79c9b,1731a96b-9624-4e2e-8cc8-8305124009a7,2022,2022-12-15,3.9,69,29,false
e400de5e-8ab4-410e-8dbc-f1b84afd537a,1731a96b-9624-4e2e-8cc8-8305124009a7,2023,2023-12-15,2.6,88,27,false
fa84695b-2a6c-4dbe-b08e-f5e0109b3f7d,1731a96b-9624-4e2e-8cc8-8305124009a7,2024,2024-12-15,2.6,83,36,false
8d074d13-3c48-42e4-b3ed-1c6125bfb105,1731a96b-9624-4e2e-8cc8-8305124009a7,2025,2025-12-15,2.3,64,59,false
0feacb75-9c9b-4301-978b-7b145c363e2b,1731a96b-9624-4e2e-8cc8-8305124009a7,2026,2026-12-15,3.8,90,54,false
f7f04b4a-87ab-4606-a957-8f5b1706589d,6ea1b322-4bd9-4975-9d03-eb422e4af83b,2025,2025-12-15,2.2,68,13,false
581a9f78-7f54-4b59-b666-e3249969cd91,6ea1b322-4bd9-4975-9d03-eb422e4af83b,2026,2026-12-15,4.5,80,19,false
304fa261-0be1-4fab-8013-e1b0e6f8b195,da753927-de44-4e0d-9307-126a419b2d50,2019,2019-12-15,4.1,98,29,false
c21efa9a-e277-4c2d-a4a3-b0e9cd29caf1,da753927-de44-4e0d-9307-126a419b2d50,2020,2020-12-15,4.2,64,45,false
826b71d2-ef66-4520-88e9-46739445a93d,da753927-de44-4e0d-9307-126a419b2d50,2021,2021-12-15,4.7,73,52,true
7a83fe22-a1bc-4f82-8167-fd69cf853540,da753927-de44-4e0d-9307-126a419b2d50,2022,2022-12-15,3.1,98,32,false
08bf0434-5c77-40b7-afa9-ec354d143ced,da753927-de44-4e0d-9307-126a419b2d50,2023,2023-12-15,2,98,18,false
ef3614b0-d4ba-4fd9-97ac-1ca681829d17,da753927-de44-4e0d-9307-126a419b2d50,2024,2024-12-15,2.4,88,21,false
fda9045f-4ac3-4c66-a819-c1fddf2132cf,da753927-de44-4e0d-9307-126a419b2d50,2025,2025-12-15,4.6,98,11,true
0d262095-b23f-4004-90f7-8c422a926638,da753927-de44-4e0d-9307-126a419b2d50,2026,2026-12-15,2.4,79,43,false
d6219b77-b82f-4811-9af7-517709dace3c,5ddbdf87-d237-4781-919f-4f16173784ea,2018,2018-12-15,4.6,63,59,false
aafefc68-0692-405a-80ae-6fa00462b3b6,5ddbdf87-d237-4781-919f-4f16173784ea,2019,2019-12-15,2.9,76,45,false
78007283-4e69-42f8-84e4-a5182b6dc4bb,5ddbdf87-d237-4781-919f-4f16173784ea,2020,2020-12-15,4.2,73,53,false
dc7b6971-737f-4069-91fa-9a39fd117f9c,5ddbdf87-d237-4781-919f-4f16173784ea,2021,2021-12-15,4.5,77,53,false
85981153-8b45-4e29-ad44-b5f7e9900eaa,5ddbdf87-d237-4781-919f-4f16173784ea,2022,2022-12-15,5,94,60,false
ea42a586-7a82-487f-804f-3e85e725a956,5ddbdf87-d237-4781-919f-4f16173784ea,2023,2023-12-15,3.9,91,41,false
d06f3224-aaca-4378-949e-d8b1fc42bdcf,5ddbdf87-d237-4781-919f-4f16173784ea,2024,2024-12-15,2.7,70,20,false
df05936a-c18d-4b20-9401-fd6a68f1a15e,5ddbdf87-d237-4781-919f-4f16173784ea,2025,2025-12-15,2.4,78,26,false
3db0412a-75c4-4b1f-824a-b2b5e658eb6b,5ddbdf87-d237-4781-919f-4f16173784ea,2026,2026-12-15,4.9,99,46,true
f2ad759a-1a78-4340-914b-71eebe04a2f2,df8c0789-d679-4bbc-ad61-e54c0aa8945d,2021,2021-12-15,3.7,89,34,false
577b25b7-782b-4aea-98cf-2e1ce5f8744f,df8c0789-d679-4bbc-ad61-e54c0aa8945d,2022,2022-12-15,2,70,34,false
0d5e4749-6987-4894-9168-f062798d6136,df8c0789-d679-4bbc-ad61-e54c0aa8945d,2023,2023-12-15,2.1,92,23,false
8e1d6e03-ea5c-498d-ad70-1817b3b9ce22,df8c0789-d679-4bbc-ad61-e54c0aa8945d,2024,2024-12-15,3.6,62,50,false
46198431-473e-40e4-982d-48ee472d0763,df8c0789-d679-4bbc-ad61-e54c0aa8945d,2025,2025-12-15,3.8,73,34,false
a0749da2-67f1-4cfa-8621-89e688c2d4ef,df8c0789-d679-4bbc-ad61-e54c0aa8945d,2026,2026-12-15,2.4,77,20,false
c651d0a6-bd80-4a64-ad46-73a0c0095f18,ac0ead81-053b-44b1-9fa9-2f1726c8d34b,2020,2020-12-15,2.6,90,55,false
75bbe191-cb79-48a8-b43a-5fa5e077c3be,ac0ead81-053b-44b1-9fa9-2f1726c8d34b,2021,2021-12-15,2.7,70,42,false
408d75e3-1e24-4c46-a094-9046f9a97508,ac0ead81-053b-44b1-9fa9-2f1726c8d34b,2022,2022-12-15,2.7,67,43,false
28343b53-11f0-425b-92ef-68e2a2bb6dfa,ac0ead81-053b-44b1-9fa9-2f1726c8d34b,2023,2023-12-15,4.7,69,21,true
02b337ee-9087-4862-9947-0be0c3b82ae7,ac0ead81-053b-44b1-9fa9-2f1726c8d34b,2024,2024-12-15,4.1,96,46,false
05b624d4-952b-49d4-8375-150146cb7e2b,ac0ead81-053b-44b1-9fa9-2f1726c8d34b,2025,2025-12-15,3.6,79,13,false
5153d8ae-c009-4db9-b3c4-afa4b9bb5821,ac0ead81-053b-44b1-9fa9-2f1726c8d34b,2026,2026-12-15,2.3,97,12,false
0588c413-9e58-4d10-b5c7-9bd1237a2d0d,96c48ecd-be97-49b3-932c-91f6a499e210,2024,2024-12-15,2.2,89,34,false
09978d35-cf4f-4dac-a68f-ff453a8b93e7,96c48ecd-be97-49b3-932c-91f6a499e210,2025,2025-12-15,2.6,62,40,false
503b2314-d9f5-4868-930b-c408016b3755,96c48ecd-be97-49b3-932c-91f6a499e210,2026,2026-12-15,2.2,69,14,false
2aaf2d3e-a7de-4b59-b20d-71020620471a,44648b05-d262-4b91-8ffb-696fb5481313,2023,2023-12-15,4.6,60,33,false
e28937e7-83ac-4280-ae0b-3518bc2f4314,44648b05-d262-4b91-8ffb-696fb5481313,2024,2024-12-15,3.5,83,13,false
864c7658-8601-4327-b051-08dbc5bddf2e,44648b05-d262-4b91-8ffb-696fb5481313,2025,2025-12-15,3.2,77,17,false
3bdbb038-1469-4baa-a05d-ccdd04b370e7,44648b05-d262-4b91-8ffb-696fb5481313,2026,2026-12-15,2.1,98,28,false
e78f3eb2-6e99-44ab-a955-6ce500c34561,e06610e2-d22f-4215-9c34-b28aa310fdff,2017,2017-12-15,2.1,87,18,false
7aa5b397-87bc-4077-b040-6a449773ab18,e06610e2-d22f-4215-9c34-b28aa310fdff,2018,2018-12-15,4.5,74,46,true
73644d47-7c65-4410-87f5-aa20a7685fcb,e06610e2-d22f-4215-9c34-b28aa310fdff,2019,2019-12-15,4.2,64,41,false
c591f3aa-6e24-49ba-97f1-8cbd81d6ca02,e06610e2-d22f-4215-9c34-b28aa310fdff,2020,2020-12-15,2.2,98,36,false
0540ecfb-d081-4e5e-af7a-5f17d525ddb4,e06610e2-d22f-4215-9c34-b28aa310fdff,2021,2021-12-15,4.6,79,42,false
45f70fe6-9810-4353-876b-0c2ba5d6f26a,e06610e2-d22f-4215-9c34-b28aa310fdff,2022,2022-12-15,3.5,92,38,false
adbff333-2b71-4a58-be32-e3675dba33b4,e06610e2-d22f-4215-9c34-b28aa310fdff,2023,2023-12-15,4.8,75,12,false
395be5b6-bbde-4beb-afe9-4559fd41d969,e06610e2-d22f-4215-9c34-b28aa310fdff,2024,2024-12-15,4.4,92,29,false
142c8446-0adb-4353-ab8b-78e686eecb72,e06610e2-d22f-4215-9c34-b28aa310fdff,2025,2025-12-15,2.8,82,13,false
0f862651-0ec9-4b52-a138-9bfd9bcfdaa9,e06610e2-d22f-4215-9c34-b28aa310fdff,2026,2026-12-15,2.2,85,57,false
3070042f-a8d7-4c7e-ab5d-43068d317528,33cc38fb-8b13-4389-82c8-e22e8e93085d,2018,2018-12-15,4.3,87,33,false
97ad62e7-cae4-44f7-a02a-d9b55fcfde1b,33cc38fb-8b13-4389-82c8-e22e8e93085d,2019,2019-12-15,4.9,91,16,false
157d6c6a-692f-43c1-9155-0ea43265a05e,33cc38fb-8b13-4389-82c8-e22e8e93085d,2020,2020-12-15,3.1,73,42,false
a91d7b86-006c-4e47-8556-4419a72fa3b3,33cc38fb-8b13-4389-82c8-e22e8e93085d,2021,2021-12-15,2,100,55,false
3cd01a0b-90cf-46ae-b969-e405daef6c52,33cc38fb-8b13-4389-82c8-e22e8e93085d,2022,2022-12-15,4.2,99,33,false
02b4fb25-ed78-4d58-9349-7e0207e86349,33cc38fb-8b13-4389-82c8-e22e8e93085d,2023,2023-12-15,4,60,46,false
4e278b20-8250-4f35-ad5f-c7e28a923da6,33cc38fb-8b13-4389-82c8-e22e8e93085d,2024,2024-12-15,2.2,79,15,false
d03ee7f7-bf31-4eed-a8b0-9bd25ea39618,33cc38fb-8b13-4389-82c8-e22e8e93085d,2025,2025-12-15,4.6,89,14,false
91200291-685e-4183-869a-713ca4099c60,33cc38fb-8b13-4389-82c8-e22e8e93085d,2026,2026-12-15,4.1,64,29,false
f14d1ef7-580d-4099-898a-9331b40fcdf5,4fa58af1-b9a9-4357-b44e-39101f2b7306,2019,2019-12-15,2.2,68,14,false
78ea99b3-7d64-496f-a131-170463286468,4fa58af1-b9a9-4357-b44e-39101f2b7306,2020,2020-12-15,3.6,78,25,false
9dc77917-71ec-4e3a-9e10-344ee7a99483,4fa58af1-b9a9-4357-b44e-39101f2b7306,2021,2021-12-15,2.5,90,20,false
bebd678c-c4c6-4f3d-99e6-879ccd5b2021,4fa58af1-b9a9-4357-b44e-39101f2b7306,2022,2022-12-15,3.2,61,59,false
2ba6b728-b219-4ad9-aa1e-679612ac5726,4fa58af1-b9a9-4357-b44e-39101f2b7306,2023,2023-12-15,3,75,36,false
fecac12c-490b-4256-8c66-617c1fc00943,4fa58af1-b9a9-4357-b44e-39101f2b7306,2024,2024-12-15,2.2,75,34,false
49550287-16cc-4cd3-9aec-6a8100f727ba,4fa58af1-b9a9-4357-b44e-39101f2b7306,2025,2025-12-15,4.5,64,24,false
04cbd2d6-7fc8-42c3-a904-61f588035825,4fa58af1-b9a9-4357-b44e-39101f2b7306,2026,2026-12-15,3.4,82,46,false
514e2a38-ca43-48f7-90e2-3502d8ca3eea,85130bdf-9b69-4030-bc14-b7ccf9677cd8,2017,2017-12-15,3.2,82,41,false
a368842a-5e5e-4aaf-9ebb-3cf9b93cab85,85130bdf-9b69-4030-bc14-b7ccf9677cd8,2018,2018-12-15,4,85,42,false
7c4145b1-ff97-4888-a833-234b018067cf,85130bdf-9b69-4030-bc14-b7ccf9677cd8,2019,2019-12-15,3.5,71,39,false
472321e9-9347-4ac8-9799-71ac76a277b3,85130bdf-9b69-4030-bc14-b7ccf9677cd8,2020,2020-12-15,5,97,31,false
42804451-dab0-4f4c-9b2a-f3802ddcbaaf,85130bdf-9b69-4030-bc14-b7ccf9677cd8,2021,2021-12-15,2.5,63,57,false
b977101a-4306-4e5d-b6bb-9df07f645601,85130bdf-9b69-4030-bc14-b7ccf9677cd8,2022,2022-12-15,3.1,78,35,false
a4d56074-c5ce-4325-9f7c-0eaf40bfce79,85130bdf-9b69-4030-bc14-b7ccf9677cd8,2023,2023-12-15,3.6,87,57,false
d0ec5560-ee63-4795-936a-cc3b812f328d,85130bdf-9b69-4030-bc14-b7ccf9677cd8,2024,2024-12-15,2.3,89,44,false
080d7fa2-304e-4dd5-a19f-ff46dc806189,85130bdf-9b69-4030-bc14-b7ccf9677cd8,2025,2025-12-15,2.2,76,14,false
8ab2b634-6db1-4065-9cdf-ece0982be3f6,85130bdf-9b69-4030-bc14-b7ccf9677cd8,2026,2026-12-15,2.9,85,56,false
64a7c4bb-9188-481c-8501-45183f8b6c31,b1ba7560-9137-4c27-b0a7-8b9ce2c2eaf9,2023,2023-12-15,3.2,82,55,false
a348532a-57a4-45e1-a011-e9d83e9732cc,b1ba7560-9137-4c27-b0a7-8b9ce2c2eaf9,2024,2024-12-15,3,82,33,false
93941979-580c-4bf9-a502-b1481ae45f8d,b1ba7560-9137-4c27-b0a7-8b9ce2c2eaf9,2025,2025-12-15,3.9,62,10,false
bbea4d3e-8e6f-4fac-8e31-84111d881c02,b1ba7560-9137-4c27-b0a7-8b9ce2c2eaf9,2026,2026-12-15,2.2,88,51,false
c6be1787-ef30-4713-b5a7-67ce271ae4d5,3818fbea-1c9f-471b-bfd1-b86a11590cfa,2021,2021-12-15,3,61,44,false
2c6e394b-4e04-4d79-a292-927d9ed5d7f9,3818fbea-1c9f-471b-bfd1-b86a11590cfa,2022,2022-12-15,3.8,89,26,false
51b18fd6-bc55-4071-b3dd-c0bb600860d2,3818fbea-1c9f-471b-bfd1-b86a11590cfa,2023,2023-12-15,3,76,45,false
be7f5f66-71ad-4c2f-be2b-39c29c3edb2a,3818fbea-1c9f-471b-bfd1-b86a11590cfa,2024,2024-12-15,2.1,78,13,false
18f8a01e-030e-433b-8df9-ced31ab234e2,3818fbea-1c9f-471b-bfd1-b86a11590cfa,2025,2025-12-15,3.5,61,24,false
db97bf3a-38c5-4c5b-a3c3-e409cac30b70,3818fbea-1c9f-471b-bfd1-b86a11590cfa,2026,2026-12-15,2.3,68,36,false
710798d3-e15f-4624-85f9-5b9b80ecc17e,db238baf-fa14-4c2d-95a8-395c609c2294,2018,2018-12-15,4.1,66,18,false
16233f50-2ad0-4553-aa3d-b1bd903715a2,db238baf-fa14-4c2d-95a8-395c609c2294,2019,2019-12-15,3.8,92,37,false
00a3bf59-58b9-474f-a43d-68b792757a56,db238baf-fa14-4c2d-95a8-395c609c2294,2020,2020-12-15,2.9,83,15,false
daa71a46-017d-44cb-9bb2-a0e2ca6dafe8,db238baf-fa14-4c2d-95a8-395c609c2294,2021,2021-12-15,2.4,90,53,false
0fd7b267-f004-4673-b935-cb938ef120fc,db238baf-fa14-4c2d-95a8-395c609c2294,2022,2022-12-15,4.8,99,28,true
524ae9c8-cb1f-4081-b046-3709297b9153,db238baf-fa14-4c2d-95a8-395c609c2294,2023,2023-12-15,2.4,80,34,false
da7bd3e9-714d-4085-8709-9e5c05b60834,db238baf-fa14-4c2d-95a8-395c609c2294,2024,2024-12-15,2.6,87,40,false
90147cdf-e50f-44fc-9af1-0ca853b2fa11,db238baf-fa14-4c2d-95a8-395c609c2294,2025,2025-12-15,2.7,76,17,false
e57e5b65-d2b2-47f8-bfb2-170b66092ae7,db238baf-fa14-4c2d-95a8-395c609c2294,2026,2026-12-15,2.7,92,55,false
b9ecf404-70fb-4083-927d-e390cc229f39,3d584bcc-df1a-498e-b5c3-3a353cc6ad8d,2025,2025-12-15,2.4,87,28,false
0fd2d622-3910-4f0f-9885-a6dae4caea54,3d584bcc-df1a-498e-b5c3-3a353cc6ad8d,2026,2026-12-15,4.3,92,42,false
749f6628-8c3a-4eb2-b4af-2b43266a31d0,8e425a5e-469f-4a68-b63b-007238d79179,2017,2017-12-15,2.8,92,56,false
a509becd-8531-4cf3-8bc6-28242c7e2a9a,8e425a5e-469f-4a68-b63b-007238d79179,2018,2018-12-15,3.4,61,30,false
925dec99-c2a1-480a-9730-3c915b11df4f,8e425a5e-469f-4a68-b63b-007238d79179,2019,2019-12-15,3.6,69,38,false
db032d02-58b3-41b3-8434-d5839eac8644,8e425a5e-469f-4a68-b63b-007238d79179,2020,2020-12-15,2.2,79,20,false
e13ed130-0c29-4987-8287-3bf8a02e151e,8e425a5e-469f-4a68-b63b-007238d79179,2021,2021-12-15,4.5,100,44,false
734ad551-a712-4a5b-b95f-1c1a56743f64,8e425a5e-469f-4a68-b63b-007238d79179,2022,2022-12-15,3,95,54,false
2222acdf-d4b3-4d10-a71c-d1bd08f8659d,8e425a5e-469f-4a68-b63b-007238d79179,2023,2023-12-15,2.7,98,19,false
1b6b411f-70ef-44ac-94fd-93afc9a661c6,8e425a5e-469f-4a68-b63b-007238d79179,2024,2024-12-15,3.5,77,19,false
fd0e157e-54be-4c49-925e-5b853f2a11b5,8e425a5e-469f-4a68-b63b-007238d79179,2025,2025-12-15,2.7,88,56,false
2ec13fa7-30bb-462a-9555-a680daf22619,8e425a5e-469f-4a68-b63b-007238d79179,2026,2026-12-15,4,74,28,false
75aa4e43-66f9-4158-9ddf-397a5abd5ab5,fe370fa3-8228-487f-a9a4-11df92fc4e20,2016,2016-12-15,3.7,64,47,false
03873282-7d6d-445b-951a-466572a03564,fe370fa3-8228-487f-a9a4-11df92fc4e20,2017,2017-12-15,3.5,81,32,false
c17ed045-0326-4ef1-a205-b8bc9d6db389,fe370fa3-8228-487f-a9a4-11df92fc4e20,2018,2018-12-15,4.7,71,35,false
d0c68b04-b685-4ffe-bddc-6af38e114f8d,fe370fa3-8228-487f-a9a4-11df92fc4e20,2019,2019-12-15,4.2,85,49,false
fd2beac7-8df9-439f-a45b-b1cb4526cd3c,fe370fa3-8228-487f-a9a4-11df92fc4e20,2020,2020-12-15,3,80,50,false
2c262184-fbb2-489b-a6ef-4776ca86433d,fe370fa3-8228-487f-a9a4-11df92fc4e20,2021,2021-12-15,3.4,87,56,false
5e8fa2a8-1557-4567-932d-c1fa3c8793ad,fe370fa3-8228-487f-a9a4-11df92fc4e20,2022,2022-12-15,3.7,93,10,false
b7e46c99-c410-40f4-a33a-a7f872f8a51e,fe370fa3-8228-487f-a9a4-11df92fc4e20,2023,2023-12-15,2.5,65,15,false
b47cf158-f8bc-4591-9f3c-e6f050b6a887,fe370fa3-8228-487f-a9a4-11df92fc4e20,2024,2024-12-15,3.8,86,51,false
3a207495-92ba-4cf0-a197-baf7ad0bcec2,fe370fa3-8228-487f-a9a4-11df92fc4e20,2025,2025-12-15,2.9,71,51,false
ed62467e-276b-493c-ae8c-6017fb698665,fe370fa3-8228-487f-a9a4-11df92fc4e20,2026,2026-12-15,2.9,98,30,false
ea79e0f9-68dd-4dd3-97e8-d25e86675074,d2c880e6-fcf1-471f-ad62-75af8df0e4eb,2023,2023-12-15,2.3,98,42,false
0e083b01-3d2d-493a-9860-84b7efcc9c93,d2c880e6-fcf1-471f-ad62-75af8df0e4eb,2024,2024-12-15,3.4,71,31,false
806d76eb-c0f4-4d51-a702-1ff67dab9a5b,d2c880e6-fcf1-471f-ad62-75af8df0e4eb,2025,2025-12-15,3.9,66,51,false
fb2dc349-13e5-4f44-802a-d4e100195f26,d2c880e6-fcf1-471f-ad62-75af8df0e4eb,2026,2026-12-15,4.1,62,15,false
f126fc43-1430-417a-956b-09ab8a4fccbd,4962b7de-5e65-4062-9d99-07577066ed37,2026,2026-12-15,3.9,66,47,false
c2033753-992e-4b2d-899d-4398b150f17a,b7befe44-6ce5-41ec-83b8-20a70ace89b9,2016,2016-12-15,3.9,62,60,false
a62b02f6-ab12-4465-890e-0a5cb35121bd,b7befe44-6ce5-41ec-83b8-20a70ace89b9,2017,2017-12-15,3.3,72,56,false
509813c3-a86c-4a3d-aa8d-e944c4029f6b,b7befe44-6ce5-41ec-83b8-20a70ace89b9,2018,2018-12-15,3.1,90,43,false
a5bbe705-d01b-4d92-8d2c-bee37a66d627,b7befe44-6ce5-41ec-83b8-20a70ace89b9,2019,2019-12-15,3.4,96,28,false
99b4ebb8-021a-4878-a1c8-d25f8f6ec208,b7befe44-6ce5-41ec-83b8-20a70ace89b9,2020,2020-12-15,3.7,97,26,false
f407c23d-3a9a-457b-a292-e6058faa8d7f,b7befe44-6ce5-41ec-83b8-20a70ace89b9,2021,2021-12-15,4.7,100,10,true
58b359f9-5efe-4d14-8fce-55747711061c,b7befe44-6ce5-41ec-83b8-20a70ace89b9,2022,2022-12-15,3.4,73,38,false
b7b7f41f-95bd-49c7-b6e9-b8cb3f693af1,b7befe44-6ce5-41ec-83b8-20a70ace89b9,2023,2023-12-15,2,94,37,false
4fa14dfb-7981-4093-9ded-0c638b8c8ddc,b7befe44-6ce5-41ec-83b8-20a70ace89b9,2024,2024-12-15,3.2,92,12,false
e0636ce6-1964-45f4-9c6d-1d102f0dda21,b7befe44-6ce5-41ec-83b8-20a70ace89b9,2025,2025-12-15,4.6,96,55,false
df945ffe-682a-4089-917a-38c93b2194fb,b7befe44-6ce5-41ec-83b8-20a70ace89b9,2026,2026-12-15,2.9,81,24,false
d9de8219-8ed3-4705-9c81-1cc990ec0c41,251cb9ca-580d-4cb2-b515-6260080ab6a5,2025,2025-12-15,2.2,64,32,false
d38d09c9-7925-4f10-af95-cf702b4c522b,251cb9ca-580d-4cb2-b515-6260080ab6a5,2026,2026-12-15,3.6,76,55,false
928f1d00-520f-4f3f-b1d7-fcac510b0ccd,d4c22a55-0471-4827-8f15-a62d3856bf3b,2021,2021-12-15,2.5,74,18,false
225b08e5-8b1d-4e5a-88c3-1b0787059a39,d4c22a55-0471-4827-8f15-a62d3856bf3b,2022,2022-12-15,2.7,100,57,false
fe5594b7-99f6-4125-b06b-de75971772dd,d4c22a55-0471-4827-8f15-a62d3856bf3b,2023,2023-12-15,2.4,89,36,false
24bb2db1-7521-48bd-920b-248eb67f75a8,d4c22a55-0471-4827-8f15-a62d3856bf3b,2024,2024-12-15,3.6,97,27,false
3bd706b4-7718-468a-9096-4958febac2e8,d4c22a55-0471-4827-8f15-a62d3856bf3b,2025,2025-12-15,2.5,77,44,false
b3b99933-b66e-4d43-9d71-d5a094527010,d4c22a55-0471-4827-8f15-a62d3856bf3b,2026,2026-12-15,2.2,84,36,false
f58ad4af-25c3-4d35-a620-e0ab4998f12d,ce18dadc-2b90-4385-9158-f8ab2956b564,2024,2024-12-15,3.8,69,54,false
766f9daa-b225-4370-87cc-4b6f0fc4f22d,ce18dadc-2b90-4385-9158-f8ab2956b564,2025,2025-12-15,3.4,100,25,false
89c352c8-56d1-435a-8200-e5fc842abc25,ce18dadc-2b90-4385-9158-f8ab2956b564,2026,2026-12-15,2,100,32,false
18709cee-9526-4a1d-912f-51acb0414f8e,43bbec93-bb56-4718-b13e-cd241e5cfcb3,2025,2025-12-15,4.5,97,27,false
d558a766-926f-45c4-bccb-cc2d144a9c20,43bbec93-bb56-4718-b13e-cd241e5cfcb3,2026,2026-12-15,3.7,93,52,false
55226811-317d-4f11-a481-799262c555a7,e800fa7a-0025-4772-8c5c-60e979f7b02c,2016,2016-12-15,4.9,83,13,false
e4b234d5-7385-4f4a-9d88-552802e0d215,e800fa7a-0025-4772-8c5c-60e979f7b02c,2017,2017-12-15,4.6,80,10,false
fed56d02-3593-405e-a96f-e178479e533e,e800fa7a-0025-4772-8c5c-60e979f7b02c,2018,2018-12-15,2.1,97,40,false
c9775df3-383d-4e86-b969-34dbca802554,e800fa7a-0025-4772-8c5c-60e979f7b02c,2019,2019-12-15,3.6,67,25,false
341eb2e6-4e8e-4ce1-8884-2cc594e63edf,e800fa7a-0025-4772-8c5c-60e979f7b02c,2020,2020-12-15,4.7,89,32,false
10fc3ab3-c5bd-4a76-805d-45b4abc92119,e800fa7a-0025-4772-8c5c-60e979f7b02c,2021,2021-12-15,2.5,61,50,false
accc306d-513c-4dce-9ddf-fe2f2a9b7aab,e800fa7a-0025-4772-8c5c-60e979f7b02c,2022,2022-12-15,4.9,65,32,true
e9ab9d55-20d6-47bd-b5c9-00549b6e2e08,e800fa7a-0025-4772-8c5c-60e979f7b02c,2023,2023-12-15,3.3,67,42,false
41c3771e-d417-416e-8385-a7214878ae03,e800fa7a-0025-4772-8c5c-60e979f7b02c,2024,2024-12-15,3.3,98,12,false
e36361cf-6094-4dfb-b1f8-ac206083b645,e800fa7a-0025-4772-8c5c-60e979f7b02c,2025,2025-12-15,2.3,69,13,false
0201c4ef-7391-410b-8fa1-69967a2ad047,e800fa7a-0025-4772-8c5c-60e979f7b02c,2026,2026-12-15,2.2,86,54,false
f7449cb1-974f-4e19-b641-d805f9f1bd57,81f91d32-85b5-4e9a-bbe0-4edc79c032bc,2023,2023-12-15,2.4,85,15,false
a33e5223-9255-44a7-a042-919cd836a65b,81f91d32-85b5-4e9a-bbe0-4edc79c032bc,2024,2024-12-15,3.7,62,42,false
0af32a91-8f57-4716-8d54-16c231643454,81f91d32-85b5-4e9a-bbe0-4edc79c032bc,2025,2025-12-15,2.3,84,47,false
63276fab-1a96-4ec9-999d-ea140e46b829,81f91d32-85b5-4e9a-bbe0-4edc79c032bc,2026,2026-12-15,5,90,37,false
33936de5-0a77-4d23-a39b-258f623ef900,ce8e066d-bf71-4044-8854-fc0328983d5d,2019,2019-12-15,2.5,100,54,false
a649fc67-af55-45f2-829e-7c6acc13df52,ce8e066d-bf71-4044-8854-fc0328983d5d,2020,2020-12-15,4.2,97,17,false
b6f1b1fe-4bb9-4080-b592-49a2fd9b771e,ce8e066d-bf71-4044-8854-fc0328983d5d,2021,2021-12-15,3.9,99,45,false
7617f96b-f5ab-444b-a062-7a68c9440be3,ce8e066d-bf71-4044-8854-fc0328983d5d,2022,2022-12-15,2.4,100,38,false
7077ddc1-7dc1-4eba-a0a1-47e2129911c6,ce8e066d-bf71-4044-8854-fc0328983d5d,2023,2023-12-15,3.2,94,41,false
4ef235a9-a4d6-4f4c-af6e-7c9b3502517b,ce8e066d-bf71-4044-8854-fc0328983d5d,2024,2024-12-15,2.2,65,33,false
50867ac1-27f7-4026-bb23-bb0593a7255f,ce8e066d-bf71-4044-8854-fc0328983d5d,2025,2025-12-15,2.1,77,19,false
e486cb70-7aab-47f1-a551-4ec00d0b9a69,ce8e066d-bf71-4044-8854-fc0328983d5d,2026,2026-12-15,4.7,82,60,true
d44a031f-5b1d-48c2-b089-97e8aff6d024,54c2c80f-93cd-4331-ae33-a7b3e0647f9c,2017,2017-12-15,2.3,65,47,false
43217688-f27e-4d8c-bbb7-f27ff4969bcd,54c2c80f-93cd-4331-ae33-a7b3e0647f9c,2018,2018-12-15,4.2,63,21,false
43cc76b9-3279-4537-bade-00cb2acb158f,54c2c80f-93cd-4331-ae33-a7b3e0647f9c,2019,2019-12-15,3.1,90,56,false
7bf52f58-36ae-4d2c-b931-e7f8ac6cfccc,54c2c80f-93cd-4331-ae33-a7b3e0647f9c,2020,2020-12-15,3.1,99,59,false
df2cff4a-2f39-42ff-8307-1495c1e7bb41,54c2c80f-93cd-4331-ae33-a7b3e0647f9c,2021,2021-12-15,3.6,98,22,false
9c40022e-d893-46f9-aa8d-5e407691194c,54c2c80f-93cd-4331-ae33-a7b3e0647f9c,2022,2022-12-15,4.1,71,21,false
e89c73db-c947-4e70-aa1f-d09dd2973c2f,54c2c80f-93cd-4331-ae33-a7b3e0647f9c,2023,2023-12-15,3.5,60,33,false
ead5e886-6490-43f3-b0a6-77eaa71037bd,54c2c80f-93cd-4331-ae33-a7b3e0647f9c,2024,2024-12-15,4.2,75,59,false
680a5915-746c-4111-a352-9a8168b7dedf,54c2c80f-93cd-4331-ae33-a7b3e0647f9c,2025,2025-12-15,2.9,65,58,false
5e6e8647-517d-415a-b814-f1864365c3b1,54c2c80f-93cd-4331-ae33-a7b3e0647f9c,2026,2026-12-15,3.8,100,42,false
5c2761c6-6317-4687-9e66-f01f1a00aade,f5114312-5644-4042-a24c-2a5b968935c5,2022,2022-12-15,2,90,33,false
0e590b20-9d97-47ad-ad4b-14d52a8a8837,f5114312-5644-4042-a24c-2a5b968935c5,2023,2023-12-15,4.7,76,50,true
73234b11-3807-427d-91ae-e00178da6f6d,f5114312-5644-4042-a24c-2a5b968935c5,2024,2024-12-15,2.8,73,10,false
03c04aee-a040-4c8f-8d9b-307465ec3798,f5114312-5644-4042-a24c-2a5b968935c5,2025,2025-12-15,2.4,93,24,false
39f7b0da-d040-4867-a63a-e63418a4bc1e,f5114312-5644-4042-a24c-2a5b968935c5,2026,2026-12-15,3.4,92,12,false
7742452f-9f0e-482b-8f89-aa52f16a680f,b6344ac3-2ae1-4a76-a11b-103658e1b0fb,2026,2026-12-15,4,98,59,false
34aaab04-5aff-42bd-99fc-18459547f34b,f774f46a-e32c-4a13-8218-9ba4f2ee8e78,2024,2024-12-15,2.2,61,40,false
8877ae4e-ea0b-4c72-9c8e-fe25e9ac2984,f774f46a-e32c-4a13-8218-9ba4f2ee8e78,2025,2025-12-15,3.2,80,23,false
b8b774fa-bfd4-4051-971a-667e18e1ebe0,f774f46a-e32c-4a13-8218-9ba4f2ee8e78,2026,2026-12-15,3.4,87,47,false
28d757a0-df45-4e7d-b9c0-14cc77885707,3e9a5a42-aacf-4a7c-88b6-19fe91ed982a,2021,2021-12-15,4.1,98,26,false
1b031bc9-9822-4207-9438-562c012eded4,3e9a5a42-aacf-4a7c-88b6-19fe91ed982a,2022,2022-12-15,2.5,61,37,false
4f52d9b8-6bfc-4774-968e-a2dc7e27d5ef,3e9a5a42-aacf-4a7c-88b6-19fe91ed982a,2023,2023-12-15,4.3,94,49,false
577416bd-0421-4541-b40a-a05e82f12069,3e9a5a42-aacf-4a7c-88b6-19fe91ed982a,2024,2024-12-15,3.6,89,20,false
d06ccbf9-5bcd-47d6-8612-c4d080a9165c,3e9a5a42-aacf-4a7c-88b6-19fe91ed982a,2025,2025-12-15,5,85,13,true
c4cda4cd-9267-407f-8dcf-0d69819c23c3,3e9a5a42-aacf-4a7c-88b6-19fe91ed982a,2026,2026-12-15,4.2,98,37,false
63315ada-b913-417b-8d13-6a2a3422090d,77d4a991-fb0f-4b52-97ee-3e209c3e5724,2022,2022-12-15,4.3,90,22,false
e2b4b80f-f5b4-4be1-9a5e-74a2423fdc47,77d4a991-fb0f-4b52-97ee-3e209c3e5724,2023,2023-12-15,2.3,79,26,false
4a0ea56c-9cc1-4b72-85ae-ea50a8bcadc6,77d4a991-fb0f-4b52-97ee-3e209c3e5724,2024,2024-12-15,4.7,92,33,true
e9b9eb29-5f6d-4a73-b060-b79875b5457e,77d4a991-fb0f-4b52-97ee-3e209c3e5724,2025,2025-12-15,4.1,98,47,false
6387395c-e002-4de2-8ab9-86f3173982d2,77d4a991-fb0f-4b52-97ee-3e209c3e5724,2026,2026-12-15,4.6,81,46,true
6b18cc37-75d2-430e-bb6a-3ee9cb33d159,1daaf593-d813-4d03-9afe-a305aad6986a,2022,2022-12-15,3.6,70,38,false
b8355a22-738f-439f-973a-7e545ae6f232,1daaf593-d813-4d03-9afe-a305aad6986a,2023,2023-12-15,2.2,93,53,false
9f15af85-92bc-4501-bbd8-6c8d6997d328,1daaf593-d813-4d03-9afe-a305aad6986a,2024,2024-12-15,3.8,70,39,false
d97abb05-912d-4c21-bd57-909147993fdb,1daaf593-d813-4d03-9afe-a305aad6986a,2025,2025-12-15,4.3,79,59,false
069b8ac5-a95c-4468-baa9-c1e60f0e734c,1daaf593-d813-4d03-9afe-a305aad6986a,2026,2026-12-15,3.2,84,15,false
07b9ef71-94db-484e-aebf-025290287f58,b7251c3a-5796-4eff-a231-52b84894580e,2023,2023-12-15,4.3,73,26,false
fb86eeb3-b6a4-48ec-84d4-12e8632e3382,b7251c3a-5796-4eff-a231-52b84894580e,2024,2024-12-15,2.4,84,15,false
1d0a0511-cf2d-415d-801c-a477da2856b5,b7251c3a-5796-4eff-a231-52b84894580e,2025,2025-12-15,3,77,36,false
b44c3aa4-2d56-4ad5-85d4-c1993d9f10f8,b7251c3a-5796-4eff-a231-52b84894580e,2026,2026-12-15,2.1,75,38,false
5ebcf3aa-75b8-40c6-b345-60b3f6609037,f555012d-2d12-4013-b51e-ff95bac02786,2022,2022-12-15,5,85,22,false
2b5a90d6-f2ef-45a7-aaf1-1aa6eb526d7e,f555012d-2d12-4013-b51e-ff95bac02786,2023,2023-12-15,2.6,70,44,false
8cbf879c-c080-48de-9870-b8addddaec21,f555012d-2d12-4013-b51e-ff95bac02786,2024,2024-12-15,4.4,100,11,false
6393939f-19b0-4a5a-bbd8-92716cff38eb,f555012d-2d12-4013-b51e-ff95bac02786,2025,2025-12-15,2.3,61,22,false
67689f17-fac5-4c6f-bffb-e28acee3db53,f555012d-2d12-4013-b51e-ff95bac02786,2026,2026-12-15,4.1,63,38,false
1aadefe7-09fb-45d4-8486-0db486323a23,e2adefb3-9e9b-4fdd-9fd0-84c65137702c,2020,2020-12-15,4.3,91,26,false
30634108-663a-4240-898a-a37621bbd35a,e2adefb3-9e9b-4fdd-9fd0-84c65137702c,2021,2021-12-15,4.3,86,18,false
21b100f0-4d38-4c80-a489-92c51930a555,e2adefb3-9e9b-4fdd-9fd0-84c65137702c,2022,2022-12-15,2.3,92,23,false
08c55efa-3ff4-4b88-b472-090cff338132,e2adefb3-9e9b-4fdd-9fd0-84c65137702c,2023,2023-12-15,3.4,70,60,false
82a0f43d-b121-43d7-a83f-2750a4e24589,e2adefb3-9e9b-4fdd-9fd0-84c65137702c,2024,2024-12-15,2.4,79,42,false
9c114622-4e65-4037-b96e-cf910ebed187,e2adefb3-9e9b-4fdd-9fd0-84c65137702c,2025,2025-12-15,2.2,87,37,false
ebdc3c3d-e2c1-48e2-ae72-ac2bbe1ea671,e2adefb3-9e9b-4fdd-9fd0-84c65137702c,2026,2026-12-15,2.3,67,44,false
3bf9a299-4c95-4ce0-94ec-bf3f28f08aa9,a63b557e-647f-43a0-8b53-468086b5f416,2018,2018-12-15,2.8,69,14,false
0fcc65cd-c59f-40d3-a455-a763bb42c601,a63b557e-647f-43a0-8b53-468086b5f416,2019,2019-12-15,3.6,96,11,false
79c3b3bd-5982-4062-9fbc-6dcb75d2944c,a63b557e-647f-43a0-8b53-468086b5f416,2020,2020-12-15,4.6,60,41,false
b14bf3b0-5016-4a51-b168-e50a05ca9240,a63b557e-647f-43a0-8b53-468086b5f416,2021,2021-12-15,2.5,92,20,false
87916900-fcc7-48b3-95e5-cdbaf2ccc8d3,a63b557e-647f-43a0-8b53-468086b5f416,2022,2022-12-15,3.5,99,23,false
1a09baf6-6af9-42e1-94b9-7a71d8b35a0f,a63b557e-647f-43a0-8b53-468086b5f416,2023,2023-12-15,2.8,90,23,false
97fdd37f-d6e6-4864-8b47-8a51169f7f07,a63b557e-647f-43a0-8b53-468086b5f416,2024,2024-12-15,2.9,71,40,false
0aac4ca5-dcca-4348-833e-64d401d38d45,a63b557e-647f-43a0-8b53-468086b5f416,2025,2025-12-15,2.8,94,21,false
f65bff91-948c-4723-8856-ecb0173bcd8b,a63b557e-647f-43a0-8b53-468086b5f416,2026,2026-12-15,3.2,82,47,false
a2c3ccb0-d4dc-4f97-84bd-6ceae278fef0,df0d010f-8474-4b39-830a-148411807236,2026,2026-12-15,3.3,88,22,false
e62015ce-51ce-4e88-ad1d-b3cc3ebaffa3,0c15f430-dc2c-4c76-9e9d-7e25235515b7,2026,2026-12-15,3.5,70,11,false
c0a2ca7d-6d14-4005-9b9b-f551c083e093,c0f5f3f0-f258-4bd1-a81e-807fd5df90a0,2021,2021-12-15,2.8,98,32,false
f6828481-d128-48b3-9e16-54d22dbd5537,c0f5f3f0-f258-4bd1-a81e-807fd5df90a0,2022,2022-12-15,4.5,100,16,false
828fe0e4-903d-4d5a-82eb-09991fdfaf8d,c0f5f3f0-f258-4bd1-a81e-807fd5df90a0,2023,2023-12-15,4.6,72,59,false
2b5ec3dd-c2ea-4cf2-8e56-ec96d1c4d9dc,c0f5f3f0-f258-4bd1-a81e-807fd5df90a0,2024,2024-12-15,2.7,69,13,false
1223ea37-5b82-4ff6-bf09-487dbc16e4a5,c0f5f3f0-f258-4bd1-a81e-807fd5df90a0,2025,2025-12-15,3.7,61,37,false
98dfd681-47a7-4e24-b6e4-01d346ea2202,c0f5f3f0-f258-4bd1-a81e-807fd5df90a0,2026,2026-12-15,2.5,76,20,false
2c5d58f4-121e-4107-a4d6-eb0f47cc165e,c829e47f-933e-44f8-9f3d-25264029c26e,2021,2021-12-15,3.5,61,30,false
ae5a3d4f-733b-4bf6-b963-02e7bdea8876,c829e47f-933e-44f8-9f3d-25264029c26e,2022,2022-12-15,2.3,97,19,false
a54704b3-528f-49eb-9a7b-08ad4d8fe640,c829e47f-933e-44f8-9f3d-25264029c26e,2023,2023-12-15,4.4,71,21,false
f5c24039-c19b-467b-ba87-e7ebc3c77d59,c829e47f-933e-44f8-9f3d-25264029c26e,2024,2024-12-15,5,89,23,false
bbbfc1af-80c3-4bef-b401-bc76b0424148,c829e47f-933e-44f8-9f3d-25264029c26e,2025,2025-12-15,3.2,90,15,false
21135de9-85ee-483b-802e-0f2ec590ed87,c829e47f-933e-44f8-9f3d-25264029c26e,2026,2026-12-15,4.3,98,22,false
57dd0955-3d6f-4d4c-83b0-ca56cbcbcc5d,ae90fc59-0ee6-49fb-807c-0107e1cc29c5,2018,2018-12-15,4,100,59,false
59d99eaf-747f-46ad-9ed6-85553eb6d6dc,ae90fc59-0ee6-49fb-807c-0107e1cc29c5,2019,2019-12-15,4.3,60,29,false
9787c0b3-8e56-47b3-9c0e-5512eedf3527,ae90fc59-0ee6-49fb-807c-0107e1cc29c5,2020,2020-12-15,2.8,79,43,false
d0c20802-1efe-4d5a-9930-13366064353e,ae90fc59-0ee6-49fb-807c-0107e1cc29c5,2021,2021-12-15,3.2,86,26,false
ab3b5daf-d0c2-4856-a9f6-11fff5dee342,ae90fc59-0ee6-49fb-807c-0107e1cc29c5,2022,2022-12-15,4.6,67,42,false
b343cfbf-b0f7-4a53-864f-402c1c70929f,ae90fc59-0ee6-49fb-807c-0107e1cc29c5,2023,2023-12-15,3.4,77,58,false
685caf08-7a35-4c88-81db-89e989faea05,ae90fc59-0ee6-49fb-807c-0107e1cc29c5,2024,2024-12-15,4.4,87,29,false
93678c40-094d-4bdc-bbe0-661a61f4dcb8,ae90fc59-0ee6-49fb-807c-0107e1cc29c5,2025,2025-12-15,4.5,67,34,true
59abbbf4-76f5-427c-b676-33a14de9aef0,ae90fc59-0ee6-49fb-807c-0107e1cc29c5,2026,2026-12-15,3.2,96,49,false
e68b41a8-91fe-4c1a-916c-5476f89a5943,7cd1619c-a98f-4ec5-bcde-3a397412822a,2026,2026-12-15,4.4,91,24,false
c988b1e3-037e-4173-81ff-d197f86b78e4,e11200db-2e7c-4d81-b313-f677f9bc12cb,2019,2019-12-15,2.4,93,14,false
4b9e7e68-3988-4211-b957-a4dcd4eb5cc4,e11200db-2e7c-4d81-b313-f677f9bc12cb,2020,2020-12-15,2.4,81,11,false
b3025baa-b8f2-475d-81ec-0f01e16e512c,e11200db-2e7c-4d81-b313-f677f9bc12cb,2021,2021-12-15,2.6,66,47,false
0a263708-47dc-4821-8039-909c8dd2a67b,e11200db-2e7c-4d81-b313-f677f9bc12cb,2022,2022-12-15,3.2,76,26,false
d8bdf466-944a-464b-bcb2-82c8bd283dfe,e11200db-2e7c-4d81-b313-f677f9bc12cb,2023,2023-12-15,2.1,83,26,false
a26d2849-dd59-4cc2-9632-21499e79d2a6,e11200db-2e7c-4d81-b313-f677f9bc12cb,2024,2024-12-15,2.4,93,51,false
c456e429-03b5-4719-be15-4e74ddf765e2,e11200db-2e7c-4d81-b313-f677f9bc12cb,2025,2025-12-15,2.2,95,60,false
f8b5f55b-be6c-4042-8724-4a69a20a9f1f,e11200db-2e7c-4d81-b313-f677f9bc12cb,2026,2026-12-15,4.9,67,33,false
3991c9a9-7bcd-4ad1-b394-62fee817939d,4f92b56b-8275-465f-8b3e-9e8f84521e78,2026,2026-12-15,4.7,69,60,false
5ef96eed-752c-4868-9fa4-ff6ed970e991,4e89e578-b3e7-40ec-8190-2daf789ae4ad,2024,2024-12-15,4.4,73,22,false
1ed0170a-0b94-4772-a178-f4e418b2dfdb,4e89e578-b3e7-40ec-8190-2daf789ae4ad,2025,2025-12-15,3,85,40,false
1fa0f79a-5655-485d-a1cd-cdeae9a6163f,4e89e578-b3e7-40ec-8190-2daf789ae4ad,2026,2026-12-15,2.8,90,55,false
43274ae4-c0f9-47fe-be9d-d9185225fdbc,4c0e1d10-c487-4981-b91a-71f1dbd78ea4,2019,2019-12-15,2.8,92,31,false
b2bb6493-9479-4f7c-a148-44302a9b9a11,4c0e1d10-c487-4981-b91a-71f1dbd78ea4,2020,2020-12-15,4.6,83,17,true
da73271f-6e7b-4d00-b987-3fb694f2b27f,4c0e1d10-c487-4981-b91a-71f1dbd78ea4,2021,2021-12-15,3.9,91,23,false
b8344dab-9754-4424-a932-1f18678b6ebb,4c0e1d10-c487-4981-b91a-71f1dbd78ea4,2022,2022-12-15,4.2,61,29,false
b3ef0a45-36e5-4445-af0c-697c7474c8e2,4c0e1d10-c487-4981-b91a-71f1dbd78ea4,2023,2023-12-15,4,81,55,false
e983eca8-8bd8-4c2a-b43b-b41becc50960,4c0e1d10-c487-4981-b91a-71f1dbd78ea4,2024,2024-12-15,2.5,79,24,false
9463f706-99fd-4a58-8ab3-f6c7b4fc689a,4c0e1d10-c487-4981-b91a-71f1dbd78ea4,2025,2025-12-15,3.4,85,32,false
62d79e5c-30df-448b-afef-1d455a9d7086,4c0e1d10-c487-4981-b91a-71f1dbd78ea4,2026,2026-12-15,4,88,48,false
9f54d0fd-a00f-495e-91c5-2d25ecaa90c3,640d08fc-ba1c-4286-bd93-ef0805dc477c,2026,2026-12-15,4.6,61,49,true
13911345-3530-4dbe-a2e3-82d606dd2512,2318b5e1-2d30-420b-94ab-a93ba861f50b,2024,2024-12-15,3.5,84,16,false
2ae12ffe-d017-45c1-af9b-00ea5ca030de,2318b5e1-2d30-420b-94ab-a93ba861f50b,2025,2025-12-15,4,91,53,false
bf8587e1-8ba8-43a1-9e78-748579a00667,2318b5e1-2d30-420b-94ab-a93ba861f50b,2026,2026-12-15,4.3,83,24,false
13837d5e-45b4-42eb-9952-bfc36e2652b0,d5d70af6-3d6e-4a87-9be0-852c21690127,2017,2017-12-15,4.6,62,30,false
263b3149-db40-4978-ba06-2c9f3745a9a6,d5d70af6-3d6e-4a87-9be0-852c21690127,2018,2018-12-15,3.1,83,19,false
44b4e897-daf7-4a34-8472-b354e2cdd468,d5d70af6-3d6e-4a87-9be0-852c21690127,2019,2019-12-15,3.9,84,31,false
fd429cdd-0a26-40e3-a673-8ca66399783d,d5d70af6-3d6e-4a87-9be0-852c21690127,2020,2020-12-15,2.2,67,59,false
1fc895be-466e-4e95-8352-aa8ceb659fa8,d5d70af6-3d6e-4a87-9be0-852c21690127,2021,2021-12-15,4.4,95,49,false
2d82d005-0abc-4470-9dde-328a68f1b6a6,d5d70af6-3d6e-4a87-9be0-852c21690127,2022,2022-12-15,2.1,79,18,false
27d5cd21-9b4d-43a6-9707-8c561e319bdf,d5d70af6-3d6e-4a87-9be0-852c21690127,2023,2023-12-15,3,71,22,false
2d19521b-05a4-4d65-8494-db55d72189cb,d5d70af6-3d6e-4a87-9be0-852c21690127,2024,2024-12-15,3.1,69,60,false
b6b52105-0bcf-44db-95b3-04491d45d7aa,d5d70af6-3d6e-4a87-9be0-852c21690127,2025,2025-12-15,4.9,61,29,false
89bb586f-b7c9-4821-a857-7c79b52d411a,d5d70af6-3d6e-4a87-9be0-852c21690127,2026,2026-12-15,2.5,82,56,false
efbebba6-a60b-40c7-a988-8039ddefd288,784007a1-78b2-41ca-9cb2-75f3175db8d7,2024,2024-12-15,3.4,65,45,false
84406a7b-ccbd-4cc2-89f3-47f2dda0ae2d,784007a1-78b2-41ca-9cb2-75f3175db8d7,2025,2025-12-15,3.6,78,23,false
fbd3ceb3-76e3-4111-a38a-8ceb2134ae98,784007a1-78b2-41ca-9cb2-75f3175db8d7,2026,2026-12-15,3.3,65,42,false
6098fc9e-44b4-4097-b730-d7241dd0afcf,e497b0c9-088b-4946-9c16-9a85f61900ca,2026,2026-12-15,3.1,91,28,false
57f578d5-fbcd-48b8-b023-cfd107eeae7c,85bbda80-b791-4b66-b3af-811cc62f0940,2026,2026-12-15,2.1,86,13,false
3da042dc-8dad-441d-b2aa-b135545db519,87da6d69-c3b9-49b7-a561-724e82b19d5d,2025,2025-12-15,4.5,68,44,false
87e4b3e5-74c4-4bd4-bf22-5933a38fad48,87da6d69-c3b9-49b7-a561-724e82b19d5d,2026,2026-12-15,3.1,66,32,false
4538781d-1b48-43a0-8596-3f843ee7cc78,97ea281b-0e5f-4277-975c-af98206928b4,2020,2020-12-15,4.5,65,57,false
86d40a66-e0af-49eb-bb5f-560e8bb378fa,97ea281b-0e5f-4277-975c-af98206928b4,2021,2021-12-15,3.9,93,53,false
0abda384-94e8-43cf-9634-7b3fbefd248f,97ea281b-0e5f-4277-975c-af98206928b4,2022,2022-12-15,4.5,64,20,false
1d9c550d-708b-49d7-8a66-0746d012fbf5,97ea281b-0e5f-4277-975c-af98206928b4,2023,2023-12-15,3.3,84,18,false
c757f2e4-8a9b-4998-961d-92c083edb3be,97ea281b-0e5f-4277-975c-af98206928b4,2024,2024-12-15,3,80,40,false
52d31862-5954-49fd-90ed-2ba89ccd8c65,97ea281b-0e5f-4277-975c-af98206928b4,2025,2025-12-15,4.2,75,21,false
c2da74d3-1ea8-41e9-8568-d9f40ce08a52,97ea281b-0e5f-4277-975c-af98206928b4,2026,2026-12-15,2.6,90,50,false
d5258f4f-12ce-44f8-9ac7-1852035a4c43,2c9e6be5-dea5-446d-be0e-1edb469f1e48,2016,2016-12-15,2.8,65,41,false
c3c2d4e1-95bd-41b4-a064-64f5b5b925c0,2c9e6be5-dea5-446d-be0e-1edb469f1e48,2017,2017-12-15,3.6,95,40,false
ac36656c-81f4-4936-8d58-1fb8a93c2345,2c9e6be5-dea5-446d-be0e-1edb469f1e48,2018,2018-12-15,5,90,56,false
06cd3c75-6ea4-4aee-b4f5-103ae92d68bf,2c9e6be5-dea5-446d-be0e-1edb469f1e48,2019,2019-12-15,2.1,89,47,false
898b1170-b359-4e54-93b0-3733be4cb912,2c9e6be5-dea5-446d-be0e-1edb469f1e48,2020,2020-12-15,4.8,85,19,false
199caddd-2f43-4684-9b37-e3b17bd18344,2c9e6be5-dea5-446d-be0e-1edb469f1e48,2021,2021-12-15,2.6,100,31,false
5e91228a-e81c-4664-b10a-03ea94831684,2c9e6be5-dea5-446d-be0e-1edb469f1e48,2022,2022-12-15,4,80,60,false
b80372e9-4b68-4e2d-9547-551fc67af911,2c9e6be5-dea5-446d-be0e-1edb469f1e48,2023,2023-12-15,2.1,70,54,false
08e20839-4658-4866-8acb-e9e8cc9bc34b,2c9e6be5-dea5-446d-be0e-1edb469f1e48,2024,2024-12-15,2.8,75,40,false
9a3c9321-1b38-4838-a1bf-2ffd22687c54,2c9e6be5-dea5-446d-be0e-1edb469f1e48,2025,2025-12-15,3.6,91,20,false
0b45d117-0808-4967-8c61-7e62803c70c2,2c9e6be5-dea5-446d-be0e-1edb469f1e48,2026,2026-12-15,4.5,94,31,true
253b5a97-e828-45cf-aa74-6e7c201bcc63,426200c9-c9bb-4773-84c9-b06ba643f51b,2017,2017-12-15,4,83,13,false
e1c92a7b-a050-461f-97a5-f958258c07fe,426200c9-c9bb-4773-84c9-b06ba643f51b,2018,2018-12-15,3.5,82,34,false
074edfd5-cc87-4d05-a1ad-52609c4de10d,426200c9-c9bb-4773-84c9-b06ba643f51b,2019,2019-12-15,4.6,68,59,true
bff59ea9-f6f9-4ebc-9a29-37165e1a0bc0,426200c9-c9bb-4773-84c9-b06ba643f51b,2020,2020-12-15,2.7,95,49,false
4d3d8a02-5d41-4732-aef7-43cf7dd25678,426200c9-c9bb-4773-84c9-b06ba643f51b,2021,2021-12-15,2.4,95,30,false
2bf865a6-8978-48a3-b9b7-b971f2063707,426200c9-c9bb-4773-84c9-b06ba643f51b,2022,2022-12-15,2.5,67,39,false
b9ac9e82-6975-4c7f-a9cd-6829ef15cad3,426200c9-c9bb-4773-84c9-b06ba643f51b,2023,2023-12-15,4.7,99,34,true
ce54dfec-bea8-4894-8452-283cf29bc781,426200c9-c9bb-4773-84c9-b06ba643f51b,2024,2024-12-15,3.6,84,37,false
976d2f65-6bd1-4706-a4d3-6206c0f0b909,426200c9-c9bb-4773-84c9-b06ba643f51b,2025,2025-12-15,3.4,75,33,false
5daf831b-8542-4b93-8ccc-8c313c09cef7,426200c9-c9bb-4773-84c9-b06ba643f51b,2026,2026-12-15,4.3,71,15,false
d48fa4ad-7f8b-4f74-9997-983a665db590,55a47447-9d03-4c05-8d19-11a0ba611b34,2025,2025-12-15,3.3,86,55,false
c9ebe11a-ea0a-4d3c-87b9-182e846d73bd,55a47447-9d03-4c05-8d19-11a0ba611b34,2026,2026-12-15,3.7,68,32,false
1c9b925c-3dda-4ce7-b081-2f7444d2cc59,1f2ae184-1511-4bd7-932b-2fcd0d1cb3b0,2025,2025-12-15,4.1,65,36,false
005df6c8-5061-4a50-9a1d-ccaa5ce43cf1,1f2ae184-1511-4bd7-932b-2fcd0d1cb3b0,2026,2026-12-15,2.5,74,45,false
d9ad93bd-dad8-405c-a06c-fd2ae1421ebd,3fcedc19-8a37-45ec-ae9b-35a2dc139816,2018,2018-12-15,3.1,75,38,false
e48e747c-f4d9-4831-8747-86d189e5af0a,3fcedc19-8a37-45ec-ae9b-35a2dc139816,2019,2019-12-15,3.1,61,25,false
d553f778-d535-47f1-9dcc-269949564711,3fcedc19-8a37-45ec-ae9b-35a2dc139816,2020,2020-12-15,3.9,94,50,false
82c7c163-3d45-4cae-9c31-5211393fd62a,3fcedc19-8a37-45ec-ae9b-35a2dc139816,2021,2021-12-15,2.5,94,53,false
613b9207-c36d-40c9-b234-91085e11694a,3fcedc19-8a37-45ec-ae9b-35a2dc139816,2022,2022-12-15,2.2,79,25,false
d914f8e3-161b-43d6-82aa-9c6a0889fa98,3fcedc19-8a37-45ec-ae9b-35a2dc139816,2023,2023-12-15,2.9,76,12,false
806e9352-aef5-43e0-9b23-c8efce9b56da,3fcedc19-8a37-45ec-ae9b-35a2dc139816,2024,2024-12-15,3.6,87,29,false
ef2aff5a-42bb-4a19-9153-7dfad6ae99a3,3fcedc19-8a37-45ec-ae9b-35a2dc139816,2025,2025-12-15,3.5,74,26,false
a53ee885-49d8-4b6b-a3e5-c06bd09832ef,3fcedc19-8a37-45ec-ae9b-35a2dc139816,2026,2026-12-15,4.6,73,10,true
eeaa8c46-0e61-486a-80b1-a94057b6c927,994d2720-c8cf-4e93-85ab-0b7516943efc,2024,2024-12-15,4.3,63,51,false
d5e0aa47-7750-4455-b3c4-4776e95cc1e0,994d2720-c8cf-4e93-85ab-0b7516943efc,2025,2025-12-15,3.4,80,36,false
a272f212-033c-46d1-ae75-298fb0033633,994d2720-c8cf-4e93-85ab-0b7516943efc,2026,2026-12-15,3.5,98,19,false
fbb81d13-8c05-497d-a669-eedf527edb39,e0556e08-a460-4d98-a492-74a34a9b2c2d,2023,2023-12-15,3.9,65,56,false
6528b863-9aa6-4378-95bc-8d007b396f09,e0556e08-a460-4d98-a492-74a34a9b2c2d,2024,2024-12-15,2.7,74,32,false
19edc12a-a70b-40eb-a99c-9ab1bdb7303b,e0556e08-a460-4d98-a492-74a34a9b2c2d,2025,2025-12-15,2.5,71,56,false
62beb703-f349-4a46-8ca9-86ad413db5ac,e0556e08-a460-4d98-a492-74a34a9b2c2d,2026,2026-12-15,2.1,87,49,false
876f9876-91f5-4e5f-ad1b-b545690f9003,bae6e5cc-583b-4a95-9a57-a41fd83ff1b7,2020,2020-12-15,3,61,56,false
f44afeeb-5954-449c-aff9-1c64f24e3b38,bae6e5cc-583b-4a95-9a57-a41fd83ff1b7,2021,2021-12-15,2.1,84,15,false
be136ce6-3c29-4afc-acac-f90f2d88827a,bae6e5cc-583b-4a95-9a57-a41fd83ff1b7,2022,2022-12-15,2.7,80,39,false
af52f216-0b93-4fde-bb9c-1d73a658448e,bae6e5cc-583b-4a95-9a57-a41fd83ff1b7,2023,2023-12-15,3.5,91,49,false
8fc76f27-6111-45b7-8936-db12dff69446,bae6e5cc-583b-4a95-9a57-a41fd83ff1b7,2024,2024-12-15,3.1,93,28,false
709a9e03-4b18-4824-beb6-ef4b3578c7b4,bae6e5cc-583b-4a95-9a57-a41fd83ff1b7,2025,2025-12-15,4.1,87,37,false
b4dd41cf-4b84-4504-b24b-d7699c63c57b,bae6e5cc-583b-4a95-9a57-a41fd83ff1b7,2026,2026-12-15,3.8,100,50,false
c6172026-d079-4bb6-9caf-b572c9a04050,20711a1c-8a89-47ef-8b64-34fca4b8eee1,2021,2021-12-15,2.8,85,46,false
f4b664a4-13d3-40a5-9958-02eb659297fc,20711a1c-8a89-47ef-8b64-34fca4b8eee1,2022,2022-12-15,3.4,70,37,false
4fc366f5-c6f3-4bd9-a1a3-e318a461e4b8,20711a1c-8a89-47ef-8b64-34fca4b8eee1,2023,2023-12-15,3.3,85,32,false
1297d18e-935b-4a5d-ac00-1722e96f4c2b,20711a1c-8a89-47ef-8b64-34fca4b8eee1,2024,2024-12-15,2.3,74,44,false
9f28dc87-3096-44ad-81ea-d45e441046b3,20711a1c-8a89-47ef-8b64-34fca4b8eee1,2025,2025-12-15,5,96,42,false
0db556f4-190d-45d3-907f-da535824455b,20711a1c-8a89-47ef-8b64-34fca4b8eee1,2026,2026-12-15,4.6,79,24,true
6d782ad7-cf4d-43fb-8380-dab13d36ac64,85dec03c-c7a0-4336-815e-58483701c142,2025,2025-12-15,4.8,97,11,false
eb01109c-d470-430a-87c1-45f8663b7b17,85dec03c-c7a0-4336-815e-58483701c142,2026,2026-12-15,2.8,88,34,false
db8dc88f-cc1a-4dd3-916b-a226dd459a11,61d91000-d0e7-435a-90d2-519fd3d55efc,2022,2022-12-15,4,92,24,false
44383bf4-ccb9-4392-a0e9-0f9893ac6d5f,61d91000-d0e7-435a-90d2-519fd3d55efc,2023,2023-12-15,4.4,82,24,false
9cea8fd2-7e7e-429b-b10f-205ba0ab7814,61d91000-d0e7-435a-90d2-519fd3d55efc,2024,2024-12-15,4.1,78,38,false
37c7a6df-fa0f-4220-8fce-92f63024b387,61d91000-d0e7-435a-90d2-519fd3d55efc,2025,2025-12-15,5,77,22,true
71c32542-7f55-4550-ac90-107792d17523,61d91000-d0e7-435a-90d2-519fd3d55efc,2026,2026-12-15,3.6,62,39,false
71ef9b7f-1475-4899-9815-509d800ecf97,c4375cd4-3608-43f9-9799-97cfd7668a25,2022,2022-12-15,3.4,60,16,false
709fd5ac-4e57-42b9-8f73-d3cab950670f,c4375cd4-3608-43f9-9799-97cfd7668a25,2023,2023-12-15,4.4,98,13,false
311705c1-9cfc-41bb-a595-5e3bc9b97932,c4375cd4-3608-43f9-9799-97cfd7668a25,2024,2024-12-15,2.2,78,54,false
da76c70b-8ac7-46f8-aca7-872ba6337f3f,c4375cd4-3608-43f9-9799-97cfd7668a25,2025,2025-12-15,2.2,87,31,false
60a95a6f-ddf8-4dfe-a9ce-5ab525d9eae0,c4375cd4-3608-43f9-9799-97cfd7668a25,2026,2026-12-15,3.8,97,24,false
7078fbd5-8648-4078-9e47-0245acd460c0,e5f46248-1611-42e2-83e7-260863c29d11,2020,2020-12-15,3.8,93,20,false
1a209f69-051f-4289-bc18-82e265c1daa2,e5f46248-1611-42e2-83e7-260863c29d11,2021,2021-12-15,4.5,72,27,false
950b1e34-c800-42b6-aeef-9ccd7366722e,e5f46248-1611-42e2-83e7-260863c29d11,2022,2022-12-15,3.9,79,49,false
aaf965eb-e9a4-4003-934b-1c70f735fa1d,e5f46248-1611-42e2-83e7-260863c29d11,2023,2023-12-15,2.2,69,51,false
991100f8-267a-4b38-9f6f-f4e17d5cd6e9,e5f46248-1611-42e2-83e7-260863c29d11,2024,2024-12-15,3.7,88,14,false
4a5941ef-0c44-4f2d-b79c-b3edfcc20d83,e5f46248-1611-42e2-83e7-260863c29d11,2025,2025-12-15,4.1,85,19,false
cc54d407-4a8a-4dec-a406-8197314b473c,e5f46248-1611-42e2-83e7-260863c29d11,2026,2026-12-15,3.3,60,32,false
aeeba0de-b61e-45b2-8b61-a064175f3609,f47e37f2-344a-4c01-8134-677e2382f837,2018,2018-12-15,3.7,99,35,false
c7bbf349-1625-4cea-9af6-82dd5aaa7a72,f47e37f2-344a-4c01-8134-677e2382f837,2019,2019-12-15,2.3,81,53,false
1507b784-fa29-4236-9f08-d19f3fa01108,f47e37f2-344a-4c01-8134-677e2382f837,2020,2020-12-15,4.7,79,32,true
0dd4ec32-431e-4f33-9388-6ba92d6dade1,f47e37f2-344a-4c01-8134-677e2382f837,2021,2021-12-15,2.2,66,12,false
762dc95f-4c2b-4738-8d51-3e38a4279ac3,f47e37f2-344a-4c01-8134-677e2382f837,2022,2022-12-15,4.3,70,12,false
e6e5d9c6-ca6a-4830-86e4-55810de87697,f47e37f2-344a-4c01-8134-677e2382f837,2023,2023-12-15,3.3,80,23,false
f0991dde-e00d-406e-adbf-75a566deb78b,f47e37f2-344a-4c01-8134-677e2382f837,2024,2024-12-15,2.3,99,57,false
3a12c5a9-3f54-499c-b242-eec0f9a22768,f47e37f2-344a-4c01-8134-677e2382f837,2025,2025-12-15,4.2,81,57,false
f9a6f6ce-d6a9-4bfa-b2bb-17f86710339e,f47e37f2-344a-4c01-8134-677e2382f837,2026,2026-12-15,2.1,97,24,false
fce00d79-300a-4d96-b209-665b0c3af797,47ce62c5-ea02-40df-991d-e5a7f0dd4ce6,2023,2023-12-15,3.9,86,45,false
cd3a4be9-91a5-4e62-adef-f6e3458e2a80,47ce62c5-ea02-40df-991d-e5a7f0dd4ce6,2024,2024-12-15,3.6,78,32,false
d14c3de3-6db4-44ce-94ff-824b7afe62bf,47ce62c5-ea02-40df-991d-e5a7f0dd4ce6,2025,2025-12-15,2.4,63,54,false
2728d206-3ff2-4a0e-8d8c-75afabc554f1,47ce62c5-ea02-40df-991d-e5a7f0dd4ce6,2026,2026-12-15,3.1,69,29,false
ca0454c7-4ec3-4fbe-b119-40024978ecda,1dc35fbf-ffe5-4b2a-81ab-3d79afcd6523,2023,2023-12-15,4,83,59,false
3b01dead-518e-4c2a-bd29-a6c2fca7a78d,1dc35fbf-ffe5-4b2a-81ab-3d79afcd6523,2024,2024-12-15,2.2,64,10,false
1f593838-3dad-4119-beb8-e5a08dddfbd2,1dc35fbf-ffe5-4b2a-81ab-3d79afcd6523,2025,2025-12-15,2.5,71,36,false
ee0cd592-22d8-44e0-8852-bd8fbaa87929,1dc35fbf-ffe5-4b2a-81ab-3d79afcd6523,2026,2026-12-15,3.2,87,55,false
f3d301bd-06bb-450e-a958-22e4b92f762a,e76916ff-0759-4783-bd17-ac19c3c4b8e9,2026,2026-12-15,3.7,76,43,false
7078a5b4-3fcc-4a26-bfd8-50b5039bb79d,ba1791c9-5496-433e-a3f9-ab6654597d36,2025,2025-12-15,2.1,80,38,false
40a28ebd-c059-4eec-a651-46013f9757f5,ba1791c9-5496-433e-a3f9-ab6654597d36,2026,2026-12-15,4.7,71,33,true
4ddb2c22-af19-4591-95fd-af4297804b3f,35c5430d-94e4-4c74-8b1e-8d244c56abd4,2017,2017-12-15,3.7,83,16,false
28c1bb15-50a6-4ff9-bb26-424220ecfaf1,35c5430d-94e4-4c74-8b1e-8d244c56abd4,2018,2018-12-15,2.3,74,49,false
33fdecda-11ec-45df-bdb3-14d2930ed8e0,35c5430d-94e4-4c74-8b1e-8d244c56abd4,2019,2019-12-15,3.7,97,31,false
00f7eed5-76e2-437d-a5a2-40dc41e5b484,35c5430d-94e4-4c74-8b1e-8d244c56abd4,2020,2020-12-15,4.5,91,38,false
77549e24-0ddc-427d-87c8-99c39dc6dd6f,35c5430d-94e4-4c74-8b1e-8d244c56abd4,2021,2021-12-15,2.8,68,12,false
3db6f4c9-99a4-47cf-b1ea-af9cbd3cccce,35c5430d-94e4-4c74-8b1e-8d244c56abd4,2022,2022-12-15,2.4,84,34,false
718889aa-0ecf-4f53-9766-6be54590f132,35c5430d-94e4-4c74-8b1e-8d244c56abd4,2023,2023-12-15,3.9,95,52,false
8aa1ab24-5f02-4247-ac46-f73a4300f82d,35c5430d-94e4-4c74-8b1e-8d244c56abd4,2024,2024-12-15,2.7,86,43,false
2ef17f2c-803a-4f5b-a019-48f6a48ce4a7,35c5430d-94e4-4c74-8b1e-8d244c56abd4,2025,2025-12-15,2.8,68,51,false
17b0f189-0500-43e1-a44b-87773f8508b9,35c5430d-94e4-4c74-8b1e-8d244c56abd4,2026,2026-12-15,4.5,99,40,false
74aad8fe-df49-474b-a2ce-be4e0656c483,f8847dac-df05-4392-b46f-a6d07624e493,2025,2025-12-15,3.5,68,25,false
e535a74c-0ee8-4b20-b7f8-f6fbc7f95a7b,f8847dac-df05-4392-b46f-a6d07624e493,2026,2026-12-15,3.7,60,31,false
d8e1ccd3-154c-4449-895b-af2900200c7b,4806dda9-b0db-4b42-97c9-77e7e81c30eb,2016,2016-12-15,2.6,71,48,false
00372b35-a1dd-4de1-bd20-ed4246e1c2b1,4806dda9-b0db-4b42-97c9-77e7e81c30eb,2017,2017-12-15,2.1,62,48,false
3f21cf29-ea97-4593-960a-0bc0f7b83aad,4806dda9-b0db-4b42-97c9-77e7e81c30eb,2018,2018-12-15,4.2,94,18,false
97dea179-9413-44b3-aa03-0e2b2f1ad6ce,4806dda9-b0db-4b42-97c9-77e7e81c30eb,2019,2019-12-15,3.1,100,11,false
db5105f0-e9b9-438b-b187-8894e88ac137,4806dda9-b0db-4b42-97c9-77e7e81c30eb,2020,2020-12-15,4.5,62,16,false
f1a10ebf-65df-4ece-a5ff-0303e28f4f0a,4806dda9-b0db-4b42-97c9-77e7e81c30eb,2021,2021-12-15,4.9,91,22,true
153918e1-cbc1-4935-90a1-7715e03cfc53,4806dda9-b0db-4b42-97c9-77e7e81c30eb,2022,2022-12-15,4.7,70,30,true
d5d878f0-250c-45c4-8373-9b5d80e22d70,4806dda9-b0db-4b42-97c9-77e7e81c30eb,2023,2023-12-15,2.6,73,59,false
c74a2c6d-1474-47f3-8c39-7d322febf832,4806dda9-b0db-4b42-97c9-77e7e81c30eb,2024,2024-12-15,2.2,96,52,false
dbddcccd-7a5f-4947-bdd6-40ac0ca280a8,4806dda9-b0db-4b42-97c9-77e7e81c30eb,2025,2025-12-15,2.8,100,37,false
b06f8180-f6ed-4008-9577-7d67463f1632,4806dda9-b0db-4b42-97c9-77e7e81c30eb,2026,2026-12-15,2.9,63,11,false
f8fed7bc-db9d-4c06-8ac9-66e9b532ddc5,72010f81-b32b-461e-950d-b2d480ee3dee,2017,2017-12-15,2.5,66,52,false
7508ce93-1058-4116-87fc-f03c2a85680c,72010f81-b32b-461e-950d-b2d480ee3dee,2018,2018-12-15,3.2,84,35,false
01a3baa0-1ce1-4939-978a-871a3a2ca83a,72010f81-b32b-461e-950d-b2d480ee3dee,2019,2019-12-15,2.7,70,33,false
2cc8d5a7-1b38-4c1c-9110-0cbd9bf07a35,72010f81-b32b-461e-950d-b2d480ee3dee,2020,2020-12-15,3.5,94,13,false
47763b84-6748-43c3-be6b-65dbef8e2e13,72010f81-b32b-461e-950d-b2d480ee3dee,2021,2021-12-15,2.9,77,11,false
05efbae9-2fc6-44e0-a6f5-0f18eddfc1c6,72010f81-b32b-461e-950d-b2d480ee3dee,2022,2022-12-15,4.5,73,44,false
3147c8ed-1064-48f9-b4ee-85caae57aec5,72010f81-b32b-461e-950d-b2d480ee3dee,2023,2023-12-15,3.1,72,33,false
46731c85-540f-4093-b06e-0d9e64f417ed,72010f81-b32b-461e-950d-b2d480ee3dee,2024,2024-12-15,3.7,68,47,false
657d8c22-82ea-4a94-b394-8e56df4c6870,72010f81-b32b-461e-950d-b2d480ee3dee,2025,2025-12-15,3.2,84,42,false
0294fc7f-510f-4528-a281-9fce221286be,72010f81-b32b-461e-950d-b2d480ee3dee,2026,2026-12-15,4.8,80,15,false
1f2e0648-9602-49d8-9e7e-f7b86e09eb09,85fc90b8-28c1-45f5-8dba-1d739cdad787,2020,2020-12-15,2.5,92,38,false
ca7f7c77-08c4-4e88-9abf-b3f8d3bf5203,85fc90b8-28c1-45f5-8dba-1d739cdad787,2021,2021-12-15,3.6,84,28,false
2bc19628-f2c6-4fde-9b61-d5a7ce4bf808,85fc90b8-28c1-45f5-8dba-1d739cdad787,2022,2022-12-15,2.3,63,32,false
61fc05b4-4d62-4cb7-ac5c-903be762d837,85fc90b8-28c1-45f5-8dba-1d739cdad787,2023,2023-12-15,4.1,62,53,false
3a17876f-67d8-4b4d-9cc1-981d68c6b225,85fc90b8-28c1-45f5-8dba-1d739cdad787,2024,2024-12-15,3.6,92,56,false
1bc848f5-5710-4136-88bd-e497d0429e03,85fc90b8-28c1-45f5-8dba-1d739cdad787,2025,2025-12-15,2.5,64,34,false
5464579a-50a5-4448-a792-97e8b41688d0,85fc90b8-28c1-45f5-8dba-1d739cdad787,2026,2026-12-15,3.8,60,41,false
4f907794-4f68-4c3a-aa3a-18cd3b28a15c,5d5a2fa6-e6b9-4137-93f2-9f6f9cbbe7e1,2021,2021-12-15,3.3,69,58,false
295268f3-674a-4616-8629-166e6b10a237,5d5a2fa6-e6b9-4137-93f2-9f6f9cbbe7e1,2022,2022-12-15,2.8,86,28,false
39807ba1-c46b-4b3e-bac5-f31559acf515,5d5a2fa6-e6b9-4137-93f2-9f6f9cbbe7e1,2023,2023-12-15,4.5,65,56,true
bca6a599-0b0e-4a09-9327-c8f7b2c208d4,5d5a2fa6-e6b9-4137-93f2-9f6f9cbbe7e1,2024,2024-12-15,4.2,65,14,false
bb096904-cc55-4d9d-9628-417f830a2579,5d5a2fa6-e6b9-4137-93f2-9f6f9cbbe7e1,2025,2025-12-15,3.2,61,50,false
ff2832f1-7e08-407c-aebc-0e4595577a07,5d5a2fa6-e6b9-4137-93f2-9f6f9cbbe7e1,2026,2026-12-15,4.6,77,25,true
a4690fb4-de3f-4fe1-9a0b-03a06178e692,0ae09915-a0c5-4351-830e-b527edc025cc,2026,2026-12-15,2.1,73,55,false
06a1f407-3605-43b3-b980-e86083be8014,ae849f25-8e59-4b7b-b02a-53434841bcd4,2019,2019-12-15,4.3,92,44,false
55e18218-f4c7-4388-8f5b-1af573bff692,ae849f25-8e59-4b7b-b02a-53434841bcd4,2020,2020-12-15,2.6,75,12,false
a700ae47-9d53-465a-b46b-1b1dfbded1c1,ae849f25-8e59-4b7b-b02a-53434841bcd4,2021,2021-12-15,2.4,92,34,false
c6b78e8d-ea2e-4fee-98c9-d138edb6f7cd,ae849f25-8e59-4b7b-b02a-53434841bcd4,2022,2022-12-15,2.6,97,22,false
93c7753a-14cc-4eed-a537-490dbbdfd775,ae849f25-8e59-4b7b-b02a-53434841bcd4,2023,2023-12-15,4.2,62,42,false
21e974c6-0a89-4111-8c1c-52bebd87adda,ae849f25-8e59-4b7b-b02a-53434841bcd4,2024,2024-12-15,2.5,72,30,false
fdc0ac47-d2da-4e61-b781-9cfeafe0c12b,ae849f25-8e59-4b7b-b02a-53434841bcd4,2025,2025-12-15,2.9,71,60,false
a77d8e55-5f85-4f9b-b241-6ff7a2b48f33,ae849f25-8e59-4b7b-b02a-53434841bcd4,2026,2026-12-15,2.7,76,20,false
f36ca986-82fe-4e23-a2c4-68d5eb4c5c89,169011c2-973a-4016-a77c-8fc0cfd01f51,2024,2024-12-15,3.5,65,31,false
eed02297-17c3-4822-b23f-6211644d7018,169011c2-973a-4016-a77c-8fc0cfd01f51,2025,2025-12-15,4.8,98,60,true
aa42dac1-ad99-454e-9459-4e2fee25a92b,169011c2-973a-4016-a77c-8fc0cfd01f51,2026,2026-12-15,4.7,88,40,false
e1a9ebc3-3b10-41fd-9468-a7da1a3273a8,4fcf49a8-35de-4205-b241-f8279c2f3faf,2020,2020-12-15,4.7,69,30,false
d6aad543-b937-48b4-80c8-fe7c0bfa9752,4fcf49a8-35de-4205-b241-f8279c2f3faf,2021,2021-12-15,3.6,72,22,false
ff2e0fee-3d2c-4379-880f-e40ee220ee40,4fcf49a8-35de-4205-b241-f8279c2f3faf,2022,2022-12-15,3.2,60,25,false
6f1c860b-ed35-4f03-be38-980cf03ac1f3,4fcf49a8-35de-4205-b241-f8279c2f3faf,2023,2023-12-15,2.6,72,16,false
47cebbba-deb2-4c61-91de-a56e618c0a77,4fcf49a8-35de-4205-b241-f8279c2f3faf,2024,2024-12-15,2.2,67,26,false
c793f0c5-9e19-434c-b4f1-86e5a931f2a6,4fcf49a8-35de-4205-b241-f8279c2f3faf,2025,2025-12-15,4.3,72,27,false
bbcb9f2f-50ca-41ca-9120-5bcba72dca56,4fcf49a8-35de-4205-b241-f8279c2f3faf,2026,2026-12-15,3.4,93,40,false
69308e1a-d16a-49b7-8146-f735ea0522f6,444c8dc3-243a-4f89-af20-f76e15ee9b27,2020,2020-12-15,4.2,74,16,false
2f15941c-57a0-4b32-8469-b6d71de8a959,444c8dc3-243a-4f89-af20-f76e15ee9b27,2021,2021-12-15,4.2,91,59,false
69afa126-8dd2-4960-9b0f-f284e92d7918,444c8dc3-243a-4f89-af20-f76e15ee9b27,2022,2022-12-15,4.6,61,59,true
03b7cd36-0442-4a7d-9166-b5fbf481fe91,444c8dc3-243a-4f89-af20-f76e15ee9b27,2023,2023-12-15,2.8,62,53,false
bb3cea67-98db-4bcc-87c5-c7b12759ff59,444c8dc3-243a-4f89-af20-f76e15ee9b27,2024,2024-12-15,2.3,97,41,false
623f1284-48ce-46ca-b764-c43a7d0e5032,444c8dc3-243a-4f89-af20-f76e15ee9b27,2025,2025-12-15,4.3,87,23,false
f09bcce5-d940-4204-92d6-3e05e5b194e1,444c8dc3-243a-4f89-af20-f76e15ee9b27,2026,2026-12-15,4.6,82,14,false
3786440c-a977-4c6f-abd3-edd0e3681cd9,d295f594-9f6b-484f-a528-9f78b0d051f4,2024,2024-12-15,3,97,59,false
354ce95f-f4a1-404d-8832-04bb31291ae2,d295f594-9f6b-484f-a528-9f78b0d051f4,2025,2025-12-15,4.3,63,14,false
033b06dc-9cf4-4924-8afe-816665e877ad,d295f594-9f6b-484f-a528-9f78b0d051f4,2026,2026-12-15,2.4,96,24,false
ca31263a-f2c9-48ac-b46f-44318917a72e,627e968b-dab7-4119-a257-85e504785bb3,2018,2018-12-15,2,73,41,false
1354cd0f-c4b6-490f-8893-6c801a134f3b,627e968b-dab7-4119-a257-85e504785bb3,2019,2019-12-15,4.6,72,18,false
3459d57f-b1b5-4039-bdd0-5484f5c6e282,627e968b-dab7-4119-a257-85e504785bb3,2020,2020-12-15,2.6,82,15,false
83b5e2f7-6de8-4f1e-a613-da523b901fb0,627e968b-dab7-4119-a257-85e504785bb3,2021,2021-12-15,3.5,90,42,false
9742c4b5-605e-4a59-9932-419d99cb33b1,627e968b-dab7-4119-a257-85e504785bb3,2022,2022-12-15,3.6,95,57,false
008aee7b-4081-4a2a-82a9-9421f3e88f6a,627e968b-dab7-4119-a257-85e504785bb3,2023,2023-12-15,4.9,84,54,true
99e3aa05-f43e-44b6-9dac-f04d1fcbd680,627e968b-dab7-4119-a257-85e504785bb3,2024,2024-12-15,4,91,51,false
8b3a0911-b68c-4a13-86bb-27e1f66123be,627e968b-dab7-4119-a257-85e504785bb3,2025,2025-12-15,4.8,93,17,false
50fe06f4-e16a-48b2-8d10-a90c6302405b,627e968b-dab7-4119-a257-85e504785bb3,2026,2026-12-15,4.9,76,27,false
9a0389f3-e969-43d5-97cd-6a65e39d2f3f,4f69890d-c83f-476f-986f-a24897090da3,2021,2021-12-15,3.9,89,51,false
fd74694a-18ae-4936-b359-15b639454f36,4f69890d-c83f-476f-986f-a24897090da3,2022,2022-12-15,3.9,72,37,false
fd2496a4-6982-42cf-84a6-a6b6294c75c4,4f69890d-c83f-476f-986f-a24897090da3,2023,2023-12-15,3.8,96,54,false
30e8428f-1240-4121-bc4e-82a04f6c213c,4f69890d-c83f-476f-986f-a24897090da3,2024,2024-12-15,2.3,72,40,false
796fe304-2610-4abc-bfd5-ad7e3fd659fb,4f69890d-c83f-476f-986f-a24897090da3,2025,2025-12-15,2.6,83,54,false
f58cafd3-40b6-4896-9be9-4d5e857b35be,4f69890d-c83f-476f-986f-a24897090da3,2026,2026-12-15,2.6,85,44,false
1a52ea09-06fd-4796-8585-abab871d1654,e9962ed3-0fec-4e5c-b8b4-7a7c1b8e1563,2023,2023-12-15,4.8,88,54,false
907a1d66-267d-4a52-b4d3-cc4c2807f489,e9962ed3-0fec-4e5c-b8b4-7a7c1b8e1563,2024,2024-12-15,2.2,62,30,false
36097446-d06d-425c-8f56-cbe842cb6674,e9962ed3-0fec-4e5c-b8b4-7a7c1b8e1563,2025,2025-12-15,2.9,96,52,false
c60e3d6a-8755-4cc7-9137-5826665198f4,e9962ed3-0fec-4e5c-b8b4-7a7c1b8e1563,2026,2026-12-15,2.8,60,34,false
1f918810-96ed-4432-a29e-3f012aebe41f,2208fb04-14ae-476c-aa15-b18dd255fc92,2026,2026-12-15,2,82,21,false
d05c00b9-64f9-4b0f-8114-e61df522a098,eb4caa37-01ea-4918-9f4b-169245cdd2f6,2019,2019-12-15,4.1,85,42,false
4db5348b-b3e9-4853-b5bd-b12ab677154f,eb4caa37-01ea-4918-9f4b-169245cdd2f6,2020,2020-12-15,2.1,83,34,false
f24c2e3b-92ec-4595-87f9-870a9d6ee502,eb4caa37-01ea-4918-9f4b-169245cdd2f6,2021,2021-12-15,3,72,46,false
e002eabc-cac8-487c-8e10-ced1f1a04f5a,eb4caa37-01ea-4918-9f4b-169245cdd2f6,2022,2022-12-15,2.2,99,45,false
a753b49d-ee85-4791-a015-da11a116feee,eb4caa37-01ea-4918-9f4b-169245cdd2f6,2023,2023-12-15,3.1,72,52,false
81e49c92-d53b-4138-8fc8-a812f17c2328,eb4caa37-01ea-4918-9f4b-169245cdd2f6,2024,2024-12-15,3,71,21,false
4b1843c5-ce44-4a54-9836-63aa77adbfd1,eb4caa37-01ea-4918-9f4b-169245cdd2f6,2025,2025-12-15,2.1,74,43,false
52b225c7-022c-4ca2-825a-62808dff6c46,eb4caa37-01ea-4918-9f4b-169245cdd2f6,2026,2026-12-15,4.7,82,53,false
963d3725-2dbf-41e0-b798-6395c7961b90,16b8edea-a30a-4622-a601-e234d13689a5,2021,2021-12-15,2.2,72,37,false
a84efb96-e5cc-4a97-be59-4c77b0fa64b2,16b8edea-a30a-4622-a601-e234d13689a5,2022,2022-12-15,2.7,80,45,false
46a97d13-6bee-47b6-8f66-4fb71b6db57b,16b8edea-a30a-4622-a601-e234d13689a5,2023,2023-12-15,3.2,68,23,false
cbfec090-8f3d-4e34-b93b-15e7568125c0,16b8edea-a30a-4622-a601-e234d13689a5,2024,2024-12-15,4,61,41,false
0b457aa0-32cc-49cb-97a8-778a18e783ca,16b8edea-a30a-4622-a601-e234d13689a5,2025,2025-12-15,4.7,74,25,false
55304f95-9461-4071-8e57-55e295af4dc8,16b8edea-a30a-4622-a601-e234d13689a5,2026,2026-12-15,3,71,44,false
de603185-f98b-4d30-a054-ddfec1dc0404,9ed0cb0e-f79b-4827-924c-329357c94cbe,2022,2022-12-15,4.2,77,51,false
f2dba465-9eda-4b1d-958e-78b6186bfab0,9ed0cb0e-f79b-4827-924c-329357c94cbe,2023,2023-12-15,2.2,98,29,false
84ac0d5a-afa6-4fbc-9695-4db6c6ee3992,9ed0cb0e-f79b-4827-924c-329357c94cbe,2024,2024-12-15,3.4,99,28,false
87db5bf9-20c1-46b3-a437-94efd6234440,9ed0cb0e-f79b-4827-924c-329357c94cbe,2025,2025-12-15,2.5,73,14,false
e2f15884-b42c-4c86-96af-80ea2d1713d8,9ed0cb0e-f79b-4827-924c-329357c94cbe,2026,2026-12-15,4.9,86,48,true
5b4238be-94a7-4769-9c62-7a35119b9131,3ff9348d-502c-4be6-bbdd-beaf1cff154f,2023,2023-12-15,2.6,83,44,false
d7fff841-6883-40e8-a1f8-75d2ecba61e3,3ff9348d-502c-4be6-bbdd-beaf1cff154f,2024,2024-12-15,4,69,17,false
c5074899-73a6-4123-ad84-6ec4db609192,3ff9348d-502c-4be6-bbdd-beaf1cff154f,2025,2025-12-15,4.3,63,51,false
6bcba0ee-07bf-4749-a923-a9f407a90b48,3ff9348d-502c-4be6-bbdd-beaf1cff154f,2026,2026-12-15,4.9,87,33,false
fc88cab6-e0d8-491b-8877-16069581bbc9,a5a0012a-6435-4a1f-972f-4c7056687a3d,2026,2026-12-15,2.8,88,38,false
8f0d9476-4a5b-4f8b-92aa-f01738c4d66d,d3451ad7-45e6-47c9-a0c7-31ae286d5c0a,2024,2024-12-15,2.1,78,55,false
9187471e-4973-4c61-b3e9-4d424580c463,d3451ad7-45e6-47c9-a0c7-31ae286d5c0a,2025,2025-12-15,3,95,35,false
b9789ee5-fca1-4f35-afec-4169edcbb468,d3451ad7-45e6-47c9-a0c7-31ae286d5c0a,2026,2026-12-15,2.3,99,60,false
1c7353ec-ecd1-48d7-ac69-b1ef45e114bf,6109afc3-da46-4c6c-85f2-5aa42d228d0f,2022,2022-12-15,3.3,93,56,false
bad147be-f82b-4a23-a757-b1ab7b8e5e1e,6109afc3-da46-4c6c-85f2-5aa42d228d0f,2023,2023-12-15,4.8,93,21,false
6b2fa884-f202-400e-96bd-cf162595062a,6109afc3-da46-4c6c-85f2-5aa42d228d0f,2024,2024-12-15,4.2,86,59,false
8953ccb0-e206-4b44-af82-18f535178d6c,6109afc3-da46-4c6c-85f2-5aa42d228d0f,2025,2025-12-15,4.9,75,46,false
98a0bd2e-07a4-4ae9-8dd3-923e12e9d70b,6109afc3-da46-4c6c-85f2-5aa42d228d0f,2026,2026-12-15,4.1,63,13,false
aab012f2-4dd7-48f2-93fa-70c236a9fb4b,dd9af298-236b-421c-8e76-ca5bc47d15d1,2019,2019-12-15,2.7,90,13,false
e90c6444-c148-4233-9b5b-99a7d83c2e30,dd9af298-236b-421c-8e76-ca5bc47d15d1,2020,2020-12-15,2.3,61,28,false
76189692-16f3-43ab-ad89-50b4a66ba017,dd9af298-236b-421c-8e76-ca5bc47d15d1,2021,2021-12-15,2.2,87,11,false
355f4588-ba99-4d7c-8a9a-f62b0d9ed206,dd9af298-236b-421c-8e76-ca5bc47d15d1,2022,2022-12-15,3,66,44,false
62685941-ee89-4928-98d8-522e77199a23,dd9af298-236b-421c-8e76-ca5bc47d15d1,2023,2023-12-15,3.7,87,59,false
5fbdebb8-89a7-4a2a-b988-63af1cd867be,dd9af298-236b-421c-8e76-ca5bc47d15d1,2024,2024-12-15,2.7,84,14,false
e12136eb-cf55-4674-863e-528c2fb3fbe4,dd9af298-236b-421c-8e76-ca5bc47d15d1,2025,2025-12-15,3.1,91,60,false
ffa9052b-9967-4a46-9217-76e6c990f403,dd9af298-236b-421c-8e76-ca5bc47d15d1,2026,2026-12-15,4.1,60,37,false
6535afa6-43e2-4ab2-a2a7-f7c7a874fab6,d86ccdbc-aa73-4ed2-abab-f102ec26452f,2024,2024-12-15,2.5,71,56,false
4cc5af98-0939-4fe1-b449-09c91721a99e,d86ccdbc-aa73-4ed2-abab-f102ec26452f,2025,2025-12-15,4.6,75,51,false
d9ab2533-8588-4bfb-a4ca-dbc01d0f3115,d86ccdbc-aa73-4ed2-abab-f102ec26452f,2026,2026-12-15,3.6,70,53,false
89baa44f-8660-41eb-bcd3-4117194c7cd9,09fe69ac-28ad-4d15-a8b8-c4a2763384e6,2022,2022-12-15,3.4,83,58,false
107bd18a-da1e-4be8-b0d8-b3917d9e646d,09fe69ac-28ad-4d15-a8b8-c4a2763384e6,2023,2023-12-15,3.6,99,52,false
238b9584-ae4e-456e-a421-b0a9e9187319,09fe69ac-28ad-4d15-a8b8-c4a2763384e6,2024,2024-12-15,2.6,66,16,false
2f5396c9-db00-4bf2-b911-77d1b35db75c,09fe69ac-28ad-4d15-a8b8-c4a2763384e6,2025,2025-12-15,2.3,66,47,false
10da2155-8a13-4efd-be76-fd1279a4c79c,09fe69ac-28ad-4d15-a8b8-c4a2763384e6,2026,2026-12-15,4.8,60,38,true
1ae6d976-437b-4a65-bb85-c71feec58d31,b81c2d28-3fcb-4616-a31f-55704d4be4b2,2019,2019-12-15,4.5,95,46,false
0e006072-a249-4979-b791-e7873a3bf61b,b81c2d28-3fcb-4616-a31f-55704d4be4b2,2020,2020-12-15,4.1,81,49,false
2d0099fd-1486-4769-8469-db96604c627e,b81c2d28-3fcb-4616-a31f-55704d4be4b2,2021,2021-12-15,3.2,65,40,false
f5db1d8b-8c36-44d1-ad6f-f4847a13cc59,b81c2d28-3fcb-4616-a31f-55704d4be4b2,2022,2022-12-15,3.3,81,14,false
ecebe892-a2d0-450f-8b63-13179a2192cc,b81c2d28-3fcb-4616-a31f-55704d4be4b2,2023,2023-12-15,2.9,82,18,false
9f8f5512-38b9-4ee1-9495-43a9aa944402,b81c2d28-3fcb-4616-a31f-55704d4be4b2,2024,2024-12-15,3.7,82,21,false
32a97b77-0938-416c-a1b2-d52ff85d1d54,b81c2d28-3fcb-4616-a31f-55704d4be4b2,2025,2025-12-15,3.3,70,43,false
6e5537b0-8fdd-4748-8265-a3cb52a88ce9,b81c2d28-3fcb-4616-a31f-55704d4be4b2,2026,2026-12-15,4.9,93,33,false
0e81f93a-9c25-492e-9097-4db2950fffab,cc0362ad-98f8-494f-83fe-c88849963c64,2021,2021-12-15,2.8,99,57,false
b2c6d2a0-ad61-42c6-808a-f34a109df573,cc0362ad-98f8-494f-83fe-c88849963c64,2022,2022-12-15,4.3,74,33,false
ef562a1c-e852-4c0f-a672-743afe92e400,cc0362ad-98f8-494f-83fe-c88849963c64,2023,2023-12-15,3.4,87,26,false
47f6ac95-0c33-4bcd-b55b-6b01db7d2129,cc0362ad-98f8-494f-83fe-c88849963c64,2024,2024-12-15,2.2,94,59,false
338e8418-03ae-49e8-bb0e-f681670d04d2,cc0362ad-98f8-494f-83fe-c88849963c64,2025,2025-12-15,4.9,85,35,false
df9b1c79-feac-4d16-af2b-617237af69fd,cc0362ad-98f8-494f-83fe-c88849963c64,2026,2026-12-15,2.1,92,60,false
a33205da-9380-45af-85c2-a8623782ded9,8f04c6c2-bde9-4fc8-ad27-3795d02a7e38,2025,2025-12-15,3.7,85,41,false
ceb5e19d-de67-4244-81d2-46d032427ea0,8f04c6c2-bde9-4fc8-ad27-3795d02a7e38,2026,2026-12-15,3.5,66,34,false
2f697cc6-8053-45e6-bca0-39104ab5ee84,eefd2914-bc1a-4583-a177-b3b68b6d8551,2017,2017-12-15,2.1,90,15,false
ffa1754b-f5e9-4f22-9f30-779fc9f806a4,eefd2914-bc1a-4583-a177-b3b68b6d8551,2018,2018-12-15,4,63,60,false
bccd4eec-c96f-4b4e-9539-4efe62f49f4e,eefd2914-bc1a-4583-a177-b3b68b6d8551,2019,2019-12-15,2.6,69,42,false
f50b21e1-fd9f-41f8-a70e-abe7e7384bff,eefd2914-bc1a-4583-a177-b3b68b6d8551,2020,2020-12-15,4.3,90,58,false
758c0e51-26ca-49d3-a1ad-cc69c1f554dd,eefd2914-bc1a-4583-a177-b3b68b6d8551,2021,2021-12-15,4.4,85,30,false
f8f2cd00-9b56-4829-be6d-76354beb6deb,eefd2914-bc1a-4583-a177-b3b68b6d8551,2022,2022-12-15,2.3,99,31,false
72030c7c-d725-455d-b016-f660d08a928e,eefd2914-bc1a-4583-a177-b3b68b6d8551,2023,2023-12-15,4,98,43,false
1059f948-f59e-4985-9117-3ca3d7bdc5b6,eefd2914-bc1a-4583-a177-b3b68b6d8551,2024,2024-12-15,3.9,100,40,false
f222685f-e113-45e3-855e-04772a5b3872,eefd2914-bc1a-4583-a177-b3b68b6d8551,2025,2025-12-15,4.3,79,27,false
123d7485-9ed8-44a5-8b2a-a7ad24d72def,eefd2914-bc1a-4583-a177-b3b68b6d8551,2026,2026-12-15,3.3,68,58,false
6fade54f-5c87-4dcc-8442-81a4672b3052,5f4665a5-457f-4b7b-b201-ac3bc27a94ae,2021,2021-12-15,3.5,72,49,false
40902c21-c1f9-49d7-8b27-32d970f2ef1e,5f4665a5-457f-4b7b-b201-ac3bc27a94ae,2022,2022-12-15,3.7,62,17,false
539da0d5-2ac7-4328-a755-2cef160e870d,5f4665a5-457f-4b7b-b201-ac3bc27a94ae,2023,2023-12-15,2.7,93,12,false
668080c0-7603-434c-b4e0-36d844e34b9b,5f4665a5-457f-4b7b-b201-ac3bc27a94ae,2024,2024-12-15,2.3,85,46,false
7d7835f0-36e6-4267-9953-02d7f293df30,5f4665a5-457f-4b7b-b201-ac3bc27a94ae,2025,2025-12-15,2.2,80,43,false
a01cd700-883d-4023-a455-386b208a9ced,5f4665a5-457f-4b7b-b201-ac3bc27a94ae,2026,2026-12-15,4,79,22,false
7326eee6-ce94-4be9-adc4-fd14a09690c5,9f63ee9e-13ac-4740-873b-0596493e267b,2024,2024-12-15,3.4,65,31,false
fca8a67e-b621-4880-8ac5-a1c66bb11513,9f63ee9e-13ac-4740-873b-0596493e267b,2025,2025-12-15,4.9,89,55,true
6a17a20b-9a3d-4741-9159-f61c323c34dd,9f63ee9e-13ac-4740-873b-0596493e267b,2026,2026-12-15,3,62,36,false
c5ec4b05-a15f-44d6-81c1-44ec3cffeef3,b510a7ee-0c6d-4b82-a0f1-ed6217ca7e48,2019,2019-12-15,2.6,67,30,false
34ec61cf-0d42-42da-9e5b-d8ef966e3f4e,b510a7ee-0c6d-4b82-a0f1-ed6217ca7e48,2020,2020-12-15,3,77,38,false
e9688d10-0045-41cb-a7de-d3a852594690,b510a7ee-0c6d-4b82-a0f1-ed6217ca7e48,2021,2021-12-15,2,84,44,false
90e8f83c-ff45-4976-8369-2eda5b921c95,b510a7ee-0c6d-4b82-a0f1-ed6217ca7e48,2022,2022-12-15,4.6,79,41,false
aa35c06b-8343-4b02-aaa0-16867f9b48a4,b510a7ee-0c6d-4b82-a0f1-ed6217ca7e48,2023,2023-12-15,2.3,67,28,false
62a67a98-1077-473d-a3e8-b87a19eee929,b510a7ee-0c6d-4b82-a0f1-ed6217ca7e48,2024,2024-12-15,3.9,92,45,false
d68cd9b1-25db-4202-970b-1c8fae64a7e3,b510a7ee-0c6d-4b82-a0f1-ed6217ca7e48,2025,2025-12-15,4.3,97,59,false
72ca3fb4-931f-4434-a80b-4826c5b04c87,b510a7ee-0c6d-4b82-a0f1-ed6217ca7e48,2026,2026-12-15,3.9,97,12,false
6c969ebd-f306-4d89-9ccb-f7349f3dbf65,26a2ee15-8cff-4ec3-968e-d788cf060515,2017,2017-12-15,3.4,68,24,false
42539a78-2473-4aaf-b35b-3a77569d87b9,26a2ee15-8cff-4ec3-968e-d788cf060515,2018,2018-12-15,4.5,75,35,false
e88c64f4-e788-4993-9904-06b2d8338430,26a2ee15-8cff-4ec3-968e-d788cf060515,2019,2019-12-15,4.6,91,47,false
3ecb8481-22bd-4711-beb1-614c5e7196ea,26a2ee15-8cff-4ec3-968e-d788cf060515,2020,2020-12-15,2.5,86,30,false
2b837ff3-0198-437c-b8b8-83a1dc431a2c,26a2ee15-8cff-4ec3-968e-d788cf060515,2021,2021-12-15,3.1,80,12,false
5f89e957-0077-48a7-a8d2-7a43073e90bc,26a2ee15-8cff-4ec3-968e-d788cf060515,2022,2022-12-15,3.7,70,41,false
7276f474-44be-4be2-9c96-0607d428ae0e,26a2ee15-8cff-4ec3-968e-d788cf060515,2023,2023-12-15,4.8,64,49,false
c6bc2c9b-770d-4071-959d-a01ab28a2763,26a2ee15-8cff-4ec3-968e-d788cf060515,2024,2024-12-15,4.5,63,60,true
b22295cc-02ca-4404-8c11-19b31c5fba93,26a2ee15-8cff-4ec3-968e-d788cf060515,2025,2025-12-15,4.4,62,40,false
1066504d-e1ce-49c9-ab18-b03211dbea23,26a2ee15-8cff-4ec3-968e-d788cf060515,2026,2026-12-15,4.9,84,26,true
fadfff6c-8021-46e3-b7b6-588c0efc50a0,0d65cf78-b7f3-4305-b83c-6f558de40c0a,2019,2019-12-15,4.8,63,34,true
763ead2d-de35-4f85-a347-ae79426a4abc,0d65cf78-b7f3-4305-b83c-6f558de40c0a,2020,2020-12-15,4.6,70,10,true
1dda2279-6745-4748-9cf3-006a6ad669d2,0d65cf78-b7f3-4305-b83c-6f558de40c0a,2021,2021-12-15,2.8,65,10,false
fdd17584-dcd6-49b9-872f-1d03cd84a15d,0d65cf78-b7f3-4305-b83c-6f558de40c0a,2022,2022-12-15,2.3,71,22,false
ae02009d-9025-47c1-ab61-28ee71d8b4e3,0d65cf78-b7f3-4305-b83c-6f558de40c0a,2023,2023-12-15,2.8,79,25,false
ba8a0f9f-5231-4db7-9d58-a200cf6b8589,0d65cf78-b7f3-4305-b83c-6f558de40c0a,2024,2024-12-15,4.7,73,21,false
f7941056-f09d-445a-9905-451318244af7,0d65cf78-b7f3-4305-b83c-6f558de40c0a,2025,2025-12-15,3.1,71,11,false
b13ce23c-e2ff-4563-bd9a-7fafd038b2ce,0d65cf78-b7f3-4305-b83c-6f558de40c0a,2026,2026-12-15,3.3,97,40,false
c065ad0e-8c14-41c3-b602-4f419853ec30,e816db34-95d1-47ce-b26a-17e729f6f180,2026,2026-12-15,3.8,77,28,false
6ea78d6e-258a-44f9-9f36-57f004938d50,724ce511-6d59-4b6b-a591-bc9cf8bf5834,2022,2022-12-15,4.1,70,59,false
d0fb6862-2bbb-4c06-b784-009928ac636a,724ce511-6d59-4b6b-a591-bc9cf8bf5834,2023,2023-12-15,2.4,76,54,false
8f0bdef4-54c7-482b-90b6-eb667fb9a5df,724ce511-6d59-4b6b-a591-bc9cf8bf5834,2024,2024-12-15,3.1,92,31,false
61cb99b4-b423-4c52-b667-c77e25ba1f35,724ce511-6d59-4b6b-a591-bc9cf8bf5834,2025,2025-12-15,2.6,98,39,false
f0aa3df7-8871-47ef-8545-d20fe7ecf13a,724ce511-6d59-4b6b-a591-bc9cf8bf5834,2026,2026-12-15,2.7,60,10,false
555c649f-d699-43f9-b89b-316c8df3e28b,90b4ea17-3706-4df1-a43d-a63ce36ec447,2023,2023-12-15,3.9,100,20,false
d7c8cd0a-ccf0-48f7-9cd6-3f188c9e823e,90b4ea17-3706-4df1-a43d-a63ce36ec447,2024,2024-12-15,3.8,95,33,false
b4de5ef8-fe43-4465-ad12-d944882d4cbc,90b4ea17-3706-4df1-a43d-a63ce36ec447,2025,2025-12-15,3.7,69,42,false
66a2dec6-bd93-42de-a261-4b7140d8791f,90b4ea17-3706-4df1-a43d-a63ce36ec447,2026,2026-12-15,4.7,93,56,false
3661adb1-18cc-45ab-8f07-2d7962309cbc,407b47a5-ae83-44b5-8d41-209bde3e62c2,2020,2020-12-15,2.1,97,49,false
33bedd65-4cf6-475d-93ff-c921686ec47d,407b47a5-ae83-44b5-8d41-209bde3e62c2,2021,2021-12-15,2.8,99,17,false
fc2a5892-86db-47f2-9404-2066aba9f1e0,407b47a5-ae83-44b5-8d41-209bde3e62c2,2022,2022-12-15,2,76,60,false
f9710818-8e58-4e87-97ab-b08756328a46,407b47a5-ae83-44b5-8d41-209bde3e62c2,2023,2023-12-15,2.5,80,37,false
4b792075-ef04-4a1d-b886-a53ebe372896,407b47a5-ae83-44b5-8d41-209bde3e62c2,2024,2024-12-15,3.8,75,10,false
26af9feb-2580-44a6-8c80-0cc65eb612c0,407b47a5-ae83-44b5-8d41-209bde3e62c2,2025,2025-12-15,2.3,72,27,false
a894af1b-3e49-47d2-91bc-e5c044516a3f,407b47a5-ae83-44b5-8d41-209bde3e62c2,2026,2026-12-15,4.3,77,43,false
63b31fbc-3f97-4fb6-8f35-fd925c9d871b,772b531a-c165-43f7-ac9b-8dd5f398a403,2026,2026-12-15,2.5,84,54,false
5c82693e-9789-4542-8516-e85b2a4ea354,bd928bef-5104-4ece-a692-aea36ae984e1,2018,2018-12-15,4.3,100,26,false
92e66d75-cdff-4dd1-97ee-383f835ae37a,bd928bef-5104-4ece-a692-aea36ae984e1,2019,2019-12-15,3.4,76,54,false
19a6271e-a6b7-4975-89a2-d1aa6458a3a3,bd928bef-5104-4ece-a692-aea36ae984e1,2020,2020-12-15,4.4,72,34,false
bc8393b0-9eff-4bb6-b7a2-edfe2a029861,bd928bef-5104-4ece-a692-aea36ae984e1,2021,2021-12-15,2.5,80,49,false
c2391a68-d2fc-404c-9cfe-0196c759acfc,bd928bef-5104-4ece-a692-aea36ae984e1,2022,2022-12-15,2.6,77,30,false
ceb27c35-fdf2-47af-9b64-25d9cec629e4,bd928bef-5104-4ece-a692-aea36ae984e1,2023,2023-12-15,2.5,99,28,false
73c218e7-116f-49e7-9d02-63e378f6bfab,bd928bef-5104-4ece-a692-aea36ae984e1,2024,2024-12-15,4.8,61,55,false
15b93348-cf5b-4019-a9ab-9c80cc512247,bd928bef-5104-4ece-a692-aea36ae984e1,2025,2025-12-15,3.2,63,47,false
0b44af80-dd21-4c5a-8392-02f4619f45fe,bd928bef-5104-4ece-a692-aea36ae984e1,2026,2026-12-15,2.7,71,33,false
01cc0cf1-d7a8-43ce-bb3b-0d26fed29f3a,2beb2383-49a5-4e4d-a6b9-063980773f9b,2016,2016-12-15,2.7,70,10,false
7b595e51-f450-4aad-aba7-64cb204aa779,2beb2383-49a5-4e4d-a6b9-063980773f9b,2017,2017-12-15,2.9,69,57,false
a3e85d58-7f54-40fa-8e4f-d7cd656ee5c1,2beb2383-49a5-4e4d-a6b9-063980773f9b,2018,2018-12-15,2.3,100,14,false
edebab11-f690-4b47-8a38-96018e2bd360,2beb2383-49a5-4e4d-a6b9-063980773f9b,2019,2019-12-15,2.1,94,13,false
8510d60b-21b6-421a-9ce5-dc4b4b5a5ba2,2beb2383-49a5-4e4d-a6b9-063980773f9b,2020,2020-12-15,4.8,86,49,true
8bce95f8-e28e-412c-b2ff-00fd55585d68,2beb2383-49a5-4e4d-a6b9-063980773f9b,2021,2021-12-15,3.7,91,44,false
58860c49-f09b-462f-8d51-a7da2f8d7f00,2beb2383-49a5-4e4d-a6b9-063980773f9b,2022,2022-12-15,2.3,68,21,false
86376034-43e3-4999-b377-2e21dacdc2ad,2beb2383-49a5-4e4d-a6b9-063980773f9b,2023,2023-12-15,4,64,49,false
7e0a5daf-8e50-422b-bb3b-e630efa99556,2beb2383-49a5-4e4d-a6b9-063980773f9b,2024,2024-12-15,4.4,70,24,false
1a8fe9b9-8d28-4e8c-b36c-d9fc04a01a88,2beb2383-49a5-4e4d-a6b9-063980773f9b,2025,2025-12-15,4.5,94,43,true
0d02ecba-cccc-41f0-aee1-b95bd646f605,2beb2383-49a5-4e4d-a6b9-063980773f9b,2026,2026-12-15,4.5,65,32,true
629e33a4-05ab-4461-baba-df59e2e14774,7de7e43f-205e-499b-ab07-b25e8c685c35,2022,2022-12-15,4.5,87,59,false
5bbead26-201b-4722-8c1f-cfc2e8b2e166,7de7e43f-205e-499b-ab07-b25e8c685c35,2023,2023-12-15,3.6,100,13,false
26955307-dbf0-4acb-99b0-96210b03c5f4,7de7e43f-205e-499b-ab07-b25e8c685c35,2024,2024-12-15,3.5,92,57,false
87237240-d908-475d-a699-1aec73fdb490,7de7e43f-205e-499b-ab07-b25e8c685c35,2025,2025-12-15,3,71,29,false
e64cca88-e915-4816-9ed2-5cd63c9092a6,7de7e43f-205e-499b-ab07-b25e8c685c35,2026,2026-12-15,2.2,95,38,false
d5394d2c-fbda-4c1e-86d2-79bdac22618d,e94d8713-411f-41cb-8f2f-70e902302d28,2018,2018-12-15,3,84,34,false
ccb405b6-db63-44f6-8b0b-f14ea11c03c1,e94d8713-411f-41cb-8f2f-70e902302d28,2019,2019-12-15,4,76,38,false
6a831987-da3d-4f61-b773-509cebc2a4c3,e94d8713-411f-41cb-8f2f-70e902302d28,2020,2020-12-15,4,76,42,false
bc961706-cb65-4dcc-ae95-d5403b66501f,e94d8713-411f-41cb-8f2f-70e902302d28,2021,2021-12-15,2.3,71,12,false
3308bf67-0482-4990-b15a-c569bc29391a,e94d8713-411f-41cb-8f2f-70e902302d28,2022,2022-12-15,2.4,92,24,false
df9df020-b7eb-4f7d-8da3-45429370e7f1,e94d8713-411f-41cb-8f2f-70e902302d28,2023,2023-12-15,4.4,71,22,false
04cbf2ab-0107-411a-857a-224d01e038b7,e94d8713-411f-41cb-8f2f-70e902302d28,2024,2024-12-15,4.6,60,29,true
a3b8b77c-8a3d-4b03-a7c6-c44ba81f0bbd,e94d8713-411f-41cb-8f2f-70e902302d28,2025,2025-12-15,3.7,65,25,false
fd6692a5-2e5c-4c0c-8ee0-c3e6e87926e8,e94d8713-411f-41cb-8f2f-70e902302d28,2026,2026-12-15,3.6,68,46,false
c98df813-8eaa-4a24-b436-7f17b186eee6,38d797e2-190f-448e-b40f-cb478ca572e4,2020,2020-12-15,3.5,63,37,false
cd3c1e6e-95f6-4c0e-8947-532ca70af422,38d797e2-190f-448e-b40f-cb478ca572e4,2021,2021-12-15,4.7,66,29,true
471b9744-be45-485d-ba7b-43cdcfb0e745,38d797e2-190f-448e-b40f-cb478ca572e4,2022,2022-12-15,2.8,88,14,false
f0b00cb1-d35f-46ec-9701-f29689ccf24d,38d797e2-190f-448e-b40f-cb478ca572e4,2023,2023-12-15,4.2,88,20,false
aa5e5ed8-ceb1-456d-ae78-8ad79239b677,38d797e2-190f-448e-b40f-cb478ca572e4,2024,2024-12-15,3.1,88,58,false
0ca8b5d8-0a63-4c43-b0e8-739e05fd3a5a,38d797e2-190f-448e-b40f-cb478ca572e4,2025,2025-12-15,3.9,90,49,false
2dcead79-d7ac-40cf-af6e-49edeceed4df,38d797e2-190f-448e-b40f-cb478ca572e4,2026,2026-12-15,2.7,79,20,false
1f06bc5e-7f7c-497f-b274-5ae8aba92f18,60943214-35db-455d-bf10-592be9d56ed0,2021,2021-12-15,2.1,94,25,false
3375860e-1f59-4c1e-b7ab-71ab4b514f8d,60943214-35db-455d-bf10-592be9d56ed0,2022,2022-12-15,2.4,82,41,false
6c457db2-7de1-4b40-b4ee-47468a52239b,60943214-35db-455d-bf10-592be9d56ed0,2023,2023-12-15,4.6,74,44,true
409d2fa8-4ac2-47a3-827a-7d25a1301388,60943214-35db-455d-bf10-592be9d56ed0,2024,2024-12-15,4,71,36,false
b4deea03-bee5-4a88-b035-a63007a3c35b,60943214-35db-455d-bf10-592be9d56ed0,2025,2025-12-15,3.6,68,30,false
4c6833a4-49f5-416a-839d-b85477cc2798,60943214-35db-455d-bf10-592be9d56ed0,2026,2026-12-15,3.6,76,48,false
03389d6a-62a9-4bc6-9a0e-3cb18c89abbc,75686acb-b05b-4966-aa9b-e6b17ec3fa2e,2022,2022-12-15,4.6,68,17,true
db084943-3c87-4ba8-833f-cc87c0703a83,75686acb-b05b-4966-aa9b-e6b17ec3fa2e,2023,2023-12-15,2.7,76,30,false
6c952695-095d-447f-b980-d09bb3fabfae,75686acb-b05b-4966-aa9b-e6b17ec3fa2e,2024,2024-12-15,4.5,62,31,false
42a418cc-b44f-4443-9012-6243d32bfb68,75686acb-b05b-4966-aa9b-e6b17ec3fa2e,2025,2025-12-15,2.6,74,52,false
54d9ca4d-0a9d-4fbe-a340-48075164e102,75686acb-b05b-4966-aa9b-e6b17ec3fa2e,2026,2026-12-15,4.6,85,31,false
9abdf299-b038-46e3-a132-bc9ebe5f0860,f5bbaa6b-d3c9-4543-a98f-56ade63f89ac,2021,2021-12-15,2.8,71,42,false
d5776ed9-2c23-4728-a165-e53c987f6494,f5bbaa6b-d3c9-4543-a98f-56ade63f89ac,2022,2022-12-15,2.8,88,41,false
30179131-30fa-4c69-a4ef-ecc833cda273,f5bbaa6b-d3c9-4543-a98f-56ade63f89ac,2023,2023-12-15,2.1,60,45,false
512df53f-46b7-445e-957d-44bd747e0c41,f5bbaa6b-d3c9-4543-a98f-56ade63f89ac,2024,2024-12-15,3.2,80,50,false
f6cc2911-685d-435e-9da0-c90d1f95cd60,f5bbaa6b-d3c9-4543-a98f-56ade63f89ac,2025,2025-12-15,3.6,98,32,false
a9b933f3-007a-4055-a81a-2c8b26c96417,f5bbaa6b-d3c9-4543-a98f-56ade63f89ac,2026,2026-12-15,3,69,35,false
12ad8b91-0784-4924-98f6-199d09f0fd76,801d6e70-2cc0-4a16-a769-12ee20f01d56,2023,2023-12-15,4.9,100,25,true
9f7bdd1c-8841-4f45-98b9-d43d66537aa0,801d6e70-2cc0-4a16-a769-12ee20f01d56,2024,2024-12-15,2.3,74,19,false
c8a36599-6ab0-4640-bf25-82e71e332221,801d6e70-2cc0-4a16-a769-12ee20f01d56,2025,2025-12-15,2.4,87,47,false
be1d5760-d5ae-4a35-9c9b-f38543999885,801d6e70-2cc0-4a16-a769-12ee20f01d56,2026,2026-12-15,3.2,78,49,false
89a49252-8881-424d-b89b-48ac610b1197,932339de-a50a-4650-b0f7-f36968bf725b,2016,2016-12-15,4.2,95,46,false
1d2debd8-6bbb-45fb-8d50-6e573f822754,932339de-a50a-4650-b0f7-f36968bf725b,2017,2017-12-15,4.1,90,43,false
7965ede2-0cf1-49d5-bee1-0712abdad213,932339de-a50a-4650-b0f7-f36968bf725b,2018,2018-12-15,2.5,94,14,false
79b313be-1b83-4ab4-8a87-cd4991dd0bc9,932339de-a50a-4650-b0f7-f36968bf725b,2019,2019-12-15,3.7,75,31,false
6f1f1086-a007-4ce0-be2d-28868548dd37,932339de-a50a-4650-b0f7-f36968bf725b,2020,2020-12-15,3.2,76,22,false
474a268a-a1e8-4fa0-9a12-62080680194c,932339de-a50a-4650-b0f7-f36968bf725b,2021,2021-12-15,2.5,89,49,false
6a6d9f91-d087-4aff-a57c-14d36677e1d8,932339de-a50a-4650-b0f7-f36968bf725b,2022,2022-12-15,2.5,71,20,false
f0e9a101-5951-46d1-9ce8-173570698c83,932339de-a50a-4650-b0f7-f36968bf725b,2023,2023-12-15,3.3,80,43,false
34baa8ea-e556-46ed-9775-8d2f1278d480,932339de-a50a-4650-b0f7-f36968bf725b,2024,2024-12-15,3.7,68,47,false
5cf5afa1-4bf2-4f3c-b933-f81264122868,932339de-a50a-4650-b0f7-f36968bf725b,2025,2025-12-15,4.1,83,21,false
362fedf5-9d6d-4991-b06d-561a044246a2,932339de-a50a-4650-b0f7-f36968bf725b,2026,2026-12-15,2.7,87,28,false
add8b334-95c3-4fe4-8a3e-548c3e156caa,23298e2c-27fb-411b-b871-7a7193ab2963,2022,2022-12-15,3.8,100,22,false
97b1e497-40c3-45c4-a070-7cf6be2c2ccc,23298e2c-27fb-411b-b871-7a7193ab2963,2023,2023-12-15,3.8,92,20,false
0abf562d-1c2d-4538-b3c3-f703619fe0e6,23298e2c-27fb-411b-b871-7a7193ab2963,2024,2024-12-15,4.7,80,19,true
92ba4d2f-93b9-4ea3-8eac-df0786dad72a,23298e2c-27fb-411b-b871-7a7193ab2963,2025,2025-12-15,4,100,56,false
cbc6644c-d4cf-43ae-94f6-b90f5208b06f,23298e2c-27fb-411b-b871-7a7193ab2963,2026,2026-12-15,3,68,47,false
9fd18e83-8e67-493b-bde6-f03de749cbfc,5d569243-9e8e-40cc-8234-652100fb21f4,2018,2018-12-15,4,90,41,false
f7f56296-57a7-44f9-9823-b3a02afdc151,5d569243-9e8e-40cc-8234-652100fb21f4,2019,2019-12-15,4,70,47,false
4b456569-147d-4c8f-b30b-f7deb62143bb,5d569243-9e8e-40cc-8234-652100fb21f4,2020,2020-12-15,2.7,80,48,false
0b15cfe6-b20d-4f35-b1b5-2cae7a951e62,5d569243-9e8e-40cc-8234-652100fb21f4,2021,2021-12-15,3,90,50,false
23a420ea-64fa-4195-8adb-09eaa4586411,5d569243-9e8e-40cc-8234-652100fb21f4,2022,2022-12-15,2.6,78,36,false
b3f22528-66a0-4c1b-95c8-559662b57295,5d569243-9e8e-40cc-8234-652100fb21f4,2023,2023-12-15,3.9,86,52,false
5f70eb9f-4584-4b71-9325-75d05de40fb6,5d569243-9e8e-40cc-8234-652100fb21f4,2024,2024-12-15,2.2,86,18,false
6206838b-8d65-480a-ad3e-25a72c902fc2,5d569243-9e8e-40cc-8234-652100fb21f4,2025,2025-12-15,4.6,94,51,false
8a3c8267-b9eb-45f7-a1e3-37af0e591c21,5d569243-9e8e-40cc-8234-652100fb21f4,2026,2026-12-15,2.8,93,31,false
9582aecd-7cf5-497e-b80c-681cd504127f,a555780f-bdd1-4446-983b-16b64b01ddb1,2021,2021-12-15,3.7,68,14,false
3d17770b-9b14-407d-afcc-98863f53272d,a555780f-bdd1-4446-983b-16b64b01ddb1,2022,2022-12-15,3,95,11,false
f3b49224-f860-4791-a8db-0a3dbd26cc63,a555780f-bdd1-4446-983b-16b64b01ddb1,2023,2023-12-15,4.7,94,15,true
e316ddcb-79a4-46f7-ac0b-4baa9f3dd771,a555780f-bdd1-4446-983b-16b64b01ddb1,2024,2024-12-15,4.6,62,42,false
1c2b4123-9aab-44d4-b077-c833949e2346,a555780f-bdd1-4446-983b-16b64b01ddb1,2025,2025-12-15,4.3,95,59,false
9f5f527f-40b3-44c1-b5d4-bb5bc85959a0,a555780f-bdd1-4446-983b-16b64b01ddb1,2026,2026-12-15,3.9,60,11,false
2aa166a7-0006-4984-ba31-e4d6f6f477ef,a25a0ddb-109e-42b9-8724-b9b299f406ea,2025,2025-12-15,2.6,66,42,false
63d89487-564e-44c5-9a63-d6c9d42800fd,a25a0ddb-109e-42b9-8724-b9b299f406ea,2026,2026-12-15,4.4,84,47,false
571b3c5b-c896-40e2-9a0e-b1ad9cdb36f2,0345a706-f99a-45e0-8c76-880ef60d93a0,2023,2023-12-15,2.9,86,12,false
29fea81f-3f12-4826-90b2-1a90eeec102a,0345a706-f99a-45e0-8c76-880ef60d93a0,2024,2024-12-15,2.1,77,19,false
6a50aa0d-8223-4994-915f-eeb7e3da547a,0345a706-f99a-45e0-8c76-880ef60d93a0,2025,2025-12-15,3.6,87,43,false
54e55854-6690-4888-a7f9-9d65a39129b5,0345a706-f99a-45e0-8c76-880ef60d93a0,2026,2026-12-15,2.8,76,16,false
586a36ce-4cf0-42f6-8738-3d9743cb75e7,325a1685-4f4b-4f35-8c39-db1c4e13ef64,2020,2020-12-15,3.7,86,23,false
1f7c6705-8049-4cf0-b4ac-4f7247261182,325a1685-4f4b-4f35-8c39-db1c4e13ef64,2021,2021-12-15,5,77,32,false
c1d7c9d6-0a9b-4647-b45d-a6cd6bbc1597,325a1685-4f4b-4f35-8c39-db1c4e13ef64,2022,2022-12-15,5,94,60,false
8f627a09-a275-46c8-b860-26c9f04561f1,325a1685-4f4b-4f35-8c39-db1c4e13ef64,2023,2023-12-15,2.6,78,60,false
30db9804-e0c5-471e-a1a4-069bbc5e5c37,325a1685-4f4b-4f35-8c39-db1c4e13ef64,2024,2024-12-15,4.6,85,19,false
68799767-af09-47c5-8973-9bab3b7c320c,325a1685-4f4b-4f35-8c39-db1c4e13ef64,2025,2025-12-15,2.5,87,38,false
1fdb6891-3d4e-4823-a5d4-e726c8066a62,325a1685-4f4b-4f35-8c39-db1c4e13ef64,2026,2026-12-15,4.7,97,41,false
dac7bdb1-6153-47ab-b727-d425fba73b2f,af9f5f36-c8a1-4796-8061-5e6ec6b27020,2025,2025-12-15,4.4,92,18,false
6c73d46a-e0bb-4581-8ea5-30b20688dbb7,af9f5f36-c8a1-4796-8061-5e6ec6b27020,2026,2026-12-15,3,88,48,false
74bcab9b-42e3-4795-8e8d-8820f1d7520e,8e810f76-c4ee-4f14-b56d-1dc576874d41,2025,2025-12-15,3.1,80,60,false
ec700c3d-2966-4497-9d0c-22b04263c198,8e810f76-c4ee-4f14-b56d-1dc576874d41,2026,2026-12-15,2.7,78,35,false
e1f79f45-1169-4dac-b045-3bad4e843a40,025e6795-7477-4e0a-acb2-a3445f7cdeea,2025,2025-12-15,4,61,37,false
811c14e3-6fcb-4035-8c8a-09dd9a541fa8,025e6795-7477-4e0a-acb2-a3445f7cdeea,2026,2026-12-15,2.8,63,52,false
986310fb-6baf-446c-a774-1895b17735dc,5f896efc-8285-4e50-91a2-70f3a776cb34,2023,2023-12-15,2.6,79,18,false
51aa29e9-059d-479e-a893-9af85e3cea48,5f896efc-8285-4e50-91a2-70f3a776cb34,2024,2024-12-15,3.9,63,23,false
623507d1-9a37-4600-9135-ac8835dbbee9,5f896efc-8285-4e50-91a2-70f3a776cb34,2025,2025-12-15,4.1,64,18,false
dd3105ff-0c51-4a0d-bfce-26c9942c40ff,5f896efc-8285-4e50-91a2-70f3a776cb34,2026,2026-12-15,4.4,63,43,false
1f992097-2222-4ee6-a5e0-b270afd10c89,5c0dde1d-4315-4c36-9a1e-9bf888dedfe2,2020,2020-12-15,3,62,40,false
8a2d550d-a5be-48bc-b484-c285b2b28b8b,5c0dde1d-4315-4c36-9a1e-9bf888dedfe2,2021,2021-12-15,3.2,76,41,false
206a6628-c3dc-4239-a0d0-38d59ce290e9,5c0dde1d-4315-4c36-9a1e-9bf888dedfe2,2022,2022-12-15,3.5,72,40,false
f70d9f33-ea87-4ba0-940f-666cd0d681be,5c0dde1d-4315-4c36-9a1e-9bf888dedfe2,2023,2023-12-15,2.7,83,11,false
3fbc08d5-ebf8-48ac-9a1e-8d8df58b1588,5c0dde1d-4315-4c36-9a1e-9bf888dedfe2,2024,2024-12-15,4.5,76,18,true
5dd2ddd8-6954-405c-bd1b-b943e053bd2b,5c0dde1d-4315-4c36-9a1e-9bf888dedfe2,2025,2025-12-15,2.8,86,58,false
c12d2542-d847-4533-85d4-339f1647dc01,5c0dde1d-4315-4c36-9a1e-9bf888dedfe2,2026,2026-12-15,2.5,90,26,false
60e4eda5-e7d0-4a99-94b6-dd84888d0687,3f96bea4-9550-425b-9510-87ae5a7ea6de,2021,2021-12-15,3.8,83,35,false
640ccff4-9416-4fc7-b98c-7dd2e6ad74b8,3f96bea4-9550-425b-9510-87ae5a7ea6de,2022,2022-12-15,3.1,78,26,false
a96b3e41-0082-40fe-8712-99eba2b37d00,3f96bea4-9550-425b-9510-87ae5a7ea6de,2023,2023-12-15,2.4,74,33,false
4ec220d8-ae89-4fd5-9e8b-295e744e5fdc,3f96bea4-9550-425b-9510-87ae5a7ea6de,2024,2024-12-15,4.6,99,34,true
776b426c-237a-4a1b-82d0-e7ce3c68a717,3f96bea4-9550-425b-9510-87ae5a7ea6de,2025,2025-12-15,4.2,84,55,false
4098865d-5072-4966-bd80-d068b25fd4d2,3f96bea4-9550-425b-9510-87ae5a7ea6de,2026,2026-12-15,2.2,70,60,false
39fdcff6-921c-4b02-8e81-27b45718e95e,891da385-8611-4e15-97e3-458e495d7276,2024,2024-12-15,3.6,91,29,false
ffe45cb0-3cf7-4f34-9cba-ddecab0a7dc1,891da385-8611-4e15-97e3-458e495d7276,2025,2025-12-15,3.2,78,49,false
eeb9ed6e-0134-4ca4-bc50-21453d199ad1,891da385-8611-4e15-97e3-458e495d7276,2026,2026-12-15,3.7,91,46,false
31a5ae92-486b-4e12-bf1f-232656c8eae4,ddd3ee9a-b633-461a-86d4-9de82e3ce069,2016,2016-12-15,4.7,69,58,false
b716de2f-d0c8-4c24-a424-69f73499b65e,ddd3ee9a-b633-461a-86d4-9de82e3ce069,2017,2017-12-15,4.7,80,59,true
53d84d27-743c-41b9-868c-81fe5c40e0ea,ddd3ee9a-b633-461a-86d4-9de82e3ce069,2018,2018-12-15,3.7,80,57,false
5aa70538-b871-40ce-bb99-296b0687d3fa,ddd3ee9a-b633-461a-86d4-9de82e3ce069,2019,2019-12-15,2.2,83,29,false
adbf80ca-bd31-48d8-95ed-afcd60f0bbf5,ddd3ee9a-b633-461a-86d4-9de82e3ce069,2020,2020-12-15,2.5,92,49,false
adc45bc1-6a9d-47aa-be3d-ceb410736636,ddd3ee9a-b633-461a-86d4-9de82e3ce069,2021,2021-12-15,4,72,52,false
c5f8498a-cf79-4aa9-bfb8-64da0c8ce28a,ddd3ee9a-b633-461a-86d4-9de82e3ce069,2022,2022-12-15,4,93,58,false
8b25594f-271a-4d90-b33a-88732ec5ef90,ddd3ee9a-b633-461a-86d4-9de82e3ce069,2023,2023-12-15,3,76,50,false
9ef85f27-8be1-43e4-8196-ce7fb5b0dfef,ddd3ee9a-b633-461a-86d4-9de82e3ce069,2024,2024-12-15,3.5,85,55,false
a667012f-8deb-46d8-a6f8-b438d495c27a,ddd3ee9a-b633-461a-86d4-9de82e3ce069,2025,2025-12-15,4.8,80,16,false
bdb01381-4978-4c79-a16c-6f382889c106,ddd3ee9a-b633-461a-86d4-9de82e3ce069,2026,2026-12-15,3.8,65,27,false
678b04f7-b937-4d1d-9f81-70de6716c0d5,b51584ab-d762-4045-bb6b-5103a077001d,2025,2025-12-15,3.6,90,49,false
ec5b243d-e285-46ea-a7b9-20247794cc93,b51584ab-d762-4045-bb6b-5103a077001d,2026,2026-12-15,3.5,63,28,false
31c9c69e-c85d-4597-92e4-122feffc0672,3b84bf0b-885b-464c-86df-9899a9ebfde9,2022,2022-12-15,4.9,90,41,true
af5747d9-8345-4f85-9827-4ed1b8c1d07c,3b84bf0b-885b-464c-86df-9899a9ebfde9,2023,2023-12-15,2.9,91,19,false
00183f41-d1e5-4230-91ba-0c497f6772cf,3b84bf0b-885b-464c-86df-9899a9ebfde9,2024,2024-12-15,4.2,83,26,false
946127d0-6196-499c-8e20-b18b3c297a42,3b84bf0b-885b-464c-86df-9899a9ebfde9,2025,2025-12-15,2.3,78,20,false
937c0a1e-d603-4e18-893d-313b8cb002f0,3b84bf0b-885b-464c-86df-9899a9ebfde9,2026,2026-12-15,4.3,71,25,false
0f3b2ed2-ca60-4cd6-a257-3e3d9bb2ce64,d4579b01-5df4-4a37-90a7-1be070bf7e05,2024,2024-12-15,4.2,88,45,false
1dd30291-eba6-4bcf-b4e5-7995311600cb,d4579b01-5df4-4a37-90a7-1be070bf7e05,2025,2025-12-15,4.8,60,37,true
125ec103-8d72-43ab-9def-26b2618bbd96,d4579b01-5df4-4a37-90a7-1be070bf7e05,2026,2026-12-15,4.6,68,23,true
90e186da-d63d-406f-be27-38110680094b,afca0a3e-a6d4-441c-9fd3-fc269529a200,2023,2023-12-15,2.2,74,17,false
8e49d55a-05d3-4fdf-99c9-42f7fd396d1c,afca0a3e-a6d4-441c-9fd3-fc269529a200,2024,2024-12-15,4.7,92,32,true
617654e9-eb40-4938-b469-f34c57ac97ae,afca0a3e-a6d4-441c-9fd3-fc269529a200,2025,2025-12-15,2.5,70,16,false
aebe4ca5-55e8-4bac-af04-c569cda2b3b8,afca0a3e-a6d4-441c-9fd3-fc269529a200,2026,2026-12-15,3.8,82,20,false
0f2903a7-e81a-4789-9310-9508d223cf9e,a35c2939-9d48-4a98-9ff3-b7eeb0c91455,2021,2021-12-15,3,77,32,false
cc8030ea-92e8-408d-b3ab-cfce4c71c225,a35c2939-9d48-4a98-9ff3-b7eeb0c91455,2022,2022-12-15,2.4,67,24,false
efbf7618-ef42-4a8e-89c2-6dc6700744dd,a35c2939-9d48-4a98-9ff3-b7eeb0c91455,2023,2023-12-15,4.5,87,18,true
969d798d-acd9-4418-a5b1-b7e87b94c426,a35c2939-9d48-4a98-9ff3-b7eeb0c91455,2024,2024-12-15,4.4,91,37,false
2fffb7a6-beb5-401d-8447-1447d72f92f0,a35c2939-9d48-4a98-9ff3-b7eeb0c91455,2025,2025-12-15,2.6,97,34,false
8b21f3c8-9e99-4a72-82b4-75fbcb1b2d4d,a35c2939-9d48-4a98-9ff3-b7eeb0c91455,2026,2026-12-15,3,97,44,false
fe7ee6e5-a106-4f34-9bf8-b5081af82d98,153e36d9-359e-4ce6-8d1e-0eb0c798fb3a,2023,2023-12-15,3,60,38,false
64b664fe-903a-4658-b059-b498d46fdffa,153e36d9-359e-4ce6-8d1e-0eb0c798fb3a,2024,2024-12-15,2.1,66,60,false
5f2449b4-4da8-43c9-b638-963bf7b00b44,153e36d9-359e-4ce6-8d1e-0eb0c798fb3a,2025,2025-12-15,2,67,20,false
e5e45a18-c212-4f16-b6f1-4ae5a04fe9ac,153e36d9-359e-4ce6-8d1e-0eb0c798fb3a,2026,2026-12-15,3.5,98,17,false
5a1e21bc-68fc-457b-b68c-dc65c0d7dfd4,7db84503-15be-4955-a77c-0223c0473f29,2022,2022-12-15,4.5,66,28,false
919792fd-45f1-4d5e-9847-77f8f0d5869c,7db84503-15be-4955-a77c-0223c0473f29,2023,2023-12-15,2.7,73,38,false
9b948117-b06d-404d-af9c-fea15611674c,7db84503-15be-4955-a77c-0223c0473f29,2024,2024-12-15,4.8,76,33,true
191a6c00-b531-4ec8-9590-60e61fc61da8,7db84503-15be-4955-a77c-0223c0473f29,2025,2025-12-15,4.3,100,53,false
641474b8-8e9a-4ff4-ba10-af19f10e4d10,7db84503-15be-4955-a77c-0223c0473f29,2026,2026-12-15,4.1,88,52,false
7b9e4f0c-3f4c-49f0-99b0-7c60e1c9b9cd,a511d1f2-3f42-46b1-8ce8-0fc1eda03484,2017,2017-12-15,3.6,79,19,false
d6e9074c-f78a-4fad-9511-7be10fa48a2e,a511d1f2-3f42-46b1-8ce8-0fc1eda03484,2018,2018-12-15,2.5,86,54,false
90ab7285-c9ce-4f55-bc2c-31510c69fd8a,a511d1f2-3f42-46b1-8ce8-0fc1eda03484,2019,2019-12-15,4.5,69,52,true
87f1fbbc-a6bf-4422-9d6a-d864c624efc8,a511d1f2-3f42-46b1-8ce8-0fc1eda03484,2020,2020-12-15,2.1,81,15,false
263e1d0b-cb7b-41f4-9e92-849bac184db9,a511d1f2-3f42-46b1-8ce8-0fc1eda03484,2021,2021-12-15,2.1,74,43,false
1ec294a3-f368-41f4-a41c-4091fda2686d,a511d1f2-3f42-46b1-8ce8-0fc1eda03484,2022,2022-12-15,2.9,83,38,false
e5b35b62-937c-4c2d-a445-1e87b774ad6d,a511d1f2-3f42-46b1-8ce8-0fc1eda03484,2023,2023-12-15,4.8,92,34,false
9305214d-81df-4747-be31-125bf154154e,a511d1f2-3f42-46b1-8ce8-0fc1eda03484,2024,2024-12-15,2.6,96,59,false
740c37e9-b95c-4040-9f7e-62cabbaeb0dd,a511d1f2-3f42-46b1-8ce8-0fc1eda03484,2025,2025-12-15,3.7,71,14,false
6b347e58-b782-4790-9cf0-99425d0379ce,a511d1f2-3f42-46b1-8ce8-0fc1eda03484,2026,2026-12-15,3.6,66,49,false
50b8e714-9f00-4816-980b-db07c553b53d,7b27d01b-4c72-4a2d-b7e1-21e87ff47c91,2017,2017-12-15,4.8,70,33,false
94cd9e40-0fde-4282-8f86-63d30f9823bf,7b27d01b-4c72-4a2d-b7e1-21e87ff47c91,2018,2018-12-15,4.7,60,10,true
f20f24ff-f549-4212-bddd-a8e8fc394b73,7b27d01b-4c72-4a2d-b7e1-21e87ff47c91,2019,2019-12-15,3.2,72,48,false
dfdf8599-a975-481c-96f7-ac9569336d13,7b27d01b-4c72-4a2d-b7e1-21e87ff47c91,2020,2020-12-15,3.8,96,28,false
9434975b-8932-45b6-a9c5-148b80e57195,7b27d01b-4c72-4a2d-b7e1-21e87ff47c91,2021,2021-12-15,3,65,51,false
773ef0b6-8809-49d2-8122-ee4fb594c710,7b27d01b-4c72-4a2d-b7e1-21e87ff47c91,2022,2022-12-15,3.6,79,40,false
369bc4ba-6cb6-44a3-ba73-7a658188f1cb,7b27d01b-4c72-4a2d-b7e1-21e87ff47c91,2023,2023-12-15,3.7,60,59,false
70824c02-e2b1-4b3a-a944-7b32bb4b0150,7b27d01b-4c72-4a2d-b7e1-21e87ff47c91,2024,2024-12-15,4.9,95,57,true
626b01d7-9196-4cad-a37e-e74fcfd8eefe,7b27d01b-4c72-4a2d-b7e1-21e87ff47c91,2025,2025-12-15,4.2,73,45,false
2bfa8aa7-1b8e-4f57-9c84-5b7c81b41632,7b27d01b-4c72-4a2d-b7e1-21e87ff47c91,2026,2026-12-15,4.5,63,45,false
293fc1d2-d455-46e6-8741-2f87ae5095b4,53c0c8af-143a-42cf-90ea-9fd153105cce,2021,2021-12-15,3.8,87,45,false
ebc73c45-af27-4a73-b892-bca794490c4b,53c0c8af-143a-42cf-90ea-9fd153105cce,2022,2022-12-15,3.7,87,13,false
cac3e21e-b37b-461b-8483-c8887086ad9a,53c0c8af-143a-42cf-90ea-9fd153105cce,2023,2023-12-15,4.9,85,24,false
59040d9d-8832-4cca-a8dc-8e790b3ef4db,53c0c8af-143a-42cf-90ea-9fd153105cce,2024,2024-12-15,4.9,94,42,false
92833ebb-50e6-45a8-b915-7eef7b9f6f62,53c0c8af-143a-42cf-90ea-9fd153105cce,2025,2025-12-15,2.1,96,55,false
d5d84c8e-b043-4795-b83e-f4210c592a84,53c0c8af-143a-42cf-90ea-9fd153105cce,2026,2026-12-15,2.6,85,41,false
a33724a5-e6e8-412a-b9c3-55ec0b9d97a5,857c90f7-22ad-4bf5-87d3-60a8c8682ce5,2023,2023-12-15,3.1,73,28,false
c58076f1-1261-44e0-a536-5be59935cd43,857c90f7-22ad-4bf5-87d3-60a8c8682ce5,2024,2024-12-15,2.5,94,16,false
4a76eaa4-4c61-4989-b8d9-09983303e23c,857c90f7-22ad-4bf5-87d3-60a8c8682ce5,2025,2025-12-15,3.3,73,48,false
832833ba-cce2-4b3c-8b16-2b6173885a84,857c90f7-22ad-4bf5-87d3-60a8c8682ce5,2026,2026-12-15,3.2,92,12,false
013514bc-26f6-47cd-8382-fadbf043348f,164cdecd-f99d-4e0f-b01f-de9cd224a8e7,2026,2026-12-15,3.2,89,54,false
3cd89ba6-6155-4f6d-a69c-791089e6b337,63ea8af5-49bb-4cc2-bd0b-f0db7263ce23,2018,2018-12-15,2.9,99,16,false
2f01eeaa-6285-4224-a994-2517c2daa13e,63ea8af5-49bb-4cc2-bd0b-f0db7263ce23,2019,2019-12-15,3.6,68,38,false
8900f626-bb71-4365-9a63-960bc104e4bf,63ea8af5-49bb-4cc2-bd0b-f0db7263ce23,2020,2020-12-15,4.1,63,48,false
85eb47c5-2ad1-49a5-96f8-15228ac024c1,63ea8af5-49bb-4cc2-bd0b-f0db7263ce23,2021,2021-12-15,4.4,88,12,false
85b809a6-4487-444e-a8ee-12423fec47ba,63ea8af5-49bb-4cc2-bd0b-f0db7263ce23,2022,2022-12-15,4.2,67,37,false
dcb250d7-e6cd-46bd-b1d9-a2d3fe5151dd,63ea8af5-49bb-4cc2-bd0b-f0db7263ce23,2023,2023-12-15,2.8,90,37,false
28f23fd9-000b-410e-b1fa-5a57dda67a0f,63ea8af5-49bb-4cc2-bd0b-f0db7263ce23,2024,2024-12-15,2.5,83,14,false
f0f976e4-684c-4106-94f2-c6167eb03969,63ea8af5-49bb-4cc2-bd0b-f0db7263ce23,2025,2025-12-15,5,89,11,true
946b4685-bbee-43bd-954f-046cd36578ef,63ea8af5-49bb-4cc2-bd0b-f0db7263ce23,2026,2026-12-15,3.3,61,33,false
0d8f1773-da0b-44c7-94c5-e4c773e61114,3e2d6ef6-a477-4105-9cbc-0447b18f56b2,2020,2020-12-15,4.4,96,32,false
d3c90180-0a3c-4195-9706-d67535397951,3e2d6ef6-a477-4105-9cbc-0447b18f56b2,2021,2021-12-15,3.2,99,25,false
78697340-ecb1-4e1b-8eee-7e85f2007122,3e2d6ef6-a477-4105-9cbc-0447b18f56b2,2022,2022-12-15,4.4,88,30,false
683ff0e6-4663-45da-829a-c06159de6f0e,3e2d6ef6-a477-4105-9cbc-0447b18f56b2,2023,2023-12-15,3.4,91,58,false
42a9da64-10c1-4454-8330-dfeba4f5af16,3e2d6ef6-a477-4105-9cbc-0447b18f56b2,2024,2024-12-15,4.4,84,19,false
33c5022a-15e2-49b3-b4f3-78e30a5af68d,3e2d6ef6-a477-4105-9cbc-0447b18f56b2,2025,2025-12-15,2.2,87,13,false
73eed6bd-abc9-47ba-b6d7-007cc95ebb6f,3e2d6ef6-a477-4105-9cbc-0447b18f56b2,2026,2026-12-15,3.8,91,39,false
f8ee457c-bb8d-4ade-826a-ec0d21309a56,30cbbd22-243e-4f2b-8b80-7eda9664bb1b,2017,2017-12-15,5,93,21,false
8869f718-ec2e-4c3b-9346-63a114ea5278,30cbbd22-243e-4f2b-8b80-7eda9664bb1b,2018,2018-12-15,3.4,95,14,false
99c0e277-7652-4e59-a4eb-5433341bad17,30cbbd22-243e-4f2b-8b80-7eda9664bb1b,2019,2019-12-15,4.2,93,51,false
92e24b7b-501f-4a28-8729-2317bea6be3c,30cbbd22-243e-4f2b-8b80-7eda9664bb1b,2020,2020-12-15,4.1,77,24,false
8bb50157-c060-44b8-a942-ecef2313a345,30cbbd22-243e-4f2b-8b80-7eda9664bb1b,2021,2021-12-15,4.2,61,34,false
0bac5caf-b66c-4849-9f02-c832407b4c4c,30cbbd22-243e-4f2b-8b80-7eda9664bb1b,2022,2022-12-15,2.1,99,47,false
b4b9598c-56c4-4ac4-9202-3edd9867867d,30cbbd22-243e-4f2b-8b80-7eda9664bb1b,2023,2023-12-15,3.8,94,47,false
1c494b1a-096f-479b-8369-2e3cbd1f9dbc,30cbbd22-243e-4f2b-8b80-7eda9664bb1b,2024,2024-12-15,3.1,70,19,false
a594df5b-699c-4751-ad29-baed68520117,30cbbd22-243e-4f2b-8b80-7eda9664bb1b,2025,2025-12-15,4.1,85,23,false
c752cb6a-42ec-4dd6-8540-9a628fdf2eae,30cbbd22-243e-4f2b-8b80-7eda9664bb1b,2026,2026-12-15,2.9,72,52,false
9a8bdc95-12f4-42df-a876-1ff6039ce924,35de6050-e5ca-4246-a36d-2ed83ac0b993,2022,2022-12-15,4.8,100,37,true
dff0b484-b78e-46fa-baf4-db2882e436ca,35de6050-e5ca-4246-a36d-2ed83ac0b993,2023,2023-12-15,3.6,66,48,false
341c9331-2c03-409a-9033-2cb3bb915f30,35de6050-e5ca-4246-a36d-2ed83ac0b993,2024,2024-12-15,2.6,64,58,false
5c64bd6f-3c1e-4566-8e89-1d07a41f2e55,35de6050-e5ca-4246-a36d-2ed83ac0b993,2025,2025-12-15,4.2,99,57,false
ca68ef0a-886e-4f7c-b0d3-be1c4bb5788e,35de6050-e5ca-4246-a36d-2ed83ac0b993,2026,2026-12-15,3,81,49,false
170b5fcb-32b5-4b1d-8546-4c4e188dd2c0,f031f4b5-0af6-40d4-864f-1b4510c6b826,2025,2025-12-15,4,90,19,false
82b1b3a7-1268-4734-9bcf-8213e7327887,f031f4b5-0af6-40d4-864f-1b4510c6b826,2026,2026-12-15,2.9,87,16,false
116b64f6-75d5-4907-96ae-de68fc389da7,dd5408b5-a2f9-493a-8594-e9dc4413cecb,2021,2021-12-15,2.7,65,32,false
fe85ec9e-9e05-43ce-8eb9-182c6ab22435,dd5408b5-a2f9-493a-8594-e9dc4413cecb,2022,2022-12-15,2.8,80,48,false
00cccb86-0d37-41ea-a6b4-29074a595b1c,dd5408b5-a2f9-493a-8594-e9dc4413cecb,2023,2023-12-15,3.1,64,42,false
912d6351-b546-494a-9a48-118d9952a57d,dd5408b5-a2f9-493a-8594-e9dc4413cecb,2024,2024-12-15,2.7,78,44,false
51c480c0-528a-46f5-94ab-0f87be0e0b4b,dd5408b5-a2f9-493a-8594-e9dc4413cecb,2025,2025-12-15,4,83,20,false
0bc16862-7270-4efc-8982-fef05ee138b9,dd5408b5-a2f9-493a-8594-e9dc4413cecb,2026,2026-12-15,5,85,44,false
453ca47c-4957-4480-93a1-76daa1b64aca,aa5ba654-63eb-4b30-9fa0-a9b506664837,2023,2023-12-15,3.2,96,46,false
b7b18fca-7ddf-49e2-8e0d-8851f2c4fe50,aa5ba654-63eb-4b30-9fa0-a9b506664837,2024,2024-12-15,2.7,63,16,false
66292492-973c-4b63-9109-7d7858e352a0,aa5ba654-63eb-4b30-9fa0-a9b506664837,2025,2025-12-15,2.2,87,20,false
5be08f4f-3a8a-47af-98f8-3c0dd2abfc3a,aa5ba654-63eb-4b30-9fa0-a9b506664837,2026,2026-12-15,3.8,91,58,false
a82cf1d2-d643-47af-a3fb-34fc23668bca,a700aaa9-a00d-42ee-88e8-bae0ceaa1610,2019,2019-12-15,2.3,98,25,false
44fa8222-bd52-47c9-a526-324a84d8ed48,a700aaa9-a00d-42ee-88e8-bae0ceaa1610,2020,2020-12-15,4.8,70,45,true
953859f9-4cf3-442e-876b-f4a2a455b206,a700aaa9-a00d-42ee-88e8-bae0ceaa1610,2021,2021-12-15,4.8,93,55,false
ae2803f3-0307-4472-9efd-80f9b356505f,a700aaa9-a00d-42ee-88e8-bae0ceaa1610,2022,2022-12-15,4.2,72,56,false
d63fa73e-9079-40a1-9f0a-62f7e6dd9854,a700aaa9-a00d-42ee-88e8-bae0ceaa1610,2023,2023-12-15,3.8,62,40,false
932d49ab-0eea-44c8-a30b-cc0f290ed574,a700aaa9-a00d-42ee-88e8-bae0ceaa1610,2024,2024-12-15,2.1,70,26,false
eb7056df-c62f-4a3a-aecc-d239bbeeee7a,a700aaa9-a00d-42ee-88e8-bae0ceaa1610,2025,2025-12-15,2.4,87,37,false
26b7ed33-6940-45b9-b044-e84c504973f4,a700aaa9-a00d-42ee-88e8-bae0ceaa1610,2026,2026-12-15,4.3,100,57,false
8bb91986-bb61-4b1e-9e8c-2d09719abdb6,3c793c83-b5d2-4c1e-ba41-d4343667fa67,2021,2021-12-15,3.5,95,34,false
d5cc85d4-cbc0-448b-ba96-2a6a00fe4cb7,3c793c83-b5d2-4c1e-ba41-d4343667fa67,2022,2022-12-15,4.5,81,24,true
9f61a8fd-ec25-4cba-8af0-72a49051478d,3c793c83-b5d2-4c1e-ba41-d4343667fa67,2023,2023-12-15,2.7,63,25,false
d49340b1-e90e-4423-9220-5067029bacf3,3c793c83-b5d2-4c1e-ba41-d4343667fa67,2024,2024-12-15,3.3,77,12,false
fd72701c-1771-4304-b708-2ddeb789d0ca,3c793c83-b5d2-4c1e-ba41-d4343667fa67,2025,2025-12-15,4.8,75,32,true
79ecdc32-9d99-4057-a121-16a35e19d031,3c793c83-b5d2-4c1e-ba41-d4343667fa67,2026,2026-12-15,4.2,80,11,false
d44d774a-8b09-46cf-9c63-31cd7098502b,b81ac3ac-b77b-4f53-9b27-3be43f27863f,2026,2026-12-15,4.6,97,36,true
ba286bb1-24d2-466c-895c-24f6b38cfc8b,f5ce14b8-9404-484b-8a8f-6bc3648ce6be,2026,2026-12-15,4,64,21,false
30f8b751-7e8e-4466-a740-2fb03c44d82d,0ae1930c-73b7-4a96-9c27-86cc74e6674d,2017,2017-12-15,3.9,70,59,false
b29819a3-3ad5-4bc5-8786-44a190f740ee,0ae1930c-73b7-4a96-9c27-86cc74e6674d,2018,2018-12-15,3.1,95,35,false
362d10ec-281b-4b52-807b-83ac5185b468,0ae1930c-73b7-4a96-9c27-86cc74e6674d,2019,2019-12-15,2.5,92,32,false
e9d887a0-5728-42b1-9d10-d25aad3f885a,0ae1930c-73b7-4a96-9c27-86cc74e6674d,2020,2020-12-15,3.4,65,17,false
ad5860b6-970b-48b6-9a66-8a18aebd0320,0ae1930c-73b7-4a96-9c27-86cc74e6674d,2021,2021-12-15,4.8,95,12,true
4ebf2c8c-ec79-48b1-ae02-81346c9a715f,0ae1930c-73b7-4a96-9c27-86cc74e6674d,2022,2022-12-15,2.9,79,47,false
9e3c3445-b7aa-435e-a42d-b45167014234,0ae1930c-73b7-4a96-9c27-86cc74e6674d,2023,2023-12-15,2,85,31,false
ca8c3a51-d78f-4295-b428-64e0fb5f7bfd,0ae1930c-73b7-4a96-9c27-86cc74e6674d,2024,2024-12-15,4.3,82,33,false
b5b2c9ef-b02e-4c0e-b3c1-1cd0d777f5da,0ae1930c-73b7-4a96-9c27-86cc74e6674d,2025,2025-12-15,4.2,86,60,false
674f2195-0030-4ee2-b912-018e66099268,0ae1930c-73b7-4a96-9c27-86cc74e6674d,2026,2026-12-15,3.1,96,47,false
0c30161e-9019-4233-92c7-833f354b1780,0d39f601-db45-4d94-80fc-af9657a7577b,2025,2025-12-15,2.9,88,21,false
239723eb-6c56-4d35-88e4-c722ada81d18,0d39f601-db45-4d94-80fc-af9657a7577b,2026,2026-12-15,3.4,64,51,false
c84d0406-2a15-422f-a9a8-afbee0252a8d,c35ede2b-81c0-4f9a-b989-74819a977673,2023,2023-12-15,2.1,90,15,false
206c8366-7d97-45dc-8732-e26eb0158128,c35ede2b-81c0-4f9a-b989-74819a977673,2024,2024-12-15,3.6,75,12,false
202b4ed7-c8d1-4854-8177-3721f97fc83b,c35ede2b-81c0-4f9a-b989-74819a977673,2025,2025-12-15,4.1,60,12,false
0f46f013-eaa5-4a8c-9135-0ccf7b001cea,c35ede2b-81c0-4f9a-b989-74819a977673,2026,2026-12-15,3.5,78,17,false
8c4d67d5-4d98-4356-8736-38ba6190c11d,61dae17f-9258-4064-9c7e-c0ad712a0c92,2026,2026-12-15,4.4,97,13,false
20c37825-eed7-4b2d-9340-4f0faf16fd78,efc679de-95ae-4f43-8723-9cbc533618a5,2024,2024-12-15,2,80,50,false
47a7e5fd-7e02-4d8d-9b5f-517e143abd3c,efc679de-95ae-4f43-8723-9cbc533618a5,2025,2025-12-15,2.3,78,42,false
788ea68a-0734-4245-988a-0ba0d6b31654,efc679de-95ae-4f43-8723-9cbc533618a5,2026,2026-12-15,3.7,96,26,false
cc01cf28-2f42-4aea-aed5-7e01f94bd788,f94574b7-6a04-40b1-900b-eea46257330a,2020,2020-12-15,2,88,53,false
f2976086-fd51-460e-83ed-da1e48befde0,f94574b7-6a04-40b1-900b-eea46257330a,2021,2021-12-15,2.8,71,41,false
df772ab7-9d58-4aec-9688-6409a5e354d9,f94574b7-6a04-40b1-900b-eea46257330a,2022,2022-12-15,2.2,79,34,false
a007908c-0106-4de9-b66e-918fe026046d,f94574b7-6a04-40b1-900b-eea46257330a,2023,2023-12-15,3.2,98,56,false
f77c6ba8-4f91-44a3-8ae0-7a2d822cd3c0,f94574b7-6a04-40b1-900b-eea46257330a,2024,2024-12-15,3.8,63,41,false
0fb324b3-f0e8-49d8-8c57-b42702a5ffd9,f94574b7-6a04-40b1-900b-eea46257330a,2025,2025-12-15,3.8,77,21,false
920a5b15-b114-4d8c-90e8-906667479863,f94574b7-6a04-40b1-900b-eea46257330a,2026,2026-12-15,2.2,70,57,false
0da5b695-0d92-4428-9f73-44b202b2b79b,1929b0d2-8c21-4d3c-af92-653d47525339,2020,2020-12-15,2.8,81,39,false
b7942ad3-7c00-4c76-a1ce-bf3a0606a83f,1929b0d2-8c21-4d3c-af92-653d47525339,2021,2021-12-15,4.6,92,19,false
ad4dc0e6-575a-4fa5-8d1c-ddbde7bfb91f,1929b0d2-8c21-4d3c-af92-653d47525339,2022,2022-12-15,2.2,96,23,false
b43893d5-ce1e-4d5b-a9e4-efec82396892,1929b0d2-8c21-4d3c-af92-653d47525339,2023,2023-12-15,2.4,71,20,false
4dac88d7-95c7-40d0-9a1a-8f8b891c2cb3,1929b0d2-8c21-4d3c-af92-653d47525339,2024,2024-12-15,3.7,95,20,false
886d22da-69ab-490a-9c3a-c3d33891c779,1929b0d2-8c21-4d3c-af92-653d47525339,2025,2025-12-15,3,64,29,false
6474606a-8725-4d78-a1f5-023e7bb83a33,1929b0d2-8c21-4d3c-af92-653d47525339,2026,2026-12-15,4.3,79,30,false
5d0e45c7-12f2-4ab4-9a16-b7d687bee2c8,1891210e-5c22-4407-a48c-b15d94eb8d00,2026,2026-12-15,4.9,88,28,false
108b53e4-a723-4afc-a32d-5dd86a872a68,425b5cfb-d10a-495e-ac00-0650023c1d75,2026,2026-12-15,4.6,98,23,false
62790c4b-864c-4fce-be64-c59d093231e5,7233f83a-2b1f-462c-ab9e-5f4fe792a184,2018,2018-12-15,3.9,63,31,false
97acfadf-3491-4b99-95bf-b682390d95bf,7233f83a-2b1f-462c-ab9e-5f4fe792a184,2019,2019-12-15,2.1,86,41,false
16cd3258-ab6b-4639-b1d6-e2ffac5b2e12,7233f83a-2b1f-462c-ab9e-5f4fe792a184,2020,2020-12-15,2.5,75,43,false
d08f7ceb-25a1-4819-80f0-a35b0c77c1fd,7233f83a-2b1f-462c-ab9e-5f4fe792a184,2021,2021-12-15,4.8,95,49,false
069964ba-b46b-48b7-b4c8-c6c4e93a8f4f,7233f83a-2b1f-462c-ab9e-5f4fe792a184,2022,2022-12-15,3.4,92,25,false
2e52ee12-f200-4888-8a39-8b148d33982b,7233f83a-2b1f-462c-ab9e-5f4fe792a184,2023,2023-12-15,3,97,55,false
5daa9c0c-8e5f-423d-8c93-d3ae822a0e7f,7233f83a-2b1f-462c-ab9e-5f4fe792a184,2024,2024-12-15,4.3,92,33,false
a09969d4-c92f-4e6b-9fac-1391e91f1202,7233f83a-2b1f-462c-ab9e-5f4fe792a184,2025,2025-12-15,4.7,64,50,false
bb1a61e1-ac6d-400d-96a6-e2db2731c4e6,7233f83a-2b1f-462c-ab9e-5f4fe792a184,2026,2026-12-15,3.6,62,22,false
020094ef-26dc-47bf-bb10-81637576a71b,9b7f8d5d-d5d6-4c93-b4f8-b70c6b20b7e9,2022,2022-12-15,3.3,83,41,false
d1369271-09a0-444c-acb6-1dba368dd6f7,9b7f8d5d-d5d6-4c93-b4f8-b70c6b20b7e9,2023,2023-12-15,3.5,89,59,false
fd6e26fa-f778-4831-ad6e-5e62a3619cf2,9b7f8d5d-d5d6-4c93-b4f8-b70c6b20b7e9,2024,2024-12-15,3,90,46,false
6ed41e42-ebb7-42f3-8604-5c08c8b4204b,9b7f8d5d-d5d6-4c93-b4f8-b70c6b20b7e9,2025,2025-12-15,3.3,89,10,false
2d42caed-831b-414d-ab6a-3a463d818d67,9b7f8d5d-d5d6-4c93-b4f8-b70c6b20b7e9,2026,2026-12-15,3.3,68,46,false
303b7201-4c53-4acf-881e-6f3bf49a1ecb,13f4f9d1-fdd6-4375-8e84-0394afb4507e,2021,2021-12-15,4.5,70,48,false
5b1753f5-3b43-4ffd-92b6-5140ab55fadc,13f4f9d1-fdd6-4375-8e84-0394afb4507e,2022,2022-12-15,3.3,93,26,false
1d18350e-1ad0-4552-96d9-0e4487127df1,13f4f9d1-fdd6-4375-8e84-0394afb4507e,2023,2023-12-15,3.1,89,28,false
0afaadfe-7b51-41ee-bb56-628e099ccd83,13f4f9d1-fdd6-4375-8e84-0394afb4507e,2024,2024-12-15,2.7,96,39,false
ed1d8e14-1f5b-4f7f-a361-ace128cbdf84,13f4f9d1-fdd6-4375-8e84-0394afb4507e,2025,2025-12-15,4.8,66,18,false
77855409-ede7-446d-98bf-357335bb5e5f,13f4f9d1-fdd6-4375-8e84-0394afb4507e,2026,2026-12-15,4.5,66,48,false
bc87db15-51b8-4706-9237-064dccece261,8bbcf34f-fa49-4736-883b-1412f1424334,2021,2021-12-15,3.5,71,29,false
a996c08d-008e-407c-b629-396424f9001b,8bbcf34f-fa49-4736-883b-1412f1424334,2022,2022-12-15,3.6,99,30,false
bb52c674-48ae-4f09-883e-c7d688fa2aa0,8bbcf34f-fa49-4736-883b-1412f1424334,2023,2023-12-15,2.4,62,40,false
ed0e02e9-3dda-41eb-bd6e-8175180ed958,8bbcf34f-fa49-4736-883b-1412f1424334,2024,2024-12-15,2.7,96,53,false
cce5ded8-b051-4625-9e92-f960f3efd497,8bbcf34f-fa49-4736-883b-1412f1424334,2025,2025-12-15,2.7,72,17,false
a3374815-d489-4160-9935-a70c021427b0,8bbcf34f-fa49-4736-883b-1412f1424334,2026,2026-12-15,3.3,73,50,false
fc1730df-1930-432e-b832-b001c7dd9cfb,8dc18e79-f634-44bd-9889-af51cddcde88,2026,2026-12-15,4.4,92,50,false
9dca6afe-10a8-4502-a499-56bf00e3edb7,a8042b6d-b4a1-4a7f-898e-5df959e8e775,2025,2025-12-15,4,79,46,false
71294d2b-507d-4763-9723-060fac0db61d,a8042b6d-b4a1-4a7f-898e-5df959e8e775,2026,2026-12-15,3.3,98,47,false
5bc14224-d61b-4c7d-be54-2a5904e30879,54b9faeb-4ca8-4631-9d61-6e8f5e6d513d,2022,2022-12-15,3.7,71,36,false
f914e40f-c310-4354-825e-5dd250839752,54b9faeb-4ca8-4631-9d61-6e8f5e6d513d,2023,2023-12-15,2.4,85,17,false
233e86d5-e590-4407-b1dc-3c07c11a582d,54b9faeb-4ca8-4631-9d61-6e8f5e6d513d,2024,2024-12-15,3.9,100,17,false
315899f7-1e4a-429e-b9d3-9452907e3114,54b9faeb-4ca8-4631-9d61-6e8f5e6d513d,2025,2025-12-15,2.6,86,31,false
c99c2c65-6a8f-46c9-87dc-d9eec93c508c,54b9faeb-4ca8-4631-9d61-6e8f5e6d513d,2026,2026-12-15,4.9,78,53,true
66fe1c6c-cd02-4620-b3f3-ddb8d0827f47,da2f17b0-9937-4a5e-bf09-5c0687bec253,2025,2025-12-15,4,69,56,false
a5e5d1b7-7876-4b66-814d-d7efc2c9d6b0,da2f17b0-9937-4a5e-bf09-5c0687bec253,2026,2026-12-15,3.1,68,14,false
c99eb328-9f9f-4e6b-b69a-9646ab4f6522,415b86a1-447e-411f-9904-2570e6e1fdd9,2017,2017-12-15,2.3,92,25,false
cdf202bb-57c3-4499-b8fe-c2fcb78c98d3,415b86a1-447e-411f-9904-2570e6e1fdd9,2018,2018-12-15,4.5,85,51,false
8e822fd6-21f9-4cc0-8165-b6a5feaf215c,415b86a1-447e-411f-9904-2570e6e1fdd9,2019,2019-12-15,3.3,93,53,false
34a0b7b8-f77a-41f8-8a6f-0328e3df6670,415b86a1-447e-411f-9904-2570e6e1fdd9,2020,2020-12-15,3.4,87,27,false
ff04d56f-c1a6-46cb-91c5-39fb340bd6d8,415b86a1-447e-411f-9904-2570e6e1fdd9,2021,2021-12-15,4.7,70,39,true
bb1bbaa5-7a61-4a63-bf60-46010aa62596,415b86a1-447e-411f-9904-2570e6e1fdd9,2022,2022-12-15,3.5,66,45,false
1e55db01-b16b-4f7e-8359-1e31a2bc4585,415b86a1-447e-411f-9904-2570e6e1fdd9,2023,2023-12-15,4.7,87,18,true
bf69b5cb-add9-41f7-a6a4-7667c8e32bcf,415b86a1-447e-411f-9904-2570e6e1fdd9,2024,2024-12-15,2.8,73,19,false
12af5003-f116-4dad-93bc-373135e4a235,415b86a1-447e-411f-9904-2570e6e1fdd9,2025,2025-12-15,4.4,87,45,false
801a9cd2-768d-4119-901b-6226abfbba38,415b86a1-447e-411f-9904-2570e6e1fdd9,2026,2026-12-15,2.5,81,20,false
3e8e740f-b898-47d2-9a76-1ad296c33632,3547a4ae-e653-4fd6-9e4f-db2bce0fb0e3,2017,2017-12-15,4.6,69,50,false
6accc266-10c5-49c8-a56d-54cdf3af9508,3547a4ae-e653-4fd6-9e4f-db2bce0fb0e3,2018,2018-12-15,3.1,97,45,false
5364fbfa-bffd-4d1b-b709-7808dcfac571,3547a4ae-e653-4fd6-9e4f-db2bce0fb0e3,2019,2019-12-15,3.2,82,22,false
0b90a432-b332-4660-94b8-8fdba83e9062,3547a4ae-e653-4fd6-9e4f-db2bce0fb0e3,2020,2020-12-15,2.8,76,45,false
972f09e0-4e5b-41a4-844c-b521918e1a94,3547a4ae-e653-4fd6-9e4f-db2bce0fb0e3,2021,2021-12-15,4.4,87,45,false
5c19cd89-c692-40c6-8ec6-a7fbc5d41c33,3547a4ae-e653-4fd6-9e4f-db2bce0fb0e3,2022,2022-12-15,4.3,87,44,false
f84419e3-b503-4c55-a0c8-b55a3c7192e7,3547a4ae-e653-4fd6-9e4f-db2bce0fb0e3,2023,2023-12-15,3.1,72,12,false
891533b8-1806-495c-9920-33597abe1173,3547a4ae-e653-4fd6-9e4f-db2bce0fb0e3,2024,2024-12-15,4.5,68,11,false
c0448b6f-153c-48c9-81f8-1275473f8d66,3547a4ae-e653-4fd6-9e4f-db2bce0fb0e3,2025,2025-12-15,2.1,76,37,false
ece29bba-5604-4c90-bc78-e42110725d3a,3547a4ae-e653-4fd6-9e4f-db2bce0fb0e3,2026,2026-12-15,5,81,38,false
093982f0-e1f0-4ae7-8947-a8f6c5c32332,728f6baa-c7d5-46b4-9758-7c1f94d5dfd7,2022,2022-12-15,4.5,89,26,false
c98b5c32-5579-4f96-9ca7-1632ca8114a9,728f6baa-c7d5-46b4-9758-7c1f94d5dfd7,2023,2023-12-15,4.7,61,22,false
1f66a332-f080-4c5e-bf32-0324e55cb45f,728f6baa-c7d5-46b4-9758-7c1f94d5dfd7,2024,2024-12-15,2.8,61,17,false
72e9d31d-000b-4582-a4a9-d4aece26b6f5,728f6baa-c7d5-46b4-9758-7c1f94d5dfd7,2025,2025-12-15,4,95,26,false
e28d43e2-effc-454b-b5c1-e857471f3177,728f6baa-c7d5-46b4-9758-7c1f94d5dfd7,2026,2026-12-15,2.1,86,16,false
f7ea36fe-69bc-4c1d-9b4c-9af9404c4b15,a93c4e3c-ae9e-45cc-9e4e-cbbc80a2f4a2,2022,2022-12-15,3,78,48,false
6c1657b5-5a38-4be3-b265-fd40c1a26977,a93c4e3c-ae9e-45cc-9e4e-cbbc80a2f4a2,2023,2023-12-15,3.4,93,31,false
02730932-b9a7-4636-a7f2-2a6bcf40611e,a93c4e3c-ae9e-45cc-9e4e-cbbc80a2f4a2,2024,2024-12-15,2.4,81,22,false
dfcb31ca-d40a-430c-a4f0-d45ab2389aa5,a93c4e3c-ae9e-45cc-9e4e-cbbc80a2f4a2,2025,2025-12-15,2.8,60,22,false
cc44c0a0-ba8a-4b20-9425-8287fd5b6ca5,a93c4e3c-ae9e-45cc-9e4e-cbbc80a2f4a2,2026,2026-12-15,2.3,89,39,false
0f23d0f5-98c8-48d9-8eb1-7f627fbdd9c3,590abfa1-ce8b-4a0f-81e2-d19ef0343901,2017,2017-12-15,3.6,90,29,false
44a95819-37d5-4eea-b84e-979a35644bda,590abfa1-ce8b-4a0f-81e2-d19ef0343901,2018,2018-12-15,2.8,67,22,false
83083492-4cae-4b97-823b-915663b68cdb,590abfa1-ce8b-4a0f-81e2-d19ef0343901,2019,2019-12-15,3.1,92,18,false
f119dbdf-eb8c-443d-abb5-ec2cd69ff2ba,590abfa1-ce8b-4a0f-81e2-d19ef0343901,2020,2020-12-15,2.8,86,20,false
a1d2f86d-d429-4cd9-8182-7647cf6e32fb,590abfa1-ce8b-4a0f-81e2-d19ef0343901,2021,2021-12-15,2.4,94,44,false
5614cf9d-1bc1-4bac-a04e-d31bab68dc42,590abfa1-ce8b-4a0f-81e2-d19ef0343901,2022,2022-12-15,2.2,84,57,false
7bab3ab9-128d-418e-92db-07dc0b6e09c6,590abfa1-ce8b-4a0f-81e2-d19ef0343901,2023,2023-12-15,2.5,68,34,false
5943bb18-b79f-4e46-8d22-2ab7f7389101,590abfa1-ce8b-4a0f-81e2-d19ef0343901,2024,2024-12-15,4.7,90,27,false
f521cd6a-2601-44a5-9e8c-8d9e1c916f58,590abfa1-ce8b-4a0f-81e2-d19ef0343901,2025,2025-12-15,2.4,92,17,false
f059b22e-6ce9-43e7-8d61-8352e309d2ab,590abfa1-ce8b-4a0f-81e2-d19ef0343901,2026,2026-12-15,2.1,64,27,false
4d97757d-7186-4fcb-9ad8-a9e950fe7df9,935090e5-07f7-4727-9660-e88b2efdc951,2018,2018-12-15,3.4,87,51,false
a9b7d01b-8aff-4a55-839b-adf76dcaa3a3,935090e5-07f7-4727-9660-e88b2efdc951,2019,2019-12-15,4.2,63,34,false
abe26b7f-733a-45e7-9984-1d50f8dbda2c,935090e5-07f7-4727-9660-e88b2efdc951,2020,2020-12-15,2.7,67,12,false
5b27fd02-dcf2-4514-a4c1-03ea8364e51e,935090e5-07f7-4727-9660-e88b2efdc951,2021,2021-12-15,2,92,44,false
a76b0b8d-a83d-45c8-92f9-7340eb9d60ec,935090e5-07f7-4727-9660-e88b2efdc951,2022,2022-12-15,4.9,79,36,false
7b796457-a5a7-465e-b24b-43c1ab40b440,935090e5-07f7-4727-9660-e88b2efdc951,2023,2023-12-15,3.5,73,27,false
0767cd61-2fdc-4b96-823a-b698df4c50b3,935090e5-07f7-4727-9660-e88b2efdc951,2024,2024-12-15,4.3,96,12,false
a86bac4a-bfea-41b9-9cf3-ff237f5d8de7,935090e5-07f7-4727-9660-e88b2efdc951,2025,2025-12-15,2.8,87,55,false
6dbf95a0-2e55-4681-a625-637ef201a170,935090e5-07f7-4727-9660-e88b2efdc951,2026,2026-12-15,4,100,29,false
77891695-a5e7-4344-97a7-8b695f5514b9,85cb7e8e-3649-4503-9bbc-1155e2c07f09,2023,2023-12-15,4.4,98,54,false
54932a1a-8805-4020-aa5a-3b8ac2342e4a,85cb7e8e-3649-4503-9bbc-1155e2c07f09,2024,2024-12-15,4,96,43,false
a8c6e318-b4d2-4f78-81dd-1125b2bbe538,85cb7e8e-3649-4503-9bbc-1155e2c07f09,2025,2025-12-15,3.1,70,21,false
11d5f260-de49-4237-b957-358d57249985,85cb7e8e-3649-4503-9bbc-1155e2c07f09,2026,2026-12-15,2.8,98,13,false
4d31583d-1b8a-4ffa-8505-e9b4acc687dd,b0960f3d-32e8-4b87-a639-670b4ee15fcc,2025,2025-12-15,3,72,43,false
4f5b213d-ef27-4c55-a5ad-a4af8bad7331,b0960f3d-32e8-4b87-a639-670b4ee15fcc,2026,2026-12-15,2.8,62,24,false
94f24bfb-e79b-4efd-a278-4778e2d8c38c,a0502e0c-c265-49cc-919d-00c24eef8a44,2022,2022-12-15,3.3,93,52,false
7f6b1194-70b9-41c9-a2fa-2f6d8b79a5c4,a0502e0c-c265-49cc-919d-00c24eef8a44,2023,2023-12-15,2.4,64,10,false
8975388d-5efd-4232-8269-f15c2e4f61cd,a0502e0c-c265-49cc-919d-00c24eef8a44,2024,2024-12-15,3.2,89,11,false
f7cb8469-8826-4f50-98cf-59f833981d09,a0502e0c-c265-49cc-919d-00c24eef8a44,2025,2025-12-15,2.8,93,12,false
c0bcc321-c000-436c-9ba3-7f9de81026c3,a0502e0c-c265-49cc-919d-00c24eef8a44,2026,2026-12-15,4.1,79,40,false
d2c6473f-e2ab-4547-9c89-6293aeef62bd,f9177c39-864b-4304-9def-d3b29ece49ca,2026,2026-12-15,3.9,66,49,false
74e0f187-1b74-4d83-be99-97e6bb4dec0f,2ffa7266-27d9-485f-80dc-7503e461639d,2023,2023-12-15,2.3,96,13,false
0dba7205-4e7e-4a2e-9c72-cb68cf7fa5e6,2ffa7266-27d9-485f-80dc-7503e461639d,2024,2024-12-15,2.7,88,56,false
0efe39c6-513e-4332-98c0-b0fdf3149125,2ffa7266-27d9-485f-80dc-7503e461639d,2025,2025-12-15,3.9,66,25,false
18bf6d44-86b7-45c9-8be7-3106c2772802,2ffa7266-27d9-485f-80dc-7503e461639d,2026,2026-12-15,2.7,69,44,false
7ca4cb23-4fa4-41cd-a5c8-c17947fb195b,6cf7e23c-855f-442d-8da9-b6d9b7470361,2026,2026-12-15,4.2,83,48,false
7db8fdd6-9a2f-4252-a775-0019981f3c52,ba53b816-74e1-4106-bba1-00df8675899f,2021,2021-12-15,3.4,86,50,false
ac187ec5-870a-4348-97f4-a6791789fba9,ba53b816-74e1-4106-bba1-00df8675899f,2022,2022-12-15,2.7,72,40,false
26dce660-dda4-447b-ab7d-590723e2bb27,ba53b816-74e1-4106-bba1-00df8675899f,2023,2023-12-15,4.4,63,42,false
d11b224e-273c-4356-b1a8-fffee6fac008,ba53b816-74e1-4106-bba1-00df8675899f,2024,2024-12-15,3.6,76,35,false
97cd7d13-cbb7-452d-8eeb-d1ce279f3f96,ba53b816-74e1-4106-bba1-00df8675899f,2025,2025-12-15,4.9,92,45,true
5d969bfb-51d0-447b-a126-a70039dba84d,ba53b816-74e1-4106-bba1-00df8675899f,2026,2026-12-15,2.4,63,10,false
b5949cdd-f1d6-47b8-8505-7ad9f8a44e8a,0d060939-a59d-408d-8ad5-0c81b551cbc7,2017,2017-12-15,2.1,96,45,false
a1946b23-dfcd-4c16-8ff9-92ffb9a00368,0d060939-a59d-408d-8ad5-0c81b551cbc7,2018,2018-12-15,2.3,82,29,false
0a08a952-9c6e-493e-bd9d-578ad7bbb2b8,0d060939-a59d-408d-8ad5-0c81b551cbc7,2019,2019-12-15,3.1,86,24,false
a0dba152-2a71-423b-aef6-c8b04048b1f9,0d060939-a59d-408d-8ad5-0c81b551cbc7,2020,2020-12-15,4.1,64,19,false
9ec90cfe-0cc2-43f9-9ff0-f4f72808a38a,0d060939-a59d-408d-8ad5-0c81b551cbc7,2021,2021-12-15,4.9,90,21,false
b99f89c3-dcd5-498e-aab8-c6478bb71afc,0d060939-a59d-408d-8ad5-0c81b551cbc7,2022,2022-12-15,4.2,100,35,false
d23ae4be-9128-469a-8b6f-d523bfa74d3d,0d060939-a59d-408d-8ad5-0c81b551cbc7,2023,2023-12-15,4.2,60,45,false
a68f6e31-b57b-4c81-83af-d113ccd74981,0d060939-a59d-408d-8ad5-0c81b551cbc7,2024,2024-12-15,3.5,84,28,false
1a98c57c-a6c3-4e7b-9513-cc1b7dd1b5f2,0d060939-a59d-408d-8ad5-0c81b551cbc7,2025,2025-12-15,3.1,72,17,false
1b2c1dba-475f-41d7-b2a7-84e6eff2d010,0d060939-a59d-408d-8ad5-0c81b551cbc7,2026,2026-12-15,4.1,80,32,false
3dd02a12-74f4-4a8c-b1b3-ad37fe4622a0,0f46d0e4-8aec-4624-a472-bf2b91444339,2021,2021-12-15,4.5,85,20,false
dcec3243-9fac-4d19-8df7-21da7b45f397,0f46d0e4-8aec-4624-a472-bf2b91444339,2022,2022-12-15,3,84,32,false
8e18156e-61a5-44fc-9af8-b7c7132e8630,0f46d0e4-8aec-4624-a472-bf2b91444339,2023,2023-12-15,4.1,95,51,false
1076227c-ca03-4dec-a09e-aa246b02d823,0f46d0e4-8aec-4624-a472-bf2b91444339,2024,2024-12-15,2.8,77,42,false
3b160aa5-d787-492e-a22a-1ff709bedbe0,0f46d0e4-8aec-4624-a472-bf2b91444339,2025,2025-12-15,2.3,89,45,false
1be70d71-1178-44da-a1e1-7f1dc3808321,0f46d0e4-8aec-4624-a472-bf2b91444339,2026,2026-12-15,3,66,37,false
64e87255-ad88-49fd-a78f-35c273ab4577,7b594bde-977e-43f2-be60-51ca2caef4b4,2018,2018-12-15,3.3,63,46,false
577930ce-2116-4cd7-a5c3-db943d1d81d5,7b594bde-977e-43f2-be60-51ca2caef4b4,2019,2019-12-15,3.8,62,49,false
5ccd0456-1242-4bf5-8a9b-b9e37b93034d,7b594bde-977e-43f2-be60-51ca2caef4b4,2020,2020-12-15,3,67,26,false
268133bb-26fb-4940-845d-f7124cc2667a,7b594bde-977e-43f2-be60-51ca2caef4b4,2021,2021-12-15,3.2,95,20,false
108bb1e5-01ab-4173-bdb6-868fb7fd9007,7b594bde-977e-43f2-be60-51ca2caef4b4,2022,2022-12-15,4.7,92,13,false
bc29d9a4-dc5e-45d6-8683-50e5aeda5b16,7b594bde-977e-43f2-be60-51ca2caef4b4,2023,2023-12-15,4.6,82,56,false
b7bbc587-4b5e-4053-8437-4fb129f17695,7b594bde-977e-43f2-be60-51ca2caef4b4,2024,2024-12-15,3,74,60,false
228724d7-d77d-4121-b54b-dd83ab193ebc,7b594bde-977e-43f2-be60-51ca2caef4b4,2025,2025-12-15,2.3,84,24,false
877af0da-04e5-4a68-a686-21f9c547764d,7b594bde-977e-43f2-be60-51ca2caef4b4,2026,2026-12-15,2.7,62,48,false
f205ea6b-7f4c-4f62-94a1-46e147b7dd6c,271ae216-7d82-4453-904e-8dd318e4796f,2026,2026-12-15,2.3,97,52,false
428a0a85-6615-410b-920c-13051602febf,363c4e5e-1705-43eb-814f-14bf4f02f9d7,2026,2026-12-15,2.4,78,12,false
8ed18b6d-6881-4c10-840b-d0fe56bfffea,49716740-f66d-4549-b77e-89d570584fd6,2026,2026-12-15,2.2,68,34,false
b62058ec-dfb0-4cb8-82cb-024d5e47d374,1ad55a29-8616-4261-9cca-e6bd6967de84,2026,2026-12-15,2.5,95,42,false
a2f299fe-ba6d-4029-b167-376e566b44b2,eb18e7ee-fc21-4ef2-9c2d-bac4ee8f048c,2026,2026-12-15,4.7,80,26,true
2a5cc0aa-6dfd-4d1f-954e-4a0feb535f08,17eddfe2-c1b2-410e-8455-1d131ea3cb72,2025,2025-12-15,3.3,66,16,false
18a99891-50f3-4092-91b2-af3a94aec7c3,17eddfe2-c1b2-410e-8455-1d131ea3cb72,2026,2026-12-15,3.2,72,56,false
c20b6cc5-6b19-4236-bdb7-a74f60313672,e476261d-3da3-4da2-b1f8-3700b3e13ab1,2022,2022-12-15,3,74,24,false
2ddfa074-da71-45d0-9091-4640aa7d4b49,e476261d-3da3-4da2-b1f8-3700b3e13ab1,2023,2023-12-15,4.4,66,50,false
f390bfd4-ad74-4ded-ac9b-b7d4daf1ac51,e476261d-3da3-4da2-b1f8-3700b3e13ab1,2024,2024-12-15,4.4,64,24,false
6ac85784-2aa5-4534-8c2c-c5c0bc284aa6,e476261d-3da3-4da2-b1f8-3700b3e13ab1,2025,2025-12-15,3,87,27,false
c5f1fa07-066c-46b2-8e90-bbaec28324d4,e476261d-3da3-4da2-b1f8-3700b3e13ab1,2026,2026-12-15,3.7,68,28,false
18b2c88a-2953-4a58-8e96-6bad4659dca5,21976e6e-b1ab-4b66-ae83-de0b09d5a842,2020,2020-12-15,3.7,64,14,false
3d6cb4cd-5f1a-4c22-a169-7f659fe028f0,21976e6e-b1ab-4b66-ae83-de0b09d5a842,2021,2021-12-15,2.2,62,44,false
91157e59-1cb5-4217-9e6b-1108c8213e90,21976e6e-b1ab-4b66-ae83-de0b09d5a842,2022,2022-12-15,5,63,33,true
7d36a719-9dd9-4a5e-960a-909ddff3a959,21976e6e-b1ab-4b66-ae83-de0b09d5a842,2023,2023-12-15,3,82,57,false
f8800125-0743-4cd1-a7b1-c6a777cc9a0d,21976e6e-b1ab-4b66-ae83-de0b09d5a842,2024,2024-12-15,3,79,43,false
7f3f23bd-7d80-4cec-9289-f8ce02f9b23b,21976e6e-b1ab-4b66-ae83-de0b09d5a842,2025,2025-12-15,4,78,42,false
6f5bf113-d12a-48b4-8719-1b7730343f66,21976e6e-b1ab-4b66-ae83-de0b09d5a842,2026,2026-12-15,4,66,54,false
39f7b3de-3e52-4180-b066-d65a70b4bc88,234969bd-aa8c-41bb-a3df-4fa2ceab1f82,2021,2021-12-15,4.4,66,46,false
fdf3d490-3e45-4346-9c68-a3d41c9434a8,234969bd-aa8c-41bb-a3df-4fa2ceab1f82,2022,2022-12-15,4.5,77,19,false
b5cc92fb-cf20-4c82-b8ef-f2ac14dd37f6,234969bd-aa8c-41bb-a3df-4fa2ceab1f82,2023,2023-12-15,2.9,100,25,false
a0b21350-9440-4d83-bf3a-d76c1add9a02,234969bd-aa8c-41bb-a3df-4fa2ceab1f82,2024,2024-12-15,4.9,86,42,true
50dce888-00b1-4254-a132-39e2c85c0a16,234969bd-aa8c-41bb-a3df-4fa2ceab1f82,2025,2025-12-15,3.4,88,44,false
0e7b9c05-ecc9-4e8f-a848-6d0877cf3ce1,234969bd-aa8c-41bb-a3df-4fa2ceab1f82,2026,2026-12-15,3.6,91,31,false
69c3149b-5cbc-43c9-a624-844078397aea,755152f4-ca21-43bd-bf20-66c83377b407,2018,2018-12-15,2.2,75,16,false
b89db4ae-55b8-4358-aa8e-b68204c8bd26,755152f4-ca21-43bd-bf20-66c83377b407,2019,2019-12-15,4.5,65,51,false
f7892de0-6dd7-46b7-bd56-a84f3678d1c0,755152f4-ca21-43bd-bf20-66c83377b407,2020,2020-12-15,4.1,84,21,false
7a2f0d67-edbd-46d7-a9ca-4bdb58650b21,755152f4-ca21-43bd-bf20-66c83377b407,2021,2021-12-15,3.7,95,44,false
126b5ec0-c6c5-401f-b992-8da1718eb1d5,755152f4-ca21-43bd-bf20-66c83377b407,2022,2022-12-15,3.2,96,54,false
f489d143-e4f1-45c8-b1ec-40f6cfe6c2c1,755152f4-ca21-43bd-bf20-66c83377b407,2023,2023-12-15,4.2,81,21,false
d62c06a9-88c6-4679-858c-7c4e592be3dc,755152f4-ca21-43bd-bf20-66c83377b407,2024,2024-12-15,4.9,70,60,false
dbe3521b-6dfb-4e65-8e0b-27ac98662338,755152f4-ca21-43bd-bf20-66c83377b407,2025,2025-12-15,2.4,96,20,false
40dce55d-8158-4bd4-80c3-2a700fd5ec5e,755152f4-ca21-43bd-bf20-66c83377b407,2026,2026-12-15,3.8,70,54,false
9154d08d-61a2-4e1d-b7e6-f358c377a1e8,f6443027-37fb-4f01-af99-f67244851ee0,2019,2019-12-15,4.2,87,52,false
1032d9f3-fab8-4617-ada1-1dc25477f800,f6443027-37fb-4f01-af99-f67244851ee0,2020,2020-12-15,2.6,94,52,false
5011c28d-4886-40ba-9b09-16f2f5d56ed5,f6443027-37fb-4f01-af99-f67244851ee0,2021,2021-12-15,2.7,68,25,false
f4338a6d-ec0c-4b55-9b60-16ef65cebb6f,f6443027-37fb-4f01-af99-f67244851ee0,2022,2022-12-15,2.2,75,52,false
f4592ee9-4cfb-4bae-ba3b-23ed8a8570d6,f6443027-37fb-4f01-af99-f67244851ee0,2023,2023-12-15,4.4,99,18,false
c300db76-2ead-40a3-8211-d70f6228d12b,f6443027-37fb-4f01-af99-f67244851ee0,2024,2024-12-15,2.5,88,13,false
26474d18-7c21-4d58-9fa1-3df5786a5cdb,f6443027-37fb-4f01-af99-f67244851ee0,2025,2025-12-15,2.9,71,43,false
755cdcd4-fc0d-43cd-b510-7d553ad8eae6,f6443027-37fb-4f01-af99-f67244851ee0,2026,2026-12-15,4.2,74,58,false
a3412ede-b01d-448e-8d91-3be4acc3610c,1ac23ea9-6a82-470c-bcdb-d5d44701d985,2022,2022-12-15,3,60,37,false
90db95e7-e585-4fdd-a89b-299be4f67d58,1ac23ea9-6a82-470c-bcdb-d5d44701d985,2023,2023-12-15,2.6,83,42,false
4be22eae-fb5a-4236-8ba6-807ca5e5a44f,1ac23ea9-6a82-470c-bcdb-d5d44701d985,2024,2024-12-15,4.3,98,40,false
ea6bb811-bdf6-40e6-9489-b89c32c793a2,1ac23ea9-6a82-470c-bcdb-d5d44701d985,2025,2025-12-15,2.6,61,18,false
5246a903-d486-4434-899d-5961a017a80c,1ac23ea9-6a82-470c-bcdb-d5d44701d985,2026,2026-12-15,2.2,81,34,false
297bb87f-2d7f-4523-be69-cc27827ff40f,38d61447-76aa-4e88-a250-9bdd08cb1be6,2017,2017-12-15,4.2,99,60,false
e1059ba1-411f-402d-8dfe-fe9e7bbaf5c9,38d61447-76aa-4e88-a250-9bdd08cb1be6,2018,2018-12-15,2.8,64,21,false
be76a0f4-23a1-4454-a7a1-dea89178e491,38d61447-76aa-4e88-a250-9bdd08cb1be6,2019,2019-12-15,2.5,76,17,false
913748e5-8566-489c-9266-69c433bef31b,38d61447-76aa-4e88-a250-9bdd08cb1be6,2020,2020-12-15,3,90,36,false
d15d13d8-1ea3-4d6e-bbf6-481443388d41,38d61447-76aa-4e88-a250-9bdd08cb1be6,2021,2021-12-15,3.2,75,16,false
a9d2e203-7d84-44c8-a2c3-6e383fd4d456,38d61447-76aa-4e88-a250-9bdd08cb1be6,2022,2022-12-15,4.3,69,42,false
0a29c604-53c5-44c7-ae18-50d004ce4b0a,38d61447-76aa-4e88-a250-9bdd08cb1be6,2023,2023-12-15,3.8,65,48,false
9badbfc5-6e9e-4d4e-8ad8-6a8a75728c86,38d61447-76aa-4e88-a250-9bdd08cb1be6,2024,2024-12-15,3.2,62,37,false
96f39db2-6a9f-49c6-857b-d1ec8a429fa4,38d61447-76aa-4e88-a250-9bdd08cb1be6,2025,2025-12-15,2.4,86,28,false
8c02ffb7-5582-451e-bafc-fb396b30dcf9,38d61447-76aa-4e88-a250-9bdd08cb1be6,2026,2026-12-15,2.2,76,46,false
4e0a7c97-e993-4d1a-ba89-385b92883f5a,7ca3060c-d284-4d76-9a58-093a9a57361d,2017,2017-12-15,3.2,72,52,false
430daf42-3d74-4b81-bfa5-8ca769ed68c5,7ca3060c-d284-4d76-9a58-093a9a57361d,2018,2018-12-15,3.5,91,47,false
2d044f92-be33-4f0e-a151-8a18a52f650f,7ca3060c-d284-4d76-9a58-093a9a57361d,2019,2019-12-15,3.6,83,41,false
40425494-6d22-4a45-b7b7-8a088c2b0554,7ca3060c-d284-4d76-9a58-093a9a57361d,2020,2020-12-15,2.4,80,26,false
155c77a6-f2b7-46d5-8444-efb7942f6158,7ca3060c-d284-4d76-9a58-093a9a57361d,2021,2021-12-15,4.7,69,56,false
e8dc11c2-0e14-4ea8-bb13-c8a46a92c18f,7ca3060c-d284-4d76-9a58-093a9a57361d,2022,2022-12-15,2.4,87,32,false
a1855006-ccec-4bdc-ad62-10043c95381a,7ca3060c-d284-4d76-9a58-093a9a57361d,2023,2023-12-15,4.7,80,54,true
5faccb44-140c-40fb-91f4-31b2f2054671,7ca3060c-d284-4d76-9a58-093a9a57361d,2024,2024-12-15,3.1,60,40,false
9abe4cd8-599b-4e20-9ff6-ce9777f7a065,7ca3060c-d284-4d76-9a58-093a9a57361d,2025,2025-12-15,4.5,97,15,false
427d3ba9-55ef-4bbb-ad37-437604aa4d54,7ca3060c-d284-4d76-9a58-093a9a57361d,2026,2026-12-15,4.2,73,50,false
9d671f1a-a32f-4c06-9144-72b69c810e0a,d37acc0b-3015-4421-b219-7bb5910c9594,2025,2025-12-15,2.4,81,16,false
c68192cd-ccb8-43a9-9e10-d035ce26fab4,d37acc0b-3015-4421-b219-7bb5910c9594,2026,2026-12-15,4,77,49,false
c7f1de81-2587-4e20-a24d-a33fc241ce78,ad4e4541-b812-48d6-b3c8-13cd52da3487,2024,2024-12-15,4,82,30,false
322c6046-b6ca-4428-abf6-ae41f9e838c4,ad4e4541-b812-48d6-b3c8-13cd52da3487,2025,2025-12-15,2.7,75,27,false
7858a7e4-a9a7-491e-b854-f5bd4b858f42,ad4e4541-b812-48d6-b3c8-13cd52da3487,2026,2026-12-15,5,95,42,false
a1b4c9f0-bb3a-41d1-96a1-516a0bc98cab,d245afd2-806c-4ee9-9cc4-f77f1678924c,2022,2022-12-15,2.5,70,40,false
a51ade71-bc8d-40b2-b913-648983ca8d4a,d245afd2-806c-4ee9-9cc4-f77f1678924c,2023,2023-12-15,4.5,64,10,false
26f6cc90-c998-47df-8822-e5c55f504168,d245afd2-806c-4ee9-9cc4-f77f1678924c,2024,2024-12-15,2.6,95,27,false
77ebdc43-11a9-465a-9b47-e6507c4b4b54,d245afd2-806c-4ee9-9cc4-f77f1678924c,2025,2025-12-15,4.1,72,50,false
fca96385-ed64-461b-a8eb-8d1d959910bc,d245afd2-806c-4ee9-9cc4-f77f1678924c,2026,2026-12-15,2.1,64,39,false
5ae35016-5e21-479f-be11-54d85164c3de,3b918027-6ae6-44f5-8409-4a6b55db19f7,2023,2023-12-15,2.8,70,28,false
c0626818-c0f2-4025-a150-7db4f3cdf3dc,3b918027-6ae6-44f5-8409-4a6b55db19f7,2024,2024-12-15,4,64,12,false
7c4b75da-bc98-40f5-bd4f-f1576d3f328e,3b918027-6ae6-44f5-8409-4a6b55db19f7,2025,2025-12-15,3.6,75,54,false
b2bcf196-8705-4ffa-af77-7bd44d888c20,3b918027-6ae6-44f5-8409-4a6b55db19f7,2026,2026-12-15,4.7,79,34,false
d73b321f-2d1c-4749-b012-93d7b22cba86,eca58caf-3448-4cf9-900e-db8379a75fd1,2024,2024-12-15,4.1,63,40,false
53a30944-bf91-409f-a053-ebd8823077bb,eca58caf-3448-4cf9-900e-db8379a75fd1,2025,2025-12-15,2.4,92,48,false
3e031623-0f78-49f3-abdc-c1878e6b1765,eca58caf-3448-4cf9-900e-db8379a75fd1,2026,2026-12-15,2.9,75,25,false
47cd2462-1d19-47e9-aeca-684a78571268,b8715a82-94de-4f4a-af75-d5cb80c0d14f,2020,2020-12-15,2.9,95,33,false
e26284af-7f20-457f-966a-02989779ac6d,b8715a82-94de-4f4a-af75-d5cb80c0d14f,2021,2021-12-15,4.3,68,30,false
37559946-5be1-48a4-b7da-10b555c68fdc,b8715a82-94de-4f4a-af75-d5cb80c0d14f,2022,2022-12-15,4.2,64,16,false
9b3a1f47-2863-476f-b154-502d60e15982,b8715a82-94de-4f4a-af75-d5cb80c0d14f,2023,2023-12-15,4.1,71,47,false
ea2a3c5d-be9a-4683-bde5-7525bd801ac9,b8715a82-94de-4f4a-af75-d5cb80c0d14f,2024,2024-12-15,3.7,69,31,false
7d1758df-40de-4d05-9565-3603833c6887,b8715a82-94de-4f4a-af75-d5cb80c0d14f,2025,2025-12-15,3.9,78,13,false
4f2ece7f-227c-4926-8f8c-12382bf1078a,b8715a82-94de-4f4a-af75-d5cb80c0d14f,2026,2026-12-15,3.1,62,52,false
2ca45974-f9d0-43af-b5b5-98530c80166f,77437f99-ce95-4b42-b6c8-273228f5673c,2016,2016-12-15,2.1,80,48,false
3966015e-716f-419f-8278-b762f71a41c6,77437f99-ce95-4b42-b6c8-273228f5673c,2017,2017-12-15,4.4,93,54,false
51e7666c-2b02-450e-bcc7-db43b58afaa2,77437f99-ce95-4b42-b6c8-273228f5673c,2018,2018-12-15,4.2,66,28,false
b567aade-fe9d-41ca-9530-23f77dd21cfb,77437f99-ce95-4b42-b6c8-273228f5673c,2019,2019-12-15,2.4,76,26,false
f72ff806-a60a-4bf8-994d-3664e2043d71,77437f99-ce95-4b42-b6c8-273228f5673c,2020,2020-12-15,5,75,41,false
98587aaa-4699-4274-a333-00d21ace5490,77437f99-ce95-4b42-b6c8-273228f5673c,2021,2021-12-15,2.6,83,28,false
7d6f7062-2b51-4d75-b4e9-3e4ef31f4d4c,77437f99-ce95-4b42-b6c8-273228f5673c,2022,2022-12-15,3.4,82,16,false
6fc1e7e2-4c52-413d-8cf2-b9108d0d4403,77437f99-ce95-4b42-b6c8-273228f5673c,2023,2023-12-15,3.8,67,39,false
a74024ea-6a86-4bf3-920b-05dbe512bf83,77437f99-ce95-4b42-b6c8-273228f5673c,2024,2024-12-15,2.6,61,43,false
34b5e23e-11ad-4980-b3c0-adb0bf6b0c31,77437f99-ce95-4b42-b6c8-273228f5673c,2025,2025-12-15,2.5,68,58,false
6803e37e-4553-4969-9c54-7b90139389ed,77437f99-ce95-4b42-b6c8-273228f5673c,2026,2026-12-15,4.8,69,49,true
e041250c-0e91-4086-98b7-52d9a42f4d63,01bebd44-1118-470e-ab89-f458de26f7e2,2018,2018-12-15,3.9,66,49,false
c68ea360-a0fa-4eb8-9f4a-7ea9e38a287e,01bebd44-1118-470e-ab89-f458de26f7e2,2019,2019-12-15,2,68,17,false
6f5cee07-f4b0-444b-853a-dc7a686d9c17,01bebd44-1118-470e-ab89-f458de26f7e2,2020,2020-12-15,3.3,69,37,false
e5701b99-d3f0-4b89-82cc-a9c9ae2b8b81,01bebd44-1118-470e-ab89-f458de26f7e2,2021,2021-12-15,3.7,76,36,false
635478c7-433c-47cc-95cb-1920ae343c83,01bebd44-1118-470e-ab89-f458de26f7e2,2022,2022-12-15,3.6,84,40,false
1a4bf196-03f7-4300-8f02-9592893aadac,01bebd44-1118-470e-ab89-f458de26f7e2,2023,2023-12-15,2.9,84,17,false
ecf1510a-269f-4d61-afb9-6bbeb3e3c8b8,01bebd44-1118-470e-ab89-f458de26f7e2,2024,2024-12-15,4,93,29,false
c95ce127-109d-4e68-ad4b-480666878363,01bebd44-1118-470e-ab89-f458de26f7e2,2025,2025-12-15,4.3,99,27,false
d65658da-6ae1-4c1a-8053-eb9051db6ba1,01bebd44-1118-470e-ab89-f458de26f7e2,2026,2026-12-15,2.2,67,20,false
ff34c583-6363-45a4-af6e-357e671f0552,24a068e8-4de1-4f13-acaf-11d2331376a9,2021,2021-12-15,4.3,97,55,false
4c41e719-60bf-4ad8-8822-0ce669b39052,24a068e8-4de1-4f13-acaf-11d2331376a9,2022,2022-12-15,2.2,99,11,false
890c2332-7d6a-484d-86ca-940300d0184f,24a068e8-4de1-4f13-acaf-11d2331376a9,2023,2023-12-15,3.3,96,24,false
3f9e775b-9d1f-4421-b45e-59b3c3a6c1d4,24a068e8-4de1-4f13-acaf-11d2331376a9,2024,2024-12-15,2.8,79,27,false
002be3c3-5b8f-4ac2-bbe6-a014e741430e,24a068e8-4de1-4f13-acaf-11d2331376a9,2025,2025-12-15,2.4,81,44,false
352d801b-6d40-4ab1-8f89-45efc3482007,24a068e8-4de1-4f13-acaf-11d2331376a9,2026,2026-12-15,5,71,29,true
041fd71f-ad8a-46f2-8c8b-234cc9caef1d,b44f6998-3679-4f1e-a566-9ea95ab83acf,2017,2017-12-15,3.4,90,20,false
60191b13-c63c-4a45-8654-e05f36a9d149,b44f6998-3679-4f1e-a566-9ea95ab83acf,2018,2018-12-15,4.8,100,35,false
ca2a3727-1132-4b28-92c8-c91255c5e19c,b44f6998-3679-4f1e-a566-9ea95ab83acf,2019,2019-12-15,3,66,25,false
0dce8c63-0bb9-4927-9353-9acca58526d4,b44f6998-3679-4f1e-a566-9ea95ab83acf,2020,2020-12-15,3.7,76,57,false
3f887630-bf88-47ab-a8c0-831234cfd083,b44f6998-3679-4f1e-a566-9ea95ab83acf,2021,2021-12-15,2.5,63,42,false
6210a620-e65a-4c52-852f-5ae443d7e669,b44f6998-3679-4f1e-a566-9ea95ab83acf,2022,2022-12-15,3.1,85,12,false
7a5d5e29-8552-4f98-aae1-4d369e133c59,b44f6998-3679-4f1e-a566-9ea95ab83acf,2023,2023-12-15,2.6,90,19,false
7b148dd5-053c-4eb4-83c1-9da6c6079c73,b44f6998-3679-4f1e-a566-9ea95ab83acf,2024,2024-12-15,4.8,73,12,true
c58dfd62-5438-4196-91f7-1dbc9b384fb7,b44f6998-3679-4f1e-a566-9ea95ab83acf,2025,2025-12-15,4.4,66,10,false
2800b806-7f44-4dc3-9136-e042c7d402b0,b44f6998-3679-4f1e-a566-9ea95ab83acf,2026,2026-12-15,4.9,90,45,false
008f19f2-92e2-4413-81d1-5435b5ee4f2c,4328fbf5-e9be-42c5-a235-f9b5f3ce8dd5,2026,2026-12-15,4.1,95,26,false
4e50b2d3-1c0e-4f08-8016-8fc4ad3e7006,8f3b2d87-6177-4ac6-8b97-d84398b5b24c,2022,2022-12-15,4.3,62,55,false
f2b21643-c829-4f4f-9910-80aab7747296,8f3b2d87-6177-4ac6-8b97-d84398b5b24c,2023,2023-12-15,4.9,89,51,true
1fe64201-6420-4ede-a051-69cab528313c,8f3b2d87-6177-4ac6-8b97-d84398b5b24c,2024,2024-12-15,2.1,89,46,false
7300bc29-cae6-44cb-a023-4b16ea0715f0,8f3b2d87-6177-4ac6-8b97-d84398b5b24c,2025,2025-12-15,3.4,74,27,false
2e211c3a-8447-4267-8b43-220eb85077ff,8f3b2d87-6177-4ac6-8b97-d84398b5b24c,2026,2026-12-15,4,74,33,false
c52d65e0-d8a4-4773-8b11-ef1aea991669,a1a709bf-9ff1-404f-9a20-27fc718ee7b4,2024,2024-12-15,4.4,85,43,false
68a46f3f-27c6-460c-ba20-632e75af9fed,a1a709bf-9ff1-404f-9a20-27fc718ee7b4,2025,2025-12-15,4,73,46,false
27399182-209e-497d-a61b-c3ca2e160018,a1a709bf-9ff1-404f-9a20-27fc718ee7b4,2026,2026-12-15,2.4,86,35,false
c87e1377-35f6-4b8d-816a-e0fdd97d444b,8e258cd0-909d-4a6f-a31f-63086e0a2324,2026,2026-12-15,4.3,97,29,false
ba401488-7007-4f16-90ca-6d684b64af6a,eba0678a-6cd5-467a-a78a-4ab0d8e50bc3,2021,2021-12-15,2.6,87,59,false
ee3bb767-b0c8-4e73-86aa-816c2a379e43,eba0678a-6cd5-467a-a78a-4ab0d8e50bc3,2022,2022-12-15,4.5,67,10,false
0deeb8b7-4313-46f2-a767-76d6c107e4d0,eba0678a-6cd5-467a-a78a-4ab0d8e50bc3,2023,2023-12-15,4.7,96,47,true
bf326e9d-fc5b-4e05-8d2b-c476641b9386,eba0678a-6cd5-467a-a78a-4ab0d8e50bc3,2024,2024-12-15,4.9,72,15,false
d68a3e02-bf2d-4cd1-8fbe-d6ccda2753f7,eba0678a-6cd5-467a-a78a-4ab0d8e50bc3,2025,2025-12-15,3.4,86,26,false
4af107bf-f4d7-4f0f-8c62-2eab628a99fd,eba0678a-6cd5-467a-a78a-4ab0d8e50bc3,2026,2026-12-15,2.3,70,35,false
56d74a9a-167d-455b-a908-e17762fb2f1f,952b9457-0b6c-4f6c-9287-efce386960df,2021,2021-12-15,3.3,61,18,false
f5d9ec5c-8988-4a3d-8934-0fc88f2a2e85,952b9457-0b6c-4f6c-9287-efce386960df,2022,2022-12-15,4.8,78,24,false
12abdfff-628f-481e-9947-6aac143f25d9,952b9457-0b6c-4f6c-9287-efce386960df,2023,2023-12-15,2,93,53,false
bad2c075-30fd-40dd-93cd-32b7b448e198,952b9457-0b6c-4f6c-9287-efce386960df,2024,2024-12-15,2,85,20,false
d7462b8f-9e7e-4156-ad54-4f467d87442b,952b9457-0b6c-4f6c-9287-efce386960df,2025,2025-12-15,4.2,64,60,false
54e9c446-f393-4703-9a9d-a6126d40af8c,952b9457-0b6c-4f6c-9287-efce386960df,2026,2026-12-15,3.6,81,32,false
36de2f99-07a3-49b8-9c98-718267429cae,a7054c2a-8db5-4c66-b483-4e4a4cee6379,2018,2018-12-15,2.3,94,28,false
c9dafdd1-66b1-486d-ae53-8bc87e7f78b9,a7054c2a-8db5-4c66-b483-4e4a4cee6379,2019,2019-12-15,2,77,36,false
c1c97ad9-e709-4f2f-975f-460312335314,a7054c2a-8db5-4c66-b483-4e4a4cee6379,2020,2020-12-15,2.5,79,49,false
440cdb40-0009-4998-9c61-ebcd79c3b8e2,a7054c2a-8db5-4c66-b483-4e4a4cee6379,2021,2021-12-15,2.2,96,26,false
dc23b288-24bb-40e6-86ee-8438d3dd6fca,a7054c2a-8db5-4c66-b483-4e4a4cee6379,2022,2022-12-15,4.2,62,34,false
d0fcad5c-0c0d-423b-a0e9-c18e2c36fc93,a7054c2a-8db5-4c66-b483-4e4a4cee6379,2023,2023-12-15,4.2,74,47,false
c04966f9-2c5c-4dd5-968e-fc11b12e3231,a7054c2a-8db5-4c66-b483-4e4a4cee6379,2024,2024-12-15,3.1,73,32,false
58312219-7601-46ba-a7ef-c52ec80d056e,a7054c2a-8db5-4c66-b483-4e4a4cee6379,2025,2025-12-15,3.5,79,49,false
421969c8-418a-4338-afb4-3dc92eb849f5,a7054c2a-8db5-4c66-b483-4e4a4cee6379,2026,2026-12-15,4.8,66,26,true
1491e335-f704-4102-ad46-f877ced66a60,3ee4a8b2-d98d-4bd6-a3a8-fd77f7a6ba53,2025,2025-12-15,4.8,76,41,true
23600eec-62ea-4b08-9bec-592eb98facd1,3ee4a8b2-d98d-4bd6-a3a8-fd77f7a6ba53,2026,2026-12-15,4.2,83,58,false
e8501ea4-1287-4b36-8d3c-74dcc8061fa8,af2e1f25-de9f-4284-9242-8b49cfc30600,2019,2019-12-15,2,93,44,false
58124c7f-f371-4eee-b317-5f093a3ca884,af2e1f25-de9f-4284-9242-8b49cfc30600,2020,2020-12-15,3.6,83,37,false
332d32d7-04f3-4f62-a6a5-f86d003cd7fa,af2e1f25-de9f-4284-9242-8b49cfc30600,2021,2021-12-15,4.5,66,25,true
e4751dab-2aea-425a-bdf7-37bc2afa5b4a,af2e1f25-de9f-4284-9242-8b49cfc30600,2022,2022-12-15,3.8,88,35,false
8c8a8cb6-123d-40e4-a458-4490247f5076,af2e1f25-de9f-4284-9242-8b49cfc30600,2023,2023-12-15,2.6,61,31,false
02d8b993-aa17-4b43-82d1-96b68f664535,af2e1f25-de9f-4284-9242-8b49cfc30600,2024,2024-12-15,3.5,100,48,false
e039de6d-b35b-4525-9706-791f1a5ce41a,af2e1f25-de9f-4284-9242-8b49cfc30600,2025,2025-12-15,4.4,79,35,false
d06a074c-107e-4f9f-8afd-71f23077762f,af2e1f25-de9f-4284-9242-8b49cfc30600,2026,2026-12-15,3.9,89,18,false
7b29b382-b72b-403c-8c3b-27489fcd8297,c15d9f05-62af-410b-870c-ad2c69fd69a5,2018,2018-12-15,4.6,72,17,false
1a9d9613-f163-4b29-b043-2dd13238777e,c15d9f05-62af-410b-870c-ad2c69fd69a5,2019,2019-12-15,4.8,84,59,true
b9572396-84f1-4055-bf15-2dbff502fdf9,c15d9f05-62af-410b-870c-ad2c69fd69a5,2020,2020-12-15,3,87,35,false
f4aac785-910a-4cf3-afea-4f7f71a370a5,c15d9f05-62af-410b-870c-ad2c69fd69a5,2021,2021-12-15,4.2,83,34,false
39939f22-1edd-4496-8f02-13f1aee227ca,c15d9f05-62af-410b-870c-ad2c69fd69a5,2022,2022-12-15,2,69,30,false
189e8198-ad2d-4861-b407-283821c8d566,c15d9f05-62af-410b-870c-ad2c69fd69a5,2023,2023-12-15,2.9,95,33,false
7f6da557-1f10-42b5-b6f7-af27a13d8ed7,c15d9f05-62af-410b-870c-ad2c69fd69a5,2024,2024-12-15,3.1,87,16,false
182af3dd-d626-4834-9815-eadde2e5651c,c15d9f05-62af-410b-870c-ad2c69fd69a5,2025,2025-12-15,2.6,68,25,false
52ba4c9c-cd60-46cb-b64c-eab7a505440e,c15d9f05-62af-410b-870c-ad2c69fd69a5,2026,2026-12-15,3.5,65,40,false
7990ae93-df33-4936-b784-ed5895c77c63,40b505c1-76f6-4580-866a-86a9cb4c44f2,2026,2026-12-15,3.7,91,15,false
7925fd0c-f5ef-4221-96e8-e484be6f85b1,18567d8c-45d1-4425-bba3-dedc715525de,2022,2022-12-15,2.8,94,32,false
5e03560b-b97b-4a88-9ee4-9c1dbb2b68f6,18567d8c-45d1-4425-bba3-dedc715525de,2023,2023-12-15,4.3,82,31,false
fe2626fe-f55b-4eff-90bd-692f88ea84f1,18567d8c-45d1-4425-bba3-dedc715525de,2024,2024-12-15,4.9,67,49,false
d4a74fd3-c1ea-4b74-8d0b-b484a4acceb1,18567d8c-45d1-4425-bba3-dedc715525de,2025,2025-12-15,4.4,97,26,false
330efbc2-58f5-4fb5-a454-c269694ac92b,18567d8c-45d1-4425-bba3-dedc715525de,2026,2026-12-15,3.7,80,57,false
7506f66d-4692-4217-994e-024555edd1d3,5b58385b-e724-4ce0-98d2-b23d26d9fc12,2026,2026-12-15,4,99,32,false
f0c26d88-af04-441a-97ff-9c842cfbc39d,d87e98fe-aa7b-4caf-ac65-73b1e6faa18d,2024,2024-12-15,4.7,97,23,false
bff800e2-41d4-41e7-bb1d-6b6f18c6f4f5,d87e98fe-aa7b-4caf-ac65-73b1e6faa18d,2025,2025-12-15,3.9,90,28,false
77a4971a-77b2-4d34-a93b-17f3ac223978,d87e98fe-aa7b-4caf-ac65-73b1e6faa18d,2026,2026-12-15,2.1,71,10,false
0302580c-d0da-4523-9dbf-a7a2d69f3939,54761c7e-f119-4dae-b624-b90ef587a52c,2017,2017-12-15,3.3,68,13,false
fdfd1a5d-2395-4cb2-8fa7-26d4ffd87210,54761c7e-f119-4dae-b624-b90ef587a52c,2018,2018-12-15,3.9,81,56,false
d735a014-cee4-432c-b80b-441de9d85d90,54761c7e-f119-4dae-b624-b90ef587a52c,2019,2019-12-15,4.6,91,39,false
e71b99ca-0f96-4887-aeac-05d997586119,54761c7e-f119-4dae-b624-b90ef587a52c,2020,2020-12-15,4.8,79,37,false
b94a6393-0774-4fe8-8fa2-53653394a576,54761c7e-f119-4dae-b624-b90ef587a52c,2021,2021-12-15,4.4,60,37,false
115b1f03-8ff3-42c1-b352-0261d9e73c19,54761c7e-f119-4dae-b624-b90ef587a52c,2022,2022-12-15,3,78,28,false
dfedec81-2b5e-4986-9227-ee077fee7555,54761c7e-f119-4dae-b624-b90ef587a52c,2023,2023-12-15,2.6,67,51,false
af1dcc11-0528-4e85-b472-42ab402d6940,54761c7e-f119-4dae-b624-b90ef587a52c,2024,2024-12-15,2.1,64,60,false
7a12864c-0415-400c-a2ed-521b11bb288e,54761c7e-f119-4dae-b624-b90ef587a52c,2025,2025-12-15,4.1,65,20,false
19621016-d178-4440-aec4-70a806277ae8,54761c7e-f119-4dae-b624-b90ef587a52c,2026,2026-12-15,2.9,89,40,false
5dca4823-2169-4b36-aff7-16a369016080,f03ef8f4-23b9-42a0-901e-25cc43656199,2017,2017-12-15,3.9,90,39,false
aaf36330-8291-4d42-940e-a9e142a2039a,f03ef8f4-23b9-42a0-901e-25cc43656199,2018,2018-12-15,3.4,97,40,false
31f0342f-f0fa-4d47-9ba7-3caf92cb3858,f03ef8f4-23b9-42a0-901e-25cc43656199,2019,2019-12-15,3.7,65,19,false
a072ecfd-b3d4-4768-9883-5cdbd7fa8d8e,f03ef8f4-23b9-42a0-901e-25cc43656199,2020,2020-12-15,3.6,78,50,false
8d6993bf-428e-475e-b2ac-b0f3925e4a88,f03ef8f4-23b9-42a0-901e-25cc43656199,2021,2021-12-15,3.6,95,43,false
41c72825-c68a-4c5b-8da3-14299ec113cf,f03ef8f4-23b9-42a0-901e-25cc43656199,2022,2022-12-15,4.4,68,18,false
eed22641-e949-4042-9b24-bd84d0a955ae,f03ef8f4-23b9-42a0-901e-25cc43656199,2023,2023-12-15,2.7,64,42,false
c9cc03c2-e98c-45fc-a439-3bdbfaca5706,f03ef8f4-23b9-42a0-901e-25cc43656199,2024,2024-12-15,3.4,62,18,false
9919caf5-c94d-4f13-8f49-b5b69696f28d,f03ef8f4-23b9-42a0-901e-25cc43656199,2025,2025-12-15,2.5,61,43,false
90cc6df7-afe7-46aa-93a1-f2544c1e1a51,f03ef8f4-23b9-42a0-901e-25cc43656199,2026,2026-12-15,4.1,96,53,false
572e99ab-1212-406a-9e96-86495c59a775,c66f2ed3-51c0-48e5-8f7e-56303b1e7707,2021,2021-12-15,3.5,87,32,false
4eca0746-0dec-48c2-b772-e6344b956b37,c66f2ed3-51c0-48e5-8f7e-56303b1e7707,2022,2022-12-15,4.2,98,14,false
4b5910c3-2c1c-4bd1-9f4c-fc78a7482030,c66f2ed3-51c0-48e5-8f7e-56303b1e7707,2023,2023-12-15,2.9,79,36,false
2adf2a18-c7af-478c-ae72-97a6181e0b41,c66f2ed3-51c0-48e5-8f7e-56303b1e7707,2024,2024-12-15,3.9,99,49,false
90a0e23e-4671-403b-a1a0-dc3488efdc27,c66f2ed3-51c0-48e5-8f7e-56303b1e7707,2025,2025-12-15,3.7,69,37,false
b6f753e8-1456-4976-b2a7-d9384a94f48d,c66f2ed3-51c0-48e5-8f7e-56303b1e7707,2026,2026-12-15,3.6,67,50,false
ec23a59a-ff09-43b9-81d1-38e22ba9589f,acceb60a-4681-489b-a79a-a96d40e22dd9,2026,2026-12-15,3.1,90,23,false
10d46945-c062-4685-9af7-55fda857deea,6e4fa479-3872-4c5e-80de-3c020f6b846c,2018,2018-12-15,4.7,96,16,false
16f71a28-c5cf-4f7e-b96e-731dccfce342,6e4fa479-3872-4c5e-80de-3c020f6b846c,2019,2019-12-15,4.4,86,50,false
bf5afa63-b5b7-45b1-af1d-6696b09c7bc6,6e4fa479-3872-4c5e-80de-3c020f6b846c,2020,2020-12-15,2.4,65,50,false
8ec0aae2-1ea8-48fc-8163-939583c43a3e,6e4fa479-3872-4c5e-80de-3c020f6b846c,2021,2021-12-15,4.6,63,52,false
d19b9fb8-3476-4cbc-a123-14c5422808ef,6e4fa479-3872-4c5e-80de-3c020f6b846c,2022,2022-12-15,2.5,92,36,false
1f230853-39a9-4195-81db-1b3357ae5642,6e4fa479-3872-4c5e-80de-3c020f6b846c,2023,2023-12-15,2.3,64,19,false
c2296030-19c9-4719-b89e-c7178161aebb,6e4fa479-3872-4c5e-80de-3c020f6b846c,2024,2024-12-15,2,77,32,false
bbf61cd5-ea44-474a-8f1d-767d23244938,6e4fa479-3872-4c5e-80de-3c020f6b846c,2025,2025-12-15,3.9,78,43,false
60db341e-6635-4605-9c15-5608093ae7d2,6e4fa479-3872-4c5e-80de-3c020f6b846c,2026,2026-12-15,2.5,64,51,false
7d9b0957-6652-45a0-b0ec-057366b31294,2d3fc1f9-6d11-4754-a511-ed464204f3d3,2019,2019-12-15,2.6,89,43,false
cf69be4a-7b9c-477b-9b1c-f98a36be310f,2d3fc1f9-6d11-4754-a511-ed464204f3d3,2020,2020-12-15,3.7,72,37,false
0e17bf3e-4971-4af9-b0bc-8f440acb83c5,2d3fc1f9-6d11-4754-a511-ed464204f3d3,2021,2021-12-15,4.4,81,25,false
64969461-606c-487f-9813-001796cc28d8,2d3fc1f9-6d11-4754-a511-ed464204f3d3,2022,2022-12-15,3,66,58,false
28ed433b-7029-4c3f-b90e-04452488ab87,2d3fc1f9-6d11-4754-a511-ed464204f3d3,2023,2023-12-15,3.1,63,36,false
95a62102-18c3-462f-944a-b22f5f232195,2d3fc1f9-6d11-4754-a511-ed464204f3d3,2024,2024-12-15,4.3,83,27,false
d7bab3d9-7b11-482d-bf47-1a0b315cea1e,2d3fc1f9-6d11-4754-a511-ed464204f3d3,2025,2025-12-15,2.5,63,26,false
4c8a0c35-25d3-4aec-9947-82f352f233b8,2d3fc1f9-6d11-4754-a511-ed464204f3d3,2026,2026-12-15,4.1,66,22,false
21802519-0812-4d5a-a702-217485ed61fe,0bf9d595-3962-445b-bf0d-10c3f8304888,2021,2021-12-15,3.5,82,36,false
ffd0c431-057c-4ab1-8af1-b7baac4a564d,0bf9d595-3962-445b-bf0d-10c3f8304888,2022,2022-12-15,2.5,84,55,false
47f3a4ab-e716-4f14-aab5-999cbcaa7510,0bf9d595-3962-445b-bf0d-10c3f8304888,2023,2023-12-15,4.2,72,17,false
3df3bc88-3ddc-4281-9254-57f62311dcd4,0bf9d595-3962-445b-bf0d-10c3f8304888,2024,2024-12-15,2.5,74,14,false
749c3e5e-d93a-43cf-828d-3b97277bb5b8,0bf9d595-3962-445b-bf0d-10c3f8304888,2025,2025-12-15,2.4,63,49,false
e3dba915-e80e-418c-a0c9-e5a92033d3f8,0bf9d595-3962-445b-bf0d-10c3f8304888,2026,2026-12-15,2.9,97,41,false
5e7faebc-f7d0-4319-b116-eeb3b32a557c,0148d784-6c51-4ba7-a2bf-64f8b45296ca,2024,2024-12-15,3.9,64,12,false
242a5a0e-d208-4732-b7b3-96ec8be9fd79,0148d784-6c51-4ba7-a2bf-64f8b45296ca,2025,2025-12-15,4.1,84,45,false
1df363eb-ace4-4f76-b9b1-6ce6dc5e8521,0148d784-6c51-4ba7-a2bf-64f8b45296ca,2026,2026-12-15,2.7,66,19,false
27132a04-eeca-4f2e-9daf-0260f9589d78,69f7dbdc-85a9-49e1-af19-6b21f58ecadd,2024,2024-12-15,3.7,64,31,false
9e20ef99-5b40-44e8-be19-4b3b7606dbc4,69f7dbdc-85a9-49e1-af19-6b21f58ecadd,2025,2025-12-15,4.3,78,60,false
99db10a3-e7b5-4137-a2f6-4d199d30e7df,69f7dbdc-85a9-49e1-af19-6b21f58ecadd,2026,2026-12-15,4,78,44,false
4394b0c0-e632-48d9-9459-d96b2fa2d147,77593479-b6b7-4198-9003-56e7d4b7d3fe,2025,2025-12-15,2.3,82,44,false
db8e732e-ab0e-45f6-b82a-c1c431a70472,77593479-b6b7-4198-9003-56e7d4b7d3fe,2026,2026-12-15,4.4,72,60,false
2859d6ab-01dc-4b4a-92cd-d757fe715934,b4b435e7-7cc3-4401-9c6d-1b5fbae418ab,2017,2017-12-15,4.6,60,27,true
0fadc70d-7cc6-4966-9679-687a988ee10e,b4b435e7-7cc3-4401-9c6d-1b5fbae418ab,2018,2018-12-15,3.4,97,19,false
4e64088a-e9b4-440a-8c8e-a98c03bee20a,b4b435e7-7cc3-4401-9c6d-1b5fbae418ab,2019,2019-12-15,2.9,92,15,false
ea5bbcc8-d1de-4589-961a-d44e75918545,b4b435e7-7cc3-4401-9c6d-1b5fbae418ab,2020,2020-12-15,3.5,89,39,false
4099a026-feb7-4eca-9514-dad734c470a3,b4b435e7-7cc3-4401-9c6d-1b5fbae418ab,2021,2021-12-15,3.2,94,57,false
3e7a694a-94ee-4c71-92e1-f70b9fcf0a39,b4b435e7-7cc3-4401-9c6d-1b5fbae418ab,2022,2022-12-15,4.5,65,58,true
97be3de7-45fd-45e9-9aaa-0d345172968f,b4b435e7-7cc3-4401-9c6d-1b5fbae418ab,2023,2023-12-15,2.9,65,27,false
8c24ad1f-81e1-47ea-a139-209a88fdfddb,b4b435e7-7cc3-4401-9c6d-1b5fbae418ab,2024,2024-12-15,2.2,61,20,false
2e9e23c4-3dde-4b03-bc6e-5ce6abf21b82,b4b435e7-7cc3-4401-9c6d-1b5fbae418ab,2025,2025-12-15,4.1,77,15,false
ebe830ce-9b28-46b4-97ce-74896ddff4d8,b4b435e7-7cc3-4401-9c6d-1b5fbae418ab,2026,2026-12-15,3.8,100,15,false
007a98cd-2b0e-4ada-a8ce-363d25ca0fbf,c7199121-5c2a-4b11-965f-5fabf8946d13,2024,2024-12-15,2.3,96,20,false
603dd763-cc7e-49b8-a377-9545267f3de9,c7199121-5c2a-4b11-965f-5fabf8946d13,2025,2025-12-15,2.1,69,26,false
e9a6dbd9-f432-4957-b167-87f0f56c4acc,c7199121-5c2a-4b11-965f-5fabf8946d13,2026,2026-12-15,3.3,83,25,false
64c09444-56cb-45ae-8061-d9026283901c,c5993fae-47fc-4973-8c45-23e5bdec2279,2026,2026-12-15,3.8,88,12,false
edaa5199-1cf6-4426-a9e8-717ac391ca70,ad6f8ee8-df7f-4ddf-af3b-9ff33fbf3cc3,2026,2026-12-15,3.4,77,51,false
b636dae4-5232-41a6-8f9b-e9610c0b6bc1,ff45e9fd-9f44-4ac1-abac-0e613db45891,2020,2020-12-15,3.6,88,16,false
0b555769-233a-4709-954b-0473c4126f96,ff45e9fd-9f44-4ac1-abac-0e613db45891,2021,2021-12-15,3.9,98,15,false
fc367a72-63ca-4aa6-9693-bb4b8500e8ef,ff45e9fd-9f44-4ac1-abac-0e613db45891,2022,2022-12-15,3.3,67,34,false
09c5b490-3fad-4dde-9571-f6fb3f04ddf6,ff45e9fd-9f44-4ac1-abac-0e613db45891,2023,2023-12-15,2.3,92,58,false
f98c5fbc-b920-4855-8e33-db1a08edf759,ff45e9fd-9f44-4ac1-abac-0e613db45891,2024,2024-12-15,2.4,90,15,false
0082dbfa-c734-4328-a9a1-87df25a1a722,ff45e9fd-9f44-4ac1-abac-0e613db45891,2025,2025-12-15,3.1,74,16,false
29e4224e-d537-4535-a9ff-702b89adeb5b,ff45e9fd-9f44-4ac1-abac-0e613db45891,2026,2026-12-15,4,85,49,false
bec150d7-44ec-4ecd-b96d-16bd22cee435,f0357589-32ac-4ff4-8c41-0ee9abb697f8,2026,2026-12-15,2.6,64,22,false
47c2e008-f9a7-4e63-9662-4698683d43c0,45159234-e6d1-4aec-962a-72e4a762e31f,2024,2024-12-15,3.1,72,56,false
e446913d-ad36-473d-9041-f7878f19db63,45159234-e6d1-4aec-962a-72e4a762e31f,2025,2025-12-15,2.4,74,38,false
8dca9e1e-c07a-45a2-b112-18954837cfa4,45159234-e6d1-4aec-962a-72e4a762e31f,2026,2026-12-15,4.2,93,37,false
4b9810e5-449d-4dcc-9fa5-fac7e81aa57d,f2da5281-5fad-47d8-8c2f-efe51f6cf5ca,2024,2024-12-15,3.5,86,18,false
35c59149-4ce6-4619-b598-34f1dad53187,f2da5281-5fad-47d8-8c2f-efe51f6cf5ca,2025,2025-12-15,2.1,97,44,false
e655fea1-8be8-4a8c-a183-51c807bdd21f,f2da5281-5fad-47d8-8c2f-efe51f6cf5ca,2026,2026-12-15,4.3,64,21,false
c6c42d85-db26-4702-91c8-b7828fe8409a,b46ad5a2-f188-4c6e-a8a6-984e736ac4af,2025,2025-12-15,2.1,96,28,false
56041cc5-1011-465c-97c2-ff4e63857aae,b46ad5a2-f188-4c6e-a8a6-984e736ac4af,2026,2026-12-15,4.2,86,10,false
85eac06a-1cde-4385-a42a-93a6be6725a5,a92888bd-cb8b-4eac-9250-96267efc1074,2026,2026-12-15,3.6,81,48,false
701b2ccf-b121-42d6-adc2-a3cb8696b3f6,87714701-33ce-4a1f-b50b-9751fdf8bd40,2020,2020-12-15,3.7,62,39,false
f6f2fade-6b39-486a-8061-2792c0e73093,87714701-33ce-4a1f-b50b-9751fdf8bd40,2021,2021-12-15,2,74,43,false
974e53b7-e044-4211-8e99-87bda8aa8aa7,87714701-33ce-4a1f-b50b-9751fdf8bd40,2022,2022-12-15,3,83,45,false
830c7858-f661-43f2-9cef-3775911cde6a,87714701-33ce-4a1f-b50b-9751fdf8bd40,2023,2023-12-15,5,87,36,false
9ac84e01-fd88-435f-8ee8-3121ff3f0acc,87714701-33ce-4a1f-b50b-9751fdf8bd40,2024,2024-12-15,4.2,95,48,false
1447c104-156b-408f-b5c7-bd451daad182,87714701-33ce-4a1f-b50b-9751fdf8bd40,2025,2025-12-15,3.5,60,59,false
58996332-70c9-4a2a-8da2-6461348e1f00,87714701-33ce-4a1f-b50b-9751fdf8bd40,2026,2026-12-15,2.3,98,56,false
ed12c815-8ae9-4d01-9a9d-32486d2afbdd,8e40cca6-bd73-466c-9f22-e98dc94bfdd7,2020,2020-12-15,4.7,95,50,false
2157ac27-50d1-4ddd-a0dc-07bc4ecff471,8e40cca6-bd73-466c-9f22-e98dc94bfdd7,2021,2021-12-15,4.5,67,46,false
63fb1688-fc61-49d3-80e3-b70a48b6909a,8e40cca6-bd73-466c-9f22-e98dc94bfdd7,2022,2022-12-15,2.7,79,22,false
fde981a8-dd84-409d-bdea-ed9a6096bbb1,8e40cca6-bd73-466c-9f22-e98dc94bfdd7,2023,2023-12-15,3.4,91,53,false
9f06d8c3-95ef-4ae5-9696-431cd7197c02,8e40cca6-bd73-466c-9f22-e98dc94bfdd7,2024,2024-12-15,3.6,65,13,false
5c505e72-7517-4130-891d-a91abe316912,8e40cca6-bd73-466c-9f22-e98dc94bfdd7,2025,2025-12-15,4.7,85,50,false
be5caab4-3d5c-404a-ae5b-4f7b00db221d,8e40cca6-bd73-466c-9f22-e98dc94bfdd7,2026,2026-12-15,4,87,50,false
8bfeffe4-4a52-49ef-afca-b2ddd2afa309,4341cf20-704d-4ce4-a55a-74994facd575,2024,2024-12-15,2.2,92,15,false
ca722929-46c7-4fd3-bead-399cba200d22,4341cf20-704d-4ce4-a55a-74994facd575,2025,2025-12-15,3.8,95,59,false
57310045-9d4e-4d23-b65f-7d87adc4a2e5,4341cf20-704d-4ce4-a55a-74994facd575,2026,2026-12-15,2.9,96,29,false
8325b49c-1e4e-43d1-b5cc-b62f0a7fd3e2,2eea99bf-d836-438f-9415-f47083760572,2017,2017-12-15,2.6,90,58,false
a066bf08-b531-41d6-8d69-3705bab8e061,2eea99bf-d836-438f-9415-f47083760572,2018,2018-12-15,4.7,78,49,true
8415e1c8-a577-4bbd-b145-fce359878f67,2eea99bf-d836-438f-9415-f47083760572,2019,2019-12-15,3.1,94,51,false
96023456-e866-49a7-afde-e89e05c646e7,2eea99bf-d836-438f-9415-f47083760572,2020,2020-12-15,4.2,93,10,false
5ddcb84f-a3c6-4c83-9b39-71b2a72e8874,2eea99bf-d836-438f-9415-f47083760572,2021,2021-12-15,3.7,76,13,false
d474db93-dc57-495e-a9b7-824aa1bc5163,2eea99bf-d836-438f-9415-f47083760572,2022,2022-12-15,3.9,79,27,false
3968a53d-d7b0-4025-b389-eab279b4615f,2eea99bf-d836-438f-9415-f47083760572,2023,2023-12-15,3.9,74,59,false
97a03400-4e7e-482f-82eb-c29e9980b188,2eea99bf-d836-438f-9415-f47083760572,2024,2024-12-15,2.1,94,12,false
fecae1bc-36b5-4a81-b661-668d94191f2c,2eea99bf-d836-438f-9415-f47083760572,2025,2025-12-15,4.7,85,13,false
45c75838-a271-4378-9d59-a84da59d101a,2eea99bf-d836-438f-9415-f47083760572,2026,2026-12-15,2.8,80,46,false
7b7c5b7c-1e00-4af7-93c3-1e3425ef6bfb,563bf4e9-4d94-470a-a9cb-3b9ee6af92d9,2025,2025-12-15,3.8,92,54,false
1bba330d-8b4b-4b03-9c68-ffc5d4ea1e4c,563bf4e9-4d94-470a-a9cb-3b9ee6af92d9,2026,2026-12-15,2.9,69,20,false
a2dd3261-4d6b-4e11-88ab-82f5c6741022,426017a8-588a-4376-84bd-063c333d1da8,2024,2024-12-15,2.1,83,44,false
3b98cc67-293d-4962-82a7-4c7e24ca6198,426017a8-588a-4376-84bd-063c333d1da8,2025,2025-12-15,2.1,90,32,false
0a5b368d-de91-4657-907d-92ffefe015fb,426017a8-588a-4376-84bd-063c333d1da8,2026,2026-12-15,2.7,77,57,false
0a6dd1a7-35dd-4866-af87-f3b3e4f7625a,9579d4d2-81a7-4a16-a5a5-8308e6093578,2020,2020-12-15,2.6,66,45,false
c3597fa8-2400-47cf-ab06-12cd22923ea0,9579d4d2-81a7-4a16-a5a5-8308e6093578,2021,2021-12-15,2.4,95,37,false
b12635cb-44e4-4865-bfcb-7e2a0d27922f,9579d4d2-81a7-4a16-a5a5-8308e6093578,2022,2022-12-15,4.6,82,39,true
f9a2fe35-c40a-455e-9849-458bbfe65f41,9579d4d2-81a7-4a16-a5a5-8308e6093578,2023,2023-12-15,4.7,74,34,false
0991f603-1ac3-4121-b904-4aefc0f65101,9579d4d2-81a7-4a16-a5a5-8308e6093578,2024,2024-12-15,3.6,63,59,false
4bdc07ea-8e07-4fee-890d-fb8cd471c6dc,9579d4d2-81a7-4a16-a5a5-8308e6093578,2025,2025-12-15,3.4,94,33,false
4ead8792-4480-49a4-961c-b2c64681d883,9579d4d2-81a7-4a16-a5a5-8308e6093578,2026,2026-12-15,2.4,87,37,false
f7c1796c-5fac-478a-adca-dabb794a99de,9a4eec7e-93fc-48c6-b37f-811f065c1bd2,2021,2021-12-15,3.4,99,25,false
b2d8499c-064c-430c-bf54-eabc0adc5de1,9a4eec7e-93fc-48c6-b37f-811f065c1bd2,2022,2022-12-15,4.4,96,54,false
2bd3d3ce-7f7b-4864-8daa-defa549e0ca3,9a4eec7e-93fc-48c6-b37f-811f065c1bd2,2023,2023-12-15,2.8,96,46,false
b2eba7e3-2684-4ccf-997a-322035b5e302,9a4eec7e-93fc-48c6-b37f-811f065c1bd2,2024,2024-12-15,3,72,28,false
63e5c5af-f6c5-451e-88ac-cebc439954b0,9a4eec7e-93fc-48c6-b37f-811f065c1bd2,2025,2025-12-15,4.6,89,14,true
3414bff9-847d-4908-93ac-4a67cb6482af,9a4eec7e-93fc-48c6-b37f-811f065c1bd2,2026,2026-12-15,2.7,91,52,false
017bb6ca-7272-42a5-a9d2-33b916fd8188,82eb394d-597a-4913-aa41-88b994d6e6dc,2024,2024-12-15,3.1,71,31,false
06c3a809-b390-4a95-b116-7c9647ce89fd,82eb394d-597a-4913-aa41-88b994d6e6dc,2025,2025-12-15,3.4,68,46,false
d327eb04-1d5a-4494-a278-38817d4d1f3a,82eb394d-597a-4913-aa41-88b994d6e6dc,2026,2026-12-15,5,71,31,false
dd7d942e-d64a-46ec-81e8-55efa6a74369,49eee6e5-31b2-4db1-b216-ef11af6fd24d,2018,2018-12-15,4.8,68,59,false
2f4a080e-1dd7-4f8e-922b-4654032d6e3f,49eee6e5-31b2-4db1-b216-ef11af6fd24d,2019,2019-12-15,4,98,30,false
5aef0af7-57cc-43f0-94ba-1ef994dd9e79,49eee6e5-31b2-4db1-b216-ef11af6fd24d,2020,2020-12-15,4.3,92,36,false
38ccb4d7-3a0c-487a-b91f-c88f49161274,49eee6e5-31b2-4db1-b216-ef11af6fd24d,2021,2021-12-15,4.5,75,50,false
6a1009ed-1fc3-476d-a811-f9fc9f68651c,49eee6e5-31b2-4db1-b216-ef11af6fd24d,2022,2022-12-15,5,72,23,false
1b820c86-2150-4dcb-ae45-93288eccae2c,49eee6e5-31b2-4db1-b216-ef11af6fd24d,2023,2023-12-15,3.8,87,31,false
4bdc6b16-ec98-467f-8e21-12dcd73bb666,49eee6e5-31b2-4db1-b216-ef11af6fd24d,2024,2024-12-15,2.1,83,37,false
a78203f4-970f-4423-a6ea-103732721b51,49eee6e5-31b2-4db1-b216-ef11af6fd24d,2025,2025-12-15,3.5,61,11,false
e98cc8e9-6801-4824-80a4-7d1ef74ed9f3,49eee6e5-31b2-4db1-b216-ef11af6fd24d,2026,2026-12-15,2.3,75,15,false
43a6be61-08db-462b-9483-a1b24fbe2262,3db28425-2102-4e3d-abb1-4d72e07f31e6,2025,2025-12-15,2.5,66,17,false
c48c467d-0653-49d3-a209-401a65dba962,3db28425-2102-4e3d-abb1-4d72e07f31e6,2026,2026-12-15,4.5,97,46,true
722da1f5-033d-43d5-897e-2eeb336ddc8d,87f3ed1a-bedf-4646-bf21-4e298fcf4b1e,2026,2026-12-15,3.9,89,48,false
3355fc58-f7c3-489b-a91f-9a65a27bfa58,58bab088-49cd-4894-834b-1906efcbb635,2017,2017-12-15,4.6,94,54,true
64b4e0fd-abaf-4e41-afeb-73337f249322,58bab088-49cd-4894-834b-1906efcbb635,2018,2018-12-15,2.6,61,52,false
8a04375f-d8c4-42d0-916b-8b5b7df36851,58bab088-49cd-4894-834b-1906efcbb635,2019,2019-12-15,2.1,93,42,false
e7d0c764-5ce8-43a2-bdbb-18d30b667d3a,58bab088-49cd-4894-834b-1906efcbb635,2020,2020-12-15,4.8,100,40,false
828e7237-b417-4af9-ac0c-2cb8bcc5327b,58bab088-49cd-4894-834b-1906efcbb635,2021,2021-12-15,2.6,91,60,false
fb9d9958-c44d-4568-86bc-c99fa5742e3c,58bab088-49cd-4894-834b-1906efcbb635,2022,2022-12-15,4.1,81,12,false
0974613e-f614-464b-be39-2419e93a67c3,58bab088-49cd-4894-834b-1906efcbb635,2023,2023-12-15,3.2,99,20,false
bccbf1da-9cad-4bda-a44d-c36b5a22bc48,58bab088-49cd-4894-834b-1906efcbb635,2024,2024-12-15,2.1,69,19,false
0f8496e0-ca0a-49e2-aa68-e017560cecb0,58bab088-49cd-4894-834b-1906efcbb635,2025,2025-12-15,2.3,91,23,false
112c47f0-80c6-4f81-bf45-18dc26339b38,58bab088-49cd-4894-834b-1906efcbb635,2026,2026-12-15,3.8,95,39,false
fd63d4c4-780a-4a82-afb6-07e7049c208e,bb9f0690-29f1-432c-9a5f-f9074868d077,2026,2026-12-15,4.2,94,60,false
97135701-6b18-4609-8527-2d78cab1f5f0,e13f028c-078b-4c9c-b6d4-22e2f83ace50,2023,2023-12-15,4.5,67,59,false
c9022131-c6a4-4140-8b04-cd0419daa2f7,e13f028c-078b-4c9c-b6d4-22e2f83ace50,2024,2024-12-15,3.1,100,57,false
ab8c1d8a-5a66-440d-8229-cb8beb50ebb9,e13f028c-078b-4c9c-b6d4-22e2f83ace50,2025,2025-12-15,4.4,65,49,false
1abfd907-1968-4206-b2e7-b1eebfcaa77c,e13f028c-078b-4c9c-b6d4-22e2f83ace50,2026,2026-12-15,2.1,66,51,false
f6e4ff9f-5a0e-41e4-b18c-4a1fb35e793a,22b2e1ea-b73d-4484-963d-2fe633fc684e,2018,2018-12-15,4.7,90,47,false
d80badf2-18f0-4451-a95e-cd78f2aaecbf,22b2e1ea-b73d-4484-963d-2fe633fc684e,2019,2019-12-15,2.9,94,51,false
0d0a1268-6f49-4d14-805d-201e6b09a788,22b2e1ea-b73d-4484-963d-2fe633fc684e,2020,2020-12-15,2.3,90,28,false
45537788-3ff3-4749-a4d9-cdad74db40d4,22b2e1ea-b73d-4484-963d-2fe633fc684e,2021,2021-12-15,3.2,88,13,false
1d0d94f0-4d8f-4c59-80da-ae524ecff156,22b2e1ea-b73d-4484-963d-2fe633fc684e,2022,2022-12-15,3.3,96,11,false
a7c45142-b933-4477-bf10-a8960f646176,22b2e1ea-b73d-4484-963d-2fe633fc684e,2023,2023-12-15,4.7,97,50,false
629c1c20-ab3b-46e0-bf93-92d66bc2da03,22b2e1ea-b73d-4484-963d-2fe633fc684e,2024,2024-12-15,3.9,92,45,false
3edcc65f-3f23-46bb-97a4-77f7ada95944,22b2e1ea-b73d-4484-963d-2fe633fc684e,2025,2025-12-15,3.7,61,35,false
11407c24-8be3-4d3f-afeb-8c7141df9987,22b2e1ea-b73d-4484-963d-2fe633fc684e,2026,2026-12-15,2.2,60,56,false
ba0d521e-4aa9-4615-b54e-cc2d6a6edb35,83e624dc-2f94-4149-9e35-837bf43b232f,2017,2017-12-15,4.1,88,11,false
9f14e5bc-dd26-49e6-b8fa-b878485615d5,83e624dc-2f94-4149-9e35-837bf43b232f,2018,2018-12-15,4.9,71,44,true
52543e4b-9b9a-4b33-99fe-3e9dd98d22dc,83e624dc-2f94-4149-9e35-837bf43b232f,2019,2019-12-15,2.1,79,58,false
1a9af0bd-fe10-4f69-bddc-1a05e0bc5845,83e624dc-2f94-4149-9e35-837bf43b232f,2020,2020-12-15,4.4,96,24,false
744b3cdb-0ff1-4c19-830d-1957a2167fee,83e624dc-2f94-4149-9e35-837bf43b232f,2021,2021-12-15,4.3,99,54,false
a9bbe649-e62e-4195-a4c8-5938d2ddca8f,83e624dc-2f94-4149-9e35-837bf43b232f,2022,2022-12-15,4.5,85,25,false
a9b853df-1d8c-4147-b047-8a930ee278bf,83e624dc-2f94-4149-9e35-837bf43b232f,2023,2023-12-15,2.2,77,51,false
39c2fc77-f756-47cb-9c04-6a15b8e95576,83e624dc-2f94-4149-9e35-837bf43b232f,2024,2024-12-15,3.3,78,55,false
77f57809-dfe6-4a52-bd05-c307188e0403,83e624dc-2f94-4149-9e35-837bf43b232f,2025,2025-12-15,3,71,58,false
52b796dd-d23a-4760-b74e-5d080bf969c1,83e624dc-2f94-4149-9e35-837bf43b232f,2026,2026-12-15,2.7,67,30,false
999a8d09-f13a-4056-90f2-bb1c9aa5d075,816b7233-8e0e-405b-8cd5-19e46bec0da8,2025,2025-12-15,3.6,86,18,false
e4a996fb-8ad8-4083-a7df-75b073d52fd9,816b7233-8e0e-405b-8cd5-19e46bec0da8,2026,2026-12-15,3.1,60,21,false
d9023f84-60c4-42c3-83ef-f1820488fadc,4a89d93d-ab46-4433-9e93-3dd01840742b,2022,2022-12-15,4.7,65,54,false
777ba71d-0f2d-45b8-9b23-e98330299ba8,4a89d93d-ab46-4433-9e93-3dd01840742b,2023,2023-12-15,4,89,55,false
0bd67cc4-2e47-493a-a07c-901e9b3226fd,4a89d93d-ab46-4433-9e93-3dd01840742b,2024,2024-12-15,4.3,84,45,false
3e85a9a2-d5df-4572-ad69-86e92a65f174,4a89d93d-ab46-4433-9e93-3dd01840742b,2025,2025-12-15,4.4,92,36,false
4a3fa6f5-ff24-413d-a921-2c1abf3e86a6,4a89d93d-ab46-4433-9e93-3dd01840742b,2026,2026-12-15,3.2,92,34,false
4a746a05-2576-4762-b979-de0178ae5df8,3eb35e4e-6729-405d-b1c9-d3f6b270477b,2025,2025-12-15,2.8,91,57,false
b0261778-0f7b-4113-89f4-27a965253d78,3eb35e4e-6729-405d-b1c9-d3f6b270477b,2026,2026-12-15,4.9,63,29,true
8535f62d-c66f-4e11-80f9-6cdeef7e23c6,a46efb1d-ce51-4b74-8a8f-68abcd4f9cf3,2024,2024-12-15,2.5,62,46,false
0064cbf3-bded-41f7-b6af-1fcf0e031e58,a46efb1d-ce51-4b74-8a8f-68abcd4f9cf3,2025,2025-12-15,3.5,68,46,false
9eff474a-9ceb-4a8e-9458-ab0064680f47,a46efb1d-ce51-4b74-8a8f-68abcd4f9cf3,2026,2026-12-15,3.7,72,59,false
b7a946e3-e323-42af-86f4-da7cf0edf661,3331ba84-dbcc-41ed-a54b-3e61970d091b,2020,2020-12-15,2.6,88,36,false
61235a49-e7fc-430e-9d1e-b4c490bd1474,3331ba84-dbcc-41ed-a54b-3e61970d091b,2021,2021-12-15,4.7,73,59,false
15958715-b8ec-444b-ae14-3832aa5cfce6,3331ba84-dbcc-41ed-a54b-3e61970d091b,2022,2022-12-15,4,80,45,false
5d7c5248-2ddb-416c-95f7-347d887b0e5e,3331ba84-dbcc-41ed-a54b-3e61970d091b,2023,2023-12-15,4.5,72,47,true
e8e6d281-1f8a-4976-8f6f-49b61ad2e67a,3331ba84-dbcc-41ed-a54b-3e61970d091b,2024,2024-12-15,4.3,96,41,false
bdfcf8a4-609a-4939-879d-369a83d41f01,3331ba84-dbcc-41ed-a54b-3e61970d091b,2025,2025-12-15,5,81,26,false
fbdb7b84-e00d-4050-9778-43aabd3e7dc2,3331ba84-dbcc-41ed-a54b-3e61970d091b,2026,2026-12-15,2.7,81,38,false
726dd531-6f60-4dbe-a977-0f828f92e786,ee8a5a47-cfeb-40a2-add7-6523b26c3581,2026,2026-12-15,2.8,100,12,false
1b41e1af-44ee-43f2-819c-c5d65198e4cb,0071ef89-d819-4571-96e2-17beed1d9bd5,2023,2023-12-15,2.8,87,34,false
818f9e89-c246-4cb6-bae9-a1bff5effe82,0071ef89-d819-4571-96e2-17beed1d9bd5,2024,2024-12-15,3.1,93,14,false
8f8aff50-88bf-43fd-9b88-c8192041bd4d,0071ef89-d819-4571-96e2-17beed1d9bd5,2025,2025-12-15,2.6,80,45,false
0bca4313-ac5c-45e8-9df9-1fc1ed765f04,0071ef89-d819-4571-96e2-17beed1d9bd5,2026,2026-12-15,4.4,85,25,false
7a5eeac5-6094-4012-8dbc-5003cfaf7290,aa78e4dc-723d-4fb4-a497-353e301addff,2017,2017-12-15,2.2,82,43,false
caa1ac51-ecaf-450d-a221-8e6d6713032f,aa78e4dc-723d-4fb4-a497-353e301addff,2018,2018-12-15,4.3,87,42,false
eb041a78-78aa-4bff-95ee-62855b90661c,aa78e4dc-723d-4fb4-a497-353e301addff,2019,2019-12-15,4.1,70,55,false
9042a668-24b5-4eb2-9826-ff736571db4f,aa78e4dc-723d-4fb4-a497-353e301addff,2020,2020-12-15,3.4,100,58,false
dd474863-b014-446f-a6f5-679cffe6ae32,aa78e4dc-723d-4fb4-a497-353e301addff,2021,2021-12-15,2.4,100,53,false
045c0221-6fb3-480b-864a-d8e2a12d3f87,aa78e4dc-723d-4fb4-a497-353e301addff,2022,2022-12-15,3.8,99,29,false
38090391-215f-475a-ab71-620eebfc9931,aa78e4dc-723d-4fb4-a497-353e301addff,2023,2023-12-15,4,86,41,false
7e9db74f-c407-4fb8-b26f-7b34858c3155,aa78e4dc-723d-4fb4-a497-353e301addff,2024,2024-12-15,2.5,100,48,false
30358b2e-cec0-4cd4-95bc-f7cd157c0d1f,aa78e4dc-723d-4fb4-a497-353e301addff,2025,2025-12-15,4.6,90,15,true
e52d670d-1b52-4794-8bd1-7d4c519156b1,aa78e4dc-723d-4fb4-a497-353e301addff,2026,2026-12-15,4.8,86,34,false
80e9ba06-02c2-41cb-947f-a246150f8e66,327e437b-22c7-4b97-a3a4-1d21df695d84,2024,2024-12-15,2.8,70,33,false
86d09c89-4b18-44e8-8628-247a47a32cf6,327e437b-22c7-4b97-a3a4-1d21df695d84,2025,2025-12-15,2.4,74,47,false
2e520045-f712-4c6d-a5dd-8782198f02c2,327e437b-22c7-4b97-a3a4-1d21df695d84,2026,2026-12-15,2.2,82,41,false
5d5c1696-7996-4d28-85e1-185bf9b3cb51,1a602d1d-3c9f-448e-9bcf-609d6e0a1111,2017,2017-12-15,4.8,80,12,false
3a005d60-e822-43ea-ad22-58b8270f4918,1a602d1d-3c9f-448e-9bcf-609d6e0a1111,2018,2018-12-15,4.5,75,13,false
a02ba9c2-44e8-4bc1-a807-d6abb81b9e49,1a602d1d-3c9f-448e-9bcf-609d6e0a1111,2019,2019-12-15,2,74,38,false
93567a15-db0b-41d7-b252-0ae957670a9d,1a602d1d-3c9f-448e-9bcf-609d6e0a1111,2020,2020-12-15,3.5,84,28,false
c9608fe0-cea5-4ac3-bf4f-99f50070e2e6,1a602d1d-3c9f-448e-9bcf-609d6e0a1111,2021,2021-12-15,4.8,66,26,false
d6af44f4-342d-404f-9ce7-ba68c56df99b,1a602d1d-3c9f-448e-9bcf-609d6e0a1111,2022,2022-12-15,3,99,51,false
bbfd1209-75dc-489d-ac39-8365c465cf14,1a602d1d-3c9f-448e-9bcf-609d6e0a1111,2023,2023-12-15,3.8,83,30,false
0340c6d7-6f95-4f89-8207-4d2ba5189136,1a602d1d-3c9f-448e-9bcf-609d6e0a1111,2024,2024-12-15,3.2,82,47,false
8439aa50-64f1-45ec-b99c-47d7473d12e3,1a602d1d-3c9f-448e-9bcf-609d6e0a1111,2025,2025-12-15,2.4,67,31,false
0e86de8c-668e-4a96-b368-a0fb4816edfb,1a602d1d-3c9f-448e-9bcf-609d6e0a1111,2026,2026-12-15,3,60,24,false
ea8033b7-d2de-4c2f-bc47-dfe6fc0ef114,41b607e3-086a-4f91-8dd5-a03e7b0b9760,2017,2017-12-15,2.9,78,22,false
ab000bab-84f3-404d-8e91-e0abd9136ead,41b607e3-086a-4f91-8dd5-a03e7b0b9760,2018,2018-12-15,3.9,90,20,false
740a256e-aace-482f-8868-5a3c53e544ab,41b607e3-086a-4f91-8dd5-a03e7b0b9760,2019,2019-12-15,4.6,90,21,false
93b32ce5-48e0-431d-8599-994ddff374bc,41b607e3-086a-4f91-8dd5-a03e7b0b9760,2020,2020-12-15,4.3,72,48,false
56c5c5b6-cd0a-46ed-9189-b2f69b887664,41b607e3-086a-4f91-8dd5-a03e7b0b9760,2021,2021-12-15,2.6,71,56,false
c5f6565a-17e4-4df9-b6fd-100e48644e6e,41b607e3-086a-4f91-8dd5-a03e7b0b9760,2022,2022-12-15,4,65,24,false
0b4b9056-72d5-4dfd-9968-3374f29d498e,41b607e3-086a-4f91-8dd5-a03e7b0b9760,2023,2023-12-15,4.3,88,21,false
6084aea4-ba4e-43cf-b0a1-959974585fe5,41b607e3-086a-4f91-8dd5-a03e7b0b9760,2024,2024-12-15,2.2,77,10,false
cd505522-bb3d-4c43-813a-a37f1d7eae21,41b607e3-086a-4f91-8dd5-a03e7b0b9760,2025,2025-12-15,4.9,73,56,false
14d65bcd-2df3-4e37-bd30-4d685d561a6f,41b607e3-086a-4f91-8dd5-a03e7b0b9760,2026,2026-12-15,3.4,60,59,false
ddf4cdb2-934f-4034-94e0-07f9e2d535d1,9277e8b6-5d69-4fd1-9944-571bf55761c7,2026,2026-12-15,4.7,81,39,true
2d4ae95d-3f21-407a-8923-f82fee1e614d,96b207fa-029a-44f7-8f8e-336fed1721b4,2020,2020-12-15,2.1,92,54,false
3d9a0f1c-1839-4d85-9092-48969655f788,96b207fa-029a-44f7-8f8e-336fed1721b4,2021,2021-12-15,3.9,79,12,false
97930d9e-0cbe-4737-a633-a764a22b3e5e,96b207fa-029a-44f7-8f8e-336fed1721b4,2022,2022-12-15,2.7,77,37,false
24ec868a-581a-4173-a310-4d4bd4984110,96b207fa-029a-44f7-8f8e-336fed1721b4,2023,2023-12-15,2.2,61,49,false
93cb3dc0-0ea8-417b-8d9e-4c8073e94116,96b207fa-029a-44f7-8f8e-336fed1721b4,2024,2024-12-15,3.2,72,52,false
2ce3bd1b-320a-4ed3-8226-617600b5e698,96b207fa-029a-44f7-8f8e-336fed1721b4,2025,2025-12-15,3.6,86,18,false
ac346711-3c3a-40e0-a6dd-8812cb1f31ee,96b207fa-029a-44f7-8f8e-336fed1721b4,2026,2026-12-15,3.6,71,51,false
555ffc23-29f0-4182-be3b-cfa1a00739de,7d074040-4756-4447-93ce-df56c9922b8b,2022,2022-12-15,2.7,63,31,false
1e5b6f84-1ba1-4fb6-8ded-44ea45e821e8,7d074040-4756-4447-93ce-df56c9922b8b,2023,2023-12-15,4.8,77,23,false
ef3452b2-3413-403e-b992-785abdd993a7,7d074040-4756-4447-93ce-df56c9922b8b,2024,2024-12-15,4.1,63,52,false
53b942af-82c9-48f7-b07e-8f5f2492d9f0,7d074040-4756-4447-93ce-df56c9922b8b,2025,2025-12-15,4.6,87,42,true
fbea3374-2d78-4ea6-860c-1b7509e49ce0,7d074040-4756-4447-93ce-df56c9922b8b,2026,2026-12-15,2.8,66,51,false
cee46224-4f2f-4918-ba47-a2c6a8b43658,026df0c7-fce7-414c-aaea-7e081a95f0c2,2021,2021-12-15,3.1,99,38,false
5dff766b-deb9-4fea-baf0-4fbb50ed51fe,026df0c7-fce7-414c-aaea-7e081a95f0c2,2022,2022-12-15,2.1,73,17,false
93ffb27a-519a-42c0-85e0-cc182b33b483,026df0c7-fce7-414c-aaea-7e081a95f0c2,2023,2023-12-15,3.6,98,14,false
25fc1474-5df8-4cdc-8f66-29baa6bacd3c,026df0c7-fce7-414c-aaea-7e081a95f0c2,2024,2024-12-15,4.6,89,52,true
a3d195e7-8144-4c4c-a41b-5318e208e697,026df0c7-fce7-414c-aaea-7e081a95f0c2,2025,2025-12-15,3.5,93,43,false
1c50e213-5e24-44d1-90ad-892add46e875,026df0c7-fce7-414c-aaea-7e081a95f0c2,2026,2026-12-15,2.2,93,37,false
d512654f-6626-4424-b17d-e6058ebb0d9e,329446eb-59ad-4541-bbcd-20fd069e82af,2017,2017-12-15,2.2,93,11,false
53c75cf4-ba76-4352-a164-c43241c0600c,329446eb-59ad-4541-bbcd-20fd069e82af,2018,2018-12-15,4.4,87,36,false
2fbb6889-d1ef-41f1-8f70-0afa8a5414b3,329446eb-59ad-4541-bbcd-20fd069e82af,2019,2019-12-15,2.8,80,17,false
4359709e-3658-4a34-95ea-2ce3d11ed051,329446eb-59ad-4541-bbcd-20fd069e82af,2020,2020-12-15,4.1,82,19,false
c4ce928d-baf0-4a2f-9188-d69b12738777,329446eb-59ad-4541-bbcd-20fd069e82af,2021,2021-12-15,2.6,70,59,false
ee428bf8-62ef-4e6a-a751-c2e0d91422cb,329446eb-59ad-4541-bbcd-20fd069e82af,2022,2022-12-15,4.4,86,11,false
7c711bb4-1049-44e2-94fb-3e8cbffbac14,329446eb-59ad-4541-bbcd-20fd069e82af,2023,2023-12-15,2.9,83,23,false
7c855b4e-d451-4647-9c41-49fe4f15b396,329446eb-59ad-4541-bbcd-20fd069e82af,2024,2024-12-15,2.1,84,57,false
26c4a7fa-f936-4d0f-af66-308cda1fc181,329446eb-59ad-4541-bbcd-20fd069e82af,2025,2025-12-15,2.6,79,51,false
d5fc04a5-d32d-4852-917d-3c2f44bd071c,329446eb-59ad-4541-bbcd-20fd069e82af,2026,2026-12-15,4.7,96,43,true
5acf60cb-5329-4a52-8022-2b203d899864,434e954d-95c6-4dcb-bf99-46e4359e0d7f,2025,2025-12-15,3.7,72,44,false
f07b1ea1-5056-4000-addf-0613aeb919fb,434e954d-95c6-4dcb-bf99-46e4359e0d7f,2026,2026-12-15,2.5,70,52,false
0438c4cb-ad44-40f6-bb69-9a67e03a98e0,4813b970-e9d6-4dc4-abef-6babbaaa2bb9,2026,2026-12-15,2.7,67,22,false
04e9b718-0abe-486a-80d9-703fcb4b38fb,1b8191bb-2c80-4fcb-b510-ad67390cbcdf,2025,2025-12-15,4.7,74,29,true
ccee7026-913f-4c1d-8baa-b9d7eaa00c56,1b8191bb-2c80-4fcb-b510-ad67390cbcdf,2026,2026-12-15,3.9,60,21,false
fce90cda-8e1a-4f80-9433-3fada2703b91,ef674495-dac5-40ca-b768-a032a82bf40d,2017,2017-12-15,2.3,87,10,false
231c0e41-9e57-4574-a4eb-c422d2624491,ef674495-dac5-40ca-b768-a032a82bf40d,2018,2018-12-15,2.7,79,12,false
bff63037-b8df-40e9-8ef5-32c4e48cce5a,ef674495-dac5-40ca-b768-a032a82bf40d,2019,2019-12-15,2.5,75,49,false
ccc69648-1076-4f51-b115-aaf561f772fc,ef674495-dac5-40ca-b768-a032a82bf40d,2020,2020-12-15,2.9,68,14,false
e3836e12-89b7-44d0-bbf9-6a281d086764,ef674495-dac5-40ca-b768-a032a82bf40d,2021,2021-12-15,2.8,85,43,false
7c10214f-974e-4ab6-9b8b-d657ed4743d9,ef674495-dac5-40ca-b768-a032a82bf40d,2022,2022-12-15,3.4,94,21,false
ae04e97e-b2c7-4ec0-ba7d-3ab2cda18b6b,ef674495-dac5-40ca-b768-a032a82bf40d,2023,2023-12-15,4.1,80,19,false
23fe4cf5-f197-427f-ae0a-3657f412d274,ef674495-dac5-40ca-b768-a032a82bf40d,2024,2024-12-15,2.1,61,39,false
ce8fe400-1b78-4755-b98b-3d176cf5f0cc,ef674495-dac5-40ca-b768-a032a82bf40d,2025,2025-12-15,3.9,69,35,false
5212c5c3-d40e-4cc3-af8f-af8a9a699bcc,ef674495-dac5-40ca-b768-a032a82bf40d,2026,2026-12-15,4.7,96,37,true
3b86ac3b-fb43-40f0-9d94-d8f2c373b5fc,369f09ad-510b-4ba8-af17-f6a21aa7d901,2022,2022-12-15,5,68,59,false
0f96bbfa-7296-4cfe-8f2d-3b0111ae5350,369f09ad-510b-4ba8-af17-f6a21aa7d901,2023,2023-12-15,4.3,83,15,false
eee57d8a-1e4b-4a94-815c-c2b19acb1c60,369f09ad-510b-4ba8-af17-f6a21aa7d901,2024,2024-12-15,3.3,76,59,false
62a067d3-9fc3-437a-bd1d-f1bb112355ff,369f09ad-510b-4ba8-af17-f6a21aa7d901,2025,2025-12-15,4.7,85,29,false
70aac5c9-14a2-4847-8ef6-851dd50ac4ee,369f09ad-510b-4ba8-af17-f6a21aa7d901,2026,2026-12-15,3,80,13,false
f21055f4-9b2a-4ef4-8255-50d5ead418e5,76037b1b-d0e8-4e47-8e7b-f248f5af6c52,2019,2019-12-15,2.2,62,15,false
172f4b0a-74db-4adb-9369-559efebf3764,76037b1b-d0e8-4e47-8e7b-f248f5af6c52,2020,2020-12-15,4.9,61,18,true
22dd4466-74ed-4b07-a5fc-be87c725ca97,76037b1b-d0e8-4e47-8e7b-f248f5af6c52,2021,2021-12-15,2.3,62,22,false
38231ce8-6981-441b-a2ce-3745a61f4d88,76037b1b-d0e8-4e47-8e7b-f248f5af6c52,2022,2022-12-15,3.2,68,41,false
a27e9371-5c4a-433b-8866-cda6f7b6649d,76037b1b-d0e8-4e47-8e7b-f248f5af6c52,2023,2023-12-15,3.9,74,21,false
eabfbd52-237d-4c54-b0a0-6dbb59184877,76037b1b-d0e8-4e47-8e7b-f248f5af6c52,2024,2024-12-15,4.4,96,24,false
9d56319a-6012-49fe-a54c-f781ed582ec8,76037b1b-d0e8-4e47-8e7b-f248f5af6c52,2025,2025-12-15,2.2,97,20,false
a142c3aa-9dc6-46f2-b7fe-0db6bd92fbd2,76037b1b-d0e8-4e47-8e7b-f248f5af6c52,2026,2026-12-15,2.7,95,19,false
5281a05a-1843-42ad-ba55-f52540856d72,5bcc7e40-5d55-4ff7-a32d-0e728bb9b5dd,2016,2016-12-15,2.6,66,60,false
0b4502db-f3fe-498a-b459-1cc3a06a1d28,5bcc7e40-5d55-4ff7-a32d-0e728bb9b5dd,2017,2017-12-15,4.9,62,36,true
65f9e66f-edd1-4233-adc6-72f584a315e8,5bcc7e40-5d55-4ff7-a32d-0e728bb9b5dd,2018,2018-12-15,2.2,96,13,false
97e5a45c-76cd-4a44-be13-38ce34cc893e,5bcc7e40-5d55-4ff7-a32d-0e728bb9b5dd,2019,2019-12-15,3,92,20,false
c7695256-4538-443a-a41c-e0e8ed5a3747,5bcc7e40-5d55-4ff7-a32d-0e728bb9b5dd,2020,2020-12-15,2.9,82,15,false
8bf9de1f-05c4-4796-89bf-ce3f5f30e8a2,5bcc7e40-5d55-4ff7-a32d-0e728bb9b5dd,2021,2021-12-15,4,92,59,false
c64e469d-cfe0-43ac-9f17-69e85b459ea9,5bcc7e40-5d55-4ff7-a32d-0e728bb9b5dd,2022,2022-12-15,2.5,76,23,false
abbb954e-9fc9-4059-9275-f0c4d23bda95,5bcc7e40-5d55-4ff7-a32d-0e728bb9b5dd,2023,2023-12-15,2.4,92,41,false
6a715057-b42b-4727-bf45-87f9aa0ba042,5bcc7e40-5d55-4ff7-a32d-0e728bb9b5dd,2024,2024-12-15,4.8,82,56,true
94c77349-a023-4524-ba8f-a9aeb5279615,5bcc7e40-5d55-4ff7-a32d-0e728bb9b5dd,2025,2025-12-15,2,89,37,false
cd4a0f02-b441-4042-bc50-d434c9b2173e,5bcc7e40-5d55-4ff7-a32d-0e728bb9b5dd,2026,2026-12-15,3.5,91,42,false
c2e9d369-a98e-45c5-8fd5-df68b5165122,c359d09e-8161-403e-ad71-639463c4b574,2022,2022-12-15,4.8,66,47,true
f1ec6004-fda0-49b6-bfea-a4975558f2b4,c359d09e-8161-403e-ad71-639463c4b574,2023,2023-12-15,4,91,51,false
34a94e82-0fc2-4656-9242-8343d9b2c8f3,c359d09e-8161-403e-ad71-639463c4b574,2024,2024-12-15,2.6,81,26,false
1310e902-bc52-4f42-92ff-622d54a3c287,c359d09e-8161-403e-ad71-639463c4b574,2025,2025-12-15,4.1,95,37,false
54e3fe0e-b372-466f-9da3-0da4c2ec9805,c359d09e-8161-403e-ad71-639463c4b574,2026,2026-12-15,3.7,77,36,false
ac8e4a80-8580-43c4-81c9-277757d216ab,c8b8badb-383a-4d3c-8982-f2399846748e,2021,2021-12-15,2.7,92,26,false
2ac87c33-42b5-49b3-ba8d-2c33f743abb1,c8b8badb-383a-4d3c-8982-f2399846748e,2022,2022-12-15,4.1,85,14,false
d518a828-d296-4371-b704-250db9d86414,c8b8badb-383a-4d3c-8982-f2399846748e,2023,2023-12-15,2.3,65,38,false
806f67ee-fbaa-4780-ba87-811f0fa4de6d,c8b8badb-383a-4d3c-8982-f2399846748e,2024,2024-12-15,4.2,73,38,false
246d31f8-d5de-4d79-8c1a-8501d13d11fa,c8b8badb-383a-4d3c-8982-f2399846748e,2025,2025-12-15,2,75,58,false
9fc40461-d48a-4917-aad4-81d5f097a9ac,c8b8badb-383a-4d3c-8982-f2399846748e,2026,2026-12-15,3.3,99,58,false
54a4ecb7-8ccc-4cf2-8879-ece8491309e0,2e066e6b-aa88-442a-9dbd-144500215a83,2026,2026-12-15,4.7,85,35,true
52c62122-efe6-42e7-a2b5-748d13241d23,9dd96f56-4626-4d14-8bb7-d9b2a3127e86,2021,2021-12-15,2,62,42,false
c4788af2-1b6f-44a1-9ae2-f4e140496489,9dd96f56-4626-4d14-8bb7-d9b2a3127e86,2022,2022-12-15,4.6,67,23,false
654dad7b-2bab-4768-96ce-f6088bc3caf4,9dd96f56-4626-4d14-8bb7-d9b2a3127e86,2023,2023-12-15,2.3,80,56,false
791bb69c-4b88-49e1-99d7-5041a007e4ea,9dd96f56-4626-4d14-8bb7-d9b2a3127e86,2024,2024-12-15,3.7,85,40,false
6e2ecc8c-bdad-46d3-8d70-aa12ae616dac,9dd96f56-4626-4d14-8bb7-d9b2a3127e86,2025,2025-12-15,2.5,73,37,false
c0ab179b-38ee-4e97-ab4e-04f99210e571,9dd96f56-4626-4d14-8bb7-d9b2a3127e86,2026,2026-12-15,4.1,63,59,false
3d856d5e-2e3b-42cc-8925-e8690f7f19da,6762b8a6-1e07-4de5-adc9-f44a8e5b59bc,2024,2024-12-15,4.2,99,47,false
51aca338-9876-4b26-8625-68a5d1a93de2,6762b8a6-1e07-4de5-adc9-f44a8e5b59bc,2025,2025-12-15,3.8,62,48,false
b8405805-b353-442b-a797-a3ca4665afaf,6762b8a6-1e07-4de5-adc9-f44a8e5b59bc,2026,2026-12-15,2,90,24,false
0f03966e-7580-44a9-a0a4-69020cc70c6a,63fed47b-e924-4a20-8e42-16fd0aa8ada2,2020,2020-12-15,4.2,68,60,false
170771bd-36e9-4e93-ad1b-aa6999927da7,63fed47b-e924-4a20-8e42-16fd0aa8ada2,2021,2021-12-15,2.7,88,28,false
446d33f1-f500-4a3f-9cfb-e3004dad8f56,63fed47b-e924-4a20-8e42-16fd0aa8ada2,2022,2022-12-15,2.6,82,35,false
a8c9e728-0d39-4d0f-a275-8c92c9967bf3,63fed47b-e924-4a20-8e42-16fd0aa8ada2,2023,2023-12-15,4.3,95,38,false
68176260-59cf-41d4-a677-30baa78f56f7,63fed47b-e924-4a20-8e42-16fd0aa8ada2,2024,2024-12-15,4.3,93,39,false
dc42d40d-1083-4d89-9d32-5855d06da72d,63fed47b-e924-4a20-8e42-16fd0aa8ada2,2025,2025-12-15,4.9,88,35,false
e4ad60cc-5276-40ac-9d8d-2974efa3ea23,63fed47b-e924-4a20-8e42-16fd0aa8ada2,2026,2026-12-15,3.7,65,17,false
14208c6b-c2ea-4b65-9b7c-cc85fdc3ae34,64400506-a5c0-4475-8bff-6c6f3d777d4a,2025,2025-12-15,3.5,81,53,false
e2956afb-4afb-4b08-aa9d-ad7cc0f817fc,64400506-a5c0-4475-8bff-6c6f3d777d4a,2026,2026-12-15,4.5,83,59,true
dc2481ca-d8a7-4bfc-b98a-39c2400de15b,82c6b5cb-9a09-48fa-a6ee-1bb7b3aee0b2,2025,2025-12-15,4,97,19,false
58770f26-dbd9-49b5-83b7-05a7ecf5582c,82c6b5cb-9a09-48fa-a6ee-1bb7b3aee0b2,2026,2026-12-15,2.8,89,12,false
fffde59c-c6dc-4a0d-92d3-d2998ad172b9,359d6895-6d02-475a-b47b-6f8fd4394d4a,2023,2023-12-15,4,70,19,false
ad338376-7532-48ba-a8b1-beeb7e91166d,359d6895-6d02-475a-b47b-6f8fd4394d4a,2024,2024-12-15,2.1,80,12,false
28294ac7-20c6-4e6d-aef2-bbaab3f537bb,359d6895-6d02-475a-b47b-6f8fd4394d4a,2025,2025-12-15,3.9,85,51,false
f007a2a6-8cd1-4fc5-8d24-7af248110c32,359d6895-6d02-475a-b47b-6f8fd4394d4a,2026,2026-12-15,2.6,95,38,false
ea919a90-6477-478f-9b0a-c79318cf15d5,d637552a-0f6e-4801-afe8-e524ca81d2b1,2016,2016-12-15,2.2,64,35,false
52e8f9f2-e519-4952-ba04-12b9dbbf2f21,d637552a-0f6e-4801-afe8-e524ca81d2b1,2017,2017-12-15,2.5,98,34,false
923d7512-bd51-4922-b2d0-e049ef044c28,d637552a-0f6e-4801-afe8-e524ca81d2b1,2018,2018-12-15,4.8,97,36,false
7487aa3b-8168-4ebc-b15e-a8632efba001,d637552a-0f6e-4801-afe8-e524ca81d2b1,2019,2019-12-15,2.2,72,31,false
23cfbedd-e0b5-4ea5-b789-48021742fabf,d637552a-0f6e-4801-afe8-e524ca81d2b1,2020,2020-12-15,2.2,76,31,false
b7a2afec-83c6-493f-8f2d-2943c3347b9f,d637552a-0f6e-4801-afe8-e524ca81d2b1,2021,2021-12-15,2.4,92,42,false
7f0e729c-c94f-4f2e-9a15-6f063f5a34dc,d637552a-0f6e-4801-afe8-e524ca81d2b1,2022,2022-12-15,2.4,67,22,false
84535702-ee2e-4432-85fb-637290c192b4,d637552a-0f6e-4801-afe8-e524ca81d2b1,2023,2023-12-15,4,96,59,false
dff68347-f605-40f2-b859-1fa07a0c5d68,d637552a-0f6e-4801-afe8-e524ca81d2b1,2024,2024-12-15,3.4,99,19,false
f8557cbe-a393-4297-9026-e0fe34c06ed3,d637552a-0f6e-4801-afe8-e524ca81d2b1,2025,2025-12-15,2.6,77,23,false
c6dd87f0-76c6-485f-b9af-5b4211e9d116,d637552a-0f6e-4801-afe8-e524ca81d2b1,2026,2026-12-15,5,70,59,false
e1b97d42-5b2f-4ead-9cea-040abf408864,e2a32eb2-e17c-4638-83a4-e8a248b10c6e,2026,2026-12-15,3,79,45,false
cb55ec73-0e27-4040-9d99-33a608332239,ab93edd2-d4b2-4230-a09c-a554cb27e26f,2026,2026-12-15,3.7,68,25,false
b15a3f9f-3dbf-456e-8bcc-56c55681753e,2d7ac0c1-d264-4e06-a863-bc460f270c7e,2024,2024-12-15,3.6,64,51,false
b39c29c6-d79a-479b-af55-4d5276fffeda,2d7ac0c1-d264-4e06-a863-bc460f270c7e,2025,2025-12-15,3.2,93,54,false
efd1aa0a-56ee-477b-b079-6cbe3f4af533,2d7ac0c1-d264-4e06-a863-bc460f270c7e,2026,2026-12-15,3.8,92,46,false
68a93ce7-d8a1-47d4-b2ac-c3559d0969db,c12ab7fc-9d7b-4cb6-8c9d-c5dc2635a672,2025,2025-12-15,4.9,99,32,false
a7a9a94d-dbe5-4434-89af-62638b0ad9ce,c12ab7fc-9d7b-4cb6-8c9d-c5dc2635a672,2026,2026-12-15,2.1,79,19,false
63e0af44-d912-43fc-a2f0-d417fab9b143,54336b59-52db-4720-bc2b-95bf349523e7,2025,2025-12-15,4.5,71,44,true
6b06eeb0-3225-4e52-b866-93d89743c432,54336b59-52db-4720-bc2b-95bf349523e7,2026,2026-12-15,2.7,82,22,false
cf9aaf35-3e39-4f69-9a68-706da0465d0c,3c2fb4ed-aefb-41c3-a0e6-d3f555b30e68,2018,2018-12-15,4.4,87,16,false
4f8a4592-f57e-445e-9c78-2d247b1d2d9f,3c2fb4ed-aefb-41c3-a0e6-d3f555b30e68,2019,2019-12-15,3.3,87,16,false
274991e0-c073-4529-895e-55c3e0f593a8,3c2fb4ed-aefb-41c3-a0e6-d3f555b30e68,2020,2020-12-15,2.5,84,47,false
fefc1350-60ee-4b6e-af5f-308eb53c1825,3c2fb4ed-aefb-41c3-a0e6-d3f555b30e68,2021,2021-12-15,2.4,80,24,false
54469ba4-36e2-49e7-92a1-f5cd5cfaa311,3c2fb4ed-aefb-41c3-a0e6-d3f555b30e68,2022,2022-12-15,2.8,90,25,false
9b768490-f43e-4d49-bfed-317e44b8193d,3c2fb4ed-aefb-41c3-a0e6-d3f555b30e68,2023,2023-12-15,2.1,67,23,false
6b08f1ad-3845-48d4-b17a-50494714cc83,3c2fb4ed-aefb-41c3-a0e6-d3f555b30e68,2024,2024-12-15,3.7,92,55,false
4fddbb47-6c79-411e-832a-bee891e89e9e,3c2fb4ed-aefb-41c3-a0e6-d3f555b30e68,2025,2025-12-15,3.6,86,55,false
41e22b50-12d5-44c5-930c-c2a03e13038d,3c2fb4ed-aefb-41c3-a0e6-d3f555b30e68,2026,2026-12-15,4,72,43,false
1d088c91-e2db-4e3f-a7a6-83a53167fcb2,78de9409-27be-4383-a22d-2759b04bdbb0,2020,2020-12-15,2.1,92,50,false
bece46f5-9521-4a05-aaeb-786397162e4b,78de9409-27be-4383-a22d-2759b04bdbb0,2021,2021-12-15,4.4,76,19,false
77a6739a-85db-4aed-918a-929c699ffc65,78de9409-27be-4383-a22d-2759b04bdbb0,2022,2022-12-15,2.5,74,47,false
179f0eae-955e-403a-a4f0-443713ff369a,78de9409-27be-4383-a22d-2759b04bdbb0,2023,2023-12-15,3.2,96,24,false
d5008809-32e2-4bfc-8246-ff524c6ed986,78de9409-27be-4383-a22d-2759b04bdbb0,2024,2024-12-15,4.9,88,20,true
b03e1d7b-2f66-4ab2-9150-4aac1966b514,78de9409-27be-4383-a22d-2759b04bdbb0,2025,2025-12-15,3.3,78,14,false
70a2900d-3822-42ed-8ef7-99650e89ed5e,78de9409-27be-4383-a22d-2759b04bdbb0,2026,2026-12-15,3.8,68,21,false
f3fd9aca-b2e1-4c4b-8ba1-45a143cf4ef3,6612ac8c-b655-4db5-a0c7-4e929c14fd5b,2026,2026-12-15,2.2,81,53,false
8940f9ea-35de-4025-b21f-be14eff76014,84b5fd68-9e8c-45a6-9eb1-f5c502ed0a13,2021,2021-12-15,2.5,75,28,false
604e203b-68c8-42c3-ad46-7323330f5e9a,84b5fd68-9e8c-45a6-9eb1-f5c502ed0a13,2022,2022-12-15,4.1,94,16,false
41021f6f-985a-43b3-9856-4b41baf37513,84b5fd68-9e8c-45a6-9eb1-f5c502ed0a13,2023,2023-12-15,4.3,66,24,false
90ba9453-2c98-43c5-b257-9d1f9365bd78,84b5fd68-9e8c-45a6-9eb1-f5c502ed0a13,2024,2024-12-15,2.1,87,26,false
137cf179-906a-4f77-8110-5333d89ac962,84b5fd68-9e8c-45a6-9eb1-f5c502ed0a13,2025,2025-12-15,5,84,52,false
2a2ae491-5b1a-4e29-bdde-39a60c26e0f1,84b5fd68-9e8c-45a6-9eb1-f5c502ed0a13,2026,2026-12-15,3.8,80,16,false
84edf0fc-37de-44e9-b5bc-c005753e56e4,11656dea-a081-4907-a159-1128c26c447c,2020,2020-12-15,4.8,92,50,false
b25be337-0755-4cc0-a217-e2a1904137c8,11656dea-a081-4907-a159-1128c26c447c,2021,2021-12-15,4.5,76,45,false
65b17a3c-1ef4-437f-af8f-b3ba157541d0,11656dea-a081-4907-a159-1128c26c447c,2022,2022-12-15,2.3,67,32,false
e09156e4-550d-4a0f-b1eb-46c9a238924b,11656dea-a081-4907-a159-1128c26c447c,2023,2023-12-15,3.7,90,27,false
1a13431c-66c4-4403-a97c-1fd9a6468899,11656dea-a081-4907-a159-1128c26c447c,2024,2024-12-15,4,67,29,false
85321121-d278-4311-81ca-6f51d2e74c89,11656dea-a081-4907-a159-1128c26c447c,2025,2025-12-15,2.7,71,13,false
89038bbe-92f6-4e50-8aa6-9fd92d9c6fd9,11656dea-a081-4907-a159-1128c26c447c,2026,2026-12-15,2.6,90,30,false
392743db-4e97-4ccb-9dbe-9ac2bc7c8d6f,5ad4857a-5d72-4d39-867d-a5d44ad8e369,2026,2026-12-15,3.9,81,25,false
71317ec9-0801-44ea-ada6-c404718ea390,ca9657db-521c-419c-845b-9de253ee54e3,2024,2024-12-15,3.4,68,25,false
09e2db62-91ef-405d-8ec3-1325e2c7df11,ca9657db-521c-419c-845b-9de253ee54e3,2025,2025-12-15,3.3,89,36,false
038fdba2-2669-43d8-9a86-579215e0f0ee,ca9657db-521c-419c-845b-9de253ee54e3,2026,2026-12-15,3.5,67,15,false
8630d4fa-1dd1-49cb-ab2e-8d10d888aa41,6cfb0320-3671-4bf7-9fe9-1897df5ee50c,2023,2023-12-15,4,69,10,false
1c97f948-2888-4ba6-b863-b39b2064948d,6cfb0320-3671-4bf7-9fe9-1897df5ee50c,2024,2024-12-15,3.6,97,60,false
c2d61aa9-83de-4af0-be53-bd5d48f26893,6cfb0320-3671-4bf7-9fe9-1897df5ee50c,2025,2025-12-15,2.1,100,45,false
e522f1e0-4116-4cc0-a014-54c74d078714,6cfb0320-3671-4bf7-9fe9-1897df5ee50c,2026,2026-12-15,4.2,97,17,false
4b5b48f3-1d52-4f5e-a387-12eb55cf4eac,8b739633-893f-4cd1-aeb0-2a4918957ce5,2025,2025-12-15,4.9,67,39,false
11f3c7ff-cdec-43a8-9280-44c3a9cc5c31,8b739633-893f-4cd1-aeb0-2a4918957ce5,2026,2026-12-15,3,69,52,false
a62177ee-c114-4033-916a-6ca94b568ebc,9b37e412-4f31-42a5-9e49-6cbd6a6d6244,2019,2019-12-15,3.5,94,33,false
6f09cec7-dcf8-4c46-a304-05925e291b7d,9b37e412-4f31-42a5-9e49-6cbd6a6d6244,2020,2020-12-15,3.8,96,43,false
6ede2140-392d-4257-bd2d-d563b34aad25,9b37e412-4f31-42a5-9e49-6cbd6a6d6244,2021,2021-12-15,3.7,100,14,false
03a49f13-ca71-4d7c-aa74-181fb910df77,9b37e412-4f31-42a5-9e49-6cbd6a6d6244,2022,2022-12-15,2.9,68,31,false
3f8fece2-ce80-4a96-afd8-68d88f1a82e5,9b37e412-4f31-42a5-9e49-6cbd6a6d6244,2023,2023-12-15,3.2,67,29,false
5598f38c-02eb-474e-bab7-cbf25a87e84a,9b37e412-4f31-42a5-9e49-6cbd6a6d6244,2024,2024-12-15,2,61,35,false
cade5744-79e4-4423-911d-2c56f3d87c6b,9b37e412-4f31-42a5-9e49-6cbd6a6d6244,2025,2025-12-15,4,85,20,false
e3f96565-9638-4bd2-9e55-baaf8ef85242,9b37e412-4f31-42a5-9e49-6cbd6a6d6244,2026,2026-12-15,3.7,66,23,false
10e34324-908c-40d1-8a92-d94112f1daf3,caf0fb48-66eb-4b9a-98af-f75df69ce1ed,2023,2023-12-15,4.4,94,60,false
1533c203-f733-41eb-890f-5795ffe83f4b,caf0fb48-66eb-4b9a-98af-f75df69ce1ed,2024,2024-12-15,3.1,73,34,false
c831299e-b559-4141-b033-8c2347bce190,caf0fb48-66eb-4b9a-98af-f75df69ce1ed,2025,2025-12-15,2.5,82,23,false
17d19df0-0163-4cc9-8b95-8da0c2f3266b,caf0fb48-66eb-4b9a-98af-f75df69ce1ed,2026,2026-12-15,3,63,15,false
5ffe6919-1b10-4f18-98e9-643129eba881,85d959c2-12ab-40a2-b4a2-1694cfcaab87,2022,2022-12-15,2.9,73,45,false
698e8317-b9e9-4b7f-bb05-b723009e4d01,85d959c2-12ab-40a2-b4a2-1694cfcaab87,2023,2023-12-15,2.3,90,18,false
6d64cf06-fa54-4269-b119-449837b4d9fb,85d959c2-12ab-40a2-b4a2-1694cfcaab87,2024,2024-12-15,2.7,76,20,false
16eaf145-6481-447a-818b-e983f5857cf5,85d959c2-12ab-40a2-b4a2-1694cfcaab87,2025,2025-12-15,5,88,31,false
5e097546-2fef-437c-945d-950fbda88ae3,85d959c2-12ab-40a2-b4a2-1694cfcaab87,2026,2026-12-15,4.6,98,49,false
4bffdb18-3272-4c18-b7d8-b95f15b87262,81274bf2-df6c-4f51-bd8a-0d94ef47f051,2017,2017-12-15,2.9,66,33,false
382d05d8-6fda-4939-ba7d-c8622ab3713d,81274bf2-df6c-4f51-bd8a-0d94ef47f051,2018,2018-12-15,3.9,72,18,false
32631029-6fae-4746-9a14-bc8fc8493e1f,81274bf2-df6c-4f51-bd8a-0d94ef47f051,2019,2019-12-15,4.6,76,36,true
b8064c7c-642b-4019-b8fe-4e65edcea025,81274bf2-df6c-4f51-bd8a-0d94ef47f051,2020,2020-12-15,3.6,76,43,false
3553a93e-eac1-4892-a367-3124a2de570d,81274bf2-df6c-4f51-bd8a-0d94ef47f051,2021,2021-12-15,2.4,74,13,false
345d1590-d3da-4887-85a4-a359f1e2055b,81274bf2-df6c-4f51-bd8a-0d94ef47f051,2022,2022-12-15,2.5,81,59,false
01ae806e-230e-4f4f-a72d-b050b2759e8e,81274bf2-df6c-4f51-bd8a-0d94ef47f051,2023,2023-12-15,4.2,83,49,false
61f02e34-89f5-4efa-8c4c-496fa80bddae,81274bf2-df6c-4f51-bd8a-0d94ef47f051,2024,2024-12-15,4.5,79,42,false
e27aebcb-7bc1-452a-ac04-4cd2e61816eb,81274bf2-df6c-4f51-bd8a-0d94ef47f051,2025,2025-12-15,3.2,87,35,false
20d781da-bac4-4c09-afc4-1317a933cee4,81274bf2-df6c-4f51-bd8a-0d94ef47f051,2026,2026-12-15,3.3,75,42,false
60910eec-c4b3-470c-99df-4b037c971816,11d1ad61-d4b9-4814-8145-d852e92a62f2,2025,2025-12-15,3.2,74,40,false
80974f29-9e61-40ae-802e-4cb77f88e942,11d1ad61-d4b9-4814-8145-d852e92a62f2,2026,2026-12-15,5,77,46,false
0af34d16-1195-4514-b64d-59e2d88157b1,15a17e3d-53c2-4507-80f0-c24732fa6e43,2020,2020-12-15,2.3,67,52,false
4ec14404-a308-4062-b4bb-541490e32cb1,15a17e3d-53c2-4507-80f0-c24732fa6e43,2021,2021-12-15,4.6,91,36,false
2ab2bdbe-e1f5-48e1-b815-5d64bd6939f1,15a17e3d-53c2-4507-80f0-c24732fa6e43,2022,2022-12-15,2.6,66,37,false
c5e42757-a350-40cd-af62-0f0cde8b2d1b,15a17e3d-53c2-4507-80f0-c24732fa6e43,2023,2023-12-15,5,70,44,true
9fda4ba2-a0f9-4891-814c-e2fd843d0adf,15a17e3d-53c2-4507-80f0-c24732fa6e43,2024,2024-12-15,3,96,51,false
405e6907-36d7-40bb-97e6-5c402849fada,15a17e3d-53c2-4507-80f0-c24732fa6e43,2025,2025-12-15,2.9,62,42,false
85b2f7cb-ef50-420e-b73c-fbcd7dec09b5,15a17e3d-53c2-4507-80f0-c24732fa6e43,2026,2026-12-15,3.4,91,37,false
8da71df6-7d66-4e01-93bc-e92f74b5eb21,31ece175-b6fa-4d06-9388-8273f23b481c,2026,2026-12-15,4,99,45,false
6eb2ab92-1acb-4fcf-9c99-ac0aff6949a2,2eefd697-c9ae-4789-913f-9d1bffa2f105,2022,2022-12-15,2.8,71,43,false
d95f115b-3145-4b71-9b7b-b1e93f3ccf13,2eefd697-c9ae-4789-913f-9d1bffa2f105,2023,2023-12-15,4.6,94,16,false
d7e4f745-584a-4ac0-91a4-ab22bc66dab7,2eefd697-c9ae-4789-913f-9d1bffa2f105,2024,2024-12-15,4.2,81,22,false
09517e1a-f750-45ff-b19b-43aac7b85f81,2eefd697-c9ae-4789-913f-9d1bffa2f105,2025,2025-12-15,2.9,93,11,false
a6432706-eb16-4d4c-b7db-0aac3c68a154,2eefd697-c9ae-4789-913f-9d1bffa2f105,2026,2026-12-15,4,67,48,false
ba11dbf1-0bd6-4fb7-90e9-4892d691c1d3,c60406b2-0de1-4564-9443-7ecd07e33d04,2024,2024-12-15,4.9,78,52,true
d321b1f3-6193-4c7e-a664-2b2aa1fce239,c60406b2-0de1-4564-9443-7ecd07e33d04,2025,2025-12-15,3.1,63,25,false
4dd03e26-824a-4bd4-b819-ba929859d382,c60406b2-0de1-4564-9443-7ecd07e33d04,2026,2026-12-15,4.4,91,40,false
8857f26a-c768-457e-ad8b-71abf848d770,01da3475-9b3e-40c4-9572-8c5fb050a3c2,2017,2017-12-15,4.5,90,60,true
700ebcfa-678d-4149-b0cf-924935ce63bc,01da3475-9b3e-40c4-9572-8c5fb050a3c2,2018,2018-12-15,4.2,80,33,false
c3cd4f22-4505-46a1-be60-9e13bd44675c,01da3475-9b3e-40c4-9572-8c5fb050a3c2,2019,2019-12-15,3.7,92,20,false
b6543323-ef5f-4b65-94d3-8b407233c043,01da3475-9b3e-40c4-9572-8c5fb050a3c2,2020,2020-12-15,2.3,77,52,false
86f173cd-79b4-474f-9345-f471841cbeda,01da3475-9b3e-40c4-9572-8c5fb050a3c2,2021,2021-12-15,3.3,68,57,false
fd189ded-555a-4018-948e-39fafa23979a,01da3475-9b3e-40c4-9572-8c5fb050a3c2,2022,2022-12-15,3.9,93,38,false
28b452b8-a97a-4027-a1eb-c9c8603d7465,01da3475-9b3e-40c4-9572-8c5fb050a3c2,2023,2023-12-15,3.7,83,58,false
f777192a-2833-4a65-8530-badd189a745e,01da3475-9b3e-40c4-9572-8c5fb050a3c2,2024,2024-12-15,4.4,62,38,false
f8ddec0a-1c48-406a-8a5f-01105f376b1a,01da3475-9b3e-40c4-9572-8c5fb050a3c2,2025,2025-12-15,3.1,83,31,false
f6db336e-8a45-4934-a998-a2e33f2be650,01da3475-9b3e-40c4-9572-8c5fb050a3c2,2026,2026-12-15,2.6,77,56,false
e78b42bd-21be-4a1d-b327-e23980eed986,208b0204-f914-4aed-9bec-90e9557f84a1,2024,2024-12-15,3.3,95,58,false
08d4245b-c042-4e1e-a513-0d28ae880436,208b0204-f914-4aed-9bec-90e9557f84a1,2025,2025-12-15,4.2,77,54,false
0f51da3c-dd96-45ec-b90f-8b98fa2eaabf,208b0204-f914-4aed-9bec-90e9557f84a1,2026,2026-12-15,2.6,87,28,false
f6de4926-d60e-4270-97fb-5f8e8e09af91,3e1dd2c2-a2ce-46e7-a7e3-5fbdeb1c3110,2020,2020-12-15,4.4,81,33,false
163dc24c-12ea-4825-b856-a3d2ae605a3b,3e1dd2c2-a2ce-46e7-a7e3-5fbdeb1c3110,2021,2021-12-15,3,99,40,false
987a9a38-157c-4283-92b6-ca46b8d7a85e,3e1dd2c2-a2ce-46e7-a7e3-5fbdeb1c3110,2022,2022-12-15,2,99,25,false
8b78e4f0-fb3a-4375-ab4f-071ebe8b8da2,3e1dd2c2-a2ce-46e7-a7e3-5fbdeb1c3110,2023,2023-12-15,2.8,76,44,false
38aea9bd-5113-4c92-b784-fc7080ab8fb7,3e1dd2c2-a2ce-46e7-a7e3-5fbdeb1c3110,2024,2024-12-15,3.8,93,46,false
279d7888-bb60-496b-8666-dd1dbbf20cb5,3e1dd2c2-a2ce-46e7-a7e3-5fbdeb1c3110,2025,2025-12-15,4.2,62,59,false
d1f754eb-4326-47f6-8b19-a7b48a1696f8,3e1dd2c2-a2ce-46e7-a7e3-5fbdeb1c3110,2026,2026-12-15,2,87,26,false
b41ce40e-5de8-4d25-b319-cbf2fa6d3a44,c8eeb74d-b2a2-431b-b664-1f25fc58f25b,2021,2021-12-15,2.8,92,43,false
ca837cb4-88fa-4c69-9e17-61a6b1fdf6c5,c8eeb74d-b2a2-431b-b664-1f25fc58f25b,2022,2022-12-15,3.5,79,22,false
569e7f32-e07a-45d7-97c5-046954b7cf95,c8eeb74d-b2a2-431b-b664-1f25fc58f25b,2023,2023-12-15,4.3,91,41,false
a8ff0ce2-832a-40ee-af12-feef00d924fe,c8eeb74d-b2a2-431b-b664-1f25fc58f25b,2024,2024-12-15,4.9,97,60,true
03cf3561-9fb9-4119-81c2-65c08211d101,c8eeb74d-b2a2-431b-b664-1f25fc58f25b,2025,2025-12-15,2.4,71,25,false
2ab95b66-e503-4b41-8928-bc6e97ecc5b9,c8eeb74d-b2a2-431b-b664-1f25fc58f25b,2026,2026-12-15,3.1,86,14,false
a24f70cb-476a-4475-96c2-effb4f5ead43,e66df9ef-ab0d-43c7-877f-f9a22d38e683,2024,2024-12-15,4.7,81,47,false
19179a99-51a8-4c36-b290-9e7a9927d21f,e66df9ef-ab0d-43c7-877f-f9a22d38e683,2025,2025-12-15,4.6,74,26,false
07bda922-c345-498f-bc68-142bfc6c9afa,e66df9ef-ab0d-43c7-877f-f9a22d38e683,2026,2026-12-15,2.2,72,11,false
d8757ff7-0033-41a6-b6df-f0172646def0,4d593cad-711c-4d6a-95cb-bc601930f37a,2025,2025-12-15,4,62,20,false
84c42066-268e-4c11-aa15-a6d4751e77b8,4d593cad-711c-4d6a-95cb-bc601930f37a,2026,2026-12-15,2.2,66,28,false
50d39580-c637-49f3-ba2d-802ae19f5b2c,644e83e1-f668-4f9f-8dfe-7ddd0afbfd5f,2023,2023-12-15,2.5,65,51,false
a374d63d-a169-4b1c-8501-40eb8768dc2c,644e83e1-f668-4f9f-8dfe-7ddd0afbfd5f,2024,2024-12-15,4.7,68,12,false
52f4db77-1415-408d-897c-6c0175676fb7,644e83e1-f668-4f9f-8dfe-7ddd0afbfd5f,2025,2025-12-15,3.9,68,25,false
fe1eb497-118e-4a70-916c-222e013197be,644e83e1-f668-4f9f-8dfe-7ddd0afbfd5f,2026,2026-12-15,3.8,86,26,false
dee85ab5-5c91-47f3-a188-6c044d2a22d2,7ac8f072-be3b-4730-aeec-47b438e52aaf,2025,2025-12-15,2.5,73,12,false
f5c902c2-e677-4bf7-98c4-f091f22e2ffd,7ac8f072-be3b-4730-aeec-47b438e52aaf,2026,2026-12-15,2.1,73,56,false
afa3cbec-78cb-461e-b5da-359e75945fef,67b83bad-c30e-4d93-9736-8b88d07a4f8f,2024,2024-12-15,4.1,87,56,false
b6fdca90-2836-495e-a81e-609ecc3497be,67b83bad-c30e-4d93-9736-8b88d07a4f8f,2025,2025-12-15,3.9,92,10,false
92cab208-7948-409f-96d4-10d37ac6e88c,67b83bad-c30e-4d93-9736-8b88d07a4f8f,2026,2026-12-15,4.8,63,36,true
8ff35f04-3730-4d09-87d0-431af96c2afb,62c2f25c-48ab-4c66-b75c-89a317727130,2021,2021-12-15,3.6,87,44,false
61e69196-ea25-4b5e-9f85-0b3fda73629a,62c2f25c-48ab-4c66-b75c-89a317727130,2022,2022-12-15,3.6,100,34,false
3e426774-7a7c-4ee5-accf-d9e9a736c29f,62c2f25c-48ab-4c66-b75c-89a317727130,2023,2023-12-15,4.4,95,20,false
7a15bc2f-3169-4a7d-b368-0c3e3a8439f6,62c2f25c-48ab-4c66-b75c-89a317727130,2024,2024-12-15,2.8,67,30,false
46e8fd33-173e-40d3-a484-b1e0befc849e,62c2f25c-48ab-4c66-b75c-89a317727130,2025,2025-12-15,4.5,84,19,true
106c6f00-56f5-48cb-83de-f573eda906af,62c2f25c-48ab-4c66-b75c-89a317727130,2026,2026-12-15,2.2,70,44,false
2d5f8514-8260-4433-9320-7d1a3bc8965f,91031108-a379-4327-9058-da0a3634b783,2023,2023-12-15,4.2,68,48,false
7bca836a-e59c-40bb-8d8c-4fd4b7374e7c,91031108-a379-4327-9058-da0a3634b783,2024,2024-12-15,3.7,91,28,false
ecbd8647-3b63-4831-ace2-b86cd4f6e8d9,91031108-a379-4327-9058-da0a3634b783,2025,2025-12-15,4.2,72,39,false
e672c292-8506-48b3-9c72-49dcc9172055,91031108-a379-4327-9058-da0a3634b783,2026,2026-12-15,4.6,88,18,true
68cfc439-bf5c-4657-a8b4-dc5dd9657ed9,0cdefe2c-495e-4095-abb8-22f50042e740,2020,2020-12-15,2.3,64,32,false
ea0cf84f-ad7e-4ed2-8a0f-6f557957f94f,0cdefe2c-495e-4095-abb8-22f50042e740,2021,2021-12-15,4.6,87,58,false
c594efa6-c430-4ee1-90ae-c2559fc11a7d,0cdefe2c-495e-4095-abb8-22f50042e740,2022,2022-12-15,2.3,89,12,false
58a43aef-9e60-4588-9cfe-32060a0834d2,0cdefe2c-495e-4095-abb8-22f50042e740,2023,2023-12-15,3.1,68,50,false
b8347979-9a4b-436c-8879-14d3652b8c91,0cdefe2c-495e-4095-abb8-22f50042e740,2024,2024-12-15,3.2,99,43,false
36311f7c-e43f-4a1b-882b-4fd8d72e29e0,0cdefe2c-495e-4095-abb8-22f50042e740,2025,2025-12-15,4.9,69,44,false
85f6bca6-941b-4150-9eff-0134bc06f580,0cdefe2c-495e-4095-abb8-22f50042e740,2026,2026-12-15,3.2,67,43,false
ad99001a-e93a-48d4-a62e-b1ab50ae0dbe,a84ca342-b410-429f-a875-f43a2b5d66d7,2021,2021-12-15,3.4,71,36,false
9cebece1-2619-40a3-bb6f-2ff6008c6b4c,a84ca342-b410-429f-a875-f43a2b5d66d7,2022,2022-12-15,3.5,91,27,false
b0c47ab3-9b91-4233-8d07-002d63a6fa7c,a84ca342-b410-429f-a875-f43a2b5d66d7,2023,2023-12-15,4.3,75,39,false
88a953cf-1274-4e59-9eae-75156547a31e,a84ca342-b410-429f-a875-f43a2b5d66d7,2024,2024-12-15,4.2,86,18,false
4b9604f6-1085-4ee2-a595-14909c3a0f22,a84ca342-b410-429f-a875-f43a2b5d66d7,2025,2025-12-15,3,99,14,false
c80da8a7-7c3e-4cb9-ad81-fb05f6009e5a,a84ca342-b410-429f-a875-f43a2b5d66d7,2026,2026-12-15,4.1,94,21,false
e7ed31f5-8fde-46e8-8e01-b4d25bae5e3f,ba26fc77-07aa-46cf-992b-be7a8c3ec8cb,2018,2018-12-15,4,74,24,false
31103238-68e9-4082-864f-5b09b55b9abd,ba26fc77-07aa-46cf-992b-be7a8c3ec8cb,2019,2019-12-15,4.9,65,45,true
4d761475-928d-4af0-9e21-c366c7225276,ba26fc77-07aa-46cf-992b-be7a8c3ec8cb,2020,2020-12-15,3.3,65,36,false
bf4a124c-bb84-46f3-b1d1-0b0413ff5c7e,ba26fc77-07aa-46cf-992b-be7a8c3ec8cb,2021,2021-12-15,2.5,71,39,false
a06f9585-7fdf-463a-80e3-e9a7c6a55f12,ba26fc77-07aa-46cf-992b-be7a8c3ec8cb,2022,2022-12-15,2.9,71,29,false
74468007-d3d3-4a6d-b625-81cab7d7c500,ba26fc77-07aa-46cf-992b-be7a8c3ec8cb,2023,2023-12-15,2.7,86,14,false
3717a720-4809-4c77-9a81-76f7a684c096,ba26fc77-07aa-46cf-992b-be7a8c3ec8cb,2024,2024-12-15,4.2,91,52,false
48a10618-5b06-4b49-a8af-469a4a14a9f6,ba26fc77-07aa-46cf-992b-be7a8c3ec8cb,2025,2025-12-15,2.1,98,46,false
cea79c01-c044-4c35-a978-5de7ecd5471d,ba26fc77-07aa-46cf-992b-be7a8c3ec8cb,2026,2026-12-15,3.3,84,15,false
f6d636ae-32a2-4317-be2c-70808961f600,6d00c746-90ac-4831-8b0f-4cf696a631d1,2020,2020-12-15,2.5,71,31,false
303eb0bc-49fb-4f7b-ad77-ae055fa8960b,6d00c746-90ac-4831-8b0f-4cf696a631d1,2021,2021-12-15,2.8,97,16,false
a2205093-3110-41be-9023-e05a75337cb9,6d00c746-90ac-4831-8b0f-4cf696a631d1,2022,2022-12-15,2.1,65,29,false
4a02395f-a456-4de0-8465-af97ade7f9b5,6d00c746-90ac-4831-8b0f-4cf696a631d1,2023,2023-12-15,3,96,49,false
49e24247-720d-42cd-912b-c802ff815fa0,6d00c746-90ac-4831-8b0f-4cf696a631d1,2024,2024-12-15,3.1,69,58,false
2c45f9df-8d9d-4113-83a9-67df8cd18bc9,6d00c746-90ac-4831-8b0f-4cf696a631d1,2025,2025-12-15,2.9,60,47,false
ff0a6d27-5c18-4bec-a59a-75e2877b823a,6d00c746-90ac-4831-8b0f-4cf696a631d1,2026,2026-12-15,2.6,75,25,false
85fbdd97-3525-4ee9-9c90-e503b5116f82,4dfd46e1-2dbb-4917-9471-23b9f4b0817d,2022,2022-12-15,4.4,74,34,false
fe8d3575-7c49-423e-bcb8-317b49c0dc2e,4dfd46e1-2dbb-4917-9471-23b9f4b0817d,2023,2023-12-15,3.3,73,43,false
ad4bfa62-d38f-4842-8fae-5046e690349b,4dfd46e1-2dbb-4917-9471-23b9f4b0817d,2024,2024-12-15,4.9,99,49,false
06d6a628-e2fc-49f7-83b0-6a9ab3243365,4dfd46e1-2dbb-4917-9471-23b9f4b0817d,2025,2025-12-15,2.2,87,48,false
f56ff762-810a-4ded-97fa-486d7f88e4f5,4dfd46e1-2dbb-4917-9471-23b9f4b0817d,2026,2026-12-15,3.8,91,58,false
2134fb85-7a75-46eb-9ed7-a430ab298f29,02e34fe3-d735-4e46-8518-0afa9bc707b9,2021,2021-12-15,3.2,66,20,false
044ef6d5-008a-4963-b2be-7fb76ba9083f,02e34fe3-d735-4e46-8518-0afa9bc707b9,2022,2022-12-15,4.3,86,19,false
431dce06-b6f1-4dbd-88e3-279d2e7adfbe,02e34fe3-d735-4e46-8518-0afa9bc707b9,2023,2023-12-15,3.6,94,17,false
bcd2ca9a-a377-48fd-9856-a9a44182b649,02e34fe3-d735-4e46-8518-0afa9bc707b9,2024,2024-12-15,2.9,92,46,false
fa2854ee-a96d-4a29-8311-79dfc52154ac,02e34fe3-d735-4e46-8518-0afa9bc707b9,2025,2025-12-15,2.7,78,23,false
21a44038-d699-4261-ae93-695dc9c81bca,02e34fe3-d735-4e46-8518-0afa9bc707b9,2026,2026-12-15,4.4,61,35,false
46b726da-c96f-421a-8430-a686cbba36c5,56b6b381-f04e-458f-b62d-26cc85af43a8,2016,2016-12-15,4.3,95,18,false
eab54696-86f4-465b-9ae5-fa5f20658829,56b6b381-f04e-458f-b62d-26cc85af43a8,2017,2017-12-15,4.6,67,19,true
77bc7c75-582f-4896-8426-cc7bde421318,56b6b381-f04e-458f-b62d-26cc85af43a8,2018,2018-12-15,2.1,81,42,false
8167b347-71d0-4f95-95c1-f7e0f13d320d,56b6b381-f04e-458f-b62d-26cc85af43a8,2019,2019-12-15,2.5,91,57,false
5134bf7e-27c4-45dc-a471-7e3149caf92b,56b6b381-f04e-458f-b62d-26cc85af43a8,2020,2020-12-15,3.3,93,15,false
630c7fb1-2e46-4625-9a17-e119fe9eda38,56b6b381-f04e-458f-b62d-26cc85af43a8,2021,2021-12-15,3,62,26,false
7e679801-faf6-472c-a2fc-47d6f2f8764a,56b6b381-f04e-458f-b62d-26cc85af43a8,2022,2022-12-15,4.9,64,50,false
2c09fb06-16b7-419c-b6c3-5196782fbf87,56b6b381-f04e-458f-b62d-26cc85af43a8,2023,2023-12-15,4.6,73,39,true
6336d9d5-6921-48dc-8399-0da5a4defe96,56b6b381-f04e-458f-b62d-26cc85af43a8,2024,2024-12-15,2.6,73,15,false
965215c0-7c2d-4d42-8140-28418653d312,56b6b381-f04e-458f-b62d-26cc85af43a8,2025,2025-12-15,3.3,64,30,false
35b830c0-1397-4cf2-af1f-1d10f932df2e,56b6b381-f04e-458f-b62d-26cc85af43a8,2026,2026-12-15,5,96,52,true
d236c85f-3d26-4c0b-a084-6971cd20dd0f,0122f164-7393-4950-8db9-873ec9c0aaf9,2021,2021-12-15,2.9,97,47,false
ca907e3e-720a-405b-b113-8c6b0da71f9c,0122f164-7393-4950-8db9-873ec9c0aaf9,2022,2022-12-15,4.8,94,51,false
839da8d2-7dc8-45c3-88fb-6d25f868985e,0122f164-7393-4950-8db9-873ec9c0aaf9,2023,2023-12-15,3.4,62,46,false
4020ee81-5082-4c5e-af1f-2f04c5a4993f,0122f164-7393-4950-8db9-873ec9c0aaf9,2024,2024-12-15,4.4,81,33,false
439c424a-1155-4fd4-ad69-eed56c9bb34d,0122f164-7393-4950-8db9-873ec9c0aaf9,2025,2025-12-15,3.4,71,14,false
465d8e42-f52b-41fe-8c50-14ccff5bf8a7,0122f164-7393-4950-8db9-873ec9c0aaf9,2026,2026-12-15,3.8,96,32,false
a551de35-2a94-4f94-ab67-c34cf29fefae,5aa9883b-27a7-466e-a9d9-15e790fafcee,2019,2019-12-15,3.9,94,13,false
49dd8e40-4f27-422d-a8af-a8e439edb169,5aa9883b-27a7-466e-a9d9-15e790fafcee,2020,2020-12-15,4.4,95,47,false
796ab576-f8f2-4a9c-8668-fc8b4ba60510,5aa9883b-27a7-466e-a9d9-15e790fafcee,2021,2021-12-15,2.4,81,22,false
0881f186-222d-442e-80f7-836ba3677acf,5aa9883b-27a7-466e-a9d9-15e790fafcee,2022,2022-12-15,3.7,96,18,false
93c0290a-1d87-4ee7-9dcf-387f73c9f5cb,5aa9883b-27a7-466e-a9d9-15e790fafcee,2023,2023-12-15,3.6,63,33,false
e1559b41-0c58-4eff-a02d-4e6a0a9aa5a9,5aa9883b-27a7-466e-a9d9-15e790fafcee,2024,2024-12-15,4.3,69,21,false
67d535fd-9256-4cbd-ab7b-86c3a405dc8f,5aa9883b-27a7-466e-a9d9-15e790fafcee,2025,2025-12-15,4.7,79,35,true
dd10f84a-7b1e-4f15-8ce6-6f6ad67c0d87,5aa9883b-27a7-466e-a9d9-15e790fafcee,2026,2026-12-15,2.3,66,40,false
d8e749c2-8b88-4e21-bd47-ba956abb2fda,286aa56c-2d2a-4360-ab6a-7af75db36c78,2021,2021-12-15,2.2,70,39,false
8813c6c7-b764-4d9d-83de-0a3cd47cdde8,286aa56c-2d2a-4360-ab6a-7af75db36c78,2022,2022-12-15,2.6,80,57,false
236b3d36-26dc-4243-af14-58f4e04425b3,286aa56c-2d2a-4360-ab6a-7af75db36c78,2023,2023-12-15,3.3,97,51,false
4c3ea978-6240-4349-a4f9-d2bbb2f30a36,286aa56c-2d2a-4360-ab6a-7af75db36c78,2024,2024-12-15,2.1,85,45,false
64daaa2e-9e77-4e4e-9f3d-84582e252e8f,286aa56c-2d2a-4360-ab6a-7af75db36c78,2025,2025-12-15,4.2,64,41,false
beddde31-9360-4866-9612-a024810877e0,286aa56c-2d2a-4360-ab6a-7af75db36c78,2026,2026-12-15,2.4,100,17,false
5b8e09c4-8910-4c49-872c-c86d4c37df39,20027bc6-c876-4238-8314-eeeee912fe4d,2023,2023-12-15,5,84,42,false
259f1a3a-5908-4cf2-b6b8-7a0c3f8feaed,20027bc6-c876-4238-8314-eeeee912fe4d,2024,2024-12-15,3.3,75,38,false
6fbed3b4-a0b0-4c6e-a1d4-fb9b349a6e91,20027bc6-c876-4238-8314-eeeee912fe4d,2025,2025-12-15,2.8,83,44,false
224f79bd-0198-437e-9cbf-792d7245ff46,20027bc6-c876-4238-8314-eeeee912fe4d,2026,2026-12-15,4.2,83,32,false
7e27b485-5777-4be9-abc4-f0b7dde7a9e2,d4530d84-2aa4-427b-b0c1-e31677adcab7,2022,2022-12-15,3.5,73,56,false
a61605b1-9b64-4b6c-b5ed-0f1238be6921,d4530d84-2aa4-427b-b0c1-e31677adcab7,2023,2023-12-15,4.5,72,26,false
fea90bc5-b4db-4924-b5d9-9288b3611b0e,d4530d84-2aa4-427b-b0c1-e31677adcab7,2024,2024-12-15,3,83,27,false
0b378a9c-7c45-443a-a070-fe30f2c95ebe,d4530d84-2aa4-427b-b0c1-e31677adcab7,2025,2025-12-15,3.9,90,23,false
f6f4b876-44f6-4e57-874e-f8c12c82e3d6,d4530d84-2aa4-427b-b0c1-e31677adcab7,2026,2026-12-15,2,94,52,false
2f206499-30ec-47f9-b549-7b67029b813e,fd2eb560-ff18-45d7-8674-3c52943ba503,2017,2017-12-15,3,74,21,false
619e3ae0-c0a9-44d5-92da-781908b38063,fd2eb560-ff18-45d7-8674-3c52943ba503,2018,2018-12-15,3.7,98,38,false
f2802915-6eac-4bf1-92cb-fd6486856a50,fd2eb560-ff18-45d7-8674-3c52943ba503,2019,2019-12-15,3.5,73,32,false
e3248c99-97a3-49e7-afb4-0b3aa9b7e13d,fd2eb560-ff18-45d7-8674-3c52943ba503,2020,2020-12-15,4.8,99,45,false
9070c14a-71a1-411e-ae01-e2494daa3a89,fd2eb560-ff18-45d7-8674-3c52943ba503,2021,2021-12-15,3.4,67,47,false
06450d51-f90a-45cd-bda9-ffa287c6945f,fd2eb560-ff18-45d7-8674-3c52943ba503,2022,2022-12-15,2,92,47,false
7616a441-53ca-40a8-9f08-6fc12cf5171a,fd2eb560-ff18-45d7-8674-3c52943ba503,2023,2023-12-15,4.9,88,38,false
d0ceaed5-b370-4f09-a20f-5ab1fc6da88f,fd2eb560-ff18-45d7-8674-3c52943ba503,2024,2024-12-15,2.6,88,46,false
45651c48-a100-4f54-ae01-056eb320a597,fd2eb560-ff18-45d7-8674-3c52943ba503,2025,2025-12-15,4.4,75,43,false
d9d155c7-bf21-42db-9f77-cd396743fb1e,fd2eb560-ff18-45d7-8674-3c52943ba503,2026,2026-12-15,4.3,74,45,false
407186fd-06ea-4c4f-aedc-59d55ce252dc,51f34a02-2bca-4f00-a58e-2180be144498,2016,2016-12-15,4.8,88,58,false
fd2b2c3a-4582-4fc2-ae4a-d27945194364,51f34a02-2bca-4f00-a58e-2180be144498,2017,2017-12-15,3.5,93,33,false
98a7b3f7-5405-4535-90e1-7a93d046dfe4,51f34a02-2bca-4f00-a58e-2180be144498,2018,2018-12-15,2.3,97,59,false
7caf0ea7-20ff-4f12-827f-750c72e285bc,51f34a02-2bca-4f00-a58e-2180be144498,2019,2019-12-15,3.2,90,36,false
655963ba-f444-4944-a21a-e1699d0b475f,51f34a02-2bca-4f00-a58e-2180be144498,2020,2020-12-15,4.6,88,13,false
c995079a-88f6-49a7-b4a2-3577df53d0c8,51f34a02-2bca-4f00-a58e-2180be144498,2021,2021-12-15,3.8,92,18,false
8aa465f7-845f-46e0-a5ac-e68d3d8c050d,51f34a02-2bca-4f00-a58e-2180be144498,2022,2022-12-15,2.6,81,35,false
faaf7b63-1abd-4263-98fd-484bf15ed03b,51f34a02-2bca-4f00-a58e-2180be144498,2023,2023-12-15,3.5,84,23,false
be28018d-4358-4371-b335-7e1334469223,51f34a02-2bca-4f00-a58e-2180be144498,2024,2024-12-15,2.7,68,35,false
76dd7a77-8006-4676-abda-9fb3bae753a4,51f34a02-2bca-4f00-a58e-2180be144498,2025,2025-12-15,3.7,99,37,false
4d088a3a-7ce6-4f5f-bd79-a7247460abe2,51f34a02-2bca-4f00-a58e-2180be144498,2026,2026-12-15,4.1,75,54,false
e733ea86-88f8-4e9b-bdb9-e5210d5fda59,c33c1495-1ded-46ee-a126-6efbc5e23645,2024,2024-12-15,4,100,15,false
718505c7-a25e-446c-81d7-0d6491fd81cb,c33c1495-1ded-46ee-a126-6efbc5e23645,2025,2025-12-15,5,82,41,true
c0c53a40-21f7-41d7-b4df-3f485dc9358d,c33c1495-1ded-46ee-a126-6efbc5e23645,2026,2026-12-15,4,73,55,false
abf74eaa-d0d0-4a71-9a5c-bf203254c158,31026c95-2dc2-41c0-a0ce-406ff3a1d06a,2021,2021-12-15,3.6,89,14,false
cb91926c-3933-44d6-8249-89865d43289e,31026c95-2dc2-41c0-a0ce-406ff3a1d06a,2022,2022-12-15,3.5,95,19,false
11e4da62-ee5b-4901-b5f4-1bb5d14fead2,31026c95-2dc2-41c0-a0ce-406ff3a1d06a,2023,2023-12-15,2.3,81,42,false
50d5103f-e9df-4290-96b7-d2ffa508e20d,31026c95-2dc2-41c0-a0ce-406ff3a1d06a,2024,2024-12-15,2.1,95,47,false
619769a8-d485-463b-86fb-f79d992342f7,31026c95-2dc2-41c0-a0ce-406ff3a1d06a,2025,2025-12-15,2.7,84,36,false
2d588f10-fc97-4ec4-a96e-f22549a9b9f2,31026c95-2dc2-41c0-a0ce-406ff3a1d06a,2026,2026-12-15,4.1,82,34,false
f981b4be-c363-42b1-add7-78b2bab5339d,011168f7-88fe-40d8-9db6-c860c2bac25f,2022,2022-12-15,4.9,99,36,false
cf0366ec-6a10-4c31-b460-0a29d50f2755,011168f7-88fe-40d8-9db6-c860c2bac25f,2023,2023-12-15,4.1,98,48,false
d18704a6-412a-481c-b807-b3d5eb130725,011168f7-88fe-40d8-9db6-c860c2bac25f,2024,2024-12-15,4.3,80,14,false
ee7e3fa5-f149-4b9b-90bf-0216136ec214,011168f7-88fe-40d8-9db6-c860c2bac25f,2025,2025-12-15,2.4,61,14,false
c57fc260-b01f-47ff-9053-6953aba21907,011168f7-88fe-40d8-9db6-c860c2bac25f,2026,2026-12-15,2.2,76,12,false
43ad325e-e77c-4b10-8e7f-a786d70e77c9,fac0c1cf-2ba9-4ba9-aea3-b44577de5338,2022,2022-12-15,3.8,74,27,false
09edcadd-a892-4c89-9f94-37871e436185,fac0c1cf-2ba9-4ba9-aea3-b44577de5338,2023,2023-12-15,2.5,79,34,false
e603dda8-872f-472e-bb30-3cf1f3f08da8,fac0c1cf-2ba9-4ba9-aea3-b44577de5338,2024,2024-12-15,3.5,81,10,false
90a0fb00-b4ef-4f1a-a522-398417b728d4,fac0c1cf-2ba9-4ba9-aea3-b44577de5338,2025,2025-12-15,2.4,78,57,false
e91039d4-1981-4247-b775-ad5b018b8c6c,fac0c1cf-2ba9-4ba9-aea3-b44577de5338,2026,2026-12-15,3.5,69,44,false
cadbfef6-896d-426b-ac36-014059f7931e,dc206570-0614-4142-9502-c447b1e2b856,2025,2025-12-15,2.5,90,25,false
04d57c58-ffc1-47c1-b40a-ea015bb1b542,dc206570-0614-4142-9502-c447b1e2b856,2026,2026-12-15,3.2,75,48,false
2ef9cb2c-4a1a-4f35-803b-7038aa65e6d7,999bc90a-6031-4d62-bc30-0a515d80f69d,2021,2021-12-15,4.9,90,22,true
3fa2edc2-b77c-4e9a-9b4f-d4f1fdab95f9,999bc90a-6031-4d62-bc30-0a515d80f69d,2022,2022-12-15,3.3,98,55,false
1dd2b7bd-0838-4815-8964-8b5ab3c2ace5,999bc90a-6031-4d62-bc30-0a515d80f69d,2023,2023-12-15,4.8,96,40,false
c381b054-e721-4cf4-95a9-b5db7d7b3e4a,999bc90a-6031-4d62-bc30-0a515d80f69d,2024,2024-12-15,3.8,80,26,false
fb0d58ef-cf32-4e3f-ae6b-74371e7d923a,999bc90a-6031-4d62-bc30-0a515d80f69d,2025,2025-12-15,2.1,66,43,false
8e623f36-f83e-43e3-a1af-3d5c41e74224,999bc90a-6031-4d62-bc30-0a515d80f69d,2026,2026-12-15,3.4,89,12,false
52bf2f82-6032-429a-84a1-b9a1c5ef384b,061f1610-ebef-4fbf-af9e-6690a71f41e3,2024,2024-12-15,2.1,84,46,false
476d7b81-f521-4632-9ab5-d71c078e924a,061f1610-ebef-4fbf-af9e-6690a71f41e3,2025,2025-12-15,5,100,14,false
319568ef-fa71-408b-919a-c1de5304e9cb,061f1610-ebef-4fbf-af9e-6690a71f41e3,2026,2026-12-15,2.1,60,13,false
b56b203a-fe1d-4137-b65d-0e5252fec412,d86053c9-d9cc-43e1-8e4f-947647435782,2019,2019-12-15,4.6,81,49,true
2b04c15c-5de8-43ef-a52e-9bb18497bf4c,d86053c9-d9cc-43e1-8e4f-947647435782,2020,2020-12-15,4.4,60,20,false
35b900c0-b4fd-4ef9-8805-226666534e16,d86053c9-d9cc-43e1-8e4f-947647435782,2021,2021-12-15,3.9,70,15,false
b895bb3d-9892-4854-89d0-20740c574bdc,d86053c9-d9cc-43e1-8e4f-947647435782,2022,2022-12-15,2.6,91,32,false
24e6a7b5-d1f4-423b-b167-dc15f19a840e,d86053c9-d9cc-43e1-8e4f-947647435782,2023,2023-12-15,3.5,66,34,false
2b37d56f-900e-4ceb-84a2-1b82c5139269,d86053c9-d9cc-43e1-8e4f-947647435782,2024,2024-12-15,4.5,87,13,false
f24444d8-acaa-4900-95ce-ba9f514556fc,d86053c9-d9cc-43e1-8e4f-947647435782,2025,2025-12-15,3.2,83,45,false
1ef163c0-d6e7-4f48-94d0-c628ece95a56,d86053c9-d9cc-43e1-8e4f-947647435782,2026,2026-12-15,3.5,65,47,false
3cc2a8e6-8b23-4a66-a855-5a90c49d5a71,6dfc699c-2fcb-40f1-8195-9ec3674aa4c1,2026,2026-12-15,2.1,99,29,false
73380133-e377-4884-b951-7a804f63b913,d5ea108e-2290-465f-8fc4-82b456ed7b2d,2025,2025-12-15,2.7,83,24,false
6109e2df-f77e-418e-855e-4ee43a15facb,d5ea108e-2290-465f-8fc4-82b456ed7b2d,2026,2026-12-15,2.3,89,26,false
77c7c9c9-d338-4743-9d08-a73c335967d9,19367c0a-eea6-44a8-b4d1-9957489a46e8,2024,2024-12-15,4.1,96,49,false
68d01d71-2bb1-417d-ba51-fe78c35ae289,19367c0a-eea6-44a8-b4d1-9957489a46e8,2025,2025-12-15,3.1,94,14,false
c50f3fdc-5096-4cd2-b029-0fdf8b834f07,19367c0a-eea6-44a8-b4d1-9957489a46e8,2026,2026-12-15,4.7,95,30,true
d5c8c5e2-51a5-400b-8699-a44d28fefa8a,c73dc60e-aa50-47f2-b5f4-c2ec1e13759a,2025,2025-12-15,2.4,89,48,false
b22bb720-71b9-4d95-8546-aba71e47908a,c73dc60e-aa50-47f2-b5f4-c2ec1e13759a,2026,2026-12-15,4.6,96,51,false
3b0725ea-4930-450e-8b4e-7f814f61b498,53bcb883-806c-495a-8f3b-40f40d27b37e,2023,2023-12-15,3,98,31,false
afa3282d-b6b8-415a-9377-891c8160f2fb,53bcb883-806c-495a-8f3b-40f40d27b37e,2024,2024-12-15,4.6,72,35,true
69fc1271-6cbc-463b-a51f-c7d9a0e96407,53bcb883-806c-495a-8f3b-40f40d27b37e,2025,2025-12-15,4.3,65,42,false
025ed35c-207c-40fb-8211-de3df3038007,53bcb883-806c-495a-8f3b-40f40d27b37e,2026,2026-12-15,2.3,79,39,false
42fab5c6-0b5a-470d-9c0e-f7752b5e12f6,f4320692-5985-49c8-b550-2c529c1ad7bb,2025,2025-12-15,3.3,91,42,false
2bc10646-fab8-4535-9dc8-645d9cb8682f,f4320692-5985-49c8-b550-2c529c1ad7bb,2026,2026-12-15,2.4,100,47,false
70de30e4-e3ba-4661-998a-ae6deb55400f,8931948f-c39a-467d-b796-2d7726fa00c4,2018,2018-12-15,5,63,35,false
b01800e9-0d0c-4da8-8a70-4140f3309ffc,8931948f-c39a-467d-b796-2d7726fa00c4,2019,2019-12-15,3.3,83,19,false
76d9d51f-7e10-40f0-b1b4-1ada19f46a14,8931948f-c39a-467d-b796-2d7726fa00c4,2020,2020-12-15,3.4,76,49,false
d7ac51ae-770a-4f9f-b560-c4c77825a021,8931948f-c39a-467d-b796-2d7726fa00c4,2021,2021-12-15,3.5,79,40,false
e061149c-23ae-448f-acb7-18afc26ace32,8931948f-c39a-467d-b796-2d7726fa00c4,2022,2022-12-15,4.4,69,55,false
1e22b8f4-bcfb-453f-a0ef-29a4cb598fa5,8931948f-c39a-467d-b796-2d7726fa00c4,2023,2023-12-15,3.4,64,24,false
74a8785f-8e77-4d77-b9b1-41e272b2dfe1,8931948f-c39a-467d-b796-2d7726fa00c4,2024,2024-12-15,4.5,100,35,true
ccf097f5-eab6-42ff-9749-11bcc52742f8,8931948f-c39a-467d-b796-2d7726fa00c4,2025,2025-12-15,3.2,100,38,false
484ca857-cf5c-4f6f-bb82-714de992661a,8931948f-c39a-467d-b796-2d7726fa00c4,2026,2026-12-15,4.9,69,44,false
ee65417a-fda2-47b6-a8ea-1539fa8f93c8,1dee5559-3cd8-4929-99db-eae0e04d3099,2024,2024-12-15,4.2,75,57,false
2afc0999-960e-4e37-b730-df6a227666f6,1dee5559-3cd8-4929-99db-eae0e04d3099,2025,2025-12-15,4.8,78,24,true
259a3551-f06a-4a4c-a2cb-aaec3a9d4eae,1dee5559-3cd8-4929-99db-eae0e04d3099,2026,2026-12-15,4.1,61,10,false
b88caa0a-edd5-4848-bb51-4820399a12d0,32883f59-9a74-402b-83fb-7835b62dc743,2018,2018-12-15,4.1,87,49,false
5e2bd09a-6ed2-4327-b772-1912251d3748,32883f59-9a74-402b-83fb-7835b62dc743,2019,2019-12-15,2.5,90,45,false
4e9a0d07-e88c-48f4-8925-160af35f87f7,32883f59-9a74-402b-83fb-7835b62dc743,2020,2020-12-15,2.1,77,23,false
aa569783-f57f-436b-8147-681b44688c87,32883f59-9a74-402b-83fb-7835b62dc743,2021,2021-12-15,4.3,68,59,false
e04c0da6-61e6-4294-974a-fb11c778e234,32883f59-9a74-402b-83fb-7835b62dc743,2022,2022-12-15,4,88,38,false
4837b8a1-3df1-48f8-a1a2-221d3a60dc7e,32883f59-9a74-402b-83fb-7835b62dc743,2023,2023-12-15,4.7,96,31,false
5f418d44-b668-4044-8ca4-b9b8e3fbe674,32883f59-9a74-402b-83fb-7835b62dc743,2024,2024-12-15,2.3,60,25,false
e6008be7-b8b0-48b2-aa14-f468cc74bd85,32883f59-9a74-402b-83fb-7835b62dc743,2025,2025-12-15,3.3,96,23,false
f8562ff3-2f30-43be-ad5e-5dcb82b98625,32883f59-9a74-402b-83fb-7835b62dc743,2026,2026-12-15,3.2,92,51,false
59a6c2e7-a1e9-44bd-8cbf-85f5cda109b7,13819ee3-74dd-4111-9c9a-656fa2496760,2019,2019-12-15,4.8,90,12,false
810bd5c6-94ee-47fa-9d8c-63ea856b55d3,13819ee3-74dd-4111-9c9a-656fa2496760,2020,2020-12-15,3.6,66,44,false
e0cc855c-edee-46e9-8bbd-d91e05da57a7,13819ee3-74dd-4111-9c9a-656fa2496760,2021,2021-12-15,3.3,87,30,false
a1aa406e-1453-4681-a12c-ad61553209e8,13819ee3-74dd-4111-9c9a-656fa2496760,2022,2022-12-15,4.4,95,55,false
4c7df44c-a5a1-4104-b2e3-8c205f98eb50,13819ee3-74dd-4111-9c9a-656fa2496760,2023,2023-12-15,3.4,88,29,false
87db8746-5987-4154-a4a3-a1fcb3c07b0b,13819ee3-74dd-4111-9c9a-656fa2496760,2024,2024-12-15,4.8,98,15,true
80ee8d46-3200-420c-95e0-4669d87b87e0,13819ee3-74dd-4111-9c9a-656fa2496760,2025,2025-12-15,2.9,81,57,false
ad8a18d8-11be-42ad-8c5e-4fb92d7ef272,13819ee3-74dd-4111-9c9a-656fa2496760,2026,2026-12-15,3.2,97,10,false
226341cf-b1b7-4836-9a24-58b354f070c6,c1dc3012-53bb-41fc-b834-a7e6bd2bba74,2018,2018-12-15,3.2,93,56,false
c4c49acf-105f-44cb-a7c6-f4a4c57a9a3f,c1dc3012-53bb-41fc-b834-a7e6bd2bba74,2019,2019-12-15,4.1,89,52,false
d8345ac3-b779-42c2-b385-61322d7ee434,c1dc3012-53bb-41fc-b834-a7e6bd2bba74,2020,2020-12-15,3.8,85,53,false
f973bdbf-ff63-48b4-b2d1-73845b18fac1,c1dc3012-53bb-41fc-b834-a7e6bd2bba74,2021,2021-12-15,2.9,84,36,false
1da06c02-617f-4e33-9fde-b3379d3b5be1,c1dc3012-53bb-41fc-b834-a7e6bd2bba74,2022,2022-12-15,3,63,35,false
2c8bfdc5-ac3b-4f82-91b2-36582f9de6ac,c1dc3012-53bb-41fc-b834-a7e6bd2bba74,2023,2023-12-15,3.9,98,32,false
25dc1f8a-b6c6-4728-81b2-ffa840737c37,c1dc3012-53bb-41fc-b834-a7e6bd2bba74,2024,2024-12-15,2.1,74,58,false
9c152558-d676-461d-af83-a507cf4e57fc,c1dc3012-53bb-41fc-b834-a7e6bd2bba74,2025,2025-12-15,4.4,82,14,false
0097bd37-39a8-4e99-ab56-31092337f905,c1dc3012-53bb-41fc-b834-a7e6bd2bba74,2026,2026-12-15,3,84,42,false
b1fd4d18-e13c-4822-b0db-c119f2f90eed,6b0c4e4a-6d70-46a8-9dd6-6ca8d1008168,2021,2021-12-15,2.3,71,14,false
aef862f4-b088-4043-87c6-06751cf55e80,6b0c4e4a-6d70-46a8-9dd6-6ca8d1008168,2022,2022-12-15,4.2,91,23,false
faf11586-b381-4372-9706-bb0b1b869de2,6b0c4e4a-6d70-46a8-9dd6-6ca8d1008168,2023,2023-12-15,2.4,77,59,false
69196e18-ad9b-4c2c-8829-b869c9b6f8a1,6b0c4e4a-6d70-46a8-9dd6-6ca8d1008168,2024,2024-12-15,3,71,50,false
8c10e715-af79-4cc1-9c07-98e684d645bb,6b0c4e4a-6d70-46a8-9dd6-6ca8d1008168,2025,2025-12-15,2.7,93,39,false
64387239-b4bd-4912-b544-a6d7244354c3,6b0c4e4a-6d70-46a8-9dd6-6ca8d1008168,2026,2026-12-15,4.3,100,45,false
5496b96d-a80e-4ba5-a9f4-584f2ee03927,d09b4bdf-6e61-4a22-8a31-7b47d83bdc29,2021,2021-12-15,4.8,76,46,false
e8d87234-ad22-45fa-b91c-ad0ae05796f4,d09b4bdf-6e61-4a22-8a31-7b47d83bdc29,2022,2022-12-15,2.3,60,55,false
98561f72-ac17-46f9-b7ed-1ed3e7444bb6,d09b4bdf-6e61-4a22-8a31-7b47d83bdc29,2023,2023-12-15,4.1,98,53,false
052904e2-2c71-4a42-b478-90241d7d65ab,d09b4bdf-6e61-4a22-8a31-7b47d83bdc29,2024,2024-12-15,2.5,77,44,false
8fa906ec-4c51-4c3c-94a7-a971500e66dd,d09b4bdf-6e61-4a22-8a31-7b47d83bdc29,2025,2025-12-15,4,88,23,false
976534e1-9f5e-458c-b3c7-b653f7b815e8,d09b4bdf-6e61-4a22-8a31-7b47d83bdc29,2026,2026-12-15,3.8,93,53,false
8ef53bbb-0f82-4266-bb62-0c2bf7ecc7f6,7634ce00-42a9-472c-9ccd-0c4dfea0502b,2020,2020-12-15,2,70,36,false
a837074c-614e-49da-b628-d341d92cae10,7634ce00-42a9-472c-9ccd-0c4dfea0502b,2021,2021-12-15,2.3,60,14,false
148ed129-decf-45ed-a242-927de4e77d55,7634ce00-42a9-472c-9ccd-0c4dfea0502b,2022,2022-12-15,3.6,94,30,false
213b209b-996a-4f16-8da2-2243f73bf629,7634ce00-42a9-472c-9ccd-0c4dfea0502b,2023,2023-12-15,4.9,95,12,true
22196ec1-8de4-45b8-89ed-dfd2e346359d,7634ce00-42a9-472c-9ccd-0c4dfea0502b,2024,2024-12-15,3.2,72,22,false
82224a34-8407-472e-b41e-4d87007e0e81,7634ce00-42a9-472c-9ccd-0c4dfea0502b,2025,2025-12-15,2.8,81,31,false
833462bb-20a8-4101-8a98-f3a6060347ea,7634ce00-42a9-472c-9ccd-0c4dfea0502b,2026,2026-12-15,3.8,94,40,false
7ad44904-47d3-48c5-9c6e-44d39d7cf803,edc94d7f-b9aa-4e73-a1fa-7ba3d434f4b0,2025,2025-12-15,4.7,79,30,false
63337898-5219-4cc0-b4ce-d226c8dc0536,edc94d7f-b9aa-4e73-a1fa-7ba3d434f4b0,2026,2026-12-15,4.5,68,11,true
ef5b0dda-8cb6-465d-96b6-f7693d3dde26,916d1222-063c-48ba-af92-9f76d7ceb2f3,2022,2022-12-15,3,76,40,false
46418aab-6a52-4289-ac98-19fd421e7233,916d1222-063c-48ba-af92-9f76d7ceb2f3,2023,2023-12-15,2.6,76,25,false
385cb50a-d2e7-4f9e-ae1d-72a1a298a788,916d1222-063c-48ba-af92-9f76d7ceb2f3,2024,2024-12-15,2.6,80,46,false
75759647-010f-48fd-810c-07a6d5ebbb07,916d1222-063c-48ba-af92-9f76d7ceb2f3,2025,2025-12-15,4.3,88,37,false
33cca44c-135b-4476-9a3f-2a305257335c,916d1222-063c-48ba-af92-9f76d7ceb2f3,2026,2026-12-15,3,80,49,false
8f7a4be2-8621-4701-9715-c2ab464969db,6133bd83-4009-4108-9f67-a4b84a8f7b7d,2020,2020-12-15,4.3,83,30,false
73788838-67c1-4456-8032-c00e693c809e,6133bd83-4009-4108-9f67-a4b84a8f7b7d,2021,2021-12-15,2.6,93,58,false
a132bb3f-2e3c-4ae6-8e52-4dc19f5ba1e9,6133bd83-4009-4108-9f67-a4b84a8f7b7d,2022,2022-12-15,3.3,68,10,false
076b3828-08a7-4173-9500-e90da89348e5,6133bd83-4009-4108-9f67-a4b84a8f7b7d,2023,2023-12-15,4,65,30,false
133ba6a0-70ae-454b-9af2-3d2a20024aad,6133bd83-4009-4108-9f67-a4b84a8f7b7d,2024,2024-12-15,3.2,97,27,false
f36e374d-30a9-4cdc-9fdb-88f12d9137af,6133bd83-4009-4108-9f67-a4b84a8f7b7d,2025,2025-12-15,3.5,99,14,false
2c0293cb-e745-4f01-9937-23da534e5340,6133bd83-4009-4108-9f67-a4b84a8f7b7d,2026,2026-12-15,2.1,93,23,false
ba3bfa84-faeb-481e-9490-dd02bd2f4142,829dbebd-ea99-481c-b349-ae234eb411bc,2022,2022-12-15,4.5,76,28,false
97a7ee70-eb5a-4955-af8a-2b1e3a3a0641,829dbebd-ea99-481c-b349-ae234eb411bc,2023,2023-12-15,4.9,81,48,false
da4b4ebc-0bb1-47b9-9747-fcb2efdb40c4,829dbebd-ea99-481c-b349-ae234eb411bc,2024,2024-12-15,2.1,61,41,false
fb275f4c-9b00-47aa-b2a7-1de514926c18,829dbebd-ea99-481c-b349-ae234eb411bc,2025,2025-12-15,2,79,50,false
1b7f1c97-ffe9-4cad-82bc-84194ce63ac7,829dbebd-ea99-481c-b349-ae234eb411bc,2026,2026-12-15,3.7,97,60,false
7533b2bc-7170-4f8a-8fd2-22414edf15af,7b7073eb-e380-4013-9531-af0dabaa1e6f,2023,2023-12-15,4.7,63,15,true
16efb768-15bd-40df-8895-72560c001bd7,7b7073eb-e380-4013-9531-af0dabaa1e6f,2024,2024-12-15,2,82,14,false
0ae60235-69be-49d5-8749-17e86b2ab904,7b7073eb-e380-4013-9531-af0dabaa1e6f,2025,2025-12-15,3.6,81,16,false
19c1ee3c-1346-497a-a072-bf0b103ed31a,7b7073eb-e380-4013-9531-af0dabaa1e6f,2026,2026-12-15,3.1,90,50,false
e5241ddc-082f-4208-b6bf-6282e5dd3984,e766582a-2524-49e6-8722-49d6d167a1a1,2024,2024-12-15,2.7,73,30,false
48acedbc-e810-4014-a06c-0f180d5b87cf,e766582a-2524-49e6-8722-49d6d167a1a1,2025,2025-12-15,3.1,83,43,false
47f5a14a-e51e-4503-82e0-ba8a66cde0ce,e766582a-2524-49e6-8722-49d6d167a1a1,2026,2026-12-15,4.1,84,36,false
2c439df0-7831-48a3-88fb-740916df5d01,be0bdbba-5924-4f99-9dea-151c98b7a2be,2025,2025-12-15,4.5,84,47,false
72200578-5434-4c2b-a853-b0ed8df5f1a8,be0bdbba-5924-4f99-9dea-151c98b7a2be,2026,2026-12-15,3.6,82,39,false
32c22374-d2f9-4afd-8acd-201af73d1d2f,c811708b-ca55-4008-97a2-f746ae3b2c10,2024,2024-12-15,4,99,20,false
95ca9a09-2078-440f-bdf0-00faaf6ebfe2,c811708b-ca55-4008-97a2-f746ae3b2c10,2025,2025-12-15,2.8,89,16,false
f97a1b53-a7e3-4981-bf62-ba59879beac1,c811708b-ca55-4008-97a2-f746ae3b2c10,2026,2026-12-15,4.7,88,10,true
5ca92547-495e-4992-9326-3526fa02c734,f93fdf3f-8f6c-473f-a530-84614977994f,2023,2023-12-15,3.9,100,28,false
cfa1b477-fd19-4ed0-a24e-3b4da6ca9376,f93fdf3f-8f6c-473f-a530-84614977994f,2024,2024-12-15,3.1,84,19,false
525c6541-cd34-47f8-b0e9-463c064f891b,f93fdf3f-8f6c-473f-a530-84614977994f,2025,2025-12-15,3.2,91,34,false
84471eb0-b634-4208-a20e-ea411906ed59,f93fdf3f-8f6c-473f-a530-84614977994f,2026,2026-12-15,3.4,70,32,false
4ace0034-70dc-4aa8-b814-275b3ea56410,fa91359c-c4c9-4218-b72b-69fd129f0de0,2019,2019-12-15,4.6,84,24,true
a7523bae-48d8-47b4-a3be-284ef8eff153,fa91359c-c4c9-4218-b72b-69fd129f0de0,2020,2020-12-15,3.4,77,25,false
69415aa0-314b-4657-82ed-547cc0507d2b,fa91359c-c4c9-4218-b72b-69fd129f0de0,2021,2021-12-15,3.5,77,54,false
a96def3d-e477-46e0-b175-037be70cefee,fa91359c-c4c9-4218-b72b-69fd129f0de0,2022,2022-12-15,4.4,81,40,false
3439bbbd-acf9-42cd-9f6c-b63ba8b3f205,fa91359c-c4c9-4218-b72b-69fd129f0de0,2023,2023-12-15,3.6,72,43,false
f58ab4ef-0bae-45ad-8205-276d2642e944,fa91359c-c4c9-4218-b72b-69fd129f0de0,2024,2024-12-15,4.7,99,24,true
3722511c-c05e-4bc8-a088-008c27e40c92,fa91359c-c4c9-4218-b72b-69fd129f0de0,2025,2025-12-15,4,76,26,false
3c5ad4b5-8f0c-4b1c-90e9-41fb4464123d,fa91359c-c4c9-4218-b72b-69fd129f0de0,2026,2026-12-15,4,85,10,false
71d57a73-a966-4d89-b249-b9d9a6e46f70,c755a280-c7ca-4208-a1b6-1f0107f1dd36,2016,2016-12-15,2.4,63,55,false
25d9bc48-4b43-4548-affb-f4ff8ba37a2b,c755a280-c7ca-4208-a1b6-1f0107f1dd36,2017,2017-12-15,4.2,90,49,false
ed18c793-5f79-4a2b-a8b8-6adb12696fd5,c755a280-c7ca-4208-a1b6-1f0107f1dd36,2018,2018-12-15,4.8,96,45,false
cdb77e14-9310-4960-a64d-d62bef1322b1,c755a280-c7ca-4208-a1b6-1f0107f1dd36,2019,2019-12-15,5,77,43,false
917642df-604f-4e95-8dfb-cd6220aaa0bb,c755a280-c7ca-4208-a1b6-1f0107f1dd36,2020,2020-12-15,2.6,86,60,false
05826ed0-8f3c-4993-985d-99888752e497,c755a280-c7ca-4208-a1b6-1f0107f1dd36,2021,2021-12-15,4.2,62,27,false
cb10a377-8b1e-42aa-b18c-f16d101a79b8,c755a280-c7ca-4208-a1b6-1f0107f1dd36,2022,2022-12-15,4.6,81,59,true
710c1848-43c0-43a3-a014-159a984c1c9b,c755a280-c7ca-4208-a1b6-1f0107f1dd36,2023,2023-12-15,4.3,61,13,false
4ee51a8b-d170-48fa-a896-c3db73e77cd0,c755a280-c7ca-4208-a1b6-1f0107f1dd36,2024,2024-12-15,4.5,86,44,true
339e37d1-fea2-415f-aad4-e5f3ccd776ca,c755a280-c7ca-4208-a1b6-1f0107f1dd36,2025,2025-12-15,3.1,99,34,false
accf1648-72c8-42e2-b5d2-66a9e32f83dc,c755a280-c7ca-4208-a1b6-1f0107f1dd36,2026,2026-12-15,2.2,80,25,false
b59463b7-c113-4d24-994f-4604fe340146,53ef8ca1-1644-4d68-8dc1-9d5d73df8bf9,2019,2019-12-15,3.8,77,59,false
5b047942-c489-41bd-991c-92638660d875,53ef8ca1-1644-4d68-8dc1-9d5d73df8bf9,2020,2020-12-15,2.9,60,24,false
c3fbab64-7f06-4ca9-aa4e-3ec9a1358ef3,53ef8ca1-1644-4d68-8dc1-9d5d73df8bf9,2021,2021-12-15,2.9,81,32,false
fbbb6b1f-ca3d-4ded-8d61-ddeed1a00a6a,53ef8ca1-1644-4d68-8dc1-9d5d73df8bf9,2022,2022-12-15,4.7,94,32,true
2f5f5d49-9638-4e45-9577-6f30d68f619c,53ef8ca1-1644-4d68-8dc1-9d5d73df8bf9,2023,2023-12-15,3.2,86,49,false
6c7e12cd-31bc-45e0-9099-a255365316e1,53ef8ca1-1644-4d68-8dc1-9d5d73df8bf9,2024,2024-12-15,2.2,64,42,false
5dbac7a6-e43b-4e93-8177-b6ee667664f3,53ef8ca1-1644-4d68-8dc1-9d5d73df8bf9,2025,2025-12-15,3.5,65,31,false
9bdcf492-6ab5-43ef-ac71-5fd5c80130bc,53ef8ca1-1644-4d68-8dc1-9d5d73df8bf9,2026,2026-12-15,4.7,79,35,true
154c4683-1731-499c-9a20-a37d136c9702,056e5db3-6f38-44ba-96f7-3720357f9de2,2018,2018-12-15,2.6,67,42,false
f51ee2d9-78e1-4e1e-922e-0bf565e44caf,056e5db3-6f38-44ba-96f7-3720357f9de2,2019,2019-12-15,2.8,96,35,false
cfbb478e-ccc3-4089-b160-d244a8f3a4ae,056e5db3-6f38-44ba-96f7-3720357f9de2,2020,2020-12-15,3.4,74,58,false
1f94bd9a-2f9b-419c-aa1f-4e1b6894a0b6,056e5db3-6f38-44ba-96f7-3720357f9de2,2021,2021-12-15,4.6,73,41,true
b5df976c-a81c-46dc-8b1f-826f7b8d6cc0,056e5db3-6f38-44ba-96f7-3720357f9de2,2022,2022-12-15,2.3,79,30,false
90995756-b03b-44b2-83c9-3b75836366ec,056e5db3-6f38-44ba-96f7-3720357f9de2,2023,2023-12-15,3,70,48,false
c413dd7b-d9c3-4673-a280-dc0bdbe1a192,056e5db3-6f38-44ba-96f7-3720357f9de2,2024,2024-12-15,3.1,71,35,false
87bdc613-a738-4533-85ca-dc1353740042,056e5db3-6f38-44ba-96f7-3720357f9de2,2025,2025-12-15,3,95,10,false
f662a1c4-d0dc-4c6d-a90d-a00c8d576cec,056e5db3-6f38-44ba-96f7-3720357f9de2,2026,2026-12-15,2.4,97,16,false
0040eb28-b142-4847-9431-07fdff0ab2e7,7ce14528-ca1f-4aae-9740-0343ced48c96,2016,2016-12-15,2.2,62,17,false
a042236f-3144-4597-8689-5b0957e8ec92,7ce14528-ca1f-4aae-9740-0343ced48c96,2017,2017-12-15,4.8,85,25,true
990f0756-2965-46e3-b603-5a7e4ae5f242,7ce14528-ca1f-4aae-9740-0343ced48c96,2018,2018-12-15,3.9,98,11,false
bc5f30bc-fd68-4d07-8983-10822d03d172,7ce14528-ca1f-4aae-9740-0343ced48c96,2019,2019-12-15,3,73,46,false
cc52c0f5-57e3-4bbb-967f-68d8f23402ef,7ce14528-ca1f-4aae-9740-0343ced48c96,2020,2020-12-15,2.8,94,56,false
cd271d8e-1736-4e40-9d93-baa664e34755,7ce14528-ca1f-4aae-9740-0343ced48c96,2021,2021-12-15,4.4,61,22,false
236eb600-c1fd-440b-aec6-afe6e0c05d36,7ce14528-ca1f-4aae-9740-0343ced48c96,2022,2022-12-15,3.8,98,11,false
1be235c1-4601-494c-8ece-bfc544cb2815,7ce14528-ca1f-4aae-9740-0343ced48c96,2023,2023-12-15,3.4,64,57,false
082984a9-2d01-46db-a28e-cf3895f83253,7ce14528-ca1f-4aae-9740-0343ced48c96,2024,2024-12-15,2.4,60,31,false
d1fb66e3-54b6-4fb2-a9ae-eefb4257bbec,7ce14528-ca1f-4aae-9740-0343ced48c96,2025,2025-12-15,3.5,64,37,false
87d21768-e2ea-47ff-94b1-c4f5eb006df7,7ce14528-ca1f-4aae-9740-0343ced48c96,2026,2026-12-15,3,99,39,false
a9919948-b0fd-43e4-ab0d-a28a01637b52,b004433f-55ff-42ee-bad6-d27ec7064fcb,2026,2026-12-15,2.6,100,28,false
bd77445e-c577-4370-8221-47ad9ff1dc05,e11c4eee-e111-4ee9-a729-d538178d7279,2021,2021-12-15,2.1,80,13,false
4fae0d0e-a226-40e7-8055-03b8ff7f038f,e11c4eee-e111-4ee9-a729-d538178d7279,2022,2022-12-15,2.8,98,31,false
d9064553-d03e-48ae-b781-e0d8fe5ec462,e11c4eee-e111-4ee9-a729-d538178d7279,2023,2023-12-15,2.2,93,41,false
9390c75c-bc47-463a-ba5a-7a9ca25149fb,e11c4eee-e111-4ee9-a729-d538178d7279,2024,2024-12-15,3.8,97,28,false
f967a609-2da7-4b2d-beb1-b975f7755cb1,e11c4eee-e111-4ee9-a729-d538178d7279,2025,2025-12-15,3.5,63,10,false
7a4ce7b8-70c7-4db2-b541-3af2ab7b8550,e11c4eee-e111-4ee9-a729-d538178d7279,2026,2026-12-15,2.3,99,35,false
7a672568-ed9e-47a5-8f85-ae47ce019ad0,7eacb4d0-4bf6-4bda-ad75-349043f7c558,2021,2021-12-15,2.5,64,50,false
ff3a099a-9721-4b22-8e88-267679c0fd4f,7eacb4d0-4bf6-4bda-ad75-349043f7c558,2022,2022-12-15,2,62,13,false
e645443b-1d0c-4e05-915e-80b4a3333e87,7eacb4d0-4bf6-4bda-ad75-349043f7c558,2023,2023-12-15,2.5,80,30,false
8756d4eb-47a4-4129-ac40-2a942801ce1b,7eacb4d0-4bf6-4bda-ad75-349043f7c558,2024,2024-12-15,4.3,76,16,false
f3dd22e7-7c80-44d1-b29a-fd14b2cc244e,7eacb4d0-4bf6-4bda-ad75-349043f7c558,2025,2025-12-15,3,89,59,false
7780a668-8b7a-405b-a12d-4cbe2c6c91dd,7eacb4d0-4bf6-4bda-ad75-349043f7c558,2026,2026-12-15,3.2,82,19,false
cfbf631d-ad62-41d1-a3e1-590787288dbd,5e32ce9d-77e4-4a3f-a895-362cf31c2e2d,2025,2025-12-15,2.4,67,56,false
4b1702d7-6813-443c-8ed7-27f3b677ebd3,5e32ce9d-77e4-4a3f-a895-362cf31c2e2d,2026,2026-12-15,3.2,88,32,false
e6acf302-a550-4e40-8296-3cd4980135bc,ae57c921-d9de-49f8-b1f9-96f7ffc7c49c,2022,2022-12-15,4.8,64,31,true
70a65bf3-f374-4d92-8c13-f91f0e3980ae,ae57c921-d9de-49f8-b1f9-96f7ffc7c49c,2023,2023-12-15,3,86,46,false
4a891700-f735-410c-bce6-9a9febd370c1,ae57c921-d9de-49f8-b1f9-96f7ffc7c49c,2024,2024-12-15,2.3,74,37,false
7d6d9aee-d5c6-40c7-a5e1-4808da5dcf65,ae57c921-d9de-49f8-b1f9-96f7ffc7c49c,2025,2025-12-15,3.1,87,37,false
a3387117-2397-4816-9c57-56f2df7372d2,ae57c921-d9de-49f8-b1f9-96f7ffc7c49c,2026,2026-12-15,2.9,88,17,false
4673fe40-10ad-4d08-9788-cde3eeb40e15,be66fda1-20e3-4c70-ad47-78b7e4193a1a,2025,2025-12-15,2.8,100,29,false
382ca58f-ab52-42fb-bdca-f161c9d7189c,be66fda1-20e3-4c70-ad47-78b7e4193a1a,2026,2026-12-15,4.8,91,16,false
9e35162c-3e00-4860-adcc-445f292be087,a8c31cfb-7def-43ba-a37b-c330d42514fd,2018,2018-12-15,4.7,86,22,false
994e6436-723f-40dc-b7b8-56c5d8525836,a8c31cfb-7def-43ba-a37b-c330d42514fd,2019,2019-12-15,2.9,87,56,false
8da92a4f-6666-4962-b91d-d4fae1a0a145,a8c31cfb-7def-43ba-a37b-c330d42514fd,2020,2020-12-15,3.5,85,51,false
436fcd57-6d4b-45d1-96f8-63e86e8f5556,a8c31cfb-7def-43ba-a37b-c330d42514fd,2021,2021-12-15,2,63,30,false
007f3f6d-4b0a-408f-afb3-76143e121dc5,a8c31cfb-7def-43ba-a37b-c330d42514fd,2022,2022-12-15,3.2,85,56,false
31207c4f-8891-4935-bbbe-552679d2c16d,a8c31cfb-7def-43ba-a37b-c330d42514fd,2023,2023-12-15,4.9,76,38,true
46681932-921b-4798-a5b7-b6099518b4fd,a8c31cfb-7def-43ba-a37b-c330d42514fd,2024,2024-12-15,3.6,96,35,false
31b65b37-7394-4698-b128-e89ea6783dc0,a8c31cfb-7def-43ba-a37b-c330d42514fd,2025,2025-12-15,4.2,68,30,false
5dbd9e85-e70c-40fd-9873-ee02f4ce2b7e,a8c31cfb-7def-43ba-a37b-c330d42514fd,2026,2026-12-15,2.7,76,10,false
a6077b38-ecc5-449e-b34d-aa1be8f472d0,a7ba7e59-ad90-4ac5-8c0b-2df086f9ce7e,2024,2024-12-15,4.8,65,13,false
5063b503-1a44-45b6-aae4-135f6b71ccec,a7ba7e59-ad90-4ac5-8c0b-2df086f9ce7e,2025,2025-12-15,3.2,93,31,false
6dc8ac56-21b5-45b5-83b3-6405a6e32c4c,a7ba7e59-ad90-4ac5-8c0b-2df086f9ce7e,2026,2026-12-15,3.6,87,17,false
cecda0cf-9ef2-4cd7-9c9f-d07e6f85f776,0490c516-8827-4276-8125-5bef8cb776bd,2022,2022-12-15,4.8,93,50,false
f3de4ee6-40c2-4804-8a1d-6228f538a20d,0490c516-8827-4276-8125-5bef8cb776bd,2023,2023-12-15,2.2,82,14,false
f6334d5a-e4f1-451f-9f70-db0dab2dfa4a,0490c516-8827-4276-8125-5bef8cb776bd,2024,2024-12-15,4.8,79,48,false
42e53b29-04c4-4464-8f5f-b79d16fbbbf3,0490c516-8827-4276-8125-5bef8cb776bd,2025,2025-12-15,2.4,96,44,false
ae0041dc-8436-41c4-b518-4606ca5ed979,0490c516-8827-4276-8125-5bef8cb776bd,2026,2026-12-15,2.1,95,13,false
7d1dd88e-3efb-4fe0-99f5-e7a9b684cc12,f5b363c2-afd7-497b-a151-6c3d9278da01,2022,2022-12-15,2.2,79,19,false
594ff51d-60d8-42ec-8bf3-68a662337d9c,f5b363c2-afd7-497b-a151-6c3d9278da01,2023,2023-12-15,4.8,91,42,false
e5c1d255-b002-42bc-9dee-389648ead0dc,f5b363c2-afd7-497b-a151-6c3d9278da01,2024,2024-12-15,4.3,62,54,false
5828ccf3-a5d8-48f9-a3c0-b7e204767010,f5b363c2-afd7-497b-a151-6c3d9278da01,2025,2025-12-15,3.6,90,60,false
dedf92f2-1f4a-4b70-84aa-c0859bf48c95,f5b363c2-afd7-497b-a151-6c3d9278da01,2026,2026-12-15,2.6,84,13,false
8b985b91-0d98-412d-95b1-0ec8a3d8a6ce,78bece57-9e3b-4e61-8cc6-3d088c9dd217,2023,2023-12-15,3.7,84,56,false
c4ace19d-de72-4b25-8424-65f85b87e43b,78bece57-9e3b-4e61-8cc6-3d088c9dd217,2024,2024-12-15,3,79,54,false
93d34574-f425-428c-829e-bfaabc9127fb,78bece57-9e3b-4e61-8cc6-3d088c9dd217,2025,2025-12-15,4.9,94,17,false
cb3dc210-3d76-4dc5-baeb-b82aa2ff7efa,78bece57-9e3b-4e61-8cc6-3d088c9dd217,2026,2026-12-15,2.4,83,24,false
d0d4bc04-16b4-4376-a748-25ebb73aaa20,88d4b059-e245-4002-adbb-cbf5da7f34e5,2019,2019-12-15,2.6,79,50,false
4119032e-c2bc-4211-8297-9dc47d6f77ac,88d4b059-e245-4002-adbb-cbf5da7f34e5,2020,2020-12-15,4.4,79,18,false
f053c723-a6a3-4cd2-8d36-e28ffde7cb80,88d4b059-e245-4002-adbb-cbf5da7f34e5,2021,2021-12-15,4.5,86,10,false
24ac207d-8afc-41b3-b45b-b3160c78abc9,88d4b059-e245-4002-adbb-cbf5da7f34e5,2022,2022-12-15,3.6,90,28,false
d0d6b619-e4c3-4921-91d2-d887ad0eb423,88d4b059-e245-4002-adbb-cbf5da7f34e5,2023,2023-12-15,3.1,83,58,false
2c519a1b-d474-487c-82a4-db5d1cbb7dc0,88d4b059-e245-4002-adbb-cbf5da7f34e5,2024,2024-12-15,3.4,95,58,false
4517ce37-2a6a-4f66-a936-0e864bce61fd,88d4b059-e245-4002-adbb-cbf5da7f34e5,2025,2025-12-15,3.8,69,22,false
98c64f6d-f0fa-44ce-b371-98c340025e06,88d4b059-e245-4002-adbb-cbf5da7f34e5,2026,2026-12-15,3.8,87,17,false
17277bea-5d73-4ad4-bf41-20e062737da2,96bcd71e-d55d-4178-a6c1-f3e000f53c14,2021,2021-12-15,2.4,86,30,false
9fb3f940-4d87-4042-951b-daa706dc680a,96bcd71e-d55d-4178-a6c1-f3e000f53c14,2022,2022-12-15,2.1,89,59,false
43a792ee-4b76-499a-a573-3570a4448caa,96bcd71e-d55d-4178-a6c1-f3e000f53c14,2023,2023-12-15,4.8,67,13,false
5d2c81f1-c780-42e0-a58e-0071fd7f4f5f,96bcd71e-d55d-4178-a6c1-f3e000f53c14,2024,2024-12-15,4.8,74,54,false
66e06f61-5911-4d2b-9cb9-9ab8c90e6285,96bcd71e-d55d-4178-a6c1-f3e000f53c14,2025,2025-12-15,4.5,70,47,true
797f6865-4f1e-4c6a-b59f-2f50e54e6082,96bcd71e-d55d-4178-a6c1-f3e000f53c14,2026,2026-12-15,2.3,85,38,false
8ba947b6-2145-4d4d-ab6e-90ff5f073e47,2c2f7ddf-f6b0-46fe-8de4-4d6847669570,2026,2026-12-15,3,68,21,false
f47aff49-1060-47cc-9fe6-b9a3ef87289d,0f26efee-2218-4e67-90d8-b7961a5d6082,2025,2025-12-15,3.3,94,21,false
9bb4a9db-6936-4f4b-a730-0d83c2cd4781,0f26efee-2218-4e67-90d8-b7961a5d6082,2026,2026-12-15,2.6,98,29,false
d1c4bec8-4adf-486e-9b16-b01a72f23efa,ac262dd4-3e8c-40af-bfb8-d1cf57dd944a,2016,2016-12-15,2.2,81,53,false
820aa7ed-9f8e-4397-9325-a59240347c9b,ac262dd4-3e8c-40af-bfb8-d1cf57dd944a,2017,2017-12-15,2.5,65,11,false
7c38253c-849d-4190-93b2-9d8fd5d40dd8,ac262dd4-3e8c-40af-bfb8-d1cf57dd944a,2018,2018-12-15,3.8,68,43,false
8e00b4fc-9b50-4a23-b1db-5894806f3349,ac262dd4-3e8c-40af-bfb8-d1cf57dd944a,2019,2019-12-15,4.7,95,39,false
5ebbf345-89b8-4a42-93b9-5f640587dd80,ac262dd4-3e8c-40af-bfb8-d1cf57dd944a,2020,2020-12-15,3.7,90,30,false
77b5e731-e5b3-4ae2-9d8f-20684f37ff99,ac262dd4-3e8c-40af-bfb8-d1cf57dd944a,2021,2021-12-15,4.7,92,20,false
feca6c13-e4b8-4a14-bf28-6621f7c08e80,ac262dd4-3e8c-40af-bfb8-d1cf57dd944a,2022,2022-12-15,2.3,84,35,false
43a9b10c-efcf-4e82-8bd7-51a8d853152d,ac262dd4-3e8c-40af-bfb8-d1cf57dd944a,2023,2023-12-15,3,69,10,false
ed59d914-9603-4602-ab3a-dd1964227f70,ac262dd4-3e8c-40af-bfb8-d1cf57dd944a,2024,2024-12-15,4.5,93,36,false
9d5a387b-78d9-4e3e-bf57-dbec62298678,ac262dd4-3e8c-40af-bfb8-d1cf57dd944a,2025,2025-12-15,4.8,78,17,true
c17cca78-fc79-484b-909c-9a2ff096dfd6,ac262dd4-3e8c-40af-bfb8-d1cf57dd944a,2026,2026-12-15,4.7,78,43,false
b0d5a97f-d7b1-42b7-a3f3-573b0d5acf45,b9c9cfbc-25f2-4579-afe5-fde8c7b33016,2026,2026-12-15,2.5,70,14,false
0ccf4f46-e82a-4ea0-a5c0-5ad36d40e9b3,58738fd4-61d1-486a-b4f5-77e98edafd96,2024,2024-12-15,4.9,93,43,false
ebc6db3e-8207-41fc-b7e7-a3f47d6e6c11,58738fd4-61d1-486a-b4f5-77e98edafd96,2025,2025-12-15,2.3,78,46,false
cf8a4da0-4a8e-4791-aa32-2a6968ef6672,58738fd4-61d1-486a-b4f5-77e98edafd96,2026,2026-12-15,4.5,64,32,true
1f251cbb-7dd3-4fc9-9237-6e59df7b5199,9e5cd86e-6354-4655-ace0-5452f2bd11b1,2023,2023-12-15,4.1,85,40,false
f7020b76-f48d-45e5-9aac-a43dd2c7e17d,9e5cd86e-6354-4655-ace0-5452f2bd11b1,2024,2024-12-15,2.4,69,23,false
40eb61cf-f486-4914-8708-5a4a41340519,9e5cd86e-6354-4655-ace0-5452f2bd11b1,2025,2025-12-15,2.6,98,17,false
d81bb2f8-e03f-4086-87f8-2ce524641eca,9e5cd86e-6354-4655-ace0-5452f2bd11b1,2026,2026-12-15,3.1,79,22,false
aa178db3-d733-416e-b613-bc77076b564a,8d43854b-5ef1-4a80-9860-6f0240aa9e76,2020,2020-12-15,4.1,83,17,false
5bb3a749-4f01-47ce-9f20-b453f2ca0658,8d43854b-5ef1-4a80-9860-6f0240aa9e76,2021,2021-12-15,2,71,43,false
f19b30f7-b357-4d93-82fe-a360fc796b43,8d43854b-5ef1-4a80-9860-6f0240aa9e76,2022,2022-12-15,2.6,71,45,false
b7edc36b-9e42-498f-91b1-1acbc7aaab32,8d43854b-5ef1-4a80-9860-6f0240aa9e76,2023,2023-12-15,4.5,93,16,true
d7e231f4-667e-4e7d-9dca-3bf1964e961b,8d43854b-5ef1-4a80-9860-6f0240aa9e76,2024,2024-12-15,2.4,91,45,false
373a1fd4-591e-4f77-b5e1-f770df93e59c,8d43854b-5ef1-4a80-9860-6f0240aa9e76,2025,2025-12-15,4.3,66,14,false
3d203f6e-8399-4cb6-bf88-48c442502019,8d43854b-5ef1-4a80-9860-6f0240aa9e76,2026,2026-12-15,3.2,90,27,false
069c66dd-2275-4690-8ada-16c99313f409,9c120512-7932-4ad9-98b4-5d5c9e98e7f3,2022,2022-12-15,3,97,13,false
9caca317-a804-49f8-be33-3b4bd9dcbbac,9c120512-7932-4ad9-98b4-5d5c9e98e7f3,2023,2023-12-15,2.1,95,22,false
1a4b34a3-0932-4a51-aec1-abaaa79be908,9c120512-7932-4ad9-98b4-5d5c9e98e7f3,2024,2024-12-15,3,85,55,false
d52f1add-cc1c-4946-b3ba-b64c864588cb,9c120512-7932-4ad9-98b4-5d5c9e98e7f3,2025,2025-12-15,2.7,91,60,false
d2583e3f-152f-48ba-ac30-a8b6e8b30cf9,9c120512-7932-4ad9-98b4-5d5c9e98e7f3,2026,2026-12-15,3.6,73,10,false
ae2b9598-6e3f-4e9b-a7af-413b3ad983ae,0e7d3bd7-4e30-4da4-b182-4a64aff8f675,2024,2024-12-15,2.2,92,59,false
41182fb0-e964-42b9-9927-5e1c4734c4b4,0e7d3bd7-4e30-4da4-b182-4a64aff8f675,2025,2025-12-15,2.7,77,17,false
384b1072-61b0-4992-aea6-9094de4d83ca,0e7d3bd7-4e30-4da4-b182-4a64aff8f675,2026,2026-12-15,2.8,98,45,false
5744fe9e-6c96-4cb0-ab56-31dcef7bd7c2,fe68531f-d0fc-41b8-bbf7-5cd8b077cb14,2018,2018-12-15,4.9,63,15,false
d8157973-b000-4a5e-9e5c-dc36a9015f6b,fe68531f-d0fc-41b8-bbf7-5cd8b077cb14,2019,2019-12-15,2.5,91,11,false
68b22395-faa5-4526-80af-4a213db01640,fe68531f-d0fc-41b8-bbf7-5cd8b077cb14,2020,2020-12-15,4.8,74,17,false
11efcb55-f35f-4592-99a4-d5e99d8a9bab,fe68531f-d0fc-41b8-bbf7-5cd8b077cb14,2021,2021-12-15,2.4,73,18,false
97473d57-88f7-4f94-adec-f95b48222b1a,fe68531f-d0fc-41b8-bbf7-5cd8b077cb14,2022,2022-12-15,3.5,91,30,false
45db6453-3ba9-48ab-8569-7d9cf222538e,fe68531f-d0fc-41b8-bbf7-5cd8b077cb14,2023,2023-12-15,4.7,84,11,false
ff3238c7-d598-40f3-85b1-4f08f9d69d8c,fe68531f-d0fc-41b8-bbf7-5cd8b077cb14,2024,2024-12-15,4.7,77,17,true
b9a47f92-0110-4bd3-80cd-a477cb0695e0,fe68531f-d0fc-41b8-bbf7-5cd8b077cb14,2025,2025-12-15,2.1,60,21,false
41399cff-2b91-410b-93f4-d69f14780b38,fe68531f-d0fc-41b8-bbf7-5cd8b077cb14,2026,2026-12-15,4.6,60,41,false
a87e40d3-9f85-4d09-8de4-1aa69223d3af,b8b015cf-03bf-4bcd-bd42-d294427de41f,2026,2026-12-15,2.7,90,34,false
aadca4f8-9186-4d29-a8ae-218481fc9abe,acc35cdb-6d42-4140-a3fc-8c9299cef06e,2019,2019-12-15,4.5,89,55,false
bbacc0c3-a5df-4225-bbc8-746a947c2308,acc35cdb-6d42-4140-a3fc-8c9299cef06e,2020,2020-12-15,2.7,62,60,false
5f1ec0b9-3c02-4f62-9fd3-973324db1fb1,acc35cdb-6d42-4140-a3fc-8c9299cef06e,2021,2021-12-15,3.2,62,36,false
303c8594-7962-414b-84f0-5128783a9504,acc35cdb-6d42-4140-a3fc-8c9299cef06e,2022,2022-12-15,3.6,71,23,false
3abe5844-06ac-4900-a441-72fcf0adbf86,acc35cdb-6d42-4140-a3fc-8c9299cef06e,2023,2023-12-15,3.2,97,47,false
4b7965df-3178-4986-b5ee-94b8edcd2f23,acc35cdb-6d42-4140-a3fc-8c9299cef06e,2024,2024-12-15,4.9,74,36,true
87a1aff3-222a-476f-8180-8aea2ea6c4f7,acc35cdb-6d42-4140-a3fc-8c9299cef06e,2025,2025-12-15,2.7,69,56,false
90f99466-d50c-4347-b3f6-ccd3717a2ddf,acc35cdb-6d42-4140-a3fc-8c9299cef06e,2026,2026-12-15,2.1,62,54,false
09564dc0-a3ce-41ca-8dae-039cee0a8794,cbb5474c-3919-4396-8526-1b5ef18f4dcd,2018,2018-12-15,2.1,84,54,false
7624b71d-171c-44d0-a04f-a12c0a9cdb00,cbb5474c-3919-4396-8526-1b5ef18f4dcd,2019,2019-12-15,3.3,88,29,false
64def452-cbe2-4daa-be35-bdf0db33822c,cbb5474c-3919-4396-8526-1b5ef18f4dcd,2020,2020-12-15,3.7,78,18,false
a3cfa370-c27f-4e45-9b25-690abb5b3fb8,cbb5474c-3919-4396-8526-1b5ef18f4dcd,2021,2021-12-15,4.2,81,51,false
5ec62df9-3cd6-4c64-9f36-729bbe44e05c,cbb5474c-3919-4396-8526-1b5ef18f4dcd,2022,2022-12-15,5,94,46,false
352c8b26-6e43-4e86-9297-662309425431,cbb5474c-3919-4396-8526-1b5ef18f4dcd,2023,2023-12-15,3.5,86,41,false
1e252cbb-ae8c-4021-a000-1e396e04e19d,cbb5474c-3919-4396-8526-1b5ef18f4dcd,2024,2024-12-15,3.3,65,27,false
eac7e0c4-4837-4ebc-96b3-a06f60d48f0a,cbb5474c-3919-4396-8526-1b5ef18f4dcd,2025,2025-12-15,5,98,46,true
5a7bbdb3-a25e-42d9-95ce-f5008ae9ef16,cbb5474c-3919-4396-8526-1b5ef18f4dcd,2026,2026-12-15,3.8,87,47,false
5bb2db7b-9f3b-4be3-a642-bd23870706ce,275cfec0-3ac1-46f5-8fb3-7e8926a9162c,2025,2025-12-15,4.7,82,34,true
6736874d-33d8-4454-9666-f8905c37348c,275cfec0-3ac1-46f5-8fb3-7e8926a9162c,2026,2026-12-15,3.4,74,46,false
7719b827-f7af-4f51-9ae8-4b08eda80eba,7e1d8e45-bdd4-4165-bdff-135f6d4bbbf5,2017,2017-12-15,4.7,86,37,false
ef5dc402-3799-4145-8744-a63c5f3b9f71,7e1d8e45-bdd4-4165-bdff-135f6d4bbbf5,2018,2018-12-15,4.7,99,13,false
527b19c4-3078-48f8-83f5-1f183d422553,7e1d8e45-bdd4-4165-bdff-135f6d4bbbf5,2019,2019-12-15,3.2,87,48,false
1d874784-69f0-4285-beb2-8421cb41aceb,7e1d8e45-bdd4-4165-bdff-135f6d4bbbf5,2020,2020-12-15,2.3,80,33,false
23a4888c-fb46-4cb4-ad06-2633d2923019,7e1d8e45-bdd4-4165-bdff-135f6d4bbbf5,2021,2021-12-15,2.4,84,45,false
134d5d9b-4c82-44d9-b2fc-192068d1ca02,7e1d8e45-bdd4-4165-bdff-135f6d4bbbf5,2022,2022-12-15,4.1,100,34,false
ae584cb3-c5a7-4214-8476-5e68b40c3281,7e1d8e45-bdd4-4165-bdff-135f6d4bbbf5,2023,2023-12-15,3.1,62,26,false
016737b7-5e8f-4feb-a252-724685038909,7e1d8e45-bdd4-4165-bdff-135f6d4bbbf5,2024,2024-12-15,4.9,93,42,true
368a27af-1fe2-411c-a764-58302fbff276,7e1d8e45-bdd4-4165-bdff-135f6d4bbbf5,2025,2025-12-15,4.1,100,56,false
a8989d18-d194-4f38-9578-91873a9e01cb,7e1d8e45-bdd4-4165-bdff-135f6d4bbbf5,2026,2026-12-15,2.6,97,23,false
c03314cb-8be8-4d8e-b0eb-3142fdd12e38,8d9ef4d9-703e-4982-96bd-f8ef47180cfa,2025,2025-12-15,5,71,38,false
e5299cb5-2b26-4e2b-8a63-95b2853dd297,8d9ef4d9-703e-4982-96bd-f8ef47180cfa,2026,2026-12-15,2.8,82,49,false
ce0f7ca4-258a-4d39-b7a9-8d76722a78d2,e25fcc21-2c90-4df4-9327-805060eefb38,2025,2025-12-15,2.7,60,41,false
72e4c739-b42d-4286-9905-efaa18257f9a,e25fcc21-2c90-4df4-9327-805060eefb38,2026,2026-12-15,2.8,91,16,false
3f7443e0-9cf5-4106-8321-3ac9f9f378c2,83cd71af-5486-4dea-8fbd-21279e0b1337,2019,2019-12-15,3.3,72,15,false
1852a42c-e8ae-418c-8765-060e7d4c9419,83cd71af-5486-4dea-8fbd-21279e0b1337,2020,2020-12-15,2.7,70,27,false
c3075504-a350-44fe-b9ae-b7f4966e208f,83cd71af-5486-4dea-8fbd-21279e0b1337,2021,2021-12-15,3.3,74,12,false
8a341e81-4518-43d0-8d1e-f8add2d8c225,83cd71af-5486-4dea-8fbd-21279e0b1337,2022,2022-12-15,2.8,85,36,false
94c6e90c-12cc-4efb-8a5a-4a609c1c78bb,83cd71af-5486-4dea-8fbd-21279e0b1337,2023,2023-12-15,2.7,97,53,false
474eda91-47b4-41e5-b233-79854d5e8c24,83cd71af-5486-4dea-8fbd-21279e0b1337,2024,2024-12-15,2.9,71,10,false
94dae639-0db4-47b7-a9c6-1e1702432359,83cd71af-5486-4dea-8fbd-21279e0b1337,2025,2025-12-15,3.3,65,40,false
021b1c08-1d52-4feb-83aa-1094cf45e673,83cd71af-5486-4dea-8fbd-21279e0b1337,2026,2026-12-15,2.1,74,23,false
6793f813-7da0-45c0-8689-94d40d04009a,cfc8f1c7-d54a-442e-b5ca-3cf52005311c,2022,2022-12-15,4.7,64,17,false
37ae9377-e06c-4faf-91b5-a487772ecf82,cfc8f1c7-d54a-442e-b5ca-3cf52005311c,2023,2023-12-15,3.7,98,14,false
b731da7b-f3fe-48da-9b15-be02b35fbe13,cfc8f1c7-d54a-442e-b5ca-3cf52005311c,2024,2024-12-15,3.9,94,31,false
4d76bf49-0c4a-4b93-900e-c52ab901af4d,cfc8f1c7-d54a-442e-b5ca-3cf52005311c,2025,2025-12-15,3.1,83,12,false
43847177-a2ca-4fbc-ac13-c5e898308d0f,cfc8f1c7-d54a-442e-b5ca-3cf52005311c,2026,2026-12-15,2.9,68,10,false
11595b1e-1ae9-422c-a908-b0f17ad5e195,29014431-6fae-49c0-ab0a-e429b2075f07,2026,2026-12-15,4.8,71,54,false
769b2cac-f325-4130-b167-7c4fa8db2069,09aa3abb-a394-4796-b3e6-ee41b6705ba1,2022,2022-12-15,3.1,95,57,false
5535cbcc-72f5-4db8-90a6-6aa8e65f97d3,09aa3abb-a394-4796-b3e6-ee41b6705ba1,2023,2023-12-15,2.1,71,47,false
d25a946f-9fd2-428f-be4d-cad4e7f8d22f,09aa3abb-a394-4796-b3e6-ee41b6705ba1,2024,2024-12-15,4,78,41,false
805016ee-dba9-4e15-8dc5-e0bdebc17167,09aa3abb-a394-4796-b3e6-ee41b6705ba1,2025,2025-12-15,5,80,37,false
77d796b3-01a2-4d76-a110-d5eeebb19fcc,09aa3abb-a394-4796-b3e6-ee41b6705ba1,2026,2026-12-15,4,69,47,false
e0c43c72-3e5a-4349-9131-a6ba64c44e83,3281be07-2911-467d-b211-72279f21897f,2016,2016-12-15,3.9,62,22,false
6e44317c-0e81-4a2d-83ab-fe39cad1352c,3281be07-2911-467d-b211-72279f21897f,2017,2017-12-15,4.5,98,60,false
6982a0f9-7fcf-4bed-9399-af6440828d65,3281be07-2911-467d-b211-72279f21897f,2018,2018-12-15,2.2,71,56,false
57be4d62-0374-4d2c-b28c-628678a1a01a,3281be07-2911-467d-b211-72279f21897f,2019,2019-12-15,2.9,82,41,false
e5bed414-87a3-4a9a-9ad5-ff9f8f7b0fc7,3281be07-2911-467d-b211-72279f21897f,2020,2020-12-15,4,83,24,false
49877561-2b95-4a32-a2e2-90967cfdacc9,3281be07-2911-467d-b211-72279f21897f,2021,2021-12-15,4.5,83,26,false
b1d0c85e-743f-4719-87ee-82a413afdc75,3281be07-2911-467d-b211-72279f21897f,2022,2022-12-15,3.6,65,39,false
bbf47576-0b29-4505-8c0e-7cca80c0ebdb,3281be07-2911-467d-b211-72279f21897f,2023,2023-12-15,3.3,64,27,false
d7acfa77-3ead-4970-85b8-1ce8cd2875bd,3281be07-2911-467d-b211-72279f21897f,2024,2024-12-15,4.7,68,19,true
11a7cb3e-73c6-4e5d-9fc9-c94a9f1b39ee,3281be07-2911-467d-b211-72279f21897f,2025,2025-12-15,2.6,83,25,false
b1924586-2e91-490c-b88a-00008383ad58,3281be07-2911-467d-b211-72279f21897f,2026,2026-12-15,4.6,61,32,true
3e67fd98-c6b8-4069-8975-5cbe0173ca41,7e7abf70-b4ef-4477-96d9-83361a8ec5ef,2017,2017-12-15,3.3,64,17,false
5dcadce6-a3db-45d4-853c-bc97dc6f010c,7e7abf70-b4ef-4477-96d9-83361a8ec5ef,2018,2018-12-15,4.5,92,57,false
a040e176-43eb-4e29-8427-a965f691f385,7e7abf70-b4ef-4477-96d9-83361a8ec5ef,2019,2019-12-15,2.6,64,15,false
a9baeb66-c55b-44b5-81ff-7ffbf58927f9,7e7abf70-b4ef-4477-96d9-83361a8ec5ef,2020,2020-12-15,4.6,81,12,true
2efd3ae6-655a-4cb4-823a-e49d5f5e5992,7e7abf70-b4ef-4477-96d9-83361a8ec5ef,2021,2021-12-15,3.6,71,53,false
dbde3e8a-dd79-4eac-bd45-c9107c48df88,7e7abf70-b4ef-4477-96d9-83361a8ec5ef,2022,2022-12-15,2.7,62,54,false
a65b70f8-444d-4261-94d1-b9e24fe6b508,7e7abf70-b4ef-4477-96d9-83361a8ec5ef,2023,2023-12-15,3.1,82,21,false
e3ba5b38-563c-4627-ba2b-041bb0095776,7e7abf70-b4ef-4477-96d9-83361a8ec5ef,2024,2024-12-15,4.5,67,56,true
86b84db8-99aa-441f-b124-c4f333982047,7e7abf70-b4ef-4477-96d9-83361a8ec5ef,2025,2025-12-15,4.3,81,21,false
1d7f92d6-5bf8-495f-8e71-b3c3b487320f,7e7abf70-b4ef-4477-96d9-83361a8ec5ef,2026,2026-12-15,3.1,69,13,false
7ca43af5-ff3f-4120-8f01-11312dffd477,6b083b89-4529-4863-8c76-4a724b18eac3,2023,2023-12-15,2.5,84,44,false
36e5542d-e11b-43fc-8986-b8a7c8959bc1,6b083b89-4529-4863-8c76-4a724b18eac3,2024,2024-12-15,2.4,64,20,false
d04521d1-99ab-42c9-8456-59744a49a18f,6b083b89-4529-4863-8c76-4a724b18eac3,2025,2025-12-15,2.7,75,45,false
82204ce1-167a-42e7-a0c3-785678a69dfd,6b083b89-4529-4863-8c76-4a724b18eac3,2026,2026-12-15,4.1,66,26,false
793af0e6-9df5-4d2d-822e-cbdc073f55b2,52d4d9d4-288f-4ab2-a4cf-1f1e671b41ed,2018,2018-12-15,4.4,96,12,false
f62c26cd-6892-410f-962b-3c3cd2e906bc,52d4d9d4-288f-4ab2-a4cf-1f1e671b41ed,2019,2019-12-15,2.9,71,33,false
b50b3450-d1ab-4bff-bb10-98156397e140,52d4d9d4-288f-4ab2-a4cf-1f1e671b41ed,2020,2020-12-15,2.2,73,16,false
3ea200e9-36f9-4732-b309-d1b9dda0f49e,52d4d9d4-288f-4ab2-a4cf-1f1e671b41ed,2021,2021-12-15,2.7,77,22,false
dd6cda91-826e-4a88-ac2e-7793e636bcb6,52d4d9d4-288f-4ab2-a4cf-1f1e671b41ed,2022,2022-12-15,3.8,98,38,false
ae49cfe7-3f1d-4b00-9fa9-ee881e58308a,52d4d9d4-288f-4ab2-a4cf-1f1e671b41ed,2023,2023-12-15,4.7,81,31,false
fe2bd083-2ee4-4d77-81bd-7c23e4aa229d,52d4d9d4-288f-4ab2-a4cf-1f1e671b41ed,2024,2024-12-15,4.6,65,59,true
1aaea41b-8e19-44db-b544-732f5fefa21d,52d4d9d4-288f-4ab2-a4cf-1f1e671b41ed,2025,2025-12-15,3.7,82,48,false
fd9c4ce8-9494-4bbc-8050-d9e6c6821376,52d4d9d4-288f-4ab2-a4cf-1f1e671b41ed,2026,2026-12-15,3.6,84,53,false
0235a0e8-bef0-4067-9f4f-b641ebbad4ef,191c01f7-5cfc-4b26-b082-1852903bd3fe,2016,2016-12-15,2.2,73,52,false
61d44743-dfdb-44de-8dc3-4979eb016238,191c01f7-5cfc-4b26-b082-1852903bd3fe,2017,2017-12-15,2.3,90,39,false
d191ade0-1348-4cc2-b200-ecf4afa48b88,191c01f7-5cfc-4b26-b082-1852903bd3fe,2018,2018-12-15,2.4,96,23,false
df3694fa-eae5-456e-8f8d-70388d1b65c7,191c01f7-5cfc-4b26-b082-1852903bd3fe,2019,2019-12-15,4,99,13,false
82581981-fe95-45a6-9c59-b15f4cac473e,191c01f7-5cfc-4b26-b082-1852903bd3fe,2020,2020-12-15,2.8,67,56,false
e58170c6-3d14-459c-8428-03d01924c8e0,191c01f7-5cfc-4b26-b082-1852903bd3fe,2021,2021-12-15,2.7,87,42,false
6cf50e92-2a72-4d36-98d6-6aaaca6e45f9,191c01f7-5cfc-4b26-b082-1852903bd3fe,2022,2022-12-15,4.9,98,52,false
10e3194d-dc27-49f6-af82-cb8d47cda9de,191c01f7-5cfc-4b26-b082-1852903bd3fe,2023,2023-12-15,4.8,90,16,false
ce2733e0-e597-4c4d-933c-254418b5197f,191c01f7-5cfc-4b26-b082-1852903bd3fe,2024,2024-12-15,2,67,34,false
c46ece7f-f4bc-4088-8460-fcd9628d4751,191c01f7-5cfc-4b26-b082-1852903bd3fe,2025,2025-12-15,2.8,96,38,false
fec136df-a210-46cf-b9af-e78ad10dc71b,191c01f7-5cfc-4b26-b082-1852903bd3fe,2026,2026-12-15,3.6,63,54,false
9bf8787b-e8c6-4852-ad96-d9ee23a49d5d,4d2bcc3b-fb0b-40a1-9d38-38a538841fb8,2020,2020-12-15,3.9,67,51,false
b5a12461-eff6-4605-9ad2-66b62bdf7195,4d2bcc3b-fb0b-40a1-9d38-38a538841fb8,2021,2021-12-15,3.7,65,42,false
105b2706-c71e-4804-9742-c7a0cd4bed55,4d2bcc3b-fb0b-40a1-9d38-38a538841fb8,2022,2022-12-15,3.9,90,10,false
d127f19b-a618-4ba0-a7de-d04a281112f7,4d2bcc3b-fb0b-40a1-9d38-38a538841fb8,2023,2023-12-15,4.4,98,36,false
372a00a5-82cb-4fbb-9435-3b5c1a84ebd7,4d2bcc3b-fb0b-40a1-9d38-38a538841fb8,2024,2024-12-15,2.3,82,50,false
d51f384b-788e-4288-aa77-c4c5682bbec7,4d2bcc3b-fb0b-40a1-9d38-38a538841fb8,2025,2025-12-15,2.4,88,40,false
92d7339b-7c8a-4f5c-8ee0-fed1ce9dd004,4d2bcc3b-fb0b-40a1-9d38-38a538841fb8,2026,2026-12-15,4.8,96,35,true
6bc12a3f-b5b6-4059-a842-e9494cef5ff7,bfc6287a-3543-4c1a-9d0a-4561ccfa3c9a,2021,2021-12-15,4.9,64,40,false
a582548f-f8ce-4cf2-a273-bc58cd8e3f8d,bfc6287a-3543-4c1a-9d0a-4561ccfa3c9a,2022,2022-12-15,4.7,93,36,true
50cea718-3283-49e5-bb7e-a8086639799f,bfc6287a-3543-4c1a-9d0a-4561ccfa3c9a,2023,2023-12-15,4.5,85,48,false
d7b10a61-58d6-44e6-9214-ee2848fad537,bfc6287a-3543-4c1a-9d0a-4561ccfa3c9a,2024,2024-12-15,4.2,73,47,false
f2a60a83-bf28-41df-95df-d315133fc966,bfc6287a-3543-4c1a-9d0a-4561ccfa3c9a,2025,2025-12-15,2.1,96,45,false
1bb16098-ad52-4b0e-8a85-6d29ce05f4a4,bfc6287a-3543-4c1a-9d0a-4561ccfa3c9a,2026,2026-12-15,3.9,97,39,false
981376c6-dae1-49d5-b38c-d604d7bb82d9,146ca6bd-7c39-4fb6-b9c3-0d13f6157ab8,2019,2019-12-15,3.5,97,23,false
dd00f84c-a865-48ee-8149-9b31fe126869,146ca6bd-7c39-4fb6-b9c3-0d13f6157ab8,2020,2020-12-15,4.2,99,12,false
e6263761-3619-4402-a0d9-74e4ae91a692,146ca6bd-7c39-4fb6-b9c3-0d13f6157ab8,2021,2021-12-15,4.3,98,26,false
99c96fa3-bdf4-4623-84f8-e8e08ffbbd98,146ca6bd-7c39-4fb6-b9c3-0d13f6157ab8,2022,2022-12-15,2.9,63,37,false
e5e67e88-4521-4a65-801f-229cc30fd1c7,146ca6bd-7c39-4fb6-b9c3-0d13f6157ab8,2023,2023-12-15,2.9,61,54,false
76c549f2-bd72-4358-b28d-1e03924a52ed,146ca6bd-7c39-4fb6-b9c3-0d13f6157ab8,2024,2024-12-15,2.5,99,33,false
5389aa66-6373-4d6f-99e4-3347f296a436,146ca6bd-7c39-4fb6-b9c3-0d13f6157ab8,2025,2025-12-15,2.1,74,54,false
8f4f10a2-8406-407b-b47f-35443234cc41,146ca6bd-7c39-4fb6-b9c3-0d13f6157ab8,2026,2026-12-15,3.5,70,32,false
1ecd075c-e254-44a5-93f1-df81bd300853,2a17b4fb-bf60-400b-9a5a-92976b046a22,2017,2017-12-15,2.6,87,58,false
c9856e14-c7c9-429a-b8ea-6f3e07ad39fa,2a17b4fb-bf60-400b-9a5a-92976b046a22,2018,2018-12-15,3.2,71,45,false
2fa805cb-8dfa-4d65-806b-c2df9a2d77b7,2a17b4fb-bf60-400b-9a5a-92976b046a22,2019,2019-12-15,3.5,61,12,false
27ff5477-f24e-47ab-8171-d26784d7e422,2a17b4fb-bf60-400b-9a5a-92976b046a22,2020,2020-12-15,4.1,62,36,false
45e7a1e9-b89c-4a45-914b-23a496d91fa3,2a17b4fb-bf60-400b-9a5a-92976b046a22,2021,2021-12-15,5,67,51,true
72e65271-13d6-461d-95f9-4272f2063adc,2a17b4fb-bf60-400b-9a5a-92976b046a22,2022,2022-12-15,4.7,91,45,true
3ca1e62a-7e7e-4d25-b795-53032e697ed1,2a17b4fb-bf60-400b-9a5a-92976b046a22,2023,2023-12-15,4.2,94,59,false
05358c5e-6842-4839-bccd-7bfc44d2083c,2a17b4fb-bf60-400b-9a5a-92976b046a22,2024,2024-12-15,4.3,72,12,false
ec8ed0d0-c17b-4d0f-ad27-add518721d13,2a17b4fb-bf60-400b-9a5a-92976b046a22,2025,2025-12-15,2.4,81,58,false
d3ce438d-033b-46c9-bf54-3eafeaf6de68,2a17b4fb-bf60-400b-9a5a-92976b046a22,2026,2026-12-15,4.4,73,60,false
97e57005-d4a0-40bd-9d8d-3edcc7b82e8a,19990549-597c-4764-9220-f264aca32878,2018,2018-12-15,3.1,99,43,false
b9426a96-6678-4bad-b53a-5685e0e34339,19990549-597c-4764-9220-f264aca32878,2019,2019-12-15,4,76,16,false
8d943c15-5ec1-47ca-828e-4a878d506eda,19990549-597c-4764-9220-f264aca32878,2020,2020-12-15,3.5,69,50,false
6a72a071-9a77-485e-835b-b3f2c2449fc6,19990549-597c-4764-9220-f264aca32878,2021,2021-12-15,4.8,74,53,false
f7c77486-8f60-40d8-becc-27f74d6f13d3,19990549-597c-4764-9220-f264aca32878,2022,2022-12-15,3.4,95,57,false
2d3ed0eb-d8df-4426-b7d0-cb016897cdd9,19990549-597c-4764-9220-f264aca32878,2023,2023-12-15,3.3,85,37,false
b49a4bfb-f0c4-407a-8d0e-ee173fab290b,19990549-597c-4764-9220-f264aca32878,2024,2024-12-15,4.2,80,48,false
cf1595ef-bef4-4bd2-90d3-4d6587786039,19990549-597c-4764-9220-f264aca32878,2025,2025-12-15,4.9,83,50,false
dfbb08e6-3187-4d08-9ae9-31374c15313b,19990549-597c-4764-9220-f264aca32878,2026,2026-12-15,4.3,80,10,false
8694e62d-12e2-4c7e-a72c-2aa85f35335a,e16587dc-749a-4485-8273-481a169a0e9a,2022,2022-12-15,4.1,94,52,false
d8ba2137-340a-498a-9bd5-445e72121a15,e16587dc-749a-4485-8273-481a169a0e9a,2023,2023-12-15,3.3,78,10,false
0070f074-4b4d-45cd-8c92-1902105ce28f,e16587dc-749a-4485-8273-481a169a0e9a,2024,2024-12-15,3.5,84,34,false
8f744113-6ec1-4e46-9b8f-9ae9491e0c2c,e16587dc-749a-4485-8273-481a169a0e9a,2025,2025-12-15,3.7,71,45,false
c5e6aceb-64a9-45af-8dbe-4a395e3eb8d4,e16587dc-749a-4485-8273-481a169a0e9a,2026,2026-12-15,4,69,24,false
9475d436-beee-4497-ba16-48fb21722794,a28a313b-ecd8-4c87-8f94-63866cb1d434,2026,2026-12-15,4.4,70,60,false
d5927003-70ae-49a9-9c93-0cf8eb5bbecb,8ff28551-a22d-4654-b397-b1fefab19613,2021,2021-12-15,2.6,78,24,false
a227a7f7-c030-4e43-a1ba-90b8dd49a142,8ff28551-a22d-4654-b397-b1fefab19613,2022,2022-12-15,2.2,80,42,false
e61401df-7e6d-4854-9fe7-595e82fcb32b,8ff28551-a22d-4654-b397-b1fefab19613,2023,2023-12-15,3.1,77,49,false
1069d253-d5fc-4884-be64-8bd4861dc3a1,8ff28551-a22d-4654-b397-b1fefab19613,2024,2024-12-15,2.1,63,10,false
2e854b69-af9f-41e0-92bf-5ee809290c89,8ff28551-a22d-4654-b397-b1fefab19613,2025,2025-12-15,4.8,78,23,true
bb4928be-0ba2-4475-8b2c-0e020653be79,8ff28551-a22d-4654-b397-b1fefab19613,2026,2026-12-15,4,66,49,false
dcf3a2dd-f527-4577-8eb6-86c658bdf9cf,cc6727fd-d4c2-4e16-b121-5976965ad709,2021,2021-12-15,2.2,63,33,false
d1650a06-baeb-417a-af1f-466bfd56f700,cc6727fd-d4c2-4e16-b121-5976965ad709,2022,2022-12-15,3.8,94,54,false
d3c438fa-4171-4ce6-8f51-ff31dce410f7,cc6727fd-d4c2-4e16-b121-5976965ad709,2023,2023-12-15,4.5,81,42,false
6be26dad-1289-4ef6-b12a-771b194da8f3,cc6727fd-d4c2-4e16-b121-5976965ad709,2024,2024-12-15,4.8,64,36,true
71c59da4-a4b5-4cb8-92a0-87f8e66c69b4,cc6727fd-d4c2-4e16-b121-5976965ad709,2025,2025-12-15,3.6,74,57,false
15278bd9-e378-4e3c-ad6f-f7f6afeebb98,cc6727fd-d4c2-4e16-b121-5976965ad709,2026,2026-12-15,3.8,63,29,false
a372d74a-d49c-4da5-9484-ae71f5427d18,0da49405-2868-4132-9e10-09f396edcbae,2018,2018-12-15,3.7,73,41,false
b62310cb-2ab6-4ea1-a1f2-7456102e8f5c,0da49405-2868-4132-9e10-09f396edcbae,2019,2019-12-15,2.8,93,43,false
cfb87cc8-4884-484e-bf3c-413692ce5a80,0da49405-2868-4132-9e10-09f396edcbae,2020,2020-12-15,3,79,39,false
50c01355-9310-4b30-b93b-bc66844b7c37,0da49405-2868-4132-9e10-09f396edcbae,2021,2021-12-15,2.4,80,38,false
3697c640-12a8-41d7-9474-ef204cd89d12,0da49405-2868-4132-9e10-09f396edcbae,2022,2022-12-15,4.2,72,31,false
c2d2744a-007b-4fc7-9cac-855d1dc4b850,0da49405-2868-4132-9e10-09f396edcbae,2023,2023-12-15,4.7,67,44,false
41f56327-502f-4875-a8a0-1ee90f8129e0,0da49405-2868-4132-9e10-09f396edcbae,2024,2024-12-15,2.1,80,49,false
2a0228ba-db06-4ba3-9005-ca5f3dc460dc,0da49405-2868-4132-9e10-09f396edcbae,2025,2025-12-15,2.6,95,10,false
c9a0778c-8605-4225-a015-f8b3b5f15cdd,0da49405-2868-4132-9e10-09f396edcbae,2026,2026-12-15,4.1,94,51,false
6085c5d5-73ae-438f-b5b2-fe5bc65057db,536b713f-830d-4ea2-914e-b7fc4b2872ed,2023,2023-12-15,2.7,74,45,false
39edb1de-c22f-4667-896e-422f4d5bdfa8,536b713f-830d-4ea2-914e-b7fc4b2872ed,2024,2024-12-15,3.1,70,42,false
80a4392d-74a0-4b60-8aa7-d9a42bc2de7e,536b713f-830d-4ea2-914e-b7fc4b2872ed,2025,2025-12-15,2.2,62,10,false
75debae7-c6f1-40a0-b4a5-ac2f60f8e212,536b713f-830d-4ea2-914e-b7fc4b2872ed,2026,2026-12-15,4.6,77,14,true
d30f5131-b029-4d7c-947c-7481a223bff3,cd494ebb-2ae7-445c-b8d6-3bc4b4edf2bd,2020,2020-12-15,3.1,84,24,false
41615141-c6cb-4783-b2aa-12148b5deefa,cd494ebb-2ae7-445c-b8d6-3bc4b4edf2bd,2021,2021-12-15,2.7,84,22,false
977928a6-1b43-4121-9048-2c0b90921e1e,cd494ebb-2ae7-445c-b8d6-3bc4b4edf2bd,2022,2022-12-15,2.5,92,17,false
cf1e2e14-df08-4d20-92be-4aece9e3aa18,cd494ebb-2ae7-445c-b8d6-3bc4b4edf2bd,2023,2023-12-15,4.5,65,37,false
ca242e59-db8b-4a8e-bb0a-4e18a8690d59,cd494ebb-2ae7-445c-b8d6-3bc4b4edf2bd,2024,2024-12-15,4.3,82,10,false
0afed8ee-ec88-4ccf-9cb4-0da24f37edc0,cd494ebb-2ae7-445c-b8d6-3bc4b4edf2bd,2025,2025-12-15,4.7,71,51,false
62cf9c18-cb23-4bf3-a0c9-fc85c4189b66,cd494ebb-2ae7-445c-b8d6-3bc4b4edf2bd,2026,2026-12-15,2.8,99,51,false
972bae2f-254d-4af2-95dd-9d22c3ad72e4,a7446ab4-7102-423f-9fba-04a947ef8f77,2026,2026-12-15,4.4,68,22,false
a97d0e28-18ff-456d-a990-85a10c6fbfe8,d515e15c-23f9-4830-a716-37945599ff64,2019,2019-12-15,3.7,66,51,false
21a16b5c-3ee7-42c5-a7f6-85d95500e030,d515e15c-23f9-4830-a716-37945599ff64,2020,2020-12-15,3.9,80,15,false
80a53df7-ae40-4911-9ba9-b181c01c203b,d515e15c-23f9-4830-a716-37945599ff64,2021,2021-12-15,2.9,68,45,false
c530b5a8-3a56-40ce-a972-ed41e7ebd22c,d515e15c-23f9-4830-a716-37945599ff64,2022,2022-12-15,3.6,96,12,false
896effe7-ea95-432d-87b7-d7a18f080b61,d515e15c-23f9-4830-a716-37945599ff64,2023,2023-12-15,4.1,90,14,false
4180f5f7-497c-40ea-bc36-30cb6565d2c0,d515e15c-23f9-4830-a716-37945599ff64,2024,2024-12-15,2.2,96,19,false
43434fa0-24a3-4da7-937b-ff4bfbc243e1,d515e15c-23f9-4830-a716-37945599ff64,2025,2025-12-15,5,62,58,true
518c06b3-f2be-4aa0-9107-841a0df625f5,d515e15c-23f9-4830-a716-37945599ff64,2026,2026-12-15,2,78,36,false
0587c395-71f5-4803-bb2d-26f22829ab80,9c713cec-b034-4143-a6b6-169268504551,2019,2019-12-15,2.8,80,19,false
69ae9c4c-f088-46b5-9a2e-99ae35df0306,9c713cec-b034-4143-a6b6-169268504551,2020,2020-12-15,5,63,40,true
806f5407-2bfc-47d8-a723-cad5e10c9bed,9c713cec-b034-4143-a6b6-169268504551,2021,2021-12-15,4.5,79,53,false
228cd077-0d26-4b1e-a007-2e81d11a3be2,9c713cec-b034-4143-a6b6-169268504551,2022,2022-12-15,2.4,84,53,false
e88ef57e-4e19-40b0-bf47-e2fc655e1207,9c713cec-b034-4143-a6b6-169268504551,2023,2023-12-15,3.9,69,38,false
164d4454-d8a2-4af5-aa04-5da1dc30e25f,9c713cec-b034-4143-a6b6-169268504551,2024,2024-12-15,4.4,81,40,false
03aeba44-0420-4632-aa5f-96ea2a57664f,9c713cec-b034-4143-a6b6-169268504551,2025,2025-12-15,3.6,70,48,false
c20e5138-b10b-457d-8e19-b9f282bf88b1,9c713cec-b034-4143-a6b6-169268504551,2026,2026-12-15,4.9,67,47,true
2c3e0b5b-698c-41ce-ad9d-3a3d8287f852,285609e8-8174-44a3-9399-c8f481a96f48,2026,2026-12-15,2.8,97,34,false
a31604a9-fa00-4011-923e-ee43c18fcbd3,b2f3980e-5c87-495e-84ac-6b945462e7aa,2018,2018-12-15,4.4,64,53,false
e3ffea8f-d382-4f19-b71c-2f228958adbf,b2f3980e-5c87-495e-84ac-6b945462e7aa,2019,2019-12-15,4.4,71,31,false
592dfedb-8ea3-4173-8330-6607b18b7198,b2f3980e-5c87-495e-84ac-6b945462e7aa,2020,2020-12-15,2.6,99,21,false
2c531f22-da3a-487e-bc60-e15035aa43bf,b2f3980e-5c87-495e-84ac-6b945462e7aa,2021,2021-12-15,2.1,64,50,false
798c8ab6-344b-4b31-bf26-a89e8850837d,b2f3980e-5c87-495e-84ac-6b945462e7aa,2022,2022-12-15,2.7,87,17,false
fa31f2b2-ccf4-4134-a311-55ed7272b14a,b2f3980e-5c87-495e-84ac-6b945462e7aa,2023,2023-12-15,2.2,96,21,false
80d8e779-c1e8-45b1-bc36-85ab1882f25e,b2f3980e-5c87-495e-84ac-6b945462e7aa,2024,2024-12-15,2.7,87,53,false
d2e52ff1-48b3-4f2e-8be4-66575f3bcd72,b2f3980e-5c87-495e-84ac-6b945462e7aa,2025,2025-12-15,2.3,80,55,false
b3ff9a18-edda-4a49-a2a8-a375bd56d8df,b2f3980e-5c87-495e-84ac-6b945462e7aa,2026,2026-12-15,2,82,32,false
d31741af-e620-4f32-bddf-35df60a952f1,1c5c9a8e-80a3-4f6b-9cec-2c3e401188ac,2016,2016-12-15,3.2,61,27,false
ebee09b3-3401-48b9-9edd-c69a17e7f73c,1c5c9a8e-80a3-4f6b-9cec-2c3e401188ac,2017,2017-12-15,2.8,76,22,false
bb134958-6443-4647-b307-7563eb7a80be,1c5c9a8e-80a3-4f6b-9cec-2c3e401188ac,2018,2018-12-15,4,75,26,false
d444bc52-90e4-4a8d-9c61-a83f7753ac3e,1c5c9a8e-80a3-4f6b-9cec-2c3e401188ac,2019,2019-12-15,2.6,100,39,false
e1edecf9-46fe-431a-830b-4b2fa83aaf84,1c5c9a8e-80a3-4f6b-9cec-2c3e401188ac,2020,2020-12-15,3,66,44,false
a60cdd3d-b74e-410d-8427-be4a97daeb67,1c5c9a8e-80a3-4f6b-9cec-2c3e401188ac,2021,2021-12-15,4.6,90,25,true
58ab59d1-b886-4724-adb4-75f18f8deca9,1c5c9a8e-80a3-4f6b-9cec-2c3e401188ac,2022,2022-12-15,3.1,91,23,false
19c18b1c-9c5b-4110-8941-40fdd846905f,1c5c9a8e-80a3-4f6b-9cec-2c3e401188ac,2023,2023-12-15,4.3,72,12,false
0879cea4-19c2-47d9-8aa6-2256e5a464fd,1c5c9a8e-80a3-4f6b-9cec-2c3e401188ac,2024,2024-12-15,4.9,76,12,false
4daaa8a2-5314-4eb5-b82c-2a3695a6f819,1c5c9a8e-80a3-4f6b-9cec-2c3e401188ac,2025,2025-12-15,3.5,84,53,false
81c77519-8cdc-444f-9d05-df272ffcd56a,1c5c9a8e-80a3-4f6b-9cec-2c3e401188ac,2026,2026-12-15,5,96,47,false
c2bd2580-f897-445c-b053-265f1c873deb,8ce91700-6356-4375-9073-fe670bc1be80,2021,2021-12-15,3.6,78,60,false
863173a4-4366-418e-9fcf-885b82249aa7,8ce91700-6356-4375-9073-fe670bc1be80,2022,2022-12-15,4.5,90,29,true
7b43271d-32b9-4bb5-a5e0-0ca8a63785b0,8ce91700-6356-4375-9073-fe670bc1be80,2023,2023-12-15,4.2,98,29,false
921c4642-d5ec-4b66-9291-0dbb871651b3,8ce91700-6356-4375-9073-fe670bc1be80,2024,2024-12-15,3.9,90,10,false
4df9d854-b552-4b21-8ad8-acf3574af2da,8ce91700-6356-4375-9073-fe670bc1be80,2025,2025-12-15,4.7,72,53,false
d81cc840-ecf2-4a73-bfc1-26863cda5225,8ce91700-6356-4375-9073-fe670bc1be80,2026,2026-12-15,3.3,80,25,false
0982ba65-6ce8-481e-a7c7-47ab9b213c87,8605af7a-e2ab-4b55-ad5b-d181b54a510e,2022,2022-12-15,3,65,11,false
5e2eee94-f340-4a68-b811-7a89aa5d5846,8605af7a-e2ab-4b55-ad5b-d181b54a510e,2023,2023-12-15,4.4,65,33,false
9cde137a-bb89-4539-af6b-6d3cec6b24a5,8605af7a-e2ab-4b55-ad5b-d181b54a510e,2024,2024-12-15,4.7,96,34,false
c980c20a-bbf2-4aee-bba3-b5b2bfd4163a,8605af7a-e2ab-4b55-ad5b-d181b54a510e,2025,2025-12-15,2,67,52,false
d1804439-fa24-43f8-a1be-052bcec67935,8605af7a-e2ab-4b55-ad5b-d181b54a510e,2026,2026-12-15,4.2,73,51,false
94fde57d-840b-4b6b-9ad7-43baa05a2b9b,dda511f7-aed2-4089-b70e-9c39df9af11e,2024,2024-12-15,2.2,73,25,false
28b78934-2b1e-48ce-ac24-e3604e24b44c,dda511f7-aed2-4089-b70e-9c39df9af11e,2025,2025-12-15,2,74,46,false
df28e6fb-1962-4051-93c9-f7255cf0655d,dda511f7-aed2-4089-b70e-9c39df9af11e,2026,2026-12-15,3.8,89,11,false
eff66291-51b0-46fc-a66e-59e2210fb161,40eef62f-e8bf-4228-bbbd-37142c1c062e,2026,2026-12-15,4.8,85,34,false
3282b05d-d978-4ed0-b043-6b05cb668c63,fd417534-f6ef-4ef9-b022-9e680f544c49,2026,2026-12-15,3.3,63,32,false
866159fd-13db-4a52-af95-d1e4ccca9bcb,5e6adabc-c67c-4c10-af34-451987e77d02,2026,2026-12-15,3.9,86,13,false
3f91a5d6-3fa2-4861-97f8-b78da1b69c05,81760ea4-c439-48e9-8c91-7f0334f64bc2,2026,2026-12-15,4.8,82,57,false
3b35723f-2975-4c90-83a7-8b3f65391c59,0f0635c1-4892-4d16-b2a7-ebb091613e24,2023,2023-12-15,4.1,69,25,false
2d3f302c-456d-4b5b-b661-10e152521779,0f0635c1-4892-4d16-b2a7-ebb091613e24,2024,2024-12-15,4,94,56,false
70928100-50cf-4ec1-8e29-6f157d6bb23d,0f0635c1-4892-4d16-b2a7-ebb091613e24,2025,2025-12-15,3,87,51,false
4f706223-2c4e-4836-b1ab-bb780bdd82c3,0f0635c1-4892-4d16-b2a7-ebb091613e24,2026,2026-12-15,3,88,12,false
5ed1f9e4-e7dc-42ff-8139-248ae6e02387,adef98ff-891d-4b4e-939c-2ef63e3073f3,2018,2018-12-15,3.7,92,48,false
f2556fea-728c-4b96-9ee8-3c5c50463b03,adef98ff-891d-4b4e-939c-2ef63e3073f3,2019,2019-12-15,3.8,64,23,false
c35c6a13-0525-48f8-9c58-c96d8d5c778b,adef98ff-891d-4b4e-939c-2ef63e3073f3,2020,2020-12-15,4,60,19,false
b9ad6dac-75d4-4773-aef5-4a83fe28d66c,adef98ff-891d-4b4e-939c-2ef63e3073f3,2021,2021-12-15,3.9,60,22,false
e2c76711-b60c-4200-a377-bb8044cb3219,adef98ff-891d-4b4e-939c-2ef63e3073f3,2022,2022-12-15,4.2,88,56,false
03eb1aec-e55a-4998-904e-bac8633a4a27,adef98ff-891d-4b4e-939c-2ef63e3073f3,2023,2023-12-15,4.1,61,34,false
309f0710-2905-4156-b73f-9b030918beaa,adef98ff-891d-4b4e-939c-2ef63e3073f3,2024,2024-12-15,4.1,99,48,false
a585bf50-9cd5-4009-b224-5a5e6985e43a,adef98ff-891d-4b4e-939c-2ef63e3073f3,2025,2025-12-15,2.9,70,19,false
dded27db-a83e-457a-aa84-d5d6bf080b2f,adef98ff-891d-4b4e-939c-2ef63e3073f3,2026,2026-12-15,4.6,87,16,true
c28c12c7-49f6-4fd3-aa8d-a243d1ac89dd,f087892e-e6ea-44f3-91e8-da44918ea61e,2024,2024-12-15,3.3,68,55,false
53ffbea8-9ccd-4593-8c44-1024063fd085,f087892e-e6ea-44f3-91e8-da44918ea61e,2025,2025-12-15,4.4,97,36,false
809b2bfb-875a-40a1-8fa1-6b765dda0bd4,f087892e-e6ea-44f3-91e8-da44918ea61e,2026,2026-12-15,4.6,97,30,true
724ca919-9a69-46dc-a191-c912c2c563f6,f605098a-8ae2-4b53-b433-2964fb8ee3ed,2022,2022-12-15,3.3,78,52,false
bcda72c0-8d66-4f7b-af62-164a8bb44a13,f605098a-8ae2-4b53-b433-2964fb8ee3ed,2023,2023-12-15,4.1,70,17,false
9b1b7414-55be-488e-a63f-b708d7020f17,f605098a-8ae2-4b53-b433-2964fb8ee3ed,2024,2024-12-15,3.9,73,43,false
f1f1c44f-1507-4683-a163-07a97e74cc4c,f605098a-8ae2-4b53-b433-2964fb8ee3ed,2025,2025-12-15,4.2,78,40,false
a64870e1-cbf5-4d7f-be52-c6e47e9f1f78,f605098a-8ae2-4b53-b433-2964fb8ee3ed,2026,2026-12-15,2,95,15,false
666c5e72-fd61-4e08-b36b-97d23385c21a,ef9c038e-0d72-44c2-bcdb-0f2656894b01,2016,2016-12-15,2.1,76,36,false
e999f284-30a2-4654-b661-6d1bcd0c1242,ef9c038e-0d72-44c2-bcdb-0f2656894b01,2017,2017-12-15,3.2,84,12,false
452f7df3-1d73-4d4f-85d1-802f2e83b415,ef9c038e-0d72-44c2-bcdb-0f2656894b01,2018,2018-12-15,4.3,94,24,false
21bf4262-67b3-4a0d-a48e-d07083337721,ef9c038e-0d72-44c2-bcdb-0f2656894b01,2019,2019-12-15,4.5,75,43,false
fa8d7499-f3ea-458d-9f9d-1cb0516971be,ef9c038e-0d72-44c2-bcdb-0f2656894b01,2020,2020-12-15,3.9,89,21,false
6f125acf-d270-448a-8e16-2535e58e9f14,ef9c038e-0d72-44c2-bcdb-0f2656894b01,2021,2021-12-15,4.5,82,16,true
350ac042-aa71-4842-b47e-1485b8a21c8d,ef9c038e-0d72-44c2-bcdb-0f2656894b01,2022,2022-12-15,4.5,61,45,false
90ffee34-013e-40bc-a237-5c01402cd43e,ef9c038e-0d72-44c2-bcdb-0f2656894b01,2023,2023-12-15,4.9,93,11,true
0863bb09-3c46-482d-960a-108fa7d5c89c,ef9c038e-0d72-44c2-bcdb-0f2656894b01,2024,2024-12-15,2.1,80,16,false
7bfc9405-53f1-41b7-9f83-4be2ef75f18d,ef9c038e-0d72-44c2-bcdb-0f2656894b01,2025,2025-12-15,2.8,76,58,false
54d5b1fe-7b03-4b49-8ad9-7f7a380f8d2d,ef9c038e-0d72-44c2-bcdb-0f2656894b01,2026,2026-12-15,3.4,86,19,false
04386ab1-0370-4744-a42e-8b656a5aa844,624c8f6b-bf5b-46e0-9813-1d131ae22257,2026,2026-12-15,3,63,44,false
a9c0a759-45c1-46bb-8014-a8eecf8a8b76,c14ee28d-fe26-41d9-9467-d7dd09d2b7c9,2026,2026-12-15,3.3,75,35,false
3edfe9fb-2bb8-4cac-813d-6c76f365d957,adeba690-c7dc-4045-adeb-edc1b0e077c8,2016,2016-12-15,4.9,84,52,true
a543c925-d110-4d27-b41f-9a3384a3da68,adeba690-c7dc-4045-adeb-edc1b0e077c8,2017,2017-12-15,3.6,99,49,false
a3b8650a-0881-4f31-b5e7-9603f0994fd8,adeba690-c7dc-4045-adeb-edc1b0e077c8,2018,2018-12-15,3.1,99,38,false
d298e3fa-20db-4eaf-9d57-6b540a22e4b1,adeba690-c7dc-4045-adeb-edc1b0e077c8,2019,2019-12-15,3.3,87,41,false
45018294-3c68-4715-adda-800d20265f18,adeba690-c7dc-4045-adeb-edc1b0e077c8,2020,2020-12-15,2.1,98,26,false
09031a82-6e77-4ce3-be59-e23722dcffe7,adeba690-c7dc-4045-adeb-edc1b0e077c8,2021,2021-12-15,3.3,81,49,false
d76995ba-a59b-48a7-b59b-671eb90eb8a5,adeba690-c7dc-4045-adeb-edc1b0e077c8,2022,2022-12-15,2.1,74,46,false
71fb0a7f-8ba2-40ff-9a18-8aaf349a157f,adeba690-c7dc-4045-adeb-edc1b0e077c8,2023,2023-12-15,3,80,51,false
5e7f51a7-358e-4faa-ae9d-ddb48a97f9ba,adeba690-c7dc-4045-adeb-edc1b0e077c8,2024,2024-12-15,3.6,75,23,false
45c30a95-ad90-4c4e-b6a8-3f048ba6d1f7,adeba690-c7dc-4045-adeb-edc1b0e077c8,2025,2025-12-15,4.4,74,23,false
7b8d11fb-c70c-42cb-a5aa-aab8c16b92d4,adeba690-c7dc-4045-adeb-edc1b0e077c8,2026,2026-12-15,3.9,79,27,false
d9a60bdc-ebae-48ea-b9e0-0b18938ed21f,1c88d131-db06-442b-8a52-9915dbc7544b,2022,2022-12-15,4.7,65,43,false
3b84baf9-29c5-4c77-a4ba-96ccc38c6710,1c88d131-db06-442b-8a52-9915dbc7544b,2023,2023-12-15,3.7,86,36,false
b9d120cb-b896-417a-9ec7-a62182522e2a,1c88d131-db06-442b-8a52-9915dbc7544b,2024,2024-12-15,2.2,79,47,false
81681082-01c3-438f-8665-77c2919d866d,1c88d131-db06-442b-8a52-9915dbc7544b,2025,2025-12-15,3.2,85,33,false
48bb0848-a1fc-4592-96f3-2dd0349c0003,1c88d131-db06-442b-8a52-9915dbc7544b,2026,2026-12-15,4.6,100,29,true
cb1bb7ff-49e8-4e28-9d8c-6fd3d9d5b6f5,b62f8ff9-acd8-4dc7-9cd1-a8810769f4da,2017,2017-12-15,3.2,79,44,false
915fbdf9-679e-477b-ad68-f74ec7c7b17f,b62f8ff9-acd8-4dc7-9cd1-a8810769f4da,2018,2018-12-15,3.9,93,29,false
9a243a17-018a-4bf1-b4ad-3440ab1ce19e,b62f8ff9-acd8-4dc7-9cd1-a8810769f4da,2019,2019-12-15,2.9,88,54,false
64cc02d9-00c8-4de7-af2b-75d6b689d4c4,b62f8ff9-acd8-4dc7-9cd1-a8810769f4da,2020,2020-12-15,4.9,68,11,true
d822ae67-66d4-4019-86ad-72724fa494a9,b62f8ff9-acd8-4dc7-9cd1-a8810769f4da,2021,2021-12-15,4.5,98,21,true
f1297d47-9d1f-4c0c-92e9-6260abac7b3d,b62f8ff9-acd8-4dc7-9cd1-a8810769f4da,2022,2022-12-15,4.4,63,56,false
6f5e0f3d-f692-4b16-914f-f86fef2cf168,b62f8ff9-acd8-4dc7-9cd1-a8810769f4da,2023,2023-12-15,3.2,97,12,false
29b5c6d4-a83b-4054-8643-b7c4725e781e,b62f8ff9-acd8-4dc7-9cd1-a8810769f4da,2024,2024-12-15,4.5,81,28,true
448243ab-0736-4202-b67c-034199159eac,b62f8ff9-acd8-4dc7-9cd1-a8810769f4da,2025,2025-12-15,3.5,100,35,false
7ee13e87-1810-4266-b147-2cc57e297921,b62f8ff9-acd8-4dc7-9cd1-a8810769f4da,2026,2026-12-15,4.9,95,15,false
1f52558e-0eec-4d1c-89c2-3fd5cbe2b3d7,7ddad57e-823b-4821-86cc-d79693529898,2018,2018-12-15,4.2,94,21,false
c3848de1-7d71-49a0-bbbf-202f05962396,7ddad57e-823b-4821-86cc-d79693529898,2019,2019-12-15,4,78,42,false
f532a1d2-70e7-4c48-b250-5210cb571484,7ddad57e-823b-4821-86cc-d79693529898,2020,2020-12-15,3.8,79,31,false
71d5938d-681a-45e1-bcd1-9c67682eddd2,7ddad57e-823b-4821-86cc-d79693529898,2021,2021-12-15,3.1,98,31,false
94004126-c1a9-416f-a951-cd52c74d9a3c,7ddad57e-823b-4821-86cc-d79693529898,2022,2022-12-15,4.4,82,18,false
2cb57eea-7d70-4293-afcc-855e74eed89d,7ddad57e-823b-4821-86cc-d79693529898,2023,2023-12-15,4,73,56,false
67917985-4ab0-4493-b75c-dfda99ce9fce,7ddad57e-823b-4821-86cc-d79693529898,2024,2024-12-15,4.6,77,27,false
34b18a80-0028-4e49-9663-5f05f10f7377,7ddad57e-823b-4821-86cc-d79693529898,2025,2025-12-15,3.9,92,15,false
f943c7e9-9431-4485-9444-d7c1b71d96b0,7ddad57e-823b-4821-86cc-d79693529898,2026,2026-12-15,4.5,67,28,false
f7b5903a-bfb8-4c4c-a6a8-85e1f0a89684,7969975c-c1d0-4009-81b3-1e2018929b2a,2023,2023-12-15,4.4,96,59,false
5e25b644-c489-445e-8474-5de835d5b40a,7969975c-c1d0-4009-81b3-1e2018929b2a,2024,2024-12-15,4.7,97,45,true
d6bb64b6-b05a-4dc7-b7ed-bff6d8f98a5a,7969975c-c1d0-4009-81b3-1e2018929b2a,2025,2025-12-15,3.4,89,39,false
b850eef9-049d-4c42-a620-135b8cb52bd6,7969975c-c1d0-4009-81b3-1e2018929b2a,2026,2026-12-15,3,60,39,false
61d4b791-a2eb-47bf-8456-a75424884ebc,37fe32f1-7d1b-4103-844b-7d57cf1a2eeb,2024,2024-12-15,2.9,62,28,false
d314330e-cf7b-4071-ac6c-5b630f63bc12,37fe32f1-7d1b-4103-844b-7d57cf1a2eeb,2025,2025-12-15,3.6,67,56,false
3eab728f-6dda-4823-a796-7f941fe2ca7e,37fe32f1-7d1b-4103-844b-7d57cf1a2eeb,2026,2026-12-15,4.2,78,34,false
7e86caa1-464e-4be0-aa75-72f2084fcb80,e09062e5-8328-4920-a097-4c3f39ee4f82,2022,2022-12-15,2.8,61,50,false
b3536780-cb1c-473d-bbf7-49abe2ae9ed1,e09062e5-8328-4920-a097-4c3f39ee4f82,2023,2023-12-15,2.5,94,17,false
55cf23a1-fc70-4e1f-a35d-20868c6bb8a9,e09062e5-8328-4920-a097-4c3f39ee4f82,2024,2024-12-15,2.5,91,60,false
b1ec7ee2-dbfd-4d93-b498-bdf19290cec8,e09062e5-8328-4920-a097-4c3f39ee4f82,2025,2025-12-15,3.7,81,15,false
0309ab9d-9e8c-4748-b719-4b9a5afdfcaf,e09062e5-8328-4920-a097-4c3f39ee4f82,2026,2026-12-15,3.6,65,32,false
f1ca2728-156e-4f42-b1cb-864668257420,5f31c788-787f-4ecb-8553-addbf650bc83,2020,2020-12-15,2.8,91,48,false
9ee73dfb-4357-4c21-8b58-6d3a7ecf3c76,5f31c788-787f-4ecb-8553-addbf650bc83,2021,2021-12-15,3.4,62,32,false
916512ae-cffa-43c9-a532-5c58749ac194,5f31c788-787f-4ecb-8553-addbf650bc83,2022,2022-12-15,3.5,80,49,false
dd795ded-9f34-4cab-8aa2-7c64380ab722,5f31c788-787f-4ecb-8553-addbf650bc83,2023,2023-12-15,4,99,22,false
5f4c4934-305d-41c3-a704-05d7e6a09c02,5f31c788-787f-4ecb-8553-addbf650bc83,2024,2024-12-15,4.1,63,41,false
fd7ebf2a-f9f4-4966-bcfb-a7f49e2f7f37,5f31c788-787f-4ecb-8553-addbf650bc83,2025,2025-12-15,4.3,69,21,false
990378db-5850-4140-b094-461578d0fa94,5f31c788-787f-4ecb-8553-addbf650bc83,2026,2026-12-15,4.2,84,15,false
69f8d645-a9a7-4252-b4de-b3f77faf5a01,0127052a-f096-4894-a079-54d215f9672d,2018,2018-12-15,2.2,66,47,false
ad7f9189-5157-47b5-a2d3-63c999c49700,0127052a-f096-4894-a079-54d215f9672d,2019,2019-12-15,2.9,98,20,false
e20d4d4e-e14f-4d16-ae57-365d74e91186,0127052a-f096-4894-a079-54d215f9672d,2020,2020-12-15,2.9,77,12,false
33752e3a-a68e-49ba-aaf6-ca995cfae581,0127052a-f096-4894-a079-54d215f9672d,2021,2021-12-15,2.9,66,56,false
aa29cef0-d6c9-48ce-9e05-45a85b79b7ab,0127052a-f096-4894-a079-54d215f9672d,2022,2022-12-15,2.8,77,59,false
49bd676d-3650-47db-9a27-cbc0cc668f5a,0127052a-f096-4894-a079-54d215f9672d,2023,2023-12-15,3.3,85,32,false
a5995c86-f993-4f82-a894-95d3c956315d,0127052a-f096-4894-a079-54d215f9672d,2024,2024-12-15,3.9,76,11,false
a27b9a38-dec6-4811-8d6a-5a3342468221,0127052a-f096-4894-a079-54d215f9672d,2025,2025-12-15,2.8,78,37,false
c57fa279-985e-4ac3-bfad-aecaecde52d4,0127052a-f096-4894-a079-54d215f9672d,2026,2026-12-15,4.5,94,49,true
b142ed4f-d852-4428-8907-221171441b3c,069ebd8f-3be5-403d-9ed1-79857e077af0,2017,2017-12-15,2.1,78,49,false
073bf99b-cc87-40d3-8505-964fabc390e6,069ebd8f-3be5-403d-9ed1-79857e077af0,2018,2018-12-15,4.4,78,14,false
489ef817-402d-458f-937a-7b0c59228a4e,069ebd8f-3be5-403d-9ed1-79857e077af0,2019,2019-12-15,3.3,80,30,false
40a6ce78-0d0c-48de-8549-e1f7ddd427b9,069ebd8f-3be5-403d-9ed1-79857e077af0,2020,2020-12-15,4.5,85,43,false
dd477dfd-c5d9-4424-8e03-12d911422c84,069ebd8f-3be5-403d-9ed1-79857e077af0,2021,2021-12-15,2.2,97,25,false
cb507530-4082-4bba-8e99-c7c0caaa0f27,069ebd8f-3be5-403d-9ed1-79857e077af0,2022,2022-12-15,4.8,77,52,false
85085194-2d8a-4981-98b1-7e4f47c060bf,069ebd8f-3be5-403d-9ed1-79857e077af0,2023,2023-12-15,3.5,63,56,false
87ffde65-0303-4ec0-bd5d-306cc6556db7,069ebd8f-3be5-403d-9ed1-79857e077af0,2024,2024-12-15,3.2,91,44,false
a035a39d-38c9-4d93-98e0-284e584448a1,069ebd8f-3be5-403d-9ed1-79857e077af0,2025,2025-12-15,4.6,81,24,true
c93f8122-f901-418c-a319-107e9fe4d867,069ebd8f-3be5-403d-9ed1-79857e077af0,2026,2026-12-15,4.5,88,22,false
78608c1e-e8c0-41fb-b4c8-ec7ea37f5476,937cabbf-0a2b-43b8-a68b-9693caddfb1b,2018,2018-12-15,3.5,66,36,false
25c238fd-df57-41d8-93c0-19829aac7f7e,937cabbf-0a2b-43b8-a68b-9693caddfb1b,2019,2019-12-15,3.3,94,19,false
a6d3b3f2-6b70-467a-8731-12e06fae83a4,937cabbf-0a2b-43b8-a68b-9693caddfb1b,2020,2020-12-15,3,95,14,false
6a35944c-8b26-4300-9339-9678073e4ffc,937cabbf-0a2b-43b8-a68b-9693caddfb1b,2021,2021-12-15,4.1,63,40,false
827a0617-0005-4f52-b909-9d3a33c5aa98,937cabbf-0a2b-43b8-a68b-9693caddfb1b,2022,2022-12-15,2.4,77,20,false
333b5335-d143-4193-9670-53363eeb75cc,937cabbf-0a2b-43b8-a68b-9693caddfb1b,2023,2023-12-15,2.1,100,11,false
5d3b75ea-352b-43e5-b0d1-0805f0add1da,937cabbf-0a2b-43b8-a68b-9693caddfb1b,2024,2024-12-15,3.9,75,29,false
156b268f-4a80-48d5-8d85-42dec68b51cb,937cabbf-0a2b-43b8-a68b-9693caddfb1b,2025,2025-12-15,4.3,62,41,false
a1c5c43a-57c6-4d59-b305-6cdc1d6d540c,937cabbf-0a2b-43b8-a68b-9693caddfb1b,2026,2026-12-15,4.5,85,57,true
41acadef-56dc-4e73-a53d-25a12a603964,088ae012-affc-47d5-8559-acf10ca12c76,2024,2024-12-15,2.1,92,53,false
078807db-0491-430f-9093-c3312dbc0cf2,088ae012-affc-47d5-8559-acf10ca12c76,2025,2025-12-15,3,61,32,false
1c1c3e3a-ccd5-446f-8cbf-c3cbde8ebb4a,088ae012-affc-47d5-8559-acf10ca12c76,2026,2026-12-15,4.6,93,14,false
c8484586-4122-4a98-bc81-d53277dee873,96e7e382-845a-409f-bff7-5d69bd2a2324,2022,2022-12-15,2.3,76,25,false
50c00486-3b04-432a-8ad0-01803e4b5548,96e7e382-845a-409f-bff7-5d69bd2a2324,2023,2023-12-15,3,73,11,false
19d5dea1-bba3-4014-8fa2-54c979173c15,96e7e382-845a-409f-bff7-5d69bd2a2324,2024,2024-12-15,4.9,82,20,false
353bac13-95ea-482b-ac07-aa80a381708b,96e7e382-845a-409f-bff7-5d69bd2a2324,2025,2025-12-15,3.5,92,29,false
72db5107-6a36-4df0-a476-8b5667f06e02,96e7e382-845a-409f-bff7-5d69bd2a2324,2026,2026-12-15,2.5,60,46,false
814f97a1-f3be-4d92-9086-f322a9f9147d,868026f7-3834-47ee-b79b-c348f576bf3c,2022,2022-12-15,3.8,91,59,false
7d0112dc-7fe4-48d8-aa8e-f28338b3f98a,868026f7-3834-47ee-b79b-c348f576bf3c,2023,2023-12-15,3.3,100,49,false
a89e111d-9d96-4b62-9a95-f12d0567cc39,868026f7-3834-47ee-b79b-c348f576bf3c,2024,2024-12-15,3.4,87,17,false
95c75417-efbb-4fa8-bd36-d509acd94dfc,868026f7-3834-47ee-b79b-c348f576bf3c,2025,2025-12-15,4.3,96,42,false
d729d4de-5d85-4704-9789-ac7e1439a53e,868026f7-3834-47ee-b79b-c348f576bf3c,2026,2026-12-15,3.2,72,39,false
ea5cb832-c6e9-4907-af93-87f403eb95ef,5418c9ed-bd49-4560-8cdd-013490d6ed61,2018,2018-12-15,3.4,88,25,false
ef166420-029c-44e4-a7f6-d2f6c1d606b7,5418c9ed-bd49-4560-8cdd-013490d6ed61,2019,2019-12-15,3.9,81,53,false
cc730710-a8dd-4b50-ad9f-cd67228f9e28,5418c9ed-bd49-4560-8cdd-013490d6ed61,2020,2020-12-15,4.9,71,59,true
1f6b56d9-0d7a-4305-a5dc-774f84cc49e0,5418c9ed-bd49-4560-8cdd-013490d6ed61,2021,2021-12-15,2.6,71,47,false
474170a1-d00e-47a4-ba03-fce81953aace,5418c9ed-bd49-4560-8cdd-013490d6ed61,2022,2022-12-15,2.3,98,42,false
164a12fb-e5b0-40f6-84d5-a004f7f94064,5418c9ed-bd49-4560-8cdd-013490d6ed61,2023,2023-12-15,4,90,10,false
533a1eac-b03e-4442-8c03-a8d9a447f247,5418c9ed-bd49-4560-8cdd-013490d6ed61,2024,2024-12-15,2.4,81,22,false
eff3dd85-b817-43d5-b2cd-d95dd6a2421f,5418c9ed-bd49-4560-8cdd-013490d6ed61,2025,2025-12-15,3.3,80,38,false
91a9e291-5a87-4747-aca9-a3a20287d2af,5418c9ed-bd49-4560-8cdd-013490d6ed61,2026,2026-12-15,4.9,85,14,false
3f63c40a-969c-461a-b14e-02b5c52ba3a6,c15b9258-b2b0-4e68-8ef8-8b7bbc49d127,2024,2024-12-15,2,62,51,false
0b604606-8008-475e-97e2-b423e4331056,c15b9258-b2b0-4e68-8ef8-8b7bbc49d127,2025,2025-12-15,3.7,82,55,false
e2d0fabd-e0dd-4695-bc95-fea77ae00279,c15b9258-b2b0-4e68-8ef8-8b7bbc49d127,2026,2026-12-15,2.8,91,28,false
a575088c-2359-4189-976e-402efdf83c8e,89df571a-4771-4bb0-8178-0f09cb2c1bb8,2020,2020-12-15,4.6,86,58,false
3ae6f3fe-8a85-435b-bb31-0340e21aa0bb,89df571a-4771-4bb0-8178-0f09cb2c1bb8,2021,2021-12-15,4.9,97,30,false
c86ed36e-08d2-4015-a37b-4c3ea261186c,89df571a-4771-4bb0-8178-0f09cb2c1bb8,2022,2022-12-15,2.5,97,25,false
5d72b0f5-3e80-469b-9fe2-46f84dc3018a,89df571a-4771-4bb0-8178-0f09cb2c1bb8,2023,2023-12-15,2,62,15,false
9f2339d2-5667-466d-81a2-d45cdf9b7e27,89df571a-4771-4bb0-8178-0f09cb2c1bb8,2024,2024-12-15,2.9,100,25,false
d53f6e6f-2652-4bc9-adff-29a3c44f94b4,89df571a-4771-4bb0-8178-0f09cb2c1bb8,2025,2025-12-15,3.2,81,36,false
98accfbb-33f4-41aa-a140-9f047bb8df52,89df571a-4771-4bb0-8178-0f09cb2c1bb8,2026,2026-12-15,2.1,78,20,false
28d9c1f4-dacb-40a7-ab4d-ad713f3a09af,56d01613-77f0-4cb8-94b9-adfa4264546e,2017,2017-12-15,3.2,100,21,false
3efb4cf6-fe29-4b74-8c9e-12ad584f4ea5,56d01613-77f0-4cb8-94b9-adfa4264546e,2018,2018-12-15,4.4,95,23,false
39fd1d25-a22f-4349-96b5-c2c9d6236e1a,56d01613-77f0-4cb8-94b9-adfa4264546e,2019,2019-12-15,4.8,64,35,true
6e5aa5e8-480c-42a2-879e-295af0d6fdce,56d01613-77f0-4cb8-94b9-adfa4264546e,2020,2020-12-15,3.1,79,33,false
a3a8b1a8-c92a-4f01-80e0-8e19d6afca7c,56d01613-77f0-4cb8-94b9-adfa4264546e,2021,2021-12-15,4.3,78,23,false
4b88cb8d-4c3f-48eb-a8ec-d95f71d8dd22,56d01613-77f0-4cb8-94b9-adfa4264546e,2022,2022-12-15,2.5,64,33,false
1cd69c02-dd0f-454b-93a8-17eaf54087a4,56d01613-77f0-4cb8-94b9-adfa4264546e,2023,2023-12-15,3.2,85,52,false
da546f1f-ec8c-427c-9269-9b883b51b226,56d01613-77f0-4cb8-94b9-adfa4264546e,2024,2024-12-15,2.5,72,30,false
e0f49b2b-773b-4f3e-a692-84ce8cb84cc5,56d01613-77f0-4cb8-94b9-adfa4264546e,2025,2025-12-15,3.8,88,47,false
c0635d86-a61d-4a9b-bba9-a7bb6a06da95,56d01613-77f0-4cb8-94b9-adfa4264546e,2026,2026-12-15,3,74,29,false
f870e127-9280-4ea4-a737-919482dd3a83,46a4843c-e136-46e3-9b80-fa4628675d82,2023,2023-12-15,4,77,21,false
8e3b4f6f-5165-4fcd-b55f-4bdbdf7538e5,46a4843c-e136-46e3-9b80-fa4628675d82,2024,2024-12-15,2.6,99,23,false
f3bf6b8f-a03f-41df-a2e2-e77974e9bafe,46a4843c-e136-46e3-9b80-fa4628675d82,2025,2025-12-15,4.4,87,23,false
9b00a897-678c-477b-8a32-1fbfba9b67ca,46a4843c-e136-46e3-9b80-fa4628675d82,2026,2026-12-15,3.2,82,36,false
c072846b-1617-4052-959a-7cbfbab7c03b,37a6c0be-8654-4eb4-b5b7-c213c3d2e0e1,2026,2026-12-15,3.8,85,51,false
67dcc7eb-729e-45eb-96e5-e45971028cfd,6c87975b-7e5b-4ca6-a513-66a23630182b,2018,2018-12-15,3.6,95,29,false
43924047-3ee7-4a7c-8bb4-a43165f80d15,6c87975b-7e5b-4ca6-a513-66a23630182b,2019,2019-12-15,4.2,66,14,false
511103b5-6312-4fc6-97c0-0ee7c6949cbc,6c87975b-7e5b-4ca6-a513-66a23630182b,2020,2020-12-15,2.6,63,40,false
57d792cb-f68b-467f-8b92-710591513e2b,6c87975b-7e5b-4ca6-a513-66a23630182b,2021,2021-12-15,2.9,63,60,false
306f088b-81d1-45d5-a737-ad0764be53de,6c87975b-7e5b-4ca6-a513-66a23630182b,2022,2022-12-15,2.6,74,46,false
37d442aa-ddb9-48a2-81ee-f850f0145369,6c87975b-7e5b-4ca6-a513-66a23630182b,2023,2023-12-15,3.4,61,60,false
c53f1344-bb3c-474d-8419-98127cd79b4d,6c87975b-7e5b-4ca6-a513-66a23630182b,2024,2024-12-15,2.9,96,27,false
79016d43-8c71-4d90-bab0-e02c4af0a5a9,6c87975b-7e5b-4ca6-a513-66a23630182b,2025,2025-12-15,2.6,76,47,false
39c57257-2658-4ffa-b49f-c887905f8cc0,6c87975b-7e5b-4ca6-a513-66a23630182b,2026,2026-12-15,2.6,94,57,false
749475e2-3413-4eda-9979-830045682c07,47af4a90-e529-4e30-95c5-63e2d9dd7f3b,2026,2026-12-15,3.2,71,56,false
8869e674-663d-43ed-b757-31ac64ac4d37,90d9dea0-91ff-43d2-a13f-d2d274002dcb,2020,2020-12-15,3.8,79,23,false
c2591d3f-98a3-41ef-8506-feac5558a5f1,90d9dea0-91ff-43d2-a13f-d2d274002dcb,2021,2021-12-15,4.2,91,53,false
78a09763-9a73-4095-8653-5cff920af576,90d9dea0-91ff-43d2-a13f-d2d274002dcb,2022,2022-12-15,4,67,53,false
7c073dbe-f4e9-4768-9693-09e70877c3ac,90d9dea0-91ff-43d2-a13f-d2d274002dcb,2023,2023-12-15,4,94,49,false
10aa1c60-ad6d-4e4e-ad79-7f4187bb61a3,90d9dea0-91ff-43d2-a13f-d2d274002dcb,2024,2024-12-15,4.8,91,11,false
38403f2b-85c8-4751-9e42-801faf51d500,90d9dea0-91ff-43d2-a13f-d2d274002dcb,2025,2025-12-15,2.4,66,60,false
baaa7a88-3296-4065-8596-53bdff8ce222,90d9dea0-91ff-43d2-a13f-d2d274002dcb,2026,2026-12-15,4.3,67,21,false
94d1b402-b582-4ecb-9e2a-5b499f6517b3,4378f3dd-9cc1-4923-ad4b-ff5514ac864a,2024,2024-12-15,2,81,18,false
c00e50b1-ebbf-4b42-a604-2e79b7e6c533,4378f3dd-9cc1-4923-ad4b-ff5514ac864a,2025,2025-12-15,4.4,71,53,false
0de8ec18-f1dc-4a25-bdd4-a2a2deb29e61,4378f3dd-9cc1-4923-ad4b-ff5514ac864a,2026,2026-12-15,2.8,82,57,false
1cde89b0-4e93-4a9f-8ed2-db0cadbaa8e7,aabe383e-8452-4eac-940f-49b281e27b3b,2025,2025-12-15,2.5,61,52,false
81c8a9c6-f148-40cb-a5da-efb49d2a173b,aabe383e-8452-4eac-940f-49b281e27b3b,2026,2026-12-15,4,84,34,false
398e81b0-6ef8-4423-8096-9b1af0ae1aa9,be9ac348-bfe4-4c3a-b577-f4d502256b8c,2018,2018-12-15,3.8,78,23,false
98c841b3-263a-4127-8a01-9664c46354b5,be9ac348-bfe4-4c3a-b577-f4d502256b8c,2019,2019-12-15,3.3,68,41,false
e7cf0e3b-fdbe-4760-810f-95fbb68b35ad,be9ac348-bfe4-4c3a-b577-f4d502256b8c,2020,2020-12-15,2.1,93,36,false
5bf81f59-3258-4630-8ab2-e6020e8b84a6,be9ac348-bfe4-4c3a-b577-f4d502256b8c,2021,2021-12-15,4,92,57,false
0a633d4a-a9b8-47a1-9c8d-4ceaa662c6d5,be9ac348-bfe4-4c3a-b577-f4d502256b8c,2022,2022-12-15,2.3,76,14,false
efe7abb1-7198-4e67-9f13-15c783435975,be9ac348-bfe4-4c3a-b577-f4d502256b8c,2023,2023-12-15,3.3,80,22,false
4a8f3ae7-a99e-440e-9c11-abecad555b91,be9ac348-bfe4-4c3a-b577-f4d502256b8c,2024,2024-12-15,3.9,65,28,false
c0aa706d-219e-4339-96ad-a7fb3c0910bf,be9ac348-bfe4-4c3a-b577-f4d502256b8c,2025,2025-12-15,5,100,24,true
74d6f4ab-a4da-4e09-b63a-a1f86a0046c5,be9ac348-bfe4-4c3a-b577-f4d502256b8c,2026,2026-12-15,5,89,36,false
bc9ad6da-d035-4ef9-94c0-e6590e62ab8c,7f0d57cd-9054-49da-9b9c-a873aa435bc9,2019,2019-12-15,2.2,89,27,false
0c16ed23-4e9a-46e6-800e-4e2cf645cff9,7f0d57cd-9054-49da-9b9c-a873aa435bc9,2020,2020-12-15,3.7,86,26,false
a76c2567-c326-492e-afda-d6bb76a5409f,7f0d57cd-9054-49da-9b9c-a873aa435bc9,2021,2021-12-15,3.9,83,56,false
b8ae9b18-9112-4371-b044-4f770b3f65f1,7f0d57cd-9054-49da-9b9c-a873aa435bc9,2022,2022-12-15,3.7,89,55,false
9857b14e-671d-403c-acca-0c75effd7457,7f0d57cd-9054-49da-9b9c-a873aa435bc9,2023,2023-12-15,3.4,96,39,false
313f70bb-9139-45c4-bc56-3b41d8a26fb4,7f0d57cd-9054-49da-9b9c-a873aa435bc9,2024,2024-12-15,2.6,94,13,false
83f034e7-fe92-498a-b59c-4552f8a11577,7f0d57cd-9054-49da-9b9c-a873aa435bc9,2025,2025-12-15,2.7,99,24,false
bc7eaa0c-b6e5-410a-91bf-e4672b13acd2,7f0d57cd-9054-49da-9b9c-a873aa435bc9,2026,2026-12-15,3.7,92,18,false
a1f9bce0-8bd5-498a-8c84-9c4116007483,1f6b1a9e-67d2-4b45-9497-2a06540ca811,2024,2024-12-15,2.3,62,45,false
a47de023-a190-40ef-b117-1f11ff4ff2d1,1f6b1a9e-67d2-4b45-9497-2a06540ca811,2025,2025-12-15,2.8,78,37,false
16bd1b06-dca3-4a87-b095-310077e671d0,1f6b1a9e-67d2-4b45-9497-2a06540ca811,2026,2026-12-15,4.6,88,49,true
4cde0021-7281-482d-b2d9-2744315195a8,343a844d-4465-4444-a46c-af0d2fe97c97,2023,2023-12-15,3.9,62,16,false
bbbe9339-25e5-4167-8e0a-86ca0f8bb53e,343a844d-4465-4444-a46c-af0d2fe97c97,2024,2024-12-15,4.7,74,16,false
18f6df48-4f0c-416c-a048-3eb1f933c562,343a844d-4465-4444-a46c-af0d2fe97c97,2025,2025-12-15,2.7,98,32,false
d31cf2b2-f5f9-45e9-a192-2549c42eca4e,343a844d-4465-4444-a46c-af0d2fe97c97,2026,2026-12-15,4.7,75,54,false
58acdc98-8454-41c9-b22e-41e185b74cb3,7e406db6-f1be-4581-8bee-8fe970b55838,2018,2018-12-15,2.7,85,26,false
aa718ff7-65f3-44d2-89e7-85287b12408a,7e406db6-f1be-4581-8bee-8fe970b55838,2019,2019-12-15,2.5,64,19,false
f521dd09-cb4a-44e2-ac88-508e47fa3c22,7e406db6-f1be-4581-8bee-8fe970b55838,2020,2020-12-15,4.2,63,12,false
d5aea5b0-b000-4f1e-a433-ec5b2fd0b058,7e406db6-f1be-4581-8bee-8fe970b55838,2021,2021-12-15,3.4,75,10,false
752e79dc-fe75-4371-b071-e96f89dc4fcc,7e406db6-f1be-4581-8bee-8fe970b55838,2022,2022-12-15,3,68,39,false
1ccfa19f-a7c1-4801-a3ef-1fad077b3bf2,7e406db6-f1be-4581-8bee-8fe970b55838,2023,2023-12-15,3.8,74,37,false
e4b2f04c-c390-4af0-a2f3-953d58c86470,7e406db6-f1be-4581-8bee-8fe970b55838,2024,2024-12-15,2.2,81,20,false
5c5ede75-a4c9-4876-9f9b-d7b74ceda04b,7e406db6-f1be-4581-8bee-8fe970b55838,2025,2025-12-15,4.2,98,60,false
be38f106-855e-4428-8034-be3ed3647da3,7e406db6-f1be-4581-8bee-8fe970b55838,2026,2026-12-15,4.3,70,42,false
877cff77-7e1a-4e3e-b3ab-d8be85ab30ae,cea2eebc-2eda-4606-bd0b-0c03b4646b60,2023,2023-12-15,3.5,95,24,false
1666f757-0c12-4eab-8b99-98635322ebd4,cea2eebc-2eda-4606-bd0b-0c03b4646b60,2024,2024-12-15,4.6,62,50,false
2ba713d8-69b0-4200-afc1-55f2ce77f70a,cea2eebc-2eda-4606-bd0b-0c03b4646b60,2025,2025-12-15,3.3,61,42,false
095b2b58-3fa8-4d6f-a5a7-a27a00cda723,cea2eebc-2eda-4606-bd0b-0c03b4646b60,2026,2026-12-15,2.9,63,59,false
c500adbc-37de-43b9-858a-9ceae1c0bca7,5c2adc45-f245-4e3d-b652-99a2294e506d,2020,2020-12-15,5,62,40,true
efcda426-c84c-488a-be98-de24eb4670c4,5c2adc45-f245-4e3d-b652-99a2294e506d,2021,2021-12-15,4.1,78,49,false
fa0a4ee3-2168-4b60-92ea-45de1d70bb5e,5c2adc45-f245-4e3d-b652-99a2294e506d,2022,2022-12-15,3,84,47,false
71a027e1-4f6c-4c5a-aff4-575d71356f1f,5c2adc45-f245-4e3d-b652-99a2294e506d,2023,2023-12-15,3.2,76,16,false
55cc29ad-fc37-4aa0-8f82-5eb5f9784d04,5c2adc45-f245-4e3d-b652-99a2294e506d,2024,2024-12-15,2.9,79,45,false
cc386996-049e-4739-90aa-8ae19d2d7961,5c2adc45-f245-4e3d-b652-99a2294e506d,2025,2025-12-15,3.3,82,30,false
5fb87c40-14c8-4297-8621-0029061abc6a,5c2adc45-f245-4e3d-b652-99a2294e506d,2026,2026-12-15,3.3,75,57,false
82e3e4af-a692-481e-813e-1480f3d9b73b,aa79934b-cb38-4551-ad1d-123b4fc0d84a,2021,2021-12-15,2.7,88,33,false
e4c684ab-d031-46fe-80bd-32cd389db62d,aa79934b-cb38-4551-ad1d-123b4fc0d84a,2022,2022-12-15,3,93,57,false
74301924-e532-44bb-a660-0519f8d0677d,aa79934b-cb38-4551-ad1d-123b4fc0d84a,2023,2023-12-15,3,85,51,false
6732899a-de38-4cbb-abf3-c2656b021149,aa79934b-cb38-4551-ad1d-123b4fc0d84a,2024,2024-12-15,2.2,66,51,false
00466500-0a2b-45ca-bba0-1df9cee18b5d,aa79934b-cb38-4551-ad1d-123b4fc0d84a,2025,2025-12-15,4.3,67,25,false
785afcdd-d329-48db-aef9-bb39e98098e1,aa79934b-cb38-4551-ad1d-123b4fc0d84a,2026,2026-12-15,3.1,68,38,false
1ec100da-184c-4d3f-95d2-bea38be493eb,5a62fe7d-fe8f-4c9c-a01d-77f55b4982d2,2020,2020-12-15,3.1,77,41,false
295ec8cb-ca20-4e47-be34-dc70a8937232,5a62fe7d-fe8f-4c9c-a01d-77f55b4982d2,2021,2021-12-15,4.7,67,38,false
598c4873-ced4-4016-8426-6f5b77d13218,5a62fe7d-fe8f-4c9c-a01d-77f55b4982d2,2022,2022-12-15,4.1,71,55,false
f6c8dba5-9c83-48f2-bae6-0123f4bacfba,5a62fe7d-fe8f-4c9c-a01d-77f55b4982d2,2023,2023-12-15,4.6,84,24,false
10ff627a-603d-4281-aa92-eadb7ce7507b,5a62fe7d-fe8f-4c9c-a01d-77f55b4982d2,2024,2024-12-15,5,84,10,true
d8630f1a-c665-42b0-9608-d7495f09cdc9,5a62fe7d-fe8f-4c9c-a01d-77f55b4982d2,2025,2025-12-15,2.6,81,56,false
1d53fc84-3491-47a3-910e-29ddacbec081,5a62fe7d-fe8f-4c9c-a01d-77f55b4982d2,2026,2026-12-15,4.3,84,19,false
31c93c4c-3421-4470-949e-c92b0571bc99,2dd42de6-52f6-494f-b3b1-f22dbd7abbdb,2017,2017-12-15,3.1,100,24,false
e7ab3877-376b-46e0-9e56-17b66bbb0ccc,2dd42de6-52f6-494f-b3b1-f22dbd7abbdb,2018,2018-12-15,3.7,92,23,false
c7e5e016-8a57-439b-85cb-45d90e546ff8,2dd42de6-52f6-494f-b3b1-f22dbd7abbdb,2019,2019-12-15,2.5,80,52,false
47918fc5-d431-4f0d-97f0-a0ff5d40d1d8,2dd42de6-52f6-494f-b3b1-f22dbd7abbdb,2020,2020-12-15,4.2,75,56,false
44b34c62-1a4b-470b-91b3-6efe87b6b9a6,2dd42de6-52f6-494f-b3b1-f22dbd7abbdb,2021,2021-12-15,3.9,95,10,false
1bb2b1fa-9da3-4d3e-b626-c7f3b6760b84,2dd42de6-52f6-494f-b3b1-f22dbd7abbdb,2022,2022-12-15,2.3,72,29,false
7161408b-03b1-4bc2-a87b-b083974c1775,2dd42de6-52f6-494f-b3b1-f22dbd7abbdb,2023,2023-12-15,3.9,74,15,false
607c0ce8-6dd2-4639-9125-19920e7f0df9,2dd42de6-52f6-494f-b3b1-f22dbd7abbdb,2024,2024-12-15,4.5,78,51,false
e6b04e38-a085-4ed0-915d-cdd7ec4f4084,2dd42de6-52f6-494f-b3b1-f22dbd7abbdb,2025,2025-12-15,2.8,96,17,false
46c2059a-271a-4228-8d28-c1a1f171f70a,2dd42de6-52f6-494f-b3b1-f22dbd7abbdb,2026,2026-12-15,4.6,76,41,false
d4801c47-a9c2-4bc1-ba5d-94418d127e1b,cb350cea-0614-46d2-9fd5-cce839cb892a,2018,2018-12-15,4.1,81,31,false
3468c110-8d74-4b0c-b3e5-21f0b90a044c,cb350cea-0614-46d2-9fd5-cce839cb892a,2019,2019-12-15,3.6,92,44,false
a5c9692c-0458-4833-bf98-b3789506158b,cb350cea-0614-46d2-9fd5-cce839cb892a,2020,2020-12-15,2.8,89,40,false
efacc144-e676-4e22-8bc6-16deab3108e6,cb350cea-0614-46d2-9fd5-cce839cb892a,2021,2021-12-15,2.9,76,35,false
817c5d00-1edd-43c8-bff2-262eeae36aac,cb350cea-0614-46d2-9fd5-cce839cb892a,2022,2022-12-15,4.9,93,41,false
32aaf675-c6e8-4db2-8f92-bb6e21d72b08,cb350cea-0614-46d2-9fd5-cce839cb892a,2023,2023-12-15,3.4,90,49,false
54c159e7-b4b0-454b-8d9b-9ea1478c9a5c,cb350cea-0614-46d2-9fd5-cce839cb892a,2024,2024-12-15,2.4,68,20,false
275c56a3-d986-4950-b2f4-33fe74fcb985,cb350cea-0614-46d2-9fd5-cce839cb892a,2025,2025-12-15,4.1,65,17,false
8ead1acf-8a1d-432f-87f6-f87045b45709,cb350cea-0614-46d2-9fd5-cce839cb892a,2026,2026-12-15,2.7,76,35,false
4120d0fb-37b9-4c38-babb-b50577b9f4cd,03050702-32e9-4de6-921d-7a9d597dd202,2026,2026-12-15,2.8,88,46,false
6aa59307-0b24-414e-bfc3-a84e1e778cb8,249c6ea7-cc10-4ec3-93a0-48ddeefa532a,2024,2024-12-15,4.7,92,24,false
dadf9fa5-9f48-4af0-b723-f8c442eb8626,249c6ea7-cc10-4ec3-93a0-48ddeefa532a,2025,2025-12-15,3.9,79,11,false
a649f02e-227d-42f7-a8d7-549670558044,249c6ea7-cc10-4ec3-93a0-48ddeefa532a,2026,2026-12-15,4.6,69,21,true
6268d0ea-3e2c-426b-af35-29ab58379d3a,1e1c3236-b91d-48fc-9ad2-738c2a2b2e69,2023,2023-12-15,2.4,66,54,false
dd1c260e-d9f4-4eb3-936c-7d7090795fcc,1e1c3236-b91d-48fc-9ad2-738c2a2b2e69,2024,2024-12-15,4.8,81,56,true
4fc450b4-1caf-4747-acd7-6aa955d6f97b,1e1c3236-b91d-48fc-9ad2-738c2a2b2e69,2025,2025-12-15,2.9,99,50,false
400ab85a-eae1-4345-9ae0-f0e74e8bf64c,1e1c3236-b91d-48fc-9ad2-738c2a2b2e69,2026,2026-12-15,3.2,99,31,false
a5e0c3bc-88ab-4352-b827-a4984eb61fb0,07ca2091-62e1-4477-bfc0-5987e69a9e19,2025,2025-12-15,2.1,76,17,false
cdbd1f10-2d66-4e65-9717-77f52c025256,07ca2091-62e1-4477-bfc0-5987e69a9e19,2026,2026-12-15,3.6,85,25,false
96d801ac-0fc2-4f2c-b631-4e0564feaa0c,cfb6203e-4529-4a7b-8656-3bb53768ab4e,2017,2017-12-15,3.5,74,60,false
d7673475-d076-4dfd-8635-4f60b816e49e,cfb6203e-4529-4a7b-8656-3bb53768ab4e,2018,2018-12-15,5,82,55,false
ed1b4aee-149b-4d83-94ef-71762d1d71fe,cfb6203e-4529-4a7b-8656-3bb53768ab4e,2019,2019-12-15,3.8,83,41,false
1e91311d-baea-4ca0-86fb-28aed3210aef,cfb6203e-4529-4a7b-8656-3bb53768ab4e,2020,2020-12-15,3.7,82,36,false
f0c33243-fa34-4ade-af3c-2f691e429859,cfb6203e-4529-4a7b-8656-3bb53768ab4e,2021,2021-12-15,2.7,90,35,false
662c0042-1c5e-42f0-ada9-68ab16ec004f,cfb6203e-4529-4a7b-8656-3bb53768ab4e,2022,2022-12-15,2.7,95,23,false
e35ba2ed-7ef2-4052-b69a-acb1058ec56f,cfb6203e-4529-4a7b-8656-3bb53768ab4e,2023,2023-12-15,2.4,91,41,false
146fa431-ea77-4dca-85c9-321ab29df86d,cfb6203e-4529-4a7b-8656-3bb53768ab4e,2024,2024-12-15,2.9,63,13,false
cdf01328-e62f-4fde-b155-7bbe2b7379ff,cfb6203e-4529-4a7b-8656-3bb53768ab4e,2025,2025-12-15,4,89,13,false
a04868c2-9e90-4aa2-8300-a225adc59a3d,cfb6203e-4529-4a7b-8656-3bb53768ab4e,2026,2026-12-15,2.8,95,34,false
ad33ae48-9dfe-428f-97a9-7f2ddd2d0d8d,b3663891-6ab9-42ec-96f9-d755e9c7dd4c,2017,2017-12-15,3.6,92,43,false
c6080b39-fe93-440e-8905-e2cd7f82419c,b3663891-6ab9-42ec-96f9-d755e9c7dd4c,2018,2018-12-15,3.1,61,49,false
0879c16f-0aa5-4021-b876-e8fd6f1f57fc,b3663891-6ab9-42ec-96f9-d755e9c7dd4c,2019,2019-12-15,2.4,64,30,false
70be0ae9-af2e-4dee-a1d1-89a8837bf2ed,b3663891-6ab9-42ec-96f9-d755e9c7dd4c,2020,2020-12-15,2.6,83,53,false
ad767ebb-27a1-44a1-abf5-ba63ef52d85c,b3663891-6ab9-42ec-96f9-d755e9c7dd4c,2021,2021-12-15,4.4,77,17,false
08db4411-83e8-4863-a114-478c9ac1be1c,b3663891-6ab9-42ec-96f9-d755e9c7dd4c,2022,2022-12-15,3.3,97,20,false
891b897c-ca6f-4df7-871e-c1867625e78a,b3663891-6ab9-42ec-96f9-d755e9c7dd4c,2023,2023-12-15,3.2,65,57,false
70fdf03e-cc31-406c-9b99-8445d6582146,b3663891-6ab9-42ec-96f9-d755e9c7dd4c,2024,2024-12-15,4.6,64,15,false
3e858f0b-21c2-430b-b97e-3ca2ea538f51,b3663891-6ab9-42ec-96f9-d755e9c7dd4c,2025,2025-12-15,3.8,100,34,false
23f2e5f9-1685-4c30-b850-74eea36cc554,b3663891-6ab9-42ec-96f9-d755e9c7dd4c,2026,2026-12-15,3.5,99,24,false
6cc903c3-b0a6-434f-9180-78107c6cd5cc,4186c1e7-e3ab-4cd8-a778-d4202da1548e,2025,2025-12-15,4.5,73,25,false
318cf74b-3a93-4a67-bfce-7ab9ffa2f226,4186c1e7-e3ab-4cd8-a778-d4202da1548e,2026,2026-12-15,3.8,99,13,false
0ecacc03-2d01-4201-be6d-0dda7f60e296,825b247d-4364-4737-9b18-74bdf3c03c03,2025,2025-12-15,4,84,49,false
1cd39eed-afd0-45a5-94ec-228fe73e92b9,825b247d-4364-4737-9b18-74bdf3c03c03,2026,2026-12-15,4.9,84,51,true
29562ad9-d3e1-4181-85b6-a775cac50c23,e15a58f5-b608-4bc8-93f8-d9e848934639,2023,2023-12-15,3.2,62,45,false
26531702-aa42-4f43-b77b-0ab21bcd2529,e15a58f5-b608-4bc8-93f8-d9e848934639,2024,2024-12-15,4.7,76,10,false
8470fad1-f443-47d1-a478-23ff517b21ff,e15a58f5-b608-4bc8-93f8-d9e848934639,2025,2025-12-15,2.1,73,46,false
adff7d8c-31b3-42bf-b71d-6b6f7fe15b82,e15a58f5-b608-4bc8-93f8-d9e848934639,2026,2026-12-15,4.9,83,43,false
4b2213a7-7efd-468a-a83f-6f18e7202994,47173be0-9f93-4177-b414-2f95e44162b1,2019,2019-12-15,4.9,66,20,true
62bf200a-1277-4a8c-97f7-31f8bb0d0850,47173be0-9f93-4177-b414-2f95e44162b1,2020,2020-12-15,4.2,100,43,false
0905396f-b9ce-4d1b-9c73-49e752c2688a,47173be0-9f93-4177-b414-2f95e44162b1,2021,2021-12-15,3.8,66,20,false
47639973-c89a-462b-9f1c-28a4a4c5860d,47173be0-9f93-4177-b414-2f95e44162b1,2022,2022-12-15,4.4,63,19,false
cdc84334-4b5a-43dc-a0eb-0f6a793bd530,47173be0-9f93-4177-b414-2f95e44162b1,2023,2023-12-15,4.3,91,28,false
1ab3d863-3ba4-4368-b990-275db6a31f11,47173be0-9f93-4177-b414-2f95e44162b1,2024,2024-12-15,3.6,95,28,false
1ee72cbc-15f0-4322-9a20-1b0507a8c122,47173be0-9f93-4177-b414-2f95e44162b1,2025,2025-12-15,2.6,69,55,false
2aa03ed2-28a9-434e-833a-aced05e05acc,47173be0-9f93-4177-b414-2f95e44162b1,2026,2026-12-15,2.7,84,37,false
a49880c9-daa8-4b88-bc2f-b992eeb96e17,979dfd4f-7a35-474b-a08d-53eb505bca1f,2026,2026-12-15,3.7,65,40,false
19441e0d-bff5-4236-91ea-209c2958518f,daf2b43a-e08b-41ff-b3f5-f7d5cb5e11b7,2017,2017-12-15,3.3,67,45,false
b930b79b-be72-43cd-a2b7-98f266d43918,daf2b43a-e08b-41ff-b3f5-f7d5cb5e11b7,2018,2018-12-15,3.3,83,30,false
9adada91-b470-47cc-9694-489740379f34,daf2b43a-e08b-41ff-b3f5-f7d5cb5e11b7,2019,2019-12-15,4.6,61,10,true
fa6117a5-8a9f-4adc-bac2-b2f78e1ea9b4,daf2b43a-e08b-41ff-b3f5-f7d5cb5e11b7,2020,2020-12-15,2,93,54,false
1687737e-bd3b-4a50-b344-4d6e9d93535d,daf2b43a-e08b-41ff-b3f5-f7d5cb5e11b7,2021,2021-12-15,4.2,63,41,false
b5a35311-0f57-4e1c-a1e2-e2f0a2164a84,daf2b43a-e08b-41ff-b3f5-f7d5cb5e11b7,2022,2022-12-15,4.7,70,53,false
dbf4cc0c-d7f8-4247-8c30-1b81d3085c87,daf2b43a-e08b-41ff-b3f5-f7d5cb5e11b7,2023,2023-12-15,3.1,63,36,false
1a447823-ba5c-4abb-a95d-22d1b40a291a,daf2b43a-e08b-41ff-b3f5-f7d5cb5e11b7,2024,2024-12-15,3.5,79,56,false
578b4025-9d4f-4514-a20a-afeecf42c851,daf2b43a-e08b-41ff-b3f5-f7d5cb5e11b7,2025,2025-12-15,2.3,76,42,false
a73b873e-f988-4e55-8eb2-dcaabc3c02e6,daf2b43a-e08b-41ff-b3f5-f7d5cb5e11b7,2026,2026-12-15,4.7,95,46,true
a5809fab-e5b9-4ea7-a8c4-65fe6a0470f6,f72e2e39-f288-4bcf-b1fc-b3926b61e7a0,2024,2024-12-15,3.7,65,50,false
e2d8a4ef-4af8-481e-8f84-0517d2fdd11f,f72e2e39-f288-4bcf-b1fc-b3926b61e7a0,2025,2025-12-15,2.9,74,25,false
797ebb68-b6a0-4c6e-90b5-11c65a2b0368,f72e2e39-f288-4bcf-b1fc-b3926b61e7a0,2026,2026-12-15,3.1,68,21,false
758349bd-5ae8-4b54-964b-99bfacaae859,3468031c-5ae6-4384-9660-19ac14697b4f,2021,2021-12-15,4.6,94,31,true
eb52e539-2a9b-4ede-bf24-9e41ec01f55d,3468031c-5ae6-4384-9660-19ac14697b4f,2022,2022-12-15,3.6,86,54,false
957a6339-d2f7-486e-a811-ee7b0a3b5adf,3468031c-5ae6-4384-9660-19ac14697b4f,2023,2023-12-15,2.4,100,46,false
e5028754-0cc6-49cb-8650-34e06966e42f,3468031c-5ae6-4384-9660-19ac14697b4f,2024,2024-12-15,3,62,28,false
016d0f28-6bba-4661-8625-8946dbc6fcf5,3468031c-5ae6-4384-9660-19ac14697b4f,2025,2025-12-15,2.4,88,36,false
c5874e2c-1f5d-428b-93d4-083663b5cae2,3468031c-5ae6-4384-9660-19ac14697b4f,2026,2026-12-15,4.1,74,17,false
ec24da22-aef7-43a3-9ed0-9346bba8d5a6,c38e1a3e-0f34-487b-9809-8aeacce6d48e,2025,2025-12-15,4,80,47,false
8f3aa49f-699a-4245-9576-681d15b9349a,c38e1a3e-0f34-487b-9809-8aeacce6d48e,2026,2026-12-15,2.5,98,19,false
ace6eafe-03ca-46c6-b716-602b8717a459,1ecbca75-dae5-468f-9bf3-f89bd6eb8187,2017,2017-12-15,3.9,74,24,false
4be10cd6-d02f-4d9d-8643-dc77ef87b4f2,1ecbca75-dae5-468f-9bf3-f89bd6eb8187,2018,2018-12-15,4.7,77,55,true
ab3978a1-fc83-43cd-84de-94c7bf558d01,1ecbca75-dae5-468f-9bf3-f89bd6eb8187,2019,2019-12-15,4.7,76,37,false
2f18f3db-fd52-4dd6-a977-2066b7d108d6,1ecbca75-dae5-468f-9bf3-f89bd6eb8187,2020,2020-12-15,2.4,97,31,false
a162dd24-e9a7-49ac-a45c-d77c855d218b,1ecbca75-dae5-468f-9bf3-f89bd6eb8187,2021,2021-12-15,2.1,68,46,false
30670f5d-32db-4a55-b349-1b352a1e690b,1ecbca75-dae5-468f-9bf3-f89bd6eb8187,2022,2022-12-15,4.1,72,25,false
fe096d16-4247-45e4-b522-08e5d98f4887,1ecbca75-dae5-468f-9bf3-f89bd6eb8187,2023,2023-12-15,3.5,69,46,false
92c75e7f-b44f-4b03-87c4-d4fb9093537a,1ecbca75-dae5-468f-9bf3-f89bd6eb8187,2024,2024-12-15,3.9,82,37,false
57fad679-8776-4e8a-a505-5c701dc84583,1ecbca75-dae5-468f-9bf3-f89bd6eb8187,2025,2025-12-15,2,79,59,false
e9dcc4ce-c89e-4422-9e70-0309ded19b7e,1ecbca75-dae5-468f-9bf3-f89bd6eb8187,2026,2026-12-15,2.9,100,20,false
c17791ab-c59d-4559-abd6-aab70b8b8e50,ec3b260f-abb4-49e2-adb6-689effd80023,2018,2018-12-15,4.2,97,51,false
f2badc96-8b80-4d32-bd79-55d239dec612,ec3b260f-abb4-49e2-adb6-689effd80023,2019,2019-12-15,4.6,74,45,true
2f61ad3b-dd77-4e35-8fe6-558baf2bb9e5,ec3b260f-abb4-49e2-adb6-689effd80023,2020,2020-12-15,4.3,84,50,false
13caa092-d40a-4a44-a712-c6f08ed00974,ec3b260f-abb4-49e2-adb6-689effd80023,2021,2021-12-15,2.4,98,60,false
d490f72d-454d-4ae8-b571-6c4c4aece072,ec3b260f-abb4-49e2-adb6-689effd80023,2022,2022-12-15,4.8,64,29,false
4205b4c7-a4a7-4ea5-8b94-75ad002c7409,ec3b260f-abb4-49e2-adb6-689effd80023,2023,2023-12-15,4.9,98,31,true
f409b7d4-44a0-4540-a8b1-6d8f37682161,ec3b260f-abb4-49e2-adb6-689effd80023,2024,2024-12-15,4.7,79,58,true
3823d2e0-7da1-44d7-a83c-42a7f57db5ab,ec3b260f-abb4-49e2-adb6-689effd80023,2025,2025-12-15,2.3,81,57,false
6c7eced7-71f7-40e3-8586-f674a708d893,ec3b260f-abb4-49e2-adb6-689effd80023,2026,2026-12-15,4.3,73,49,false
adc72f61-437a-4013-8b21-4c5798674b66,2d091cf2-0ad5-4444-98a8-4ed7bdbed977,2020,2020-12-15,2,76,24,false
ea8e6660-3a10-40cb-9a2e-e9daa0dd98c1,2d091cf2-0ad5-4444-98a8-4ed7bdbed977,2021,2021-12-15,2.4,66,22,false
ff2c7b99-4da0-4184-b721-963a81432e91,2d091cf2-0ad5-4444-98a8-4ed7bdbed977,2022,2022-12-15,4,91,14,false
ef78eb9d-7537-4f93-9566-69f052eda616,2d091cf2-0ad5-4444-98a8-4ed7bdbed977,2023,2023-12-15,4.2,100,44,false
77ed4585-fd3a-41f7-b424-2a6cb74eef6f,2d091cf2-0ad5-4444-98a8-4ed7bdbed977,2024,2024-12-15,2.4,79,34,false
547e07da-0c58-4660-a528-f3e3e081d05f,2d091cf2-0ad5-4444-98a8-4ed7bdbed977,2025,2025-12-15,3.2,95,23,false
c4096a47-315b-4e15-ac65-2efb4a754838,2d091cf2-0ad5-4444-98a8-4ed7bdbed977,2026,2026-12-15,2.1,97,26,false
73438e2a-e7f5-40bc-8aa9-40db8f1f4c41,c3a674a4-e305-4c2a-a198-8f31857a4562,2020,2020-12-15,2.9,81,16,false
ea05e6ff-64da-4d91-8f58-93f459b14710,c3a674a4-e305-4c2a-a198-8f31857a4562,2021,2021-12-15,3.6,91,15,false
1ad5253d-b22e-4a25-8d9f-46ff0349d13d,c3a674a4-e305-4c2a-a198-8f31857a4562,2022,2022-12-15,3.7,90,22,false
edc822db-239e-4d73-8836-a98e9713d5b3,c3a674a4-e305-4c2a-a198-8f31857a4562,2023,2023-12-15,3,90,60,false
3a8623e6-0381-4e1f-af6b-977c9f13218e,c3a674a4-e305-4c2a-a198-8f31857a4562,2024,2024-12-15,4.6,69,24,true
48a332e4-18ab-464f-b8e4-291d033210ec,c3a674a4-e305-4c2a-a198-8f31857a4562,2025,2025-12-15,4.9,98,23,false
18ebac17-8e89-4560-babb-3b2868787f8e,c3a674a4-e305-4c2a-a198-8f31857a4562,2026,2026-12-15,4.3,77,56,false
9b32847d-0600-439b-b433-bf0270862e9b,a82da437-50f0-4521-b6aa-ee2dcfb9f80e,2018,2018-12-15,3,71,23,false
dd067396-c908-41f7-98a1-b12aa623d5c8,a82da437-50f0-4521-b6aa-ee2dcfb9f80e,2019,2019-12-15,3,83,44,false
6e85867f-71f2-4bbf-970e-0b0e46d6bd68,a82da437-50f0-4521-b6aa-ee2dcfb9f80e,2020,2020-12-15,4.4,82,12,false
9120dde2-5a3c-4d79-8c12-080fbca087ca,a82da437-50f0-4521-b6aa-ee2dcfb9f80e,2021,2021-12-15,3.6,99,37,false
2fdb6cdb-2b27-47b3-9307-a1c3feb8c2d1,a82da437-50f0-4521-b6aa-ee2dcfb9f80e,2022,2022-12-15,3.4,81,45,false
76e6b372-fd25-4f77-9413-4a26c3f12bb8,a82da437-50f0-4521-b6aa-ee2dcfb9f80e,2023,2023-12-15,2.3,76,13,false
da8ac2a3-0ab1-4b2b-ad4b-d4d4b2c8f66f,a82da437-50f0-4521-b6aa-ee2dcfb9f80e,2024,2024-12-15,2.7,71,19,false
67e05e41-7028-47d7-8b66-a6529cd2a2ee,a82da437-50f0-4521-b6aa-ee2dcfb9f80e,2025,2025-12-15,2.6,73,60,false
28bfefaf-89f0-409b-8256-2486902d315d,a82da437-50f0-4521-b6aa-ee2dcfb9f80e,2026,2026-12-15,3.8,95,50,false
51036f94-a9cd-4e20-9be1-68f26888166b,97aa3c2a-41e6-4df7-8d1b-4b55270f141a,2016,2016-12-15,5,65,15,false
59f5a62b-bf59-44f7-a6c5-51643443c9e4,97aa3c2a-41e6-4df7-8d1b-4b55270f141a,2017,2017-12-15,3.8,71,14,false
6aae65d4-4114-44f6-8794-08ae032e309d,97aa3c2a-41e6-4df7-8d1b-4b55270f141a,2018,2018-12-15,3.7,99,51,false
d582970d-9c41-4842-9b5d-d81bf42118ca,97aa3c2a-41e6-4df7-8d1b-4b55270f141a,2019,2019-12-15,2.8,65,19,false
90bc64f2-e824-43a6-af99-dcda2c577320,97aa3c2a-41e6-4df7-8d1b-4b55270f141a,2020,2020-12-15,3.5,76,48,false
3fdf9324-e240-49ae-a146-35404ab84e91,97aa3c2a-41e6-4df7-8d1b-4b55270f141a,2021,2021-12-15,4,91,15,false
ad8cea3b-2188-44d1-bacb-0625574ab137,97aa3c2a-41e6-4df7-8d1b-4b55270f141a,2022,2022-12-15,4.5,77,49,true
3f2be058-555c-4a93-ad91-a2f5c41e0afb,97aa3c2a-41e6-4df7-8d1b-4b55270f141a,2023,2023-12-15,3,86,54,false
85409e70-effb-4b72-a176-04589e08a1e5,97aa3c2a-41e6-4df7-8d1b-4b55270f141a,2024,2024-12-15,4.3,87,54,false
f5bef968-1c9c-4365-8792-5f0e31a65f8a,97aa3c2a-41e6-4df7-8d1b-4b55270f141a,2025,2025-12-15,2.2,87,26,false
2f178436-45cb-4d30-8167-06827ca1e311,97aa3c2a-41e6-4df7-8d1b-4b55270f141a,2026,2026-12-15,4.3,71,48,false
513580a1-3cc9-4e2c-8e6d-ec6ed3d764c7,55a83463-a9ca-4df2-ba6c-109647adbc4e,2023,2023-12-15,3.6,85,28,false
d72b664c-def7-4275-a693-cf2f609f2897,55a83463-a9ca-4df2-ba6c-109647adbc4e,2024,2024-12-15,3.8,97,14,false
8c51bcbd-ab99-4e06-aedd-8100b4435c89,55a83463-a9ca-4df2-ba6c-109647adbc4e,2025,2025-12-15,4.2,95,10,false
547a5815-006a-4581-8fc0-2e6e008da0f1,55a83463-a9ca-4df2-ba6c-109647adbc4e,2026,2026-12-15,2.3,92,39,false
1443ac5f-da9a-4139-a44a-dfb2cc694b89,8b0f8226-6bb3-4b2e-b0cf-838f2e123578,2022,2022-12-15,3.7,74,11,false
23a3cee0-1b6e-4946-88fd-3df4217b4706,8b0f8226-6bb3-4b2e-b0cf-838f2e123578,2023,2023-12-15,3.1,92,22,false
c3a0e6a0-e605-4158-a6c3-eb3f55848333,8b0f8226-6bb3-4b2e-b0cf-838f2e123578,2024,2024-12-15,3.8,77,60,false
70ebdead-4aab-4c09-9b23-6c26998217f6,8b0f8226-6bb3-4b2e-b0cf-838f2e123578,2025,2025-12-15,4.2,93,12,false
a3f5acf5-b9a8-4560-b45c-8c5744f6f761,8b0f8226-6bb3-4b2e-b0cf-838f2e123578,2026,2026-12-15,2.1,67,31,false
ff601ea5-7277-4fae-8e1e-5664f541e64a,f02e33b8-8bcb-477e-9a03-3bbd37ef8fdf,2022,2022-12-15,4.1,81,12,false
f5c59fb6-bd0e-4976-84d4-501a5783c7d1,f02e33b8-8bcb-477e-9a03-3bbd37ef8fdf,2023,2023-12-15,4.7,65,60,false
1b3b9044-1b36-4723-aee1-5af653d1db02,f02e33b8-8bcb-477e-9a03-3bbd37ef8fdf,2024,2024-12-15,2.1,79,43,false
f13b4b1f-8799-41ee-94e1-bcb984fe919e,f02e33b8-8bcb-477e-9a03-3bbd37ef8fdf,2025,2025-12-15,2.1,95,56,false
742dd9d0-a029-45e5-9c77-34aef54b9f1b,f02e33b8-8bcb-477e-9a03-3bbd37ef8fdf,2026,2026-12-15,2.8,76,33,false
d9ec8053-7534-4ce6-af05-0e1afe35779e,d7134183-e243-4f4a-af18-c50a3842a7e8,2025,2025-12-15,4.7,93,29,false
1d79481c-3331-4d18-8d58-749f1489d3e8,d7134183-e243-4f4a-af18-c50a3842a7e8,2026,2026-12-15,4,83,11,false
d6c12f89-ce41-415e-895f-d1d891c9bead,a9f566c2-a9a4-4b0e-afb2-4c4125f4ba08,2021,2021-12-15,2.8,73,41,false
42ffe91a-84e0-408e-8869-3c3ff2509571,a9f566c2-a9a4-4b0e-afb2-4c4125f4ba08,2022,2022-12-15,3,80,52,false
aa48b366-876e-4259-ba9b-925cb29b2fb6,a9f566c2-a9a4-4b0e-afb2-4c4125f4ba08,2023,2023-12-15,4.7,76,31,false
f2ce9408-de5e-49d0-aa3f-0598eae6f38e,a9f566c2-a9a4-4b0e-afb2-4c4125f4ba08,2024,2024-12-15,4.7,69,43,false
cbb74794-df96-4d97-b3ef-6a6f81d6037b,a9f566c2-a9a4-4b0e-afb2-4c4125f4ba08,2025,2025-12-15,2,82,51,false
79bf2d34-7b0f-4f49-b542-5a2a396c4784,a9f566c2-a9a4-4b0e-afb2-4c4125f4ba08,2026,2026-12-15,4,69,43,false
460018ba-6fd9-4190-ba5f-16fb650262e7,8d8cb1c6-1f6a-4815-a11d-3baec4df1695,2018,2018-12-15,4.9,73,21,false
d79368d3-4f2a-4048-be43-4f4630d25ecb,8d8cb1c6-1f6a-4815-a11d-3baec4df1695,2019,2019-12-15,3.5,94,30,false
3460055e-1427-4ce6-9ca8-a232796c784b,8d8cb1c6-1f6a-4815-a11d-3baec4df1695,2020,2020-12-15,4.8,82,57,false
4c293079-3aa6-4dc5-a683-03b85d6bc3f1,8d8cb1c6-1f6a-4815-a11d-3baec4df1695,2021,2021-12-15,4.2,71,53,false
d7b01fef-a178-4855-9dc0-38939d16e93d,8d8cb1c6-1f6a-4815-a11d-3baec4df1695,2022,2022-12-15,2.4,60,21,false
0645c3e7-6b5f-4821-8006-2334247b9557,8d8cb1c6-1f6a-4815-a11d-3baec4df1695,2023,2023-12-15,4.8,92,31,false
a020dfa0-73e1-477a-8f7b-9d1827faa143,8d8cb1c6-1f6a-4815-a11d-3baec4df1695,2024,2024-12-15,3.1,64,55,false
feaf2a81-2eef-4d08-89ad-da5021070ae4,8d8cb1c6-1f6a-4815-a11d-3baec4df1695,2025,2025-12-15,2.4,77,33,false
8d0b2c8b-b0dd-49fc-81bc-18e05a80169a,8d8cb1c6-1f6a-4815-a11d-3baec4df1695,2026,2026-12-15,4.4,60,45,false
4603f934-27e7-4dcd-a7a5-ee8d395895c2,dc2f2071-afe8-4f69-9459-a079dd79b881,2023,2023-12-15,3.1,96,27,false
2f941841-783f-41f6-a01f-39417b9c22f9,dc2f2071-afe8-4f69-9459-a079dd79b881,2024,2024-12-15,4.6,84,51,false
c5646073-8ee2-4b5d-9cf2-3c83834d0fc6,dc2f2071-afe8-4f69-9459-a079dd79b881,2025,2025-12-15,4.7,77,30,false
9e8e891b-0286-4e6a-ac56-6c657c1dbe12,dc2f2071-afe8-4f69-9459-a079dd79b881,2026,2026-12-15,2.3,93,36,false
44644e3d-c58e-4f7a-90bf-b0ee88174771,f02d236c-e2a9-46b5-b653-568971ce26f6,2018,2018-12-15,2.2,71,27,false
644b7a8a-bf0f-4871-94d4-bf5c96c9e533,f02d236c-e2a9-46b5-b653-568971ce26f6,2019,2019-12-15,3.2,74,35,false
4c8010e7-244e-4622-a9c1-0bc56bd34432,f02d236c-e2a9-46b5-b653-568971ce26f6,2020,2020-12-15,2.6,86,12,false
c1937cb6-d500-453f-8e75-d20079c6eb1b,f02d236c-e2a9-46b5-b653-568971ce26f6,2021,2021-12-15,2.8,80,38,false
64ffc733-4fe1-47fe-a5f9-d6d07751f9d2,f02d236c-e2a9-46b5-b653-568971ce26f6,2022,2022-12-15,2.2,67,41,false
8927ac15-924f-4ab9-9145-1672e61773be,f02d236c-e2a9-46b5-b653-568971ce26f6,2023,2023-12-15,4.4,80,47,false
312b9e4b-1351-404b-9500-858b9aa8b6ab,f02d236c-e2a9-46b5-b653-568971ce26f6,2024,2024-12-15,4.7,62,34,false
081e9683-2323-4dad-bb1c-2a323a8a3fcc,f02d236c-e2a9-46b5-b653-568971ce26f6,2025,2025-12-15,2.2,99,48,false
5638dde7-f961-4b80-84e7-8bab626d386c,f02d236c-e2a9-46b5-b653-568971ce26f6,2026,2026-12-15,3.8,95,56,false
fefb941e-2406-4095-8655-09194a8da99e,046e35af-6ab1-4222-b895-20ed1a9a0929,2023,2023-12-15,4.6,83,53,true
1c2ed4a3-1fe5-4ab0-a022-77320b36b753,046e35af-6ab1-4222-b895-20ed1a9a0929,2024,2024-12-15,4.6,78,31,false
d4080a19-c390-4071-8315-c5d0e7991c10,046e35af-6ab1-4222-b895-20ed1a9a0929,2025,2025-12-15,3.2,86,11,false
cc3924f0-fe1b-4c72-bdad-856a4b6440e5,046e35af-6ab1-4222-b895-20ed1a9a0929,2026,2026-12-15,2.7,99,17,false
10cf64a6-f5e2-4818-a406-9df5015f2c0d,9131cb47-86da-419b-91f1-52d7a19ba080,2022,2022-12-15,2.8,92,29,false
8b187b8a-1fda-437e-8e3d-c5a5d26503a8,9131cb47-86da-419b-91f1-52d7a19ba080,2023,2023-12-15,4.3,100,34,false
d7859032-22a4-4fff-b55f-ee65841dcdc0,9131cb47-86da-419b-91f1-52d7a19ba080,2024,2024-12-15,3.6,98,10,false
0c59b0ab-82f7-4135-a3ec-a26e1d624882,9131cb47-86da-419b-91f1-52d7a19ba080,2025,2025-12-15,4.3,100,22,false
0996313f-2521-46b0-8a29-f2a361c49298,9131cb47-86da-419b-91f1-52d7a19ba080,2026,2026-12-15,3.5,78,43,false
4b8372c7-4533-417a-828b-48650fef2743,2a6b5956-5714-4011-af94-c006d7ae0691,2026,2026-12-15,2.1,100,49,false
f18ad304-4479-4381-901a-a45424be00b3,447b7c9e-220d-431f-a81e-1c6354ee6230,2025,2025-12-15,3.3,60,16,false
624d5bc7-b019-47d1-9420-6f2843b5fd10,447b7c9e-220d-431f-a81e-1c6354ee6230,2026,2026-12-15,3,93,41,false
7e363656-9e3e-44d1-8097-28ce9fe75576,016f284a-3d20-4647-92ea-b6c3b0bc6b87,2026,2026-12-15,4.6,82,30,false
c0b3a3d4-e268-49a7-bb23-09a2d67359b8,ebab6662-070a-419b-80c3-f194ddd1606d,2024,2024-12-15,3.2,96,10,false
b8d18277-0446-4b4d-ab70-a4b28c3e8bae,ebab6662-070a-419b-80c3-f194ddd1606d,2025,2025-12-15,3.3,84,44,false
6e16da80-38ec-4133-93a3-b37193badbe5,ebab6662-070a-419b-80c3-f194ddd1606d,2026,2026-12-15,4,81,25,false
36b8d94b-c3f3-49bb-bd4a-acb9a2861b9c,7fcedad5-94b0-40a8-8de2-b161e5f4d014,2019,2019-12-15,3.9,61,40,false
c959bb54-d151-424e-8780-7a453c35a15d,7fcedad5-94b0-40a8-8de2-b161e5f4d014,2020,2020-12-15,3.6,68,60,false
1e5d7882-4a19-4dac-91d1-02ad02b0c9d1,7fcedad5-94b0-40a8-8de2-b161e5f4d014,2021,2021-12-15,2.6,85,37,false
a4dd1123-15e1-4e05-9a2f-4e2fedfa989d,7fcedad5-94b0-40a8-8de2-b161e5f4d014,2022,2022-12-15,2.4,65,10,false
d17591bb-d913-410a-b149-c189220a4a5e,7fcedad5-94b0-40a8-8de2-b161e5f4d014,2023,2023-12-15,4.4,93,36,false
f131a0e6-500e-41ca-9903-42defaf4fafa,7fcedad5-94b0-40a8-8de2-b161e5f4d014,2024,2024-12-15,3.3,72,36,false
8a654ebe-2350-439f-8b75-8d77f368bf28,7fcedad5-94b0-40a8-8de2-b161e5f4d014,2025,2025-12-15,4.2,100,55,false
d52e1624-cb37-468c-b77d-4de6a7f82240,7fcedad5-94b0-40a8-8de2-b161e5f4d014,2026,2026-12-15,2.1,89,34,false
1053c8f6-629b-41c9-ba20-370fb226a2cf,503ae7cb-cdd6-4e41-a27a-3107bcb0ae91,2023,2023-12-15,3.1,64,58,false
e305f0a7-ff87-46d9-bd8d-c445461fc832,503ae7cb-cdd6-4e41-a27a-3107bcb0ae91,2024,2024-12-15,2.6,96,46,false
f01a0ca2-c4cd-495b-be62-5ac3bac29f95,503ae7cb-cdd6-4e41-a27a-3107bcb0ae91,2025,2025-12-15,3.1,89,11,false
6984377b-69fe-4b45-8b51-c6d3d8811d08,503ae7cb-cdd6-4e41-a27a-3107bcb0ae91,2026,2026-12-15,2.5,92,30,false
bc6d7f21-e90e-4c08-9294-af7a7d6297a6,0a66f92a-039d-42b4-abef-c527a3f1157c,2016,2016-12-15,3.7,63,52,false
69484efb-02dd-4a00-a30c-86e19b75b617,0a66f92a-039d-42b4-abef-c527a3f1157c,2017,2017-12-15,2.6,74,16,false
16b0e7fa-eca9-4870-9d73-a7c9eabbbf88,0a66f92a-039d-42b4-abef-c527a3f1157c,2018,2018-12-15,4.4,81,56,false
5a9ace6b-f945-43dd-8d07-8323ccfb6e92,0a66f92a-039d-42b4-abef-c527a3f1157c,2019,2019-12-15,3.6,90,41,false
a8043718-3f7d-46c8-acd3-56d5ac060ecb,0a66f92a-039d-42b4-abef-c527a3f1157c,2020,2020-12-15,3.3,96,42,false
b604d9f8-ec85-4fec-9984-65796a0a1b5b,0a66f92a-039d-42b4-abef-c527a3f1157c,2021,2021-12-15,2.8,82,15,false
1e972ab1-5ba4-4f31-9f5f-f7e5ff6b630a,0a66f92a-039d-42b4-abef-c527a3f1157c,2022,2022-12-15,3.5,73,40,false
df783620-7598-4b65-afa4-46a94ab2f5a0,0a66f92a-039d-42b4-abef-c527a3f1157c,2023,2023-12-15,4.2,60,51,false
16386bb9-3df5-4d9e-bd72-c301ab1bf630,0a66f92a-039d-42b4-abef-c527a3f1157c,2024,2024-12-15,3.5,61,17,false
40bc6b4c-2f54-44ea-9136-1490f7ac36b6,0a66f92a-039d-42b4-abef-c527a3f1157c,2025,2025-12-15,3.2,82,45,false
e6efab4d-b63e-40e9-86f4-6d1b64d19ea9,0a66f92a-039d-42b4-abef-c527a3f1157c,2026,2026-12-15,5,82,27,true
861a4a4f-07e8-48e1-b98c-9332eeb58c67,aeef3b46-7c4a-41c2-8655-dacda1d4c92f,2017,2017-12-15,5,93,50,true
d4b8ee2c-8e75-4111-bab7-401e8e36b864,aeef3b46-7c4a-41c2-8655-dacda1d4c92f,2018,2018-12-15,2.5,66,28,false
827c201c-eed2-44cf-8c31-9dd85e4f5708,aeef3b46-7c4a-41c2-8655-dacda1d4c92f,2019,2019-12-15,2.5,93,19,false
fe4e1a20-2875-4fd1-a6c7-435f1bff1db2,aeef3b46-7c4a-41c2-8655-dacda1d4c92f,2020,2020-12-15,4.6,82,41,true
4bf89a57-330b-41ef-bcf8-35cfddb4c961,aeef3b46-7c4a-41c2-8655-dacda1d4c92f,2021,2021-12-15,2.9,82,33,false
6b7a7242-1265-4127-91c5-23263c7159ed,aeef3b46-7c4a-41c2-8655-dacda1d4c92f,2022,2022-12-15,2.4,68,55,false
388e324d-cc69-4b96-9775-c4fda9c4e91f,aeef3b46-7c4a-41c2-8655-dacda1d4c92f,2023,2023-12-15,2.6,70,21,false
c3aba0b4-8120-4f8b-872a-024bcdda6ccf,aeef3b46-7c4a-41c2-8655-dacda1d4c92f,2024,2024-12-15,2.6,88,48,false
54adf270-1d6c-4ed4-990d-8997b622e42b,aeef3b46-7c4a-41c2-8655-dacda1d4c92f,2025,2025-12-15,2.8,94,22,false
4e0cf6fc-73d1-48fc-956c-2317366dcc8f,aeef3b46-7c4a-41c2-8655-dacda1d4c92f,2026,2026-12-15,4.4,78,40,false
d9ed07fe-31f8-45a1-8cfc-d02cd4577d91,74d41aa4-3b21-401c-a924-87fedaacb0a9,2019,2019-12-15,4.9,99,44,false
86aedb9e-72b1-41d3-a81f-616960cf885f,74d41aa4-3b21-401c-a924-87fedaacb0a9,2020,2020-12-15,3.2,78,46,false
a9e40f65-383f-4a43-aea3-6426f7602f24,74d41aa4-3b21-401c-a924-87fedaacb0a9,2021,2021-12-15,4.9,61,29,true
6d585344-4b4e-48ab-b14d-d0ff65d8e2bf,74d41aa4-3b21-401c-a924-87fedaacb0a9,2022,2022-12-15,3,76,15,false
18034b97-634a-4be9-bbbf-f0225664e8f3,74d41aa4-3b21-401c-a924-87fedaacb0a9,2023,2023-12-15,4.1,98,39,false
23b00b53-87ad-4a6c-9c1c-b327fe364c27,74d41aa4-3b21-401c-a924-87fedaacb0a9,2024,2024-12-15,4.2,69,53,false
a8c59872-6cb8-4c4b-8782-ecb619b78f98,74d41aa4-3b21-401c-a924-87fedaacb0a9,2025,2025-12-15,3.4,60,50,false
ec0925d1-6e52-4001-a549-8c1e44ef761b,74d41aa4-3b21-401c-a924-87fedaacb0a9,2026,2026-12-15,2.3,62,26,false
88fd49a3-4111-49d3-8c54-c6b6ddb9e0ea,3414631f-ae1b-49cc-afab-39b96b9779ab,2023,2023-12-15,3.5,71,34,false
7009bfda-25fe-42b2-a1fc-a732cf6832e9,3414631f-ae1b-49cc-afab-39b96b9779ab,2024,2024-12-15,2.5,96,60,false
b7852a59-07ff-4cbc-b685-144392dd500c,3414631f-ae1b-49cc-afab-39b96b9779ab,2025,2025-12-15,4.6,99,49,true
23a35b07-05ab-4f31-8462-811f0f2ee113,3414631f-ae1b-49cc-afab-39b96b9779ab,2026,2026-12-15,3.2,81,59,false
b1d6749f-b34d-4343-9963-ce92b3166b96,58ce0f3c-6201-4a45-b875-e5eff56a6ade,2016,2016-12-15,2.4,92,15,false
5a40ef46-7ec8-40db-aa13-f1f3b66e53d3,58ce0f3c-6201-4a45-b875-e5eff56a6ade,2017,2017-12-15,2.6,70,37,false
c4b7ca63-100b-4def-ad15-c09c769bb8f2,58ce0f3c-6201-4a45-b875-e5eff56a6ade,2018,2018-12-15,2.4,61,32,false
1065047a-20c0-4c55-84ae-8440e55c61f1,58ce0f3c-6201-4a45-b875-e5eff56a6ade,2019,2019-12-15,4.9,65,42,true
f310cddd-03d3-4f64-aaf0-2a9117c4c287,58ce0f3c-6201-4a45-b875-e5eff56a6ade,2020,2020-12-15,2.2,98,57,false
8c75a99c-e0da-4045-a94d-3090b9053881,58ce0f3c-6201-4a45-b875-e5eff56a6ade,2021,2021-12-15,4.5,63,24,false
32ee82b1-e5b9-47f7-92e7-fc674833ed93,58ce0f3c-6201-4a45-b875-e5eff56a6ade,2022,2022-12-15,4.7,80,14,true
696df080-2ffe-486a-ad4c-fa7e9e9a05ff,58ce0f3c-6201-4a45-b875-e5eff56a6ade,2023,2023-12-15,2.4,64,56,false
f8688096-72c3-45e1-b76f-0beb1ab2fc76,58ce0f3c-6201-4a45-b875-e5eff56a6ade,2024,2024-12-15,3.3,70,41,false
1213438b-d2ee-48fe-97d7-eabed519d644,58ce0f3c-6201-4a45-b875-e5eff56a6ade,2025,2025-12-15,2.7,69,22,false
9546c8cd-a6bc-4e30-b881-3325d3d25bed,58ce0f3c-6201-4a45-b875-e5eff56a6ade,2026,2026-12-15,2.9,66,31,false
82d91889-b89e-43e3-8c4d-d47f7c94f180,0f979152-581c-4fd6-be6d-42353b9c85f6,2024,2024-12-15,4.3,96,55,false
a97db04b-15de-4214-974a-d8cf6e6df6d2,0f979152-581c-4fd6-be6d-42353b9c85f6,2025,2025-12-15,3.7,88,17,false
78211c68-3ab7-4f94-b94a-185bba2937a7,0f979152-581c-4fd6-be6d-42353b9c85f6,2026,2026-12-15,4.1,87,45,false
33d7b36f-bf20-41d9-955e-fa9c8826b91e,8407ad97-7a16-4a8d-87af-4071369e1796,2021,2021-12-15,4.4,88,30,false
537705d6-c236-441f-bd35-b4b590c69047,8407ad97-7a16-4a8d-87af-4071369e1796,2022,2022-12-15,2.4,68,44,false
0dc4170c-0234-49f0-b18c-d879dcae2627,8407ad97-7a16-4a8d-87af-4071369e1796,2023,2023-12-15,4.9,94,53,false
e4581a35-6ebe-4dc0-8d02-d4e791930dcf,8407ad97-7a16-4a8d-87af-4071369e1796,2024,2024-12-15,4,98,47,false
080fe689-34dc-458b-8d62-f9d20684aad9,8407ad97-7a16-4a8d-87af-4071369e1796,2025,2025-12-15,2.8,60,45,false
ba3dc839-e404-4900-9d33-e20618231e51,8407ad97-7a16-4a8d-87af-4071369e1796,2026,2026-12-15,2.4,91,59,false
6a89112b-1ed1-41f8-a0a9-039c7b85e393,79e1dc34-5e53-496b-9f4f-29f75c9e0a43,2019,2019-12-15,3.1,71,25,false
29351632-4998-4d53-a3d5-6294f77246a7,79e1dc34-5e53-496b-9f4f-29f75c9e0a43,2020,2020-12-15,3.2,81,30,false
1a8c240f-5a00-4d33-a87e-0ddaf7eeeb2f,79e1dc34-5e53-496b-9f4f-29f75c9e0a43,2021,2021-12-15,3.3,86,15,false
a6398491-4d1b-4f12-bf87-252a8285c9e1,79e1dc34-5e53-496b-9f4f-29f75c9e0a43,2022,2022-12-15,3.5,71,43,false
fe357884-7e3e-4a66-b7d0-aea1ac2c5bac,79e1dc34-5e53-496b-9f4f-29f75c9e0a43,2023,2023-12-15,3.8,69,11,false
cc059986-628a-4372-8ddc-64de165583e4,79e1dc34-5e53-496b-9f4f-29f75c9e0a43,2024,2024-12-15,4.8,98,54,false
d039d58b-ea61-4a4a-b751-f6a9f2e70610,79e1dc34-5e53-496b-9f4f-29f75c9e0a43,2025,2025-12-15,4.7,68,18,false
346648d0-74f8-449c-bcbb-064a323785ee,79e1dc34-5e53-496b-9f4f-29f75c9e0a43,2026,2026-12-15,3.4,89,58,false
d32ab2fe-ae00-419c-8671-3c1fc9af1540,8808d0d9-7b90-4482-8b99-e50164b8f1ca,2018,2018-12-15,2.2,85,35,false
54934e5f-e0ca-426b-b571-d6214fdc52e5,8808d0d9-7b90-4482-8b99-e50164b8f1ca,2019,2019-12-15,2.4,92,20,false
14e3d620-69cc-4854-8cb6-45eaa8faa933,8808d0d9-7b90-4482-8b99-e50164b8f1ca,2020,2020-12-15,2.6,99,25,false
1f960070-ba94-4216-9e05-99c58693a442,8808d0d9-7b90-4482-8b99-e50164b8f1ca,2021,2021-12-15,4.5,80,33,false
12d9bfdf-dc2e-4c5a-a427-1d313ca1dd19,8808d0d9-7b90-4482-8b99-e50164b8f1ca,2022,2022-12-15,2.7,66,60,false
4acd85fa-4422-4e24-833f-28a3d0c3795e,8808d0d9-7b90-4482-8b99-e50164b8f1ca,2023,2023-12-15,3.2,98,48,false
44387e93-a4e3-410c-9b4e-9a16423aad7c,8808d0d9-7b90-4482-8b99-e50164b8f1ca,2024,2024-12-15,3.6,63,27,false
93301570-c234-4377-ab1f-e6a08c0f03d2,8808d0d9-7b90-4482-8b99-e50164b8f1ca,2025,2025-12-15,3.8,72,23,false
a8716274-e0d4-4901-af67-018c34dfac7b,8808d0d9-7b90-4482-8b99-e50164b8f1ca,2026,2026-12-15,3.4,74,46,false
a8903598-2b67-402c-8865-351bba300df2,a24f9987-1898-49ad-af10-29a8f40a92be,2022,2022-12-15,4,85,21,false
5ce00d0d-3936-4424-9de9-cf7fcfaa3ffc,a24f9987-1898-49ad-af10-29a8f40a92be,2023,2023-12-15,4.8,60,19,true
f8fb8240-af9c-42b7-b223-f9dde189ceec,a24f9987-1898-49ad-af10-29a8f40a92be,2024,2024-12-15,3.9,65,38,false
b8228f85-0730-47df-9d96-8fc12bb1c58a,a24f9987-1898-49ad-af10-29a8f40a92be,2025,2025-12-15,3.8,100,23,false
e70f4922-9760-4823-9d4c-4cc43c218c99,a24f9987-1898-49ad-af10-29a8f40a92be,2026,2026-12-15,2.3,63,22,false
de787ed3-9e49-498f-939a-33031ee48376,1cf45958-68fd-4f04-8f79-b0756ad19915,2016,2016-12-15,2.3,90,29,false
44919058-ada2-4d47-b148-7825e9541269,1cf45958-68fd-4f04-8f79-b0756ad19915,2017,2017-12-15,4.5,85,13,true
1a3ded02-6d0d-4a88-afec-7c834e6fc0b7,1cf45958-68fd-4f04-8f79-b0756ad19915,2018,2018-12-15,4.9,81,26,false
7bc65286-515f-466d-978f-edd54e758191,1cf45958-68fd-4f04-8f79-b0756ad19915,2019,2019-12-15,4.2,76,10,false
8bd5ef42-0495-46e0-9bc4-d4387f51cfa1,1cf45958-68fd-4f04-8f79-b0756ad19915,2020,2020-12-15,3.7,71,37,false
aa9233a8-b45f-447f-a25d-7ed8fba378e6,1cf45958-68fd-4f04-8f79-b0756ad19915,2021,2021-12-15,2.7,64,10,false
ad902fc5-66ae-44a3-bea0-a4c5ae41511a,1cf45958-68fd-4f04-8f79-b0756ad19915,2022,2022-12-15,3.7,81,50,false
45e3caac-8594-48aa-94fc-4f5a65216fd0,1cf45958-68fd-4f04-8f79-b0756ad19915,2023,2023-12-15,3,87,49,false
d396088e-75df-4543-8011-a34333928f8a,1cf45958-68fd-4f04-8f79-b0756ad19915,2024,2024-12-15,3.6,89,25,false
48cf1921-d81b-4bd7-9392-a6a3e91937b0,1cf45958-68fd-4f04-8f79-b0756ad19915,2025,2025-12-15,3.8,98,36,false
b4021ae3-ded5-423d-bb3d-e16f60c68d91,1cf45958-68fd-4f04-8f79-b0756ad19915,2026,2026-12-15,3.9,94,35,false
18276380-bde4-4a33-8e08-b271304be521,0d05e1f9-c392-4164-8b03-1eebf9d8713c,2019,2019-12-15,4.1,68,17,false
3f8b829a-84c2-41fc-b42a-cc64afdb2869,0d05e1f9-c392-4164-8b03-1eebf9d8713c,2020,2020-12-15,4,98,39,false
bc44c5f4-1d04-42a2-86c3-9be79d0cbfee,0d05e1f9-c392-4164-8b03-1eebf9d8713c,2021,2021-12-15,4.4,64,55,false
cee97420-80fa-4251-9c49-8cc6b43ab8b4,0d05e1f9-c392-4164-8b03-1eebf9d8713c,2022,2022-12-15,3.5,86,17,false
51749518-c21d-48b3-bb74-2dc47f857e35,0d05e1f9-c392-4164-8b03-1eebf9d8713c,2023,2023-12-15,2.2,69,46,false
3a0d2749-f49f-4411-bdcf-cd20f61fa8c2,0d05e1f9-c392-4164-8b03-1eebf9d8713c,2024,2024-12-15,3,85,12,false
7dad9aad-6102-4647-b7b1-cf62f04e4c0a,0d05e1f9-c392-4164-8b03-1eebf9d8713c,2025,2025-12-15,3.4,73,59,false
928003ee-907b-4ea9-959b-8df363682a2c,0d05e1f9-c392-4164-8b03-1eebf9d8713c,2026,2026-12-15,4.2,67,33,false
4185e351-caba-4898-bade-e119988cf5d8,c14d22eb-8000-4ea6-8b9a-f6b553849931,2017,2017-12-15,3.8,78,24,false
13685394-0e40-4458-ad75-fa92586494b2,c14d22eb-8000-4ea6-8b9a-f6b553849931,2018,2018-12-15,3.2,65,59,false
4ea5dde4-a1cc-4859-bd69-a2c25f0765fe,c14d22eb-8000-4ea6-8b9a-f6b553849931,2019,2019-12-15,3,62,18,false
72466e5b-a73f-4a41-bce1-57756d8a2c1c,c14d22eb-8000-4ea6-8b9a-f6b553849931,2020,2020-12-15,2,89,55,false
7d8225b0-a468-4cb7-adfa-3f937c71c842,c14d22eb-8000-4ea6-8b9a-f6b553849931,2021,2021-12-15,2.9,64,12,false
a28b639f-855e-4265-8f6d-868247169133,c14d22eb-8000-4ea6-8b9a-f6b553849931,2022,2022-12-15,4.5,85,29,true
674891e9-fa64-4afb-8407-4c43c1c677e0,c14d22eb-8000-4ea6-8b9a-f6b553849931,2023,2023-12-15,3.6,76,28,false
e446e2c8-6cb9-443f-9cdc-9b6ea00dac2b,c14d22eb-8000-4ea6-8b9a-f6b553849931,2024,2024-12-15,4.7,84,41,false
2c7f4d63-658d-4c3d-ac88-7e7c41e4df66,c14d22eb-8000-4ea6-8b9a-f6b553849931,2025,2025-12-15,4.2,97,37,false
8687b2c7-0517-4c52-8b75-bfe8fa505e27,c14d22eb-8000-4ea6-8b9a-f6b553849931,2026,2026-12-15,3.1,69,39,false
f6ef59eb-8efc-4d21-a9bf-7eda8bdce717,f414b8c5-935d-4617-9c96-beaf04dad2ac,2024,2024-12-15,4.2,79,10,false
29353be4-3c3c-4641-91ff-b2e99ad106c4,f414b8c5-935d-4617-9c96-beaf04dad2ac,2025,2025-12-15,2.9,94,58,false
d27490d1-e5be-4134-bec9-d785138e6020,f414b8c5-935d-4617-9c96-beaf04dad2ac,2026,2026-12-15,2.6,91,31,false
e0ea2223-f30b-46fe-b272-adca32bb92c1,5fb10d36-f557-4dde-a1d2-0080bfa17fb4,2018,2018-12-15,3.6,98,13,false
8cffbaa4-ecbf-464c-bbc6-ff88e02034c7,5fb10d36-f557-4dde-a1d2-0080bfa17fb4,2019,2019-12-15,3.9,73,39,false
a2f4ce53-ceb4-4095-83c3-ff1433d47272,5fb10d36-f557-4dde-a1d2-0080bfa17fb4,2020,2020-12-15,4.8,65,26,false
d669831c-9f14-4283-8846-c2f7674c3127,5fb10d36-f557-4dde-a1d2-0080bfa17fb4,2021,2021-12-15,3.3,71,25,false
f89d291f-ad26-4a6b-8010-dd704aa41f92,5fb10d36-f557-4dde-a1d2-0080bfa17fb4,2022,2022-12-15,4.2,67,14,false
1f987ad8-0fd7-4184-a559-cb4a707677b4,5fb10d36-f557-4dde-a1d2-0080bfa17fb4,2023,2023-12-15,4.9,62,46,true
689f5e90-df71-45d2-ad97-055f25dd16af,5fb10d36-f557-4dde-a1d2-0080bfa17fb4,2024,2024-12-15,4.3,86,56,false
251a296d-a98b-4329-b808-a46f992ae423,5fb10d36-f557-4dde-a1d2-0080bfa17fb4,2025,2025-12-15,4.6,71,34,false
ed61dc04-442b-4373-b902-5955e688b9ba,5fb10d36-f557-4dde-a1d2-0080bfa17fb4,2026,2026-12-15,3.6,82,36,false
b4059755-88ad-44d2-a50f-04b238a3c29e,0109d323-4161-4e28-bf83-7c563194813e,2023,2023-12-15,2.4,87,29,false
06b3be34-6ea6-4d8c-93f7-46b3e8b7521c,0109d323-4161-4e28-bf83-7c563194813e,2024,2024-12-15,4.4,94,48,false
e2e6075b-5d0a-438c-a177-0c3a542dedd6,0109d323-4161-4e28-bf83-7c563194813e,2025,2025-12-15,4,87,21,false
4d7f76b7-5323-47f2-bf15-7be2b815e668,0109d323-4161-4e28-bf83-7c563194813e,2026,2026-12-15,4.9,66,49,false
cc6af895-d825-4da5-a4a3-60069667c8d0,59216969-7653-4665-9dd5-6e3a57979169,2019,2019-12-15,5,95,25,true
32a42db8-a67c-4a18-a24c-fbd7dc7f7fd7,59216969-7653-4665-9dd5-6e3a57979169,2020,2020-12-15,3.6,74,27,false
c91700f6-9e3a-4a79-99b2-1669214c804b,59216969-7653-4665-9dd5-6e3a57979169,2021,2021-12-15,4.8,70,13,true
bbc369c4-49ab-4838-afd8-c8257c10a140,59216969-7653-4665-9dd5-6e3a57979169,2022,2022-12-15,3.9,84,54,false
9f03374f-7960-4b5c-b2e5-02c07a5e819d,59216969-7653-4665-9dd5-6e3a57979169,2023,2023-12-15,2.5,60,49,false
624c9f0c-3e16-4f55-92cb-8fb5cafb6bbb,59216969-7653-4665-9dd5-6e3a57979169,2024,2024-12-15,3.9,81,19,false
d112e8fc-da3d-4688-aca1-6c9fd2e43333,59216969-7653-4665-9dd5-6e3a57979169,2025,2025-12-15,2.1,66,10,false
87cf58a0-5e3b-42da-8866-261d1428d82b,59216969-7653-4665-9dd5-6e3a57979169,2026,2026-12-15,2.1,78,59,false
34f11282-2718-49a3-a87d-88f8af827bf5,dda36fe2-c32a-4cc2-89e6-a41fd9ac199c,2023,2023-12-15,2.2,60,60,false
979203ec-1ce1-415e-9df3-489273bdfbd0,dda36fe2-c32a-4cc2-89e6-a41fd9ac199c,2024,2024-12-15,2.3,67,11,false
57dc6a24-7510-4ad4-bf69-7e0783ed6718,dda36fe2-c32a-4cc2-89e6-a41fd9ac199c,2025,2025-12-15,4.8,83,18,false
9974119e-b391-4ca3-928c-048c7498883f,dda36fe2-c32a-4cc2-89e6-a41fd9ac199c,2026,2026-12-15,2.1,92,17,false
81b5a3a6-e40e-4ed2-9b8a-4a2eb9cb275f,6ee03486-2af8-4fbf-98ab-16affaa26892,2023,2023-12-15,3.9,84,21,false
2219877d-d017-4673-b881-e17cf9013466,6ee03486-2af8-4fbf-98ab-16affaa26892,2024,2024-12-15,2.2,65,32,false
4c3cbf41-bd6d-408f-a422-aa747bf8bbfb,6ee03486-2af8-4fbf-98ab-16affaa26892,2025,2025-12-15,3.7,72,48,false
3c1c0d04-c589-4204-94b4-ca13c43f26a9,6ee03486-2af8-4fbf-98ab-16affaa26892,2026,2026-12-15,2.1,88,52,false
a03749ba-4881-44ca-84c7-3a447b0d4c80,7d7f1c90-59d0-4f5c-b861-463d64ae44d4,2023,2023-12-15,4.6,84,43,true
a0e5ada1-9516-4dbb-adde-cc56d7808f33,7d7f1c90-59d0-4f5c-b861-463d64ae44d4,2024,2024-12-15,4.4,76,35,false
5572f09b-d443-47d2-91ac-433d6a9ee1fb,7d7f1c90-59d0-4f5c-b861-463d64ae44d4,2025,2025-12-15,4.3,80,51,false
9fa4bc78-8435-4160-98cd-052aac8d1bbe,7d7f1c90-59d0-4f5c-b861-463d64ae44d4,2026,2026-12-15,4.3,85,42,false
868b7e68-1464-4a72-8f51-e7fa5165444c,f35713e7-6b72-4672-afa6-7e7266e0b9f2,2023,2023-12-15,4.1,76,42,false
377effca-81cd-4dd4-b2b2-d55a6c1b3bb7,f35713e7-6b72-4672-afa6-7e7266e0b9f2,2024,2024-12-15,3.7,90,27,false
0d03c1ab-cbd4-4bc2-92f5-07ca3f1f0f90,f35713e7-6b72-4672-afa6-7e7266e0b9f2,2025,2025-12-15,2.4,69,10,false
a7bd72c6-13fa-46d0-bc48-38d2559c4c50,f35713e7-6b72-4672-afa6-7e7266e0b9f2,2026,2026-12-15,2.3,96,57,false
4e2ccb6f-3856-4631-b735-04d092f57f33,55162126-9506-490e-94cb-3287f4a3d450,2025,2025-12-15,2.9,97,39,false
8425d585-d5ac-4f49-b2fb-04a0ed6ac213,55162126-9506-490e-94cb-3287f4a3d450,2026,2026-12-15,4.6,66,57,false
b60abed1-834b-4672-b532-e11130a18657,87c433b2-be5d-4884-ba5b-ca1d22f62d29,2017,2017-12-15,4.8,64,47,true
372605b9-cb62-4fbf-b08e-857cdb8f4144,87c433b2-be5d-4884-ba5b-ca1d22f62d29,2018,2018-12-15,3.9,74,17,false
ae4140bf-122d-43e3-bf55-561193943a72,87c433b2-be5d-4884-ba5b-ca1d22f62d29,2019,2019-12-15,2.9,66,33,false
cf1da5e0-c677-452d-b404-d6924a501178,87c433b2-be5d-4884-ba5b-ca1d22f62d29,2020,2020-12-15,3.4,87,55,false
e46b6adb-b0b7-43fe-95e4-7f62dfb0d7db,87c433b2-be5d-4884-ba5b-ca1d22f62d29,2021,2021-12-15,2.1,69,50,false
5f0948d0-d000-41f7-9888-6330abe0c250,87c433b2-be5d-4884-ba5b-ca1d22f62d29,2022,2022-12-15,5,85,27,false
bfafacdc-e88e-4ea4-9b43-459bf4a7c27c,87c433b2-be5d-4884-ba5b-ca1d22f62d29,2023,2023-12-15,3.1,88,45,false
3fbaba27-72e2-4344-b7b6-f9568cc7999b,87c433b2-be5d-4884-ba5b-ca1d22f62d29,2024,2024-12-15,2.8,82,29,false
26b0923d-592b-4c9f-a9a7-26ab83a20631,87c433b2-be5d-4884-ba5b-ca1d22f62d29,2025,2025-12-15,3.9,78,23,false
b85c2dbf-2e7e-44ab-b301-f7225083623d,87c433b2-be5d-4884-ba5b-ca1d22f62d29,2026,2026-12-15,4,94,49,false
886ee3d8-9041-4bdb-aa52-9449e5674958,16be0ce7-92a6-44c9-abf8-69e090239e1c,2017,2017-12-15,4.8,65,31,false
73392aa4-cb8a-45ab-b694-51a704288944,16be0ce7-92a6-44c9-abf8-69e090239e1c,2018,2018-12-15,4.9,87,11,true
ab0bd5a0-0494-433c-be41-7bb395dbc9e7,16be0ce7-92a6-44c9-abf8-69e090239e1c,2019,2019-12-15,2.7,93,17,false
347731d0-48be-4c9a-98ff-0877a0a6391f,16be0ce7-92a6-44c9-abf8-69e090239e1c,2020,2020-12-15,4,88,17,false
08306a82-756c-4348-b436-549ab5779a03,16be0ce7-92a6-44c9-abf8-69e090239e1c,2021,2021-12-15,2.3,84,32,false
b83f87e4-e806-4605-b5c0-53e2bf44c6d2,16be0ce7-92a6-44c9-abf8-69e090239e1c,2022,2022-12-15,3.7,88,47,false
e837505b-5a2c-4c9b-bea5-5405b089c73f,16be0ce7-92a6-44c9-abf8-69e090239e1c,2023,2023-12-15,4.3,73,54,false
6d22c391-98bd-4471-acb2-31f031288f35,16be0ce7-92a6-44c9-abf8-69e090239e1c,2024,2024-12-15,4,93,56,false
d65fd1a5-917d-4324-a9ba-8c75d7085869,16be0ce7-92a6-44c9-abf8-69e090239e1c,2025,2025-12-15,3.9,69,10,false
bcb1eafa-1ea2-43f3-8c13-60f30050e312,16be0ce7-92a6-44c9-abf8-69e090239e1c,2026,2026-12-15,2.4,61,39,false
9b197992-707f-47a7-8282-9cdb1a61d7a2,d9884cf9-07aa-47b6-8cb4-bec397be7d49,2024,2024-12-15,3.3,76,50,false
7521649c-2867-4a61-9f43-8148fea0ad5b,d9884cf9-07aa-47b6-8cb4-bec397be7d49,2025,2025-12-15,2.2,62,10,false
aff33020-4e3b-4343-a433-1cbda9a14f88,d9884cf9-07aa-47b6-8cb4-bec397be7d49,2026,2026-12-15,2.5,91,53,false
8892bb35-5625-4eda-8a28-9fe3795d6012,2e80c806-da33-43ff-bdf8-c4f43f30b9ad,2018,2018-12-15,3.5,83,28,false
dc239f72-5dc3-4041-ac21-a8a2dd9b4a52,2e80c806-da33-43ff-bdf8-c4f43f30b9ad,2019,2019-12-15,4,89,17,false
f1a2a78a-f44d-4513-b7ad-cd8bf9b66a2a,2e80c806-da33-43ff-bdf8-c4f43f30b9ad,2020,2020-12-15,3.5,68,58,false
2bd5072f-d9af-4377-949b-faddb549bde2,2e80c806-da33-43ff-bdf8-c4f43f30b9ad,2021,2021-12-15,4.8,69,17,true
5e44f9d4-477d-42d7-a7b5-e16948e8d71b,2e80c806-da33-43ff-bdf8-c4f43f30b9ad,2022,2022-12-15,4.7,81,44,false
45e43e33-e968-490c-b96c-961c9edbd21e,2e80c806-da33-43ff-bdf8-c4f43f30b9ad,2023,2023-12-15,3.4,64,50,false
f220e1cc-8fd8-432f-9aa5-ff1baf3fc9ce,2e80c806-da33-43ff-bdf8-c4f43f30b9ad,2024,2024-12-15,2.7,95,10,false
180c5e65-d034-4d96-b886-3e6cae178581,2e80c806-da33-43ff-bdf8-c4f43f30b9ad,2025,2025-12-15,2.1,90,36,false
667015f8-2503-4eb4-b40e-1048ae162e54,2e80c806-da33-43ff-bdf8-c4f43f30b9ad,2026,2026-12-15,2.4,70,11,false
1470618d-8747-4e79-a747-ffa903542b23,589e3d5b-f608-44f8-aa82-0c9c2238abb5,2023,2023-12-15,4.7,79,42,false
c88963ee-34c1-4340-8664-9c1393bde3ac,589e3d5b-f608-44f8-aa82-0c9c2238abb5,2024,2024-12-15,3.5,83,60,false
31d0fa58-441b-4891-b463-fbb40f69e356,589e3d5b-f608-44f8-aa82-0c9c2238abb5,2025,2025-12-15,4.6,90,20,true
5c84d21e-be8e-439d-b96b-05bc19671a1d,589e3d5b-f608-44f8-aa82-0c9c2238abb5,2026,2026-12-15,4.7,80,43,false
5e60a945-a71a-4d74-bd2d-bd9e0b7e5df4,c00d5da4-bc6b-47cd-b7d9-69cccf1dc78b,2019,2019-12-15,2.7,69,49,false
4e08ce6e-bd27-4ded-80c7-66093a45844a,c00d5da4-bc6b-47cd-b7d9-69cccf1dc78b,2020,2020-12-15,3.2,72,43,false
0d8bb62b-04a5-4432-b734-34c26657912b,c00d5da4-bc6b-47cd-b7d9-69cccf1dc78b,2021,2021-12-15,2.7,87,11,false
791c6bdb-00f4-4c2d-8327-d7e550c823a3,c00d5da4-bc6b-47cd-b7d9-69cccf1dc78b,2022,2022-12-15,4,75,19,false
58f54499-e034-4df0-9b7a-94b21808806e,c00d5da4-bc6b-47cd-b7d9-69cccf1dc78b,2023,2023-12-15,3,66,27,false
3baeba38-9e15-4ba2-ac2a-deda320d1291,c00d5da4-bc6b-47cd-b7d9-69cccf1dc78b,2024,2024-12-15,3.8,84,38,false
3531f09e-98c5-4d24-8c66-5c9cf5099aff,c00d5da4-bc6b-47cd-b7d9-69cccf1dc78b,2025,2025-12-15,2.8,61,32,false
4760f981-43c7-4567-98e2-0c034d0ddb01,c00d5da4-bc6b-47cd-b7d9-69cccf1dc78b,2026,2026-12-15,3.9,77,30,false
f3e3f101-6552-4bbe-8cd4-ac7f662ed378,97abfefc-be61-4a18-8f02-9808dadf85a1,2020,2020-12-15,2.2,95,46,false
dcb8bf59-0038-4403-94c6-e0041b1d5879,97abfefc-be61-4a18-8f02-9808dadf85a1,2021,2021-12-15,4,84,60,false
41d4096f-482a-45fd-9ea4-d47826ecd7b1,97abfefc-be61-4a18-8f02-9808dadf85a1,2022,2022-12-15,2.5,72,60,false
978211af-b19c-49c0-828b-af3d68275b3e,97abfefc-be61-4a18-8f02-9808dadf85a1,2023,2023-12-15,3.7,71,58,false
5f0ca8dc-9b82-4684-9753-766b78b61196,97abfefc-be61-4a18-8f02-9808dadf85a1,2024,2024-12-15,2.2,75,11,false
7597e975-d4c1-4cf6-99d6-8ae9373de788,97abfefc-be61-4a18-8f02-9808dadf85a1,2025,2025-12-15,4.2,90,40,false
764aa57b-aea1-4aec-9596-f79beb1eae71,97abfefc-be61-4a18-8f02-9808dadf85a1,2026,2026-12-15,3.3,78,50,false
d0807925-94c6-46f4-a73f-6dba7c7dc0c5,3ea381de-26bc-44e5-a2bc-980fa5d8d0e9,2017,2017-12-15,3.6,88,60,false
52f45f54-1838-4fcb-8cd7-f95ced82a57c,3ea381de-26bc-44e5-a2bc-980fa5d8d0e9,2018,2018-12-15,4.4,67,16,false
a5b3695a-32a9-49b5-b108-869aac5aa555,3ea381de-26bc-44e5-a2bc-980fa5d8d0e9,2019,2019-12-15,3.8,91,30,false
ef1430f6-3a1b-4967-b031-2c9b29d9036d,3ea381de-26bc-44e5-a2bc-980fa5d8d0e9,2020,2020-12-15,4.9,88,32,false
96ac439b-6643-4d9c-90f6-b758fe5ad06f,3ea381de-26bc-44e5-a2bc-980fa5d8d0e9,2021,2021-12-15,3.8,69,15,false
380d1393-a7bf-4d1d-8c83-5f7cfc75abf6,3ea381de-26bc-44e5-a2bc-980fa5d8d0e9,2022,2022-12-15,3,94,41,false
0cbc9280-d8d1-4893-ba4d-830d748467c6,3ea381de-26bc-44e5-a2bc-980fa5d8d0e9,2023,2023-12-15,4.5,71,33,true
4ff219fd-f8bd-4984-b39d-a0337f4140e4,3ea381de-26bc-44e5-a2bc-980fa5d8d0e9,2024,2024-12-15,3.1,86,16,false
f37db9a7-493a-40d3-87a3-5b7e32c19da5,3ea381de-26bc-44e5-a2bc-980fa5d8d0e9,2025,2025-12-15,3.1,71,22,false
732816a0-4e9d-463b-9fa6-b87f368de47f,3ea381de-26bc-44e5-a2bc-980fa5d8d0e9,2026,2026-12-15,2.6,95,19,false
db859224-ca35-4862-848f-e9a28e055af7,ddaa2e49-da63-4c05-88b5-f27cebbc40a6,2021,2021-12-15,2.3,67,41,false
151ef050-ce56-424d-9c05-55f0604d2d45,ddaa2e49-da63-4c05-88b5-f27cebbc40a6,2022,2022-12-15,3.9,70,40,false
480a9125-2928-45b9-8edf-d24eceed6e2b,ddaa2e49-da63-4c05-88b5-f27cebbc40a6,2023,2023-12-15,2.6,81,60,false
d438d611-bd04-47da-a459-a510aec04359,ddaa2e49-da63-4c05-88b5-f27cebbc40a6,2024,2024-12-15,2.5,96,35,false
60ca4762-d141-4496-91b8-0896a345b469,ddaa2e49-da63-4c05-88b5-f27cebbc40a6,2025,2025-12-15,3.1,81,34,false
06fc1125-2452-487d-9b20-d7d536b275fe,ddaa2e49-da63-4c05-88b5-f27cebbc40a6,2026,2026-12-15,2,68,47,false
6963c2ec-c3e6-4894-98cd-6cd6321d5d62,70112751-bcfc-463c-a5b5-29f52ebe9011,2019,2019-12-15,4.1,66,49,false
e11e6164-296f-4b0d-9b76-b421012159fc,70112751-bcfc-463c-a5b5-29f52ebe9011,2020,2020-12-15,5,81,44,false
b9a35908-3520-4c98-ae76-a4e44fe110ad,70112751-bcfc-463c-a5b5-29f52ebe9011,2021,2021-12-15,3.6,98,31,false
7de3daa0-f85b-41fc-98c1-d9da7f5fe247,70112751-bcfc-463c-a5b5-29f52ebe9011,2022,2022-12-15,2.6,88,37,false
150ddd9d-652a-4e16-b583-ab400b46f31b,70112751-bcfc-463c-a5b5-29f52ebe9011,2023,2023-12-15,2.6,79,31,false
b93c54ad-61c4-4558-8c74-b630644c2182,70112751-bcfc-463c-a5b5-29f52ebe9011,2024,2024-12-15,4.2,94,40,false
cd6dbb14-fba1-4d47-84c2-2d672076a88e,70112751-bcfc-463c-a5b5-29f52ebe9011,2025,2025-12-15,4.7,88,14,false
3aaa7c40-5bf9-4bf8-96eb-192dac18a5d5,70112751-bcfc-463c-a5b5-29f52ebe9011,2026,2026-12-15,4.7,74,18,false
03c55aec-7770-4778-9fc7-d9d525f4f61f,0257d09f-3104-4f33-9d2a-fabf02ff775a,2022,2022-12-15,4.8,98,25,true
8681b83f-8d05-465a-8231-0723c1ae5a7e,0257d09f-3104-4f33-9d2a-fabf02ff775a,2023,2023-12-15,2.4,72,43,false
103880a0-cf9b-4ed7-b541-3774a3b599c6,0257d09f-3104-4f33-9d2a-fabf02ff775a,2024,2024-12-15,2.6,70,17,false
9cbfc84d-fcba-4f4d-9eda-474e4dd39220,0257d09f-3104-4f33-9d2a-fabf02ff775a,2025,2025-12-15,3.4,82,10,false
573500fd-423f-4f9a-b5d2-f2b2b6f5c525,0257d09f-3104-4f33-9d2a-fabf02ff775a,2026,2026-12-15,4,79,52,false
76475bd7-80f9-4849-9818-0022d2d83186,037d99b9-d6ed-48d8-84f3-d574cb4181cd,2025,2025-12-15,2.7,95,12,false
dc778f79-a4b0-4e95-9641-e9f5927c4e50,037d99b9-d6ed-48d8-84f3-d574cb4181cd,2026,2026-12-15,2,73,56,false
f3225467-1abf-495b-aa79-d745c4ec5668,69b97502-74b9-4a32-9d20-bef5da97a0f5,2019,2019-12-15,3.7,96,21,false
b68a2dfe-ff75-4bea-a5c9-af8abb3888be,69b97502-74b9-4a32-9d20-bef5da97a0f5,2020,2020-12-15,5,94,51,true
99274ad4-9127-4fe9-8851-1b6018f92a2b,69b97502-74b9-4a32-9d20-bef5da97a0f5,2021,2021-12-15,3.8,79,58,false
cd8ddd54-8e2f-4f83-a03c-fa1b11c3a943,69b97502-74b9-4a32-9d20-bef5da97a0f5,2022,2022-12-15,4.2,90,30,false
9c8936f4-ccf1-4bda-8d89-8817b2cb268b,69b97502-74b9-4a32-9d20-bef5da97a0f5,2023,2023-12-15,4.4,89,36,false
37e6e47d-e1d8-48f1-999b-bec2d0aeabc0,69b97502-74b9-4a32-9d20-bef5da97a0f5,2024,2024-12-15,3.5,61,56,false
9c42eb16-6534-41c6-85f7-14ddb7aa59ac,69b97502-74b9-4a32-9d20-bef5da97a0f5,2025,2025-12-15,4,86,42,false
e8bc085c-0f30-4970-8fb5-119bd7628226,69b97502-74b9-4a32-9d20-bef5da97a0f5,2026,2026-12-15,2.2,63,19,false
84af210d-3ffa-483e-b8ff-d59922cdc3e1,08a7cda2-e579-4162-9c9c-33978da5bbba,2025,2025-12-15,3,63,35,false
515a95b8-f2fc-4333-bfdb-de19a9c6a038,08a7cda2-e579-4162-9c9c-33978da5bbba,2026,2026-12-15,4.5,78,11,false
a8562778-341e-4a30-bef2-7d43df222475,07175cad-6ef8-4e22-9520-8384bd845e43,2018,2018-12-15,3.1,85,49,false
1a238025-86a7-4577-96b9-7f9030ee9eb1,07175cad-6ef8-4e22-9520-8384bd845e43,2019,2019-12-15,4.5,99,11,false
a8239918-a2db-4cf0-9744-5b8b30e90c83,07175cad-6ef8-4e22-9520-8384bd845e43,2020,2020-12-15,4.4,71,41,false
4e9b38ed-0087-4946-86cb-9b11812be179,07175cad-6ef8-4e22-9520-8384bd845e43,2021,2021-12-15,4,86,27,false
ba1cc528-0aa7-45e1-93b8-207bf264d6c2,07175cad-6ef8-4e22-9520-8384bd845e43,2022,2022-12-15,4.9,76,14,false
44686f5c-d933-484f-a643-7e2a0e9c3b20,07175cad-6ef8-4e22-9520-8384bd845e43,2023,2023-12-15,5,70,53,true
3f6362ae-e0d7-4684-a838-73379fd78244,07175cad-6ef8-4e22-9520-8384bd845e43,2024,2024-12-15,4.4,60,45,false
59899411-bb66-4638-b87c-4d5c95cef4c8,07175cad-6ef8-4e22-9520-8384bd845e43,2025,2025-12-15,3,78,51,false
4375b946-deaf-4811-8d11-e68632b2d21d,07175cad-6ef8-4e22-9520-8384bd845e43,2026,2026-12-15,4.7,70,24,true
7718e723-a93c-47da-84a5-923e80270d89,890e4121-29a8-40af-be09-14938bb3d3b4,2023,2023-12-15,2.3,74,25,false
71ead9c3-e29a-48ec-9c86-84f3139176c0,890e4121-29a8-40af-be09-14938bb3d3b4,2024,2024-12-15,2.6,97,10,false
bcb8a1dd-80d2-4ceb-a9c4-6f1f4039c094,890e4121-29a8-40af-be09-14938bb3d3b4,2025,2025-12-15,4.8,100,53,false
2f2a83ca-c24a-4b74-bffa-d4b3ea899062,890e4121-29a8-40af-be09-14938bb3d3b4,2026,2026-12-15,4.5,94,48,false
0f8cc798-1b7d-4af5-9bb0-a3ae228a0768,d74dda28-3516-4966-a0f4-14cf6144b912,2018,2018-12-15,2.4,98,50,false
b5c40396-ab81-4ebe-be54-2c3f08ef67bb,d74dda28-3516-4966-a0f4-14cf6144b912,2019,2019-12-15,2.2,85,43,false
a2ef89c2-38c0-4273-bdcb-9ad5464b3ed6,d74dda28-3516-4966-a0f4-14cf6144b912,2020,2020-12-15,3.9,61,54,false
7026c98b-8b5e-493b-b98e-488b0442d9e4,d74dda28-3516-4966-a0f4-14cf6144b912,2021,2021-12-15,4.9,87,51,false
5bd4514d-9c1f-4f12-bf80-9f1513d83f96,d74dda28-3516-4966-a0f4-14cf6144b912,2022,2022-12-15,3.5,92,39,false
08b15b6b-6afc-4ef3-a4b8-43f7fa68205b,d74dda28-3516-4966-a0f4-14cf6144b912,2023,2023-12-15,3.2,81,38,false
2e636b91-587a-4975-898f-5bb5791f04f7,d74dda28-3516-4966-a0f4-14cf6144b912,2024,2024-12-15,2.2,97,59,false
a813eac7-812a-415d-b4a1-1ca632b01c51,d74dda28-3516-4966-a0f4-14cf6144b912,2025,2025-12-15,3.4,90,24,false
61568e24-9ad3-4f4a-8592-ca449d494bdb,d74dda28-3516-4966-a0f4-14cf6144b912,2026,2026-12-15,2.9,85,51,false
fd7c8d22-60f4-4d04-9a3d-935ce601d03e,2442a6b9-f1af-48fb-8407-5b3e921c8fda,2024,2024-12-15,4.1,99,10,false
b5d4d054-e1be-470d-b794-a0df88de4c03,2442a6b9-f1af-48fb-8407-5b3e921c8fda,2025,2025-12-15,2.7,100,43,false
9889afeb-bedd-440f-ae4e-e9038b6366ca,2442a6b9-f1af-48fb-8407-5b3e921c8fda,2026,2026-12-15,3.6,72,25,false
386c2843-6745-49ff-b4c6-fe18630a06f8,e36500dc-1424-4a1d-b278-18f3d921302c,2026,2026-12-15,3.2,60,43,false
d065f08d-f880-4efa-a1c2-1c3813f4d83b,e390b1f4-3c9f-4a82-87cb-8a2f18710f42,2022,2022-12-15,3.4,72,38,false
36280f06-2115-44ca-8ab3-220567b3c8e7,e390b1f4-3c9f-4a82-87cb-8a2f18710f42,2023,2023-12-15,3.4,82,16,false
a473a054-0cc1-44f1-ae0d-fd11fe0c51db,e390b1f4-3c9f-4a82-87cb-8a2f18710f42,2024,2024-12-15,3.8,74,13,false
f85b6ac1-4414-4a75-9803-479c2299f7ee,e390b1f4-3c9f-4a82-87cb-8a2f18710f42,2025,2025-12-15,2.2,66,59,false
b0573bba-29bd-4ae4-8b53-e3970f660d92,e390b1f4-3c9f-4a82-87cb-8a2f18710f42,2026,2026-12-15,5,64,26,false
487a9740-1204-4a24-b690-d23589771356,5497aa38-7bb2-4741-a8e0-60b866a80f0b,2018,2018-12-15,3,79,37,false
6e017e6c-79b6-4de2-800a-6fad465c9fbb,5497aa38-7bb2-4741-a8e0-60b866a80f0b,2019,2019-12-15,3.1,90,56,false
5f5e9ae6-2e28-445c-a6af-6054a73344f5,5497aa38-7bb2-4741-a8e0-60b866a80f0b,2020,2020-12-15,4.7,61,46,false
3bec9442-3850-47df-957e-2b68563acf1d,5497aa38-7bb2-4741-a8e0-60b866a80f0b,2021,2021-12-15,4,84,49,false
3242042e-9dac-43d2-a782-ba607eb74bfc,5497aa38-7bb2-4741-a8e0-60b866a80f0b,2022,2022-12-15,3.4,82,23,false
60d8851b-f1b1-4d03-97be-4ce0639ec501,5497aa38-7bb2-4741-a8e0-60b866a80f0b,2023,2023-12-15,3.2,84,48,false
0b3fa970-b4ed-40e0-8bef-a196a50997a1,5497aa38-7bb2-4741-a8e0-60b866a80f0b,2024,2024-12-15,3.3,93,58,false
30ff5bd7-5beb-4f99-a3f0-60b95e7a6d58,5497aa38-7bb2-4741-a8e0-60b866a80f0b,2025,2025-12-15,4.5,77,45,false
179a3973-97c6-4c0c-95ca-2dcbad29c7ac,5497aa38-7bb2-4741-a8e0-60b866a80f0b,2026,2026-12-15,4.2,81,29,false
1f129268-5cad-40d6-891c-dfe88440d2c5,df96ed8a-99c7-4186-b153-18d095adc6ea,2021,2021-12-15,4.5,76,54,false
d715f5c0-f395-40d8-a34d-10e902ba0194,df96ed8a-99c7-4186-b153-18d095adc6ea,2022,2022-12-15,4.2,97,15,false
4863f5c9-ea12-437a-a195-288ef95a4aa4,df96ed8a-99c7-4186-b153-18d095adc6ea,2023,2023-12-15,2.9,69,30,false
c305c706-c748-4e56-ad42-f1a70d674829,df96ed8a-99c7-4186-b153-18d095adc6ea,2024,2024-12-15,2.3,97,44,false
5d7aa676-f057-4ea6-8021-7f957712d23b,df96ed8a-99c7-4186-b153-18d095adc6ea,2025,2025-12-15,3,65,33,false
adb05745-fb2c-4186-93eb-1748e0a41609,df96ed8a-99c7-4186-b153-18d095adc6ea,2026,2026-12-15,3.9,62,37,false
f761c7b5-09be-4c04-9a1d-523d9e99a863,253a8c43-5955-4509-9be4-ce79c6fb9fb8,2021,2021-12-15,4.7,70,51,true
79a1e758-4e71-4bfe-ab7d-97648e29d789,253a8c43-5955-4509-9be4-ce79c6fb9fb8,2022,2022-12-15,4.4,91,49,false
f1b58740-59bd-404d-93a4-8a0f7f62fab8,253a8c43-5955-4509-9be4-ce79c6fb9fb8,2023,2023-12-15,2.1,80,60,false
428a2fb9-0854-4c35-a216-4bb446e00ec9,253a8c43-5955-4509-9be4-ce79c6fb9fb8,2024,2024-12-15,4.6,84,34,true
7e62565a-0fb3-4ac6-af90-f2efc51e50bb,253a8c43-5955-4509-9be4-ce79c6fb9fb8,2025,2025-12-15,2.4,77,40,false
b0db503c-199d-4a7b-a696-963d454655a0,253a8c43-5955-4509-9be4-ce79c6fb9fb8,2026,2026-12-15,2.2,91,41,false
23e5179e-1080-40e1-b8ec-50acf2556b4f,3512e4b7-9720-45a6-bb9c-f0a8ffdab228,2020,2020-12-15,3.8,65,39,false
eece1bf9-a547-4ebc-8c51-390263c42f47,3512e4b7-9720-45a6-bb9c-f0a8ffdab228,2021,2021-12-15,2.4,75,25,false
5212943c-38d3-4bd1-89df-7a9c4e8080aa,3512e4b7-9720-45a6-bb9c-f0a8ffdab228,2022,2022-12-15,2.7,74,27,false
37ba9e85-80a6-434b-bc59-7650243c42de,3512e4b7-9720-45a6-bb9c-f0a8ffdab228,2023,2023-12-15,2.6,65,31,false
dc8dee69-380d-4665-ae85-79932f19effc,3512e4b7-9720-45a6-bb9c-f0a8ffdab228,2024,2024-12-15,2.8,90,15,false
bafe170f-c307-45b5-acdf-28a5d575ef67,3512e4b7-9720-45a6-bb9c-f0a8ffdab228,2025,2025-12-15,4,87,16,false
9fbe379e-dd73-480f-bb59-df03402d1da8,3512e4b7-9720-45a6-bb9c-f0a8ffdab228,2026,2026-12-15,4.6,91,24,true
38260db7-da88-4b76-b068-4ee1733bcfd9,3f91b2b7-025c-4157-8493-e8226acdb09f,2018,2018-12-15,4.8,85,23,false
0655a67d-1d7c-48ce-a80d-a21e9a235480,3f91b2b7-025c-4157-8493-e8226acdb09f,2019,2019-12-15,2.1,89,19,false
c6ffc108-c8cb-4b72-ac70-d79fb7b9ce5c,3f91b2b7-025c-4157-8493-e8226acdb09f,2020,2020-12-15,2.6,82,58,false
dd09ff76-8ef4-469a-ac76-e0bbf511441e,3f91b2b7-025c-4157-8493-e8226acdb09f,2021,2021-12-15,2.8,99,36,false
59959bb9-eb9c-4879-a497-569cc2690347,3f91b2b7-025c-4157-8493-e8226acdb09f,2022,2022-12-15,2.9,90,47,false
8b5f5bca-45b6-406f-a1d3-15b5eb9aefd4,3f91b2b7-025c-4157-8493-e8226acdb09f,2023,2023-12-15,2.8,94,21,false
56a31f42-1241-46e2-a432-b862f112aa98,3f91b2b7-025c-4157-8493-e8226acdb09f,2024,2024-12-15,3.2,89,51,false
7146c195-fa41-41a9-a2b2-b213f9b4ddbc,3f91b2b7-025c-4157-8493-e8226acdb09f,2025,2025-12-15,3.4,79,33,false
8457ef02-2dda-4671-ac8b-add2d35a2828,3f91b2b7-025c-4157-8493-e8226acdb09f,2026,2026-12-15,2.2,97,59,false
6a774f69-b06d-4734-beae-2f07939f24d7,5b1bcb5f-785b-4b1f-9af1-33af37434b49,2018,2018-12-15,3.8,88,33,false
684cfee4-0098-4654-a339-6b02672374dc,5b1bcb5f-785b-4b1f-9af1-33af37434b49,2019,2019-12-15,4.5,67,44,true
d101f19f-e4d2-4686-bf75-0399e2068140,5b1bcb5f-785b-4b1f-9af1-33af37434b49,2020,2020-12-15,3,80,38,false
acb53253-5791-43a7-88cd-ae6b9ae47e01,5b1bcb5f-785b-4b1f-9af1-33af37434b49,2021,2021-12-15,3.4,65,20,false
38e5b630-879d-444e-a15f-b5a27206a768,5b1bcb5f-785b-4b1f-9af1-33af37434b49,2022,2022-12-15,2.4,87,21,false
5d5943e7-8869-49dc-b714-8694610da8ad,5b1bcb5f-785b-4b1f-9af1-33af37434b49,2023,2023-12-15,4,84,26,false
a1bb14fe-6814-4a07-be5a-4a1e8c6340dd,5b1bcb5f-785b-4b1f-9af1-33af37434b49,2024,2024-12-15,2.1,75,32,false
64fcadfa-9b01-469a-97a4-f7a79c6a40d6,5b1bcb5f-785b-4b1f-9af1-33af37434b49,2025,2025-12-15,2.8,63,26,false
4bccca79-18b2-49b5-bfb7-28b2671bef86,5b1bcb5f-785b-4b1f-9af1-33af37434b49,2026,2026-12-15,4,84,18,false
638d61d3-e7f0-45a2-ab58-83896da2ad02,5864f214-bd67-4c85-adaf-525b230f7695,2023,2023-12-15,2.3,63,21,false
0c4e3e58-5a92-4ce8-8abd-e9518e8929c2,5864f214-bd67-4c85-adaf-525b230f7695,2024,2024-12-15,3.8,66,32,false
abd9a8c3-f17b-4e83-bd36-83a34ba22f9d,5864f214-bd67-4c85-adaf-525b230f7695,2025,2025-12-15,5,62,12,true
68faf89e-4b32-4095-8e8f-52e9cc7ac9dd,5864f214-bd67-4c85-adaf-525b230f7695,2026,2026-12-15,2.6,73,16,false
f136e96a-bba6-4647-973a-c1e714dc6351,74484eb3-008e-4205-9794-e3c4812da5c4,2026,2026-12-15,3,65,49,false
4481b814-2cc0-4061-b104-83833ad9efce,a9e19fee-2c87-4521-b4f0-ccee72963123,2025,2025-12-15,4.2,73,20,false
b0efeef7-69e0-4d2f-980c-e24502d2d818,a9e19fee-2c87-4521-b4f0-ccee72963123,2026,2026-12-15,3,64,30,false
94701d77-d368-4efa-a4c8-750b1809f8ea,74f277ad-882f-44ab-bd8a-49915a7554d4,2019,2019-12-15,2.7,67,15,false
896778fd-66e2-4c49-8924-45e3c53c8a8e,74f277ad-882f-44ab-bd8a-49915a7554d4,2020,2020-12-15,2.2,88,38,false
d7f56a0f-45af-412c-8d12-b8e639be9272,74f277ad-882f-44ab-bd8a-49915a7554d4,2021,2021-12-15,3.5,63,60,false
675a769a-3a03-41ea-9301-eee8ba9d1a00,74f277ad-882f-44ab-bd8a-49915a7554d4,2022,2022-12-15,3.5,80,26,false
f6420755-1911-4a06-b6bb-9b6729da5c88,74f277ad-882f-44ab-bd8a-49915a7554d4,2023,2023-12-15,4.8,76,33,false
bd7c2741-9f75-474e-a63e-1bb1ef8b8eac,74f277ad-882f-44ab-bd8a-49915a7554d4,2024,2024-12-15,2.3,92,56,false
8febdf8e-f8ee-4886-8650-411fe1e268b2,74f277ad-882f-44ab-bd8a-49915a7554d4,2025,2025-12-15,2.2,80,38,false
265067b3-6a51-4069-bccf-47d900003f18,74f277ad-882f-44ab-bd8a-49915a7554d4,2026,2026-12-15,4,78,22,false
e5c28d61-33be-42f9-afde-112841640942,6fbc7052-7d9d-4191-b697-57b23536e423,2026,2026-12-15,3.5,77,33,false
8205c162-02b4-4212-8e6c-0cc622553f54,8042e115-f293-4d84-a3be-b9c143a94c75,2023,2023-12-15,4.5,95,46,true
3961533f-a008-40de-b634-0bbcf2644543,8042e115-f293-4d84-a3be-b9c143a94c75,2024,2024-12-15,4.5,63,53,false
d362c240-eb99-4956-be2d-da44ba6d417d,8042e115-f293-4d84-a3be-b9c143a94c75,2025,2025-12-15,3.5,100,36,false
f0c51c2e-989a-421b-9e23-0a7f15fe28e2,8042e115-f293-4d84-a3be-b9c143a94c75,2026,2026-12-15,2.3,79,23,false
08331eaf-1cfe-4157-a1c3-e859bdf6dc01,20a1548d-dd08-4a7c-90a7-089d991d8c37,2018,2018-12-15,4.6,100,33,false
caa24276-8c11-4d29-b948-1a0d986649ef,20a1548d-dd08-4a7c-90a7-089d991d8c37,2019,2019-12-15,4.6,88,28,false
05f2f608-36ca-4081-887b-5874570c6868,20a1548d-dd08-4a7c-90a7-089d991d8c37,2020,2020-12-15,3.5,100,60,false
ecc733ee-ed2b-478a-8d9e-dcecbd745606,20a1548d-dd08-4a7c-90a7-089d991d8c37,2021,2021-12-15,2.5,76,56,false
d278299b-8fa6-4eb9-871a-690f40b117aa,20a1548d-dd08-4a7c-90a7-089d991d8c37,2022,2022-12-15,3.6,77,32,false
e6e4802c-56e4-4146-8583-a97d8b658245,20a1548d-dd08-4a7c-90a7-089d991d8c37,2023,2023-12-15,4.3,69,45,false
8ea8dfb6-a87a-47ad-97d2-29f43e3e024d,20a1548d-dd08-4a7c-90a7-089d991d8c37,2024,2024-12-15,2.5,81,17,false
44dfc6ea-be52-4613-b342-99cd364f20a7,20a1548d-dd08-4a7c-90a7-089d991d8c37,2025,2025-12-15,4.9,77,18,false
0e5e8f89-fff5-44c2-a85c-522cdb25aa6f,20a1548d-dd08-4a7c-90a7-089d991d8c37,2026,2026-12-15,3.2,88,36,false
34efac7c-62ab-4f26-b278-daf86fca4914,8250408b-88d4-412a-9ad8-9c63dcc6a920,2021,2021-12-15,2,81,58,false
ccc605fd-36b0-49c2-8275-36f5782d70dd,8250408b-88d4-412a-9ad8-9c63dcc6a920,2022,2022-12-15,3.5,81,41,false
1c58f1b9-de60-411f-8f1d-b338cdf48444,8250408b-88d4-412a-9ad8-9c63dcc6a920,2023,2023-12-15,2.1,93,21,false
e2d49987-0d4d-4cfb-b089-66ddbbd84ecd,8250408b-88d4-412a-9ad8-9c63dcc6a920,2024,2024-12-15,2.5,99,38,false
053459b7-321c-409e-bea0-217a1f226396,8250408b-88d4-412a-9ad8-9c63dcc6a920,2025,2025-12-15,3.1,92,17,false
f148f787-4076-4658-9e3a-827265ac12fa,8250408b-88d4-412a-9ad8-9c63dcc6a920,2026,2026-12-15,2.9,71,13,false
9a125ef6-5c9b-4318-86ef-dc6c93975a61,b3deabad-d6c4-4cf4-8485-aa7d5eb6bf5c,2020,2020-12-15,2.5,88,16,false
61d48d92-11ef-457f-a20e-11a536a4dd84,b3deabad-d6c4-4cf4-8485-aa7d5eb6bf5c,2021,2021-12-15,2.1,84,50,false
9b6a9991-c52c-4781-9116-20d7a04097c2,b3deabad-d6c4-4cf4-8485-aa7d5eb6bf5c,2022,2022-12-15,3.8,77,25,false
2e01e568-6ac6-4bde-aac5-fcd67c1440c5,b3deabad-d6c4-4cf4-8485-aa7d5eb6bf5c,2023,2023-12-15,3.2,81,49,false
549130c9-c3d2-4679-a702-3243cfd1dc53,b3deabad-d6c4-4cf4-8485-aa7d5eb6bf5c,2024,2024-12-15,4.4,64,53,false
adec05a2-a06b-49b8-a848-577df7549e21,b3deabad-d6c4-4cf4-8485-aa7d5eb6bf5c,2025,2025-12-15,4.9,75,45,true
c0d80d53-7ca0-4389-932c-595aaafcb239,b3deabad-d6c4-4cf4-8485-aa7d5eb6bf5c,2026,2026-12-15,3,86,50,false
9845286d-2f49-4e43-a8cc-6a235cc62b49,fe30f2a1-6b0f-4904-8d3f-3f8e3210e9aa,2023,2023-12-15,5,73,23,false
857449a0-3472-47b8-bcda-1a056a7caed7,fe30f2a1-6b0f-4904-8d3f-3f8e3210e9aa,2024,2024-12-15,4.6,93,41,false
9db85336-d383-48eb-86a3-7fcec10d2a64,fe30f2a1-6b0f-4904-8d3f-3f8e3210e9aa,2025,2025-12-15,3.5,78,26,false
a8a50eb9-ada4-4d6a-b542-f60aad3ff8f9,fe30f2a1-6b0f-4904-8d3f-3f8e3210e9aa,2026,2026-12-15,4.7,80,18,false
0ec1a616-1995-40fc-9150-dec6aa9cced2,b8778e8e-6df6-48b8-81b7-d8bfeed50620,2024,2024-12-15,4.4,92,29,false
be3bab7d-ec8b-44ea-8e53-03e397627323,b8778e8e-6df6-48b8-81b7-d8bfeed50620,2025,2025-12-15,2.5,66,19,false
cf6560ed-75df-4e7d-943d-acca24e2ac19,b8778e8e-6df6-48b8-81b7-d8bfeed50620,2026,2026-12-15,3.6,81,31,false
397d1f1b-6d71-44db-a9cf-d29ffcfe0304,57d83a62-d893-459e-998f-2c7ad992da6f,2017,2017-12-15,4,76,35,false
cbb8df14-72d3-458c-b4f8-fb0d6d4b02ba,57d83a62-d893-459e-998f-2c7ad992da6f,2018,2018-12-15,2.2,90,59,false
38c32eef-7f84-45ad-a11a-6c18e3fb0c79,57d83a62-d893-459e-998f-2c7ad992da6f,2019,2019-12-15,3.5,85,53,false
571cc577-0ede-4f1e-a455-2ec8221e048b,57d83a62-d893-459e-998f-2c7ad992da6f,2020,2020-12-15,2.3,78,24,false
66934020-e528-40ed-ae73-d472f14ed874,57d83a62-d893-459e-998f-2c7ad992da6f,2021,2021-12-15,4.1,77,20,false
09a13d7c-4f4b-419f-bb92-31f2e0c1a06d,57d83a62-d893-459e-998f-2c7ad992da6f,2022,2022-12-15,2.2,69,48,false
f27b9098-b55c-4959-af4b-59cb71cc6b1a,57d83a62-d893-459e-998f-2c7ad992da6f,2023,2023-12-15,4.4,97,53,false
7d9dd262-a422-4412-8383-f006a20a31c8,57d83a62-d893-459e-998f-2c7ad992da6f,2024,2024-12-15,4.9,78,48,true
bd384e05-c3c6-4055-9341-25a639892665,57d83a62-d893-459e-998f-2c7ad992da6f,2025,2025-12-15,2.1,64,20,false
ded0d510-cea3-4202-bd18-657dca86f9de,57d83a62-d893-459e-998f-2c7ad992da6f,2026,2026-12-15,2.8,87,33,false
237f1151-9410-4c48-b6dd-fceeedba8eb6,3a5ac978-f1f5-4ec8-b1e4-8f2e09361d7d,2019,2019-12-15,2,89,53,false
ca5e1701-d5ff-4fde-a68a-6e4360a3f4cd,3a5ac978-f1f5-4ec8-b1e4-8f2e09361d7d,2020,2020-12-15,3.5,70,41,false
8ec5ce3b-b0d3-4925-9eae-34f56b000368,3a5ac978-f1f5-4ec8-b1e4-8f2e09361d7d,2021,2021-12-15,4.4,97,24,false
b4bc4a71-9248-4cbb-aa1f-bb1a1dcf6411,3a5ac978-f1f5-4ec8-b1e4-8f2e09361d7d,2022,2022-12-15,3.8,71,46,false
0efc269c-2415-4347-8f39-f37d86b2b95a,3a5ac978-f1f5-4ec8-b1e4-8f2e09361d7d,2023,2023-12-15,3.7,85,42,false
af0bac95-8ae4-4a76-9593-7a68d9afce4b,3a5ac978-f1f5-4ec8-b1e4-8f2e09361d7d,2024,2024-12-15,4.2,60,53,false
a2adc577-7852-427d-a625-2916d0d60f14,3a5ac978-f1f5-4ec8-b1e4-8f2e09361d7d,2025,2025-12-15,4.4,85,19,false
9b89267c-f803-4602-aec5-fafa9f09a946,3a5ac978-f1f5-4ec8-b1e4-8f2e09361d7d,2026,2026-12-15,2,93,35,false
93a3f097-04e6-4e19-9bed-fac94450bbcf,8fb060d9-6ef7-4ebc-9c5e-40c6f25a41f4,2019,2019-12-15,4.7,98,21,true
b1eef8f2-dd6f-43bb-b393-122e66ce002b,8fb060d9-6ef7-4ebc-9c5e-40c6f25a41f4,2020,2020-12-15,3.4,66,33,false
8bc0c44e-2da3-42c1-9e70-cfbc453294eb,8fb060d9-6ef7-4ebc-9c5e-40c6f25a41f4,2021,2021-12-15,2.2,61,13,false
3eb55eeb-2ca6-4a8f-b46a-dc990fc2ed91,8fb060d9-6ef7-4ebc-9c5e-40c6f25a41f4,2022,2022-12-15,2.3,65,52,false
af5ae6e0-3e24-40f9-b1ea-5993365ff212,8fb060d9-6ef7-4ebc-9c5e-40c6f25a41f4,2023,2023-12-15,4.8,85,45,true
5b49270f-7d9a-4308-b5a4-41d4fee59dc4,8fb060d9-6ef7-4ebc-9c5e-40c6f25a41f4,2024,2024-12-15,2.4,69,34,false
d245e3d2-e447-461e-b307-e15c4cae134c,8fb060d9-6ef7-4ebc-9c5e-40c6f25a41f4,2025,2025-12-15,3.7,78,46,false
1a77bb8c-05da-4484-9b73-bbec83e03b94,8fb060d9-6ef7-4ebc-9c5e-40c6f25a41f4,2026,2026-12-15,4.9,66,38,true
cd30ba29-6bd4-47d9-862b-fe9917a29767,aeb942b7-d0f3-4c4c-bbfe-b0ac96effcbb,2019,2019-12-15,3.2,81,57,false
e7eb5293-96f3-4bab-aeee-66129ead946f,aeb942b7-d0f3-4c4c-bbfe-b0ac96effcbb,2020,2020-12-15,4.7,63,42,true
ebadb688-d2b8-4299-8a2d-7b6752eb2825,aeb942b7-d0f3-4c4c-bbfe-b0ac96effcbb,2021,2021-12-15,4.9,75,28,false
c6e93756-3a51-4b23-a9bc-88996ce0f1fd,aeb942b7-d0f3-4c4c-bbfe-b0ac96effcbb,2022,2022-12-15,4.2,96,45,false
f58b5424-d5c0-442a-974a-df41410a1037,aeb942b7-d0f3-4c4c-bbfe-b0ac96effcbb,2023,2023-12-15,4.4,65,11,false
616093df-5bbd-44c1-b096-2ea3d9881843,aeb942b7-d0f3-4c4c-bbfe-b0ac96effcbb,2024,2024-12-15,3.3,89,13,false
ca4e8949-d83b-4ef0-ae55-1f83f895a232,aeb942b7-d0f3-4c4c-bbfe-b0ac96effcbb,2025,2025-12-15,3.6,69,36,false
a5f0b700-0af2-4461-ac6c-b22abad277d1,aeb942b7-d0f3-4c4c-bbfe-b0ac96effcbb,2026,2026-12-15,2.8,85,19,false
c81f5a65-8b04-4c48-8c41-ee235c93ec7d,110861bf-b09d-4198-9f1a-24daae3f31c1,2018,2018-12-15,3.2,77,35,false
c92c42b8-8441-40ed-b94b-7b6ecc58358b,110861bf-b09d-4198-9f1a-24daae3f31c1,2019,2019-12-15,3,68,58,false
f4d27687-8e8e-4c46-a5d4-7136fc543156,110861bf-b09d-4198-9f1a-24daae3f31c1,2020,2020-12-15,3.1,73,44,false
502c6a67-7b03-4cc4-8a4c-bfdca58d2d5f,110861bf-b09d-4198-9f1a-24daae3f31c1,2021,2021-12-15,3.5,89,10,false
22f26f65-fb02-4e25-b390-aaef529c6e0c,110861bf-b09d-4198-9f1a-24daae3f31c1,2022,2022-12-15,2.7,93,26,false
5ffaef1f-2760-4861-ad52-45e5a7fafcd3,110861bf-b09d-4198-9f1a-24daae3f31c1,2023,2023-12-15,2.4,90,48,false
7ac4d323-22aa-4801-b67d-52f53396db47,110861bf-b09d-4198-9f1a-24daae3f31c1,2024,2024-12-15,3.2,97,17,false
8d597459-859b-4289-a91a-272e28b95e37,110861bf-b09d-4198-9f1a-24daae3f31c1,2025,2025-12-15,2.4,79,23,false
a9674e9b-8aa1-4112-8bca-d4cce917420f,110861bf-b09d-4198-9f1a-24daae3f31c1,2026,2026-12-15,3.2,90,56,false
4fc9ba69-fbb3-4845-a933-47c87d3a54e5,550758cf-6f5f-4e32-b42d-640ffd9f6ac3,2021,2021-12-15,4.6,79,27,false
8284b51c-2973-4432-8b20-28759bd91624,550758cf-6f5f-4e32-b42d-640ffd9f6ac3,2022,2022-12-15,2.4,62,54,false
ae7cf778-e298-44f3-8983-52ff78e3585c,550758cf-6f5f-4e32-b42d-640ffd9f6ac3,2023,2023-12-15,2.1,60,10,false
430aedbf-51aa-4b71-b48a-ce86060e4ce0,550758cf-6f5f-4e32-b42d-640ffd9f6ac3,2024,2024-12-15,2.6,86,59,false
092a7cdc-9a7e-4072-9fdc-7c38bbcc40e1,550758cf-6f5f-4e32-b42d-640ffd9f6ac3,2025,2025-12-15,4,87,45,false
b2a4eb58-9080-4ab6-a474-a4fff912e3e2,550758cf-6f5f-4e32-b42d-640ffd9f6ac3,2026,2026-12-15,2.6,90,34,false
fdcbf41f-a9c1-4818-a4e2-acfcb3671851,5673ebe7-bdf4-48c7-9937-e9875012e628,2026,2026-12-15,3.6,89,23,false
2f3c17fe-aa48-45d6-95f4-8165ad0dd04c,698422ab-59b8-4b33-b9cf-af9dfe7bf128,2021,2021-12-15,2.2,65,12,false
770b866a-2bdc-4228-995c-1dc9ff37fcde,698422ab-59b8-4b33-b9cf-af9dfe7bf128,2022,2022-12-15,5,85,39,false
42cf01a2-a971-4d75-bf4c-5b44efacd8e8,698422ab-59b8-4b33-b9cf-af9dfe7bf128,2023,2023-12-15,2.3,81,50,false
88b45063-905a-4ce3-b9d9-e62a3e734bbb,698422ab-59b8-4b33-b9cf-af9dfe7bf128,2024,2024-12-15,2.8,76,56,false
a29c6df3-270f-44b4-896c-ddfb55ba60bb,698422ab-59b8-4b33-b9cf-af9dfe7bf128,2025,2025-12-15,4.4,74,36,false
141f026d-6ca6-46a7-8f14-881d8fb749f4,698422ab-59b8-4b33-b9cf-af9dfe7bf128,2026,2026-12-15,2.7,100,14,false
d7afa566-02cd-4743-9a38-41f1ec3eee55,0e3d50b0-9f6d-4027-944f-eb939f49d418,2021,2021-12-15,2.5,60,49,false
609742ec-395a-405e-961c-bc9c6fb4d220,0e3d50b0-9f6d-4027-944f-eb939f49d418,2022,2022-12-15,3.8,69,18,false
32340998-bd4d-4187-86f3-66b93d6b68e3,0e3d50b0-9f6d-4027-944f-eb939f49d418,2023,2023-12-15,4.6,92,33,true
9a138759-e118-4282-a7f4-aa56b4778980,0e3d50b0-9f6d-4027-944f-eb939f49d418,2024,2024-12-15,2.9,64,15,false
f6001dbc-e3c7-47f0-87c7-4a51ef8348f6,0e3d50b0-9f6d-4027-944f-eb939f49d418,2025,2025-12-15,2,89,58,false
6fd28525-2ed1-40e5-b07e-ecdcd31c0ef5,0e3d50b0-9f6d-4027-944f-eb939f49d418,2026,2026-12-15,2.5,75,18,false
78a9d264-f758-4127-94db-4444eca9653a,f2bdf4b4-cad7-4890-a8c2-571c3c5f3c5b,2023,2023-12-15,4.7,80,19,true
9db919a2-0381-417a-b88a-59b0e4570713,f2bdf4b4-cad7-4890-a8c2-571c3c5f3c5b,2024,2024-12-15,4.5,76,11,true
6570fdb0-6723-4424-b077-4f658c77deed,f2bdf4b4-cad7-4890-a8c2-571c3c5f3c5b,2025,2025-12-15,4.4,87,54,false
26681c33-ec8e-4304-b78d-efe7f4256801,f2bdf4b4-cad7-4890-a8c2-571c3c5f3c5b,2026,2026-12-15,2.8,71,22,false
21e88776-c79b-4c00-bba6-8b628b8b8686,9cbd56bb-a752-41ee-9183-80a1cbb27b38,2018,2018-12-15,4.2,96,15,false
66f3541d-63f0-47c5-837d-565988bf45c4,9cbd56bb-a752-41ee-9183-80a1cbb27b38,2019,2019-12-15,3.7,70,23,false
238ff12a-da6c-425c-9d72-3ff2419452ed,9cbd56bb-a752-41ee-9183-80a1cbb27b38,2020,2020-12-15,4.5,100,38,true
70d92f84-6cb8-4191-ab17-4fc73e724d82,9cbd56bb-a752-41ee-9183-80a1cbb27b38,2021,2021-12-15,4.7,91,17,false
f8b88b01-5609-4b10-925e-7b8547d29edc,9cbd56bb-a752-41ee-9183-80a1cbb27b38,2022,2022-12-15,4.6,60,34,true
c5cc2eaa-8ce9-4dd5-805b-23cd2dc73065,9cbd56bb-a752-41ee-9183-80a1cbb27b38,2023,2023-12-15,2,85,58,false
0e27ce94-d937-478c-8043-7e3e89e30a88,9cbd56bb-a752-41ee-9183-80a1cbb27b38,2024,2024-12-15,2.4,86,44,false
df1be733-7aa0-4820-9eba-735aa10974a7,9cbd56bb-a752-41ee-9183-80a1cbb27b38,2025,2025-12-15,2.4,99,49,false
c8066dc5-4c70-4f35-a068-bb5f6bc33d6f,9cbd56bb-a752-41ee-9183-80a1cbb27b38,2026,2026-12-15,2.3,70,43,false
aebcb5d2-530d-45d0-8a0d-5098c28d92ef,7e1754bc-e414-4c0d-b369-2e192a560019,2024,2024-12-15,3,82,36,false
eb680be3-4101-47bc-98e2-6f9902b78532,7e1754bc-e414-4c0d-b369-2e192a560019,2025,2025-12-15,2.7,81,23,false
1975cab4-b651-4f98-b8e7-9a479679d8b5,7e1754bc-e414-4c0d-b369-2e192a560019,2026,2026-12-15,2.6,97,43,false
f0ed80a3-c61d-4860-8fde-e16e2a038c56,4d23052d-c019-4a6c-ba23-db32ec0e3943,2020,2020-12-15,2.1,95,56,false
00de94e9-7d8c-445f-9008-7dbd7b5e582a,4d23052d-c019-4a6c-ba23-db32ec0e3943,2021,2021-12-15,2.8,96,53,false
d79c3c73-a8bb-4e15-929c-996ae04ce14c,4d23052d-c019-4a6c-ba23-db32ec0e3943,2022,2022-12-15,4.2,94,19,false
3ca685e6-8dc2-44bb-97b8-54445919b69d,4d23052d-c019-4a6c-ba23-db32ec0e3943,2023,2023-12-15,4.9,63,43,true
ae39c6db-cff6-435c-8be0-d562fe83231a,4d23052d-c019-4a6c-ba23-db32ec0e3943,2024,2024-12-15,4.2,71,26,false
20c81ae6-db9f-44ce-8139-f261a1dd94b6,4d23052d-c019-4a6c-ba23-db32ec0e3943,2025,2025-12-15,2.1,98,45,false
85134009-93ed-4b3e-b2a2-a9b1f83a3c8f,4d23052d-c019-4a6c-ba23-db32ec0e3943,2026,2026-12-15,4.9,60,51,true
2cad78a6-5f7e-4519-8f68-757a34bd9171,0cbeae72-6e5c-4985-98e3-1aa23488844c,2018,2018-12-15,4.5,90,54,false
b37ac220-4f73-476d-aab0-f48288a9005d,0cbeae72-6e5c-4985-98e3-1aa23488844c,2019,2019-12-15,2.7,78,33,false
5801f404-0572-4416-8442-bc0b1a0667c0,0cbeae72-6e5c-4985-98e3-1aa23488844c,2020,2020-12-15,4.8,61,49,true
98e2398f-54b5-4114-a58d-d884c88f7a3f,0cbeae72-6e5c-4985-98e3-1aa23488844c,2021,2021-12-15,3.1,85,33,false
e9053e97-d0d7-421c-9759-fa703e333515,0cbeae72-6e5c-4985-98e3-1aa23488844c,2022,2022-12-15,2.8,94,39,false
dbf49c91-2d4d-4290-b66a-1bab47fcf6f6,0cbeae72-6e5c-4985-98e3-1aa23488844c,2023,2023-12-15,4.3,81,56,false
63669977-22ff-46dd-8ae7-e4e45fccac81,0cbeae72-6e5c-4985-98e3-1aa23488844c,2024,2024-12-15,4.6,96,54,true
c8d70505-8bbd-4859-bc3c-89dec0ee971f,0cbeae72-6e5c-4985-98e3-1aa23488844c,2025,2025-12-15,4.2,61,14,false
c1684be3-4f6a-41b0-9a0c-47d260e23e99,0cbeae72-6e5c-4985-98e3-1aa23488844c,2026,2026-12-15,4.1,94,60,false
bde6dfff-73f9-4477-b7cf-638a9a32c640,098baf1c-1f33-4a85-b7fb-bca8560ce4be,2016,2016-12-15,4.9,84,11,true
04d2ef76-40b0-4015-86ba-be22b69fc746,098baf1c-1f33-4a85-b7fb-bca8560ce4be,2017,2017-12-15,4.9,98,38,true
ef265c66-01f0-4057-9507-c04534cb43bb,098baf1c-1f33-4a85-b7fb-bca8560ce4be,2018,2018-12-15,3,79,53,false
3eb6c16c-8994-498d-8f5a-2a9b61ceeafd,098baf1c-1f33-4a85-b7fb-bca8560ce4be,2019,2019-12-15,2,68,45,false
9be3b657-ef71-44f6-beab-881d4def7295,098baf1c-1f33-4a85-b7fb-bca8560ce4be,2020,2020-12-15,4.1,69,38,false
a42d6ff3-21cd-4e3a-814f-75857d6499c8,098baf1c-1f33-4a85-b7fb-bca8560ce4be,2021,2021-12-15,4.7,69,13,false
f6ebd559-0342-4fa2-a2c4-14892901651f,098baf1c-1f33-4a85-b7fb-bca8560ce4be,2022,2022-12-15,2.4,86,29,false
844637e6-2364-475e-9c3e-8361e9e1b021,098baf1c-1f33-4a85-b7fb-bca8560ce4be,2023,2023-12-15,3.5,89,53,false
724d1b4b-8121-4bed-96fa-28800718aafb,098baf1c-1f33-4a85-b7fb-bca8560ce4be,2024,2024-12-15,3.4,76,16,false
8049156c-3b85-4c1b-bd5d-988417bd74af,098baf1c-1f33-4a85-b7fb-bca8560ce4be,2025,2025-12-15,3.4,81,44,false
8b080569-908a-44d0-86d8-b3902c2a7bad,098baf1c-1f33-4a85-b7fb-bca8560ce4be,2026,2026-12-15,4.8,77,57,false
4dd76227-fc90-48f7-a933-82af132ee57b,30856394-b0aa-4633-9317-892b13aa9bc9,2023,2023-12-15,2.9,87,34,false
5a372bed-f0b9-4f00-8a6a-9b4622f04fcd,30856394-b0aa-4633-9317-892b13aa9bc9,2024,2024-12-15,4.2,89,33,false
4e5ca2e2-cdef-47b6-8595-bfa5042bd14d,30856394-b0aa-4633-9317-892b13aa9bc9,2025,2025-12-15,4.2,93,43,false
2d22c9ae-1abb-4d47-a5e3-70dac2445f28,30856394-b0aa-4633-9317-892b13aa9bc9,2026,2026-12-15,4.8,83,37,false
83822efb-0d42-48bf-b64f-ecde62c4067b,b3a5dfd4-0f02-4acc-9c24-0d304cde358a,2018,2018-12-15,4.1,69,39,false
d888de0d-08f6-4bf0-a136-6d4f6e8140d3,b3a5dfd4-0f02-4acc-9c24-0d304cde358a,2019,2019-12-15,3.9,90,59,false
245a9e2b-1842-4517-9a18-ac1b6afd4ff8,b3a5dfd4-0f02-4acc-9c24-0d304cde358a,2020,2020-12-15,2.8,91,20,false
818e0107-186f-469a-9268-3b1e8e6da556,b3a5dfd4-0f02-4acc-9c24-0d304cde358a,2021,2021-12-15,3.9,73,45,false
709b39fe-c997-403b-b046-023a38081e9a,b3a5dfd4-0f02-4acc-9c24-0d304cde358a,2022,2022-12-15,3,70,15,false
0a3f60f4-08b2-464e-a00f-14d2704c33d6,b3a5dfd4-0f02-4acc-9c24-0d304cde358a,2023,2023-12-15,3.1,81,50,false
d2705ea0-5694-4abd-85d3-1e148c7416fb,b3a5dfd4-0f02-4acc-9c24-0d304cde358a,2024,2024-12-15,2.5,71,20,false
d3ccff73-1a43-429b-ac53-6363f66c49d3,b3a5dfd4-0f02-4acc-9c24-0d304cde358a,2025,2025-12-15,4.6,69,59,true
6e7f1233-5c4a-4990-9a17-2e2941e39a1f,b3a5dfd4-0f02-4acc-9c24-0d304cde358a,2026,2026-12-15,4.2,71,37,false
83311578-5aa5-4a50-848c-f81d9e18b094,862ac4e8-dbb1-49a4-8710-4dbd4bd44a03,2024,2024-12-15,3,95,35,false
8df4d0b7-ba09-4507-b135-2a7fcb84bba7,862ac4e8-dbb1-49a4-8710-4dbd4bd44a03,2025,2025-12-15,3.7,61,47,false
fa91d883-8acd-4f8d-92dc-e2b2d12dedc4,862ac4e8-dbb1-49a4-8710-4dbd4bd44a03,2026,2026-12-15,2.2,90,41,false
41865749-7b4d-4636-8dee-304c305a2d19,27436aea-1e7d-4808-ac2d-ec95efb13c32,2024,2024-12-15,4.7,68,51,false
7fd9d477-bc26-4e8e-97e7-89b4ad4c7566,27436aea-1e7d-4808-ac2d-ec95efb13c32,2025,2025-12-15,2.4,91,47,false
b9e7cd51-ecc6-4eb5-a472-f0551a31587f,27436aea-1e7d-4808-ac2d-ec95efb13c32,2026,2026-12-15,3.4,66,43,false
654c4d5e-ed20-4c56-8032-43bdcef0e497,bcb5d6e5-8ce5-4cba-a76d-2daa09746619,2022,2022-12-15,2.1,87,56,false
caf929f6-76fa-4b13-b3df-f02ba2881904,bcb5d6e5-8ce5-4cba-a76d-2daa09746619,2023,2023-12-15,4,67,35,false
b3812751-aa92-4eaa-9717-f83383d6f4dd,bcb5d6e5-8ce5-4cba-a76d-2daa09746619,2024,2024-12-15,5,72,11,true
f74b7c25-52fe-4dd7-9720-b63ad7dfed90,bcb5d6e5-8ce5-4cba-a76d-2daa09746619,2025,2025-12-15,4.1,93,40,false
7eb879ff-03fe-42be-97e5-d6b9777895c2,bcb5d6e5-8ce5-4cba-a76d-2daa09746619,2026,2026-12-15,3.7,67,39,false
ac3e5925-770b-4b63-8ce0-72b2561ed482,43178cb0-940a-4410-acf8-94df38642e42,2023,2023-12-15,2.2,81,14,false
f0b4382f-b673-4c44-8c84-6c48af4ed330,43178cb0-940a-4410-acf8-94df38642e42,2024,2024-12-15,3.1,64,13,false
407d0130-c216-44d7-a1fd-05ee4e5b77dd,43178cb0-940a-4410-acf8-94df38642e42,2025,2025-12-15,4.3,93,16,false
fd1ef5cf-7fa9-4f25-bbe3-e685e2acfd25,43178cb0-940a-4410-acf8-94df38642e42,2026,2026-12-15,4.2,98,33,false
bd671675-ae77-4f2e-ac0f-ac5f9b322569,354c0cd2-675d-465b-9f52-ff6c9d0d6bbd,2018,2018-12-15,3.1,62,25,false
7dba30af-3c54-49df-bcba-6f0e3e70e2cc,354c0cd2-675d-465b-9f52-ff6c9d0d6bbd,2019,2019-12-15,2.6,65,33,false
1d5a1c59-b604-488c-adbd-c32727166cc6,354c0cd2-675d-465b-9f52-ff6c9d0d6bbd,2020,2020-12-15,3,98,53,false
ed5bdbbd-545b-4b00-9e08-a81eb12f5071,354c0cd2-675d-465b-9f52-ff6c9d0d6bbd,2021,2021-12-15,2.3,61,38,false
dfd97ee1-109d-470e-8f8a-823f2bf210ae,354c0cd2-675d-465b-9f52-ff6c9d0d6bbd,2022,2022-12-15,3.1,68,60,false
154a6e61-5e42-4b5d-bc8c-f31dc55a011c,354c0cd2-675d-465b-9f52-ff6c9d0d6bbd,2023,2023-12-15,3,94,37,false
4788dd2e-4fb8-4c16-a282-20b024df8518,354c0cd2-675d-465b-9f52-ff6c9d0d6bbd,2024,2024-12-15,3.3,69,40,false
ba7dd04c-2794-4587-ad6a-6b0136dda3b4,354c0cd2-675d-465b-9f52-ff6c9d0d6bbd,2025,2025-12-15,2.9,100,47,false
3d84e752-d91b-4218-aaed-ce4103d0a21e,354c0cd2-675d-465b-9f52-ff6c9d0d6bbd,2026,2026-12-15,4,85,53,false
162eca74-24cd-4989-820d-913b226d2141,9bcd4f89-f228-49ed-8ca6-df0a12ecf206,2022,2022-12-15,4.5,85,41,true
1169f485-dbe3-405b-9b5a-f6126cd2b9c3,9bcd4f89-f228-49ed-8ca6-df0a12ecf206,2023,2023-12-15,4.6,88,22,false
80e31063-0898-4f4d-8a68-a41b68ee902e,9bcd4f89-f228-49ed-8ca6-df0a12ecf206,2024,2024-12-15,3.9,99,36,false
a2a670ae-3628-48b7-816a-1d1f3bc09123,9bcd4f89-f228-49ed-8ca6-df0a12ecf206,2025,2025-12-15,2.3,91,47,false
6d6287a4-2a00-4357-8e2f-ccc99b0fea5c,9bcd4f89-f228-49ed-8ca6-df0a12ecf206,2026,2026-12-15,3.4,69,16,false
07025a57-a043-4000-b6a4-a9f21cee6a2d,6ce7acb7-5ada-46af-82ee-420413dd90f2,2016,2016-12-15,3.9,63,11,false
f5a1ea90-61d2-4371-89fb-2b8252845ee2,6ce7acb7-5ada-46af-82ee-420413dd90f2,2017,2017-12-15,4.3,71,53,false
f7a8844b-ce77-4aa1-8609-797b63716b92,6ce7acb7-5ada-46af-82ee-420413dd90f2,2018,2018-12-15,3.7,95,58,false
ec35ee55-003f-4ff4-8e27-0f2269770eb1,6ce7acb7-5ada-46af-82ee-420413dd90f2,2019,2019-12-15,2.7,93,17,false
3fd4382b-ed7f-4b5c-b111-ba75a8e470bb,6ce7acb7-5ada-46af-82ee-420413dd90f2,2020,2020-12-15,4.9,61,41,false
eee084ee-6633-4987-a6f2-52c4caa901fd,6ce7acb7-5ada-46af-82ee-420413dd90f2,2021,2021-12-15,4.4,71,29,false
5c2f2039-187f-49f2-a960-f920eb637593,6ce7acb7-5ada-46af-82ee-420413dd90f2,2022,2022-12-15,4.9,70,52,false
0caf0a9d-091c-4d21-80a1-932e08974fb7,6ce7acb7-5ada-46af-82ee-420413dd90f2,2023,2023-12-15,2.2,94,49,false
333311b7-5992-4c51-a226-01d94792a77e,6ce7acb7-5ada-46af-82ee-420413dd90f2,2024,2024-12-15,2.7,73,58,false
cd2be222-5569-4076-ad4c-3dd09f015931,6ce7acb7-5ada-46af-82ee-420413dd90f2,2025,2025-12-15,5,77,23,false
eb9d4350-7b4a-44b3-814e-2e2567868380,6ce7acb7-5ada-46af-82ee-420413dd90f2,2026,2026-12-15,2.6,66,48,false
3dac76d4-b74d-47dd-b336-1abcca1db679,89d7da94-6e41-41a6-acb8-936dfc48c802,2020,2020-12-15,2.2,68,59,false
b74979c0-ba3e-4500-a7f7-61e999e6a8a2,89d7da94-6e41-41a6-acb8-936dfc48c802,2021,2021-12-15,4.9,61,28,false
f36e758c-ae3a-4a70-a221-145a0fa68394,89d7da94-6e41-41a6-acb8-936dfc48c802,2022,2022-12-15,3.4,67,49,false
cfc50bdd-4611-4e26-b704-bda8c9a4ea61,89d7da94-6e41-41a6-acb8-936dfc48c802,2023,2023-12-15,2.7,74,12,false
e282fa2d-95ee-42de-82bf-0c77ce330676,89d7da94-6e41-41a6-acb8-936dfc48c802,2024,2024-12-15,3.1,97,18,false
093e2474-ea7a-49f4-8ad1-e8e1217a5f9c,89d7da94-6e41-41a6-acb8-936dfc48c802,2025,2025-12-15,2.9,90,25,false
54fba968-7a2b-419f-90d6-0583b76647d7,89d7da94-6e41-41a6-acb8-936dfc48c802,2026,2026-12-15,4.7,84,22,false
6d5a5974-a007-4d78-8931-6ed84f052ada,8c819dbf-da8e-493c-87d0-370d69ebab04,2023,2023-12-15,3.4,93,54,false
b5a39db5-bb15-4246-8134-e9b7cae19f28,8c819dbf-da8e-493c-87d0-370d69ebab04,2024,2024-12-15,4.9,91,56,false
c13eed08-a813-49ff-a4c2-2b738b8fd191,8c819dbf-da8e-493c-87d0-370d69ebab04,2025,2025-12-15,3.1,97,60,false
4175035c-d475-4e57-bb6c-2110b8c8a388,8c819dbf-da8e-493c-87d0-370d69ebab04,2026,2026-12-15,2.1,93,44,false
bfdf7717-6385-4349-8a26-f70b9c1feac8,52c5b2c0-171b-4cf5-b5da-49ddcfe09b36,2021,2021-12-15,2.4,81,60,false
60840b8f-0ab1-4d68-bec8-2881153451b2,52c5b2c0-171b-4cf5-b5da-49ddcfe09b36,2022,2022-12-15,2.9,80,42,false
2067f47e-6a4d-43fe-8535-bb4663bcebda,52c5b2c0-171b-4cf5-b5da-49ddcfe09b36,2023,2023-12-15,2.9,63,36,false
5ff15897-ac66-4686-af7a-ab39af15b5e4,52c5b2c0-171b-4cf5-b5da-49ddcfe09b36,2024,2024-12-15,3.1,74,12,false
72aedf47-0d0b-488e-9622-49da4e16e4c7,52c5b2c0-171b-4cf5-b5da-49ddcfe09b36,2025,2025-12-15,3.1,82,16,false
b0948f73-46a4-4226-a1ef-fc16d08dfef6,52c5b2c0-171b-4cf5-b5da-49ddcfe09b36,2026,2026-12-15,2.6,78,24,false
f0fb61cc-2881-4bae-8a6c-d3162da0fbb2,c1011fa9-5bd8-41fe-b247-83b33758b3f8,2020,2020-12-15,2.1,61,32,false
0a3dddbe-4382-4479-9f7c-1b814e50db93,c1011fa9-5bd8-41fe-b247-83b33758b3f8,2021,2021-12-15,4.9,67,45,false
e3ac5681-5b78-4066-adf9-9e6ba0fb820c,c1011fa9-5bd8-41fe-b247-83b33758b3f8,2022,2022-12-15,4.5,76,56,false
b830b3f8-82f0-4886-9037-8ac5cee12888,c1011fa9-5bd8-41fe-b247-83b33758b3f8,2023,2023-12-15,3.4,79,44,false
d3861460-5d31-4be7-8985-e33b4bf9518a,c1011fa9-5bd8-41fe-b247-83b33758b3f8,2024,2024-12-15,3.3,100,55,false
401c0042-4b4a-46db-bd9a-7f028ffc38d6,c1011fa9-5bd8-41fe-b247-83b33758b3f8,2025,2025-12-15,4.6,89,53,false
9f458d44-112c-494f-8272-7f099795b079,c1011fa9-5bd8-41fe-b247-83b33758b3f8,2026,2026-12-15,3.6,63,11,false
c7799dfc-e059-4c2e-9126-0aa9796a331b,52a1acf9-924e-49bf-a020-90c29a37835d,2026,2026-12-15,2.6,92,45,false
3aecbf0b-d2bd-408c-b16f-f291f02fabc5,4bdf25ba-e979-4111-9b2c-b86ec0431a63,2022,2022-12-15,4.2,98,45,false
fc16047b-a901-416b-9d39-69f681e74fbf,4bdf25ba-e979-4111-9b2c-b86ec0431a63,2023,2023-12-15,2.2,64,10,false
589dc8f4-4c65-4bd2-8179-14f1f54ecaf6,4bdf25ba-e979-4111-9b2c-b86ec0431a63,2024,2024-12-15,3.3,85,34,false
9ca2e4df-f009-4c5b-b6b8-7af1d00b61c3,4bdf25ba-e979-4111-9b2c-b86ec0431a63,2025,2025-12-15,2.9,92,28,false
737c764c-1c39-4d11-9559-d55de35682cd,4bdf25ba-e979-4111-9b2c-b86ec0431a63,2026,2026-12-15,2.6,90,46,false
eb9911c1-5d91-41c5-9570-1cf15d8ee2a1,4af8911a-e7a1-476a-b31d-cfd11f4264a4,2022,2022-12-15,3.5,95,19,false
21309366-4153-4f6b-92ee-4b8f491710d6,4af8911a-e7a1-476a-b31d-cfd11f4264a4,2023,2023-12-15,2.4,64,51,false
33946bad-316b-49c1-8b11-57f4f0b173de,4af8911a-e7a1-476a-b31d-cfd11f4264a4,2024,2024-12-15,3.6,91,54,false
81d0d44c-0a91-4754-b22b-78fe498ab6c3,4af8911a-e7a1-476a-b31d-cfd11f4264a4,2025,2025-12-15,4.2,85,25,false
fda621bb-1235-4de8-b6d6-9ad26affe88d,4af8911a-e7a1-476a-b31d-cfd11f4264a4,2026,2026-12-15,4.2,60,47,false
af68b92a-8dc6-4f43-9cec-00813f542c32,6c93d1d3-dc9f-4d3d-b345-a21e3161771d,2021,2021-12-15,4.5,81,48,true
afda1ca4-9adb-472a-8b45-e56aa83d090c,6c93d1d3-dc9f-4d3d-b345-a21e3161771d,2022,2022-12-15,2,95,52,false
e5e1c541-1ea2-43c0-98ab-b4d7600a11f1,6c93d1d3-dc9f-4d3d-b345-a21e3161771d,2023,2023-12-15,4.4,62,10,false
081c3bd0-fadf-4635-a0cc-4468c70b1c9b,6c93d1d3-dc9f-4d3d-b345-a21e3161771d,2024,2024-12-15,4.7,68,59,false
4adb62d5-bfc5-4a65-82ab-45a12ef3b8f6,6c93d1d3-dc9f-4d3d-b345-a21e3161771d,2025,2025-12-15,5,79,40,false
ee6b12da-d9c0-4bc0-aa82-11e8011c2699,6c93d1d3-dc9f-4d3d-b345-a21e3161771d,2026,2026-12-15,4.5,84,50,true
69b0b6c6-1a04-4a67-b1da-36774cddd7c2,dd1a9955-925f-4c36-89cf-4561e9a486b0,2022,2022-12-15,2.4,88,30,false
38a26348-d6fc-48f4-88b8-19666d73386c,dd1a9955-925f-4c36-89cf-4561e9a486b0,2023,2023-12-15,3.9,66,51,false
855c6b2d-3f99-4944-ade3-4b4a53232aa2,dd1a9955-925f-4c36-89cf-4561e9a486b0,2024,2024-12-15,2,98,37,false
c25e10c7-c414-407e-ad41-6ae4020cfdfd,dd1a9955-925f-4c36-89cf-4561e9a486b0,2025,2025-12-15,2.6,71,11,false
033e302f-5027-4d92-b53d-242c51cad46e,dd1a9955-925f-4c36-89cf-4561e9a486b0,2026,2026-12-15,3.9,97,52,false
4e07dcd2-f64a-4a0c-a7a7-6eab0d6dca9f,a349958f-9995-4ebd-8a9a-ffcddeba301e,2026,2026-12-15,3.1,89,30,false
9b0f06d8-2170-4ffb-b538-269b8cd35209,87e1ccb0-ba54-4e25-ad4d-311b146c3a3a,2017,2017-12-15,2.8,84,13,false
64abc82c-ea8f-4ab6-b250-6a7e75347f00,87e1ccb0-ba54-4e25-ad4d-311b146c3a3a,2018,2018-12-15,3.1,89,45,false
e0cdf36c-a1c2-4771-8467-f07a8a9022e5,87e1ccb0-ba54-4e25-ad4d-311b146c3a3a,2019,2019-12-15,4,79,17,false
8715cf4e-66e4-4075-b79f-a086f1fd0246,87e1ccb0-ba54-4e25-ad4d-311b146c3a3a,2020,2020-12-15,4.5,97,39,false
bb2c6645-be5e-4d38-95e1-91199c6de6f5,87e1ccb0-ba54-4e25-ad4d-311b146c3a3a,2021,2021-12-15,2.5,86,20,false
e8c05ed4-ba4a-4223-9d72-3cf1c415bab0,87e1ccb0-ba54-4e25-ad4d-311b146c3a3a,2022,2022-12-15,4.2,84,57,false
409c8fc9-cf4d-4773-9006-0884c5c653dc,87e1ccb0-ba54-4e25-ad4d-311b146c3a3a,2023,2023-12-15,3.6,94,20,false
b6e7830b-2b1b-4222-b50a-06c0781ecd32,87e1ccb0-ba54-4e25-ad4d-311b146c3a3a,2024,2024-12-15,2.4,72,19,false
a0cffaaf-765f-45c9-a845-d3c873c96fe1,87e1ccb0-ba54-4e25-ad4d-311b146c3a3a,2025,2025-12-15,4.2,79,49,false
d9b6c60f-8d70-49c7-888e-9b997f893329,87e1ccb0-ba54-4e25-ad4d-311b146c3a3a,2026,2026-12-15,4.4,70,45,false
b3802d6e-f2c3-4923-8afe-7d37800155ca,4a50b556-ad7a-4e4b-babc-44df194b99df,2024,2024-12-15,2,67,17,false
26eb132c-2407-4fa6-acc7-a86863950d46,4a50b556-ad7a-4e4b-babc-44df194b99df,2025,2025-12-15,4.8,75,14,false
2d0f6941-2c38-4b41-a846-201e5601b1a7,4a50b556-ad7a-4e4b-babc-44df194b99df,2026,2026-12-15,2.7,99,47,false
09b9b65c-940f-4ab3-bb39-7a9de89de9ba,3daa4c72-3d41-4276-a5a7-21c6eda6cffe,2019,2019-12-15,3.5,73,34,false
73a3d6fe-eb49-433d-8277-e195c04a9df8,3daa4c72-3d41-4276-a5a7-21c6eda6cffe,2020,2020-12-15,2.8,64,16,false
2e8f9287-4c0d-426d-a9b4-4c6bd1ebe23e,3daa4c72-3d41-4276-a5a7-21c6eda6cffe,2021,2021-12-15,4.2,66,15,false
59588a3d-8b27-4562-ada3-4b2eefbd14da,3daa4c72-3d41-4276-a5a7-21c6eda6cffe,2022,2022-12-15,4.5,69,36,true
3ef8b85f-0567-4201-a562-514357aec386,3daa4c72-3d41-4276-a5a7-21c6eda6cffe,2023,2023-12-15,5,74,45,true
2b0e5e72-e54e-4089-a7f2-5a2ea2d7c1d4,3daa4c72-3d41-4276-a5a7-21c6eda6cffe,2024,2024-12-15,2.1,76,33,false
ed050250-2734-4ad4-bd2b-8b6b510cdb38,3daa4c72-3d41-4276-a5a7-21c6eda6cffe,2025,2025-12-15,2,69,60,false
e3e1a95b-94d3-4458-94ec-6f0b8ca001e6,3daa4c72-3d41-4276-a5a7-21c6eda6cffe,2026,2026-12-15,3.5,98,22,false
52eda7c5-420b-455b-b01e-8d7d55627e73,d030a013-cc6a-476a-8d24-e757a1a7dc67,2020,2020-12-15,3.2,62,15,false
c792de5e-feaa-4d25-873b-77a4891b6c37,d030a013-cc6a-476a-8d24-e757a1a7dc67,2021,2021-12-15,3.8,70,55,false
386421c3-af44-4492-9542-23dd24927cfa,d030a013-cc6a-476a-8d24-e757a1a7dc67,2022,2022-12-15,3.4,97,26,false
6718af6b-5c1d-4bc9-a9e9-8b6b9d522371,d030a013-cc6a-476a-8d24-e757a1a7dc67,2023,2023-12-15,3.3,87,11,false
1d2b72df-5420-4889-8538-4a441d0196f9,d030a013-cc6a-476a-8d24-e757a1a7dc67,2024,2024-12-15,2.9,93,26,false
d99f83a7-a7bb-4b05-b732-ea3f3f626eb9,d030a013-cc6a-476a-8d24-e757a1a7dc67,2025,2025-12-15,4,84,49,false
c69b0e84-99e6-4973-acbf-d035a9345c02,d030a013-cc6a-476a-8d24-e757a1a7dc67,2026,2026-12-15,2.7,88,21,false
01e54fc2-8fb7-42a5-a7ed-3935d47187ce,ffa96281-c391-4f28-ac27-c6fa8aae27d9,2023,2023-12-15,4.1,97,58,false
1cb239e4-8e51-4e75-9739-3534cef83924,ffa96281-c391-4f28-ac27-c6fa8aae27d9,2024,2024-12-15,4.1,72,59,false
fac8f009-98c1-4f7b-94d9-440c702a755c,ffa96281-c391-4f28-ac27-c6fa8aae27d9,2025,2025-12-15,2.9,72,59,false
454cc266-19fe-48c8-b0ed-116d25f13864,ffa96281-c391-4f28-ac27-c6fa8aae27d9,2026,2026-12-15,2.8,69,12,false
aaf56234-a861-4066-b3b7-952b1124802b,8e7a1f6e-f5cc-41a2-befd-38b6e47516e8,2025,2025-12-15,2.5,98,33,false
7439a3b2-bd56-4bf9-8000-15188687fc2c,8e7a1f6e-f5cc-41a2-befd-38b6e47516e8,2026,2026-12-15,2.1,100,53,false
53638799-4f01-44d2-873d-7a0001c901cd,8ca3eba9-316c-4027-a5ad-0ba0ce4e42a8,2019,2019-12-15,4,78,31,false
9ead888b-d475-452d-918a-f6da2ae1f484,8ca3eba9-316c-4027-a5ad-0ba0ce4e42a8,2020,2020-12-15,3,73,28,false
52f764d1-8ce2-403e-9160-300a553b4f47,8ca3eba9-316c-4027-a5ad-0ba0ce4e42a8,2021,2021-12-15,2.4,67,36,false
ee5cc1c1-cc47-4a46-a7a7-e277ba61ffed,8ca3eba9-316c-4027-a5ad-0ba0ce4e42a8,2022,2022-12-15,4.1,95,40,false
ae998115-e2f6-476b-a08b-5579bf4e7322,8ca3eba9-316c-4027-a5ad-0ba0ce4e42a8,2023,2023-12-15,5,93,10,false
6ec478a5-2b4e-41d7-9ef5-9323d9643514,8ca3eba9-316c-4027-a5ad-0ba0ce4e42a8,2024,2024-12-15,3.6,69,40,false
4bcc0e45-7dbb-470e-a977-a4905b2c050a,8ca3eba9-316c-4027-a5ad-0ba0ce4e42a8,2025,2025-12-15,4.3,86,57,false
31073d4d-0ca3-4477-ac4e-5359e9b124f6,8ca3eba9-316c-4027-a5ad-0ba0ce4e42a8,2026,2026-12-15,2.5,92,12,false
bd28f58a-f5d4-4da9-95cf-77083ebd46dc,a9446d58-c4dc-4cee-afde-5d85d663e9d3,2022,2022-12-15,4.7,65,21,false
a5966982-6502-44b6-b1aa-78424386fabf,a9446d58-c4dc-4cee-afde-5d85d663e9d3,2023,2023-12-15,4.1,71,35,false
0a9747b8-2e30-4e82-b026-c9fbb11f8579,a9446d58-c4dc-4cee-afde-5d85d663e9d3,2024,2024-12-15,3.2,88,57,false
0c5d8ab3-f959-4542-b878-ad2efa54afc7,a9446d58-c4dc-4cee-afde-5d85d663e9d3,2025,2025-12-15,3.9,68,28,false
6a046c30-fd13-48f1-9c20-c574c93806f0,a9446d58-c4dc-4cee-afde-5d85d663e9d3,2026,2026-12-15,3.8,70,59,false
d2eac063-b964-42f6-8a1e-7346f2b8fbc5,3b3e8c20-735f-4539-a33e-4ebf50191aaa,2025,2025-12-15,2.3,99,22,false
d1ddb10a-f748-4b6b-be02-e08c81dda8aa,3b3e8c20-735f-4539-a33e-4ebf50191aaa,2026,2026-12-15,2.7,77,15,false
62662cf0-f341-408f-b359-f6c3807d6a45,5ab92a63-9337-4866-ab82-8506f79299fd,2018,2018-12-15,2.6,92,22,false
bc755c26-d726-45c3-91af-60947a7695e7,5ab92a63-9337-4866-ab82-8506f79299fd,2019,2019-12-15,2.8,82,58,false
da392c71-6c62-4bca-aaf6-9b720f04bfda,5ab92a63-9337-4866-ab82-8506f79299fd,2020,2020-12-15,3.9,90,30,false
f62400a7-f5e9-43f1-a8a0-aa7ca2e18bee,5ab92a63-9337-4866-ab82-8506f79299fd,2021,2021-12-15,2.8,70,56,false
0d7ea8d6-540b-4f96-ba97-74413b44913b,5ab92a63-9337-4866-ab82-8506f79299fd,2022,2022-12-15,2.3,62,57,false
a516607d-a241-43e2-bf74-bb7c75ed723e,5ab92a63-9337-4866-ab82-8506f79299fd,2023,2023-12-15,4.6,87,55,true
4c531e77-149f-40a7-a2df-e633e4646718,5ab92a63-9337-4866-ab82-8506f79299fd,2024,2024-12-15,2.3,69,40,false
e4117f3a-b630-46a2-ab6b-72487837abcc,5ab92a63-9337-4866-ab82-8506f79299fd,2025,2025-12-15,3.4,66,24,false
64bac7cf-24e1-445a-9a22-98aa2bc0ef4d,5ab92a63-9337-4866-ab82-8506f79299fd,2026,2026-12-15,3.9,92,53,false
d1abed1a-e40f-4336-9e44-d701c778fd54,da7ffe0c-d0b6-4b66-bbea-ca3261e1cf87,2018,2018-12-15,2.4,76,10,false
f3fb4e71-df3c-414d-b40b-0052e86161cb,da7ffe0c-d0b6-4b66-bbea-ca3261e1cf87,2019,2019-12-15,4.6,91,35,true
324af6af-41a2-4381-8ead-f05c35877951,da7ffe0c-d0b6-4b66-bbea-ca3261e1cf87,2020,2020-12-15,2.2,70,40,false
83a3ccd2-f848-4945-bd8d-178ddf2dd248,da7ffe0c-d0b6-4b66-bbea-ca3261e1cf87,2021,2021-12-15,3.8,95,32,false
b7559654-32f0-4683-a612-90ed49d10b6a,da7ffe0c-d0b6-4b66-bbea-ca3261e1cf87,2022,2022-12-15,4.8,82,50,false
577145ba-a300-4720-b465-761674242993,da7ffe0c-d0b6-4b66-bbea-ca3261e1cf87,2023,2023-12-15,3.6,81,22,false
513237fe-d272-44a1-9099-4ee6fbbf7f60,da7ffe0c-d0b6-4b66-bbea-ca3261e1cf87,2024,2024-12-15,3.7,88,38,false
52e4963a-a6f2-402b-95df-f913b276ccb1,da7ffe0c-d0b6-4b66-bbea-ca3261e1cf87,2025,2025-12-15,3,88,16,false
72b2e44f-4554-4206-a990-193976c70c1a,da7ffe0c-d0b6-4b66-bbea-ca3261e1cf87,2026,2026-12-15,2.7,97,44,false
34709d4a-90b4-4502-bae2-82b6904dfb65,65eeaf2e-ccb8-4d27-960a-435841bb786f,2024,2024-12-15,4.8,78,13,false
0095ceb7-8e5e-4e66-9524-65acc36fe9e8,65eeaf2e-ccb8-4d27-960a-435841bb786f,2025,2025-12-15,3,88,36,false
404c00b5-a47e-4b29-9ae1-ff5f5ff57dd5,65eeaf2e-ccb8-4d27-960a-435841bb786f,2026,2026-12-15,4.2,68,29,false
58f1085f-b567-4ca9-93ee-ab53e1bf1328,38ccb3e3-de72-4954-8d3f-281fd95790c9,2026,2026-12-15,2.1,63,27,false
4c1d58e4-b8ec-40cc-a487-5e6fb6a036a8,8866cbb3-d703-4d0f-bd06-80490a70b4e3,2024,2024-12-15,2.7,64,30,false
6a8e8b83-045a-4935-a36d-84730aa259f9,8866cbb3-d703-4d0f-bd06-80490a70b4e3,2025,2025-12-15,2.6,77,23,false
4250c513-fe26-41e8-a7e4-0f93637d5a3a,8866cbb3-d703-4d0f-bd06-80490a70b4e3,2026,2026-12-15,2.4,91,46,false
03d1c92f-c0eb-46f4-a7fe-bf73ede6759b,947198b7-2986-4829-8eab-15262ce6c062,2021,2021-12-15,4.3,95,10,false
4c7b31f4-1520-4aab-8edf-9279b529c9a9,947198b7-2986-4829-8eab-15262ce6c062,2022,2022-12-15,2.5,63,43,false
5ea5d21f-cb95-47de-a49e-5fa62c539523,947198b7-2986-4829-8eab-15262ce6c062,2023,2023-12-15,3,60,22,false
46137ddf-887f-46ba-83ff-be4e69f7f18a,947198b7-2986-4829-8eab-15262ce6c062,2024,2024-12-15,3.4,85,16,false
c2a4b67d-8a17-46f9-9d31-8a5ae5a316d6,947198b7-2986-4829-8eab-15262ce6c062,2025,2025-12-15,3.5,68,37,false
77c552c8-73f4-45a7-b8d6-6a92f9d90152,947198b7-2986-4829-8eab-15262ce6c062,2026,2026-12-15,2.6,68,31,false
21f06426-d63f-49dd-9bb5-14efeccb5044,5909711d-7a37-43ac-a5d7-33cfc365c1ae,2019,2019-12-15,2.5,63,45,false
51b0110e-d1d1-40da-af72-90daad14bec1,5909711d-7a37-43ac-a5d7-33cfc365c1ae,2020,2020-12-15,4.1,87,57,false
22c09087-b2f0-44db-a341-3468d75ae68b,5909711d-7a37-43ac-a5d7-33cfc365c1ae,2021,2021-12-15,5,66,42,false
960c39e1-6268-417d-ba3b-49f52cbf8c4a,5909711d-7a37-43ac-a5d7-33cfc365c1ae,2022,2022-12-15,4.6,61,60,false
d8b2c4a7-030f-4c05-b206-927b2357fd90,5909711d-7a37-43ac-a5d7-33cfc365c1ae,2023,2023-12-15,3.5,64,28,false
d278f3c9-9ee5-42d5-9376-077755fba8d1,5909711d-7a37-43ac-a5d7-33cfc365c1ae,2024,2024-12-15,4.2,63,49,false
2fc29b0e-3837-4c2a-a1bb-9195fac68611,5909711d-7a37-43ac-a5d7-33cfc365c1ae,2025,2025-12-15,4.4,70,49,false
479c8f51-5641-4d31-adce-546218f1b05a,5909711d-7a37-43ac-a5d7-33cfc365c1ae,2026,2026-12-15,4.8,86,28,true
1a99f4a3-76d6-4011-a9e0-ac5ad45f295d,15297c5c-d692-454f-b625-2ccfaff1f62a,2019,2019-12-15,3.8,80,25,false
b69c9954-57a5-4e49-8771-078225bac073,15297c5c-d692-454f-b625-2ccfaff1f62a,2020,2020-12-15,2.1,92,45,false
6c3cbd3a-6111-4584-81b9-087433bc4778,15297c5c-d692-454f-b625-2ccfaff1f62a,2021,2021-12-15,4.9,89,38,false
176ffb27-70a2-49b5-97ca-3d02810b0a06,15297c5c-d692-454f-b625-2ccfaff1f62a,2022,2022-12-15,2.5,82,51,false
8442d5f0-9ee2-42a5-a0a2-48b6946ef0c8,15297c5c-d692-454f-b625-2ccfaff1f62a,2023,2023-12-15,4,83,20,false
65842617-a96b-40eb-be61-c8d8d6131f52,15297c5c-d692-454f-b625-2ccfaff1f62a,2024,2024-12-15,4.1,60,43,false
779c6235-7e41-47d6-ae40-298fed23fbc9,15297c5c-d692-454f-b625-2ccfaff1f62a,2025,2025-12-15,3.5,70,18,false
0dc76d4f-8d97-4769-b5d8-31636d71ebd5,15297c5c-d692-454f-b625-2ccfaff1f62a,2026,2026-12-15,2.1,94,20,false
6ba00f59-5827-47dd-b3f9-1dc9553df653,6c016a8a-80fe-4e9e-9846-ff0d10722b43,2022,2022-12-15,4.6,99,58,true
b9c313c0-e1c7-42f1-b50e-5680102caa29,6c016a8a-80fe-4e9e-9846-ff0d10722b43,2023,2023-12-15,2.1,67,14,false
5a45f0c2-9c2e-4826-99b9-4d6be233d0bb,6c016a8a-80fe-4e9e-9846-ff0d10722b43,2024,2024-12-15,3.7,98,28,false
f90d2d22-095d-4d64-8442-4bd8232c8c20,6c016a8a-80fe-4e9e-9846-ff0d10722b43,2025,2025-12-15,4.6,73,23,true
1270ecac-9ccb-484f-96cd-25e6a921ddae,6c016a8a-80fe-4e9e-9846-ff0d10722b43,2026,2026-12-15,4.7,92,45,false
294d4f87-ed73-4359-8560-006f320768df,ccd3136b-a8b0-4e40-a9fb-2366fc97eadb,2017,2017-12-15,3.6,78,50,false
5bab7d7e-c69a-4a44-a798-a6786a5b44da,ccd3136b-a8b0-4e40-a9fb-2366fc97eadb,2018,2018-12-15,2.4,66,24,false
7a536be9-90c1-49d8-8a3f-8eb3cd068967,ccd3136b-a8b0-4e40-a9fb-2366fc97eadb,2019,2019-12-15,4.1,86,16,false
de0a640f-7df4-4df9-8c37-79bd20536b21,ccd3136b-a8b0-4e40-a9fb-2366fc97eadb,2020,2020-12-15,4.8,89,37,false
d64559da-48e9-4846-9749-5e11a9805338,ccd3136b-a8b0-4e40-a9fb-2366fc97eadb,2021,2021-12-15,2.4,82,38,false
72fc8f7a-8f01-4c33-825f-f7ac5ccadd70,ccd3136b-a8b0-4e40-a9fb-2366fc97eadb,2022,2022-12-15,2.7,62,36,false
29ba2888-9906-4f17-af4c-e6d0362769b3,ccd3136b-a8b0-4e40-a9fb-2366fc97eadb,2023,2023-12-15,2.4,94,20,false
0240a1c5-8138-42be-a574-2459be96bf16,ccd3136b-a8b0-4e40-a9fb-2366fc97eadb,2024,2024-12-15,4.2,95,55,false
86bc01f3-0e76-4435-993f-3fab44f7410a,ccd3136b-a8b0-4e40-a9fb-2366fc97eadb,2025,2025-12-15,4.1,60,60,false
f803651d-b7d2-4786-8a9e-0f317a0975ed,ccd3136b-a8b0-4e40-a9fb-2366fc97eadb,2026,2026-12-15,2.7,60,27,false
65922b8c-0fda-47c2-9017-6a631fdc785c,391506e2-9b53-495a-906c-552b05e2b84f,2019,2019-12-15,4.6,75,15,false
aff87e1e-1a04-4a8d-bfd4-61a14d801f55,391506e2-9b53-495a-906c-552b05e2b84f,2020,2020-12-15,3.3,61,25,false
d9274f9b-e521-46cf-9fca-272ef084f762,391506e2-9b53-495a-906c-552b05e2b84f,2021,2021-12-15,3,77,45,false
760fbf00-b81b-4ea4-90a5-e85d0fce2789,391506e2-9b53-495a-906c-552b05e2b84f,2022,2022-12-15,3.7,92,19,false
dfb21ac2-d1e5-4793-b5a4-dd4f5d3eabf4,391506e2-9b53-495a-906c-552b05e2b84f,2023,2023-12-15,3.8,93,37,false
0a86324d-9f3f-4a46-ab3a-46a72d31f32b,391506e2-9b53-495a-906c-552b05e2b84f,2024,2024-12-15,4.4,100,41,false
6b3a5e59-0632-4ed5-9b0f-9ac70b8c56e0,391506e2-9b53-495a-906c-552b05e2b84f,2025,2025-12-15,3.8,97,39,false
a5cbba61-cef5-4722-b29d-5121cc0d0558,391506e2-9b53-495a-906c-552b05e2b84f,2026,2026-12-15,2.2,96,48,false
c47a2379-06ca-4567-a362-22330ec4cb71,25d7caf9-9bec-4061-895c-741789c2a487,2022,2022-12-15,4.4,99,43,false
bd4fd9aa-3535-4d54-950d-47043d8cf9aa,25d7caf9-9bec-4061-895c-741789c2a487,2023,2023-12-15,4.5,92,20,false
92ee8a5d-67f9-4224-9fe3-49713e796625,25d7caf9-9bec-4061-895c-741789c2a487,2024,2024-12-15,3.4,87,16,false
e693f394-1144-4445-ad8f-70fde8f28d92,25d7caf9-9bec-4061-895c-741789c2a487,2025,2025-12-15,2.6,84,45,false
cd7d91d3-f89e-4c1d-bc67-01ae6dda386b,25d7caf9-9bec-4061-895c-741789c2a487,2026,2026-12-15,2.5,65,53,false
ed69e1ed-6cec-4c9d-8233-33c765257e96,796e0429-995b-450c-adab-1b28cafc3025,2023,2023-12-15,3.8,62,52,false
b52892ee-24ea-43e3-a95a-9dd1a306a286,796e0429-995b-450c-adab-1b28cafc3025,2024,2024-12-15,2.8,61,24,false
5de60011-8b55-471f-a12b-1cbb571c1cf2,796e0429-995b-450c-adab-1b28cafc3025,2025,2025-12-15,3.1,62,25,false
807f2932-b810-4b16-bf0c-5445800b643a,796e0429-995b-450c-adab-1b28cafc3025,2026,2026-12-15,2.6,88,36,false
6af0a1ae-1276-41d4-9181-290b8f0a397c,dca44805-44b0-4a77-aaf7-0737e193bc50,2024,2024-12-15,4.9,77,36,false
156cd122-087a-4879-be11-8bec7f4c789e,dca44805-44b0-4a77-aaf7-0737e193bc50,2025,2025-12-15,3.8,74,49,false
2a2106ff-500c-4145-b4d3-3ef2831fc30c,dca44805-44b0-4a77-aaf7-0737e193bc50,2026,2026-12-15,2.4,95,33,false
72716ad7-8464-4c9b-a9e9-12fd11449c7f,e51631cf-9308-4ea8-b472-c767c11e3cfb,2022,2022-12-15,4.1,83,28,false
5453f6c7-c76a-4a78-aaf2-c153dadea0fe,e51631cf-9308-4ea8-b472-c767c11e3cfb,2023,2023-12-15,3.5,67,51,false
7b890fcf-2200-4369-900f-4499ff1315ab,e51631cf-9308-4ea8-b472-c767c11e3cfb,2024,2024-12-15,3.3,95,28,false
f7beead2-81f9-403c-b457-08788d6044f1,e51631cf-9308-4ea8-b472-c767c11e3cfb,2025,2025-12-15,3.8,94,29,false
979ec805-04f6-4178-a86b-3c50fee90869,e51631cf-9308-4ea8-b472-c767c11e3cfb,2026,2026-12-15,2.6,96,21,false
eed6f041-6644-40f3-b637-934d00bc92be,bde3608e-5ea2-440d-95d5-fd9a115055e9,2019,2019-12-15,4.4,80,60,false
2172aa5d-6cf2-46f9-a794-e6a2a7d0a6bf,bde3608e-5ea2-440d-95d5-fd9a115055e9,2020,2020-12-15,2.3,76,16,false
026dfd25-ac64-4ed3-8e8d-55ac9433818c,bde3608e-5ea2-440d-95d5-fd9a115055e9,2021,2021-12-15,4.3,89,24,false
ae266a6e-8adf-41f6-9250-a6acaf74cb45,bde3608e-5ea2-440d-95d5-fd9a115055e9,2022,2022-12-15,2.5,91,50,false
78e98878-88f1-45ca-9061-9bfe1e5f3332,bde3608e-5ea2-440d-95d5-fd9a115055e9,2023,2023-12-15,4.3,63,52,false
dd7c2c75-10c1-4750-ac46-48049fc0ebd0,bde3608e-5ea2-440d-95d5-fd9a115055e9,2024,2024-12-15,3.2,79,28,false
2f50afa6-861e-4cec-97a4-36cd9506a6ea,bde3608e-5ea2-440d-95d5-fd9a115055e9,2025,2025-12-15,2.3,69,56,false
2288963d-49e8-4062-bd6d-465aefc02d35,bde3608e-5ea2-440d-95d5-fd9a115055e9,2026,2026-12-15,4.7,76,39,false
c4c3dfe7-90b9-46d2-bc82-80238832fa86,9986cd52-64b0-45eb-9fc3-61918b9944cf,2018,2018-12-15,3.3,99,43,false
e124a0fc-79aa-436b-9b72-bcfb23214cd3,9986cd52-64b0-45eb-9fc3-61918b9944cf,2019,2019-12-15,3,85,51,false
48bdc0c6-45ce-4e70-8d01-704e6045cc85,9986cd52-64b0-45eb-9fc3-61918b9944cf,2020,2020-12-15,3.1,86,52,false
dae92e79-627e-4b75-b2a4-74a51122afb8,9986cd52-64b0-45eb-9fc3-61918b9944cf,2021,2021-12-15,4.6,72,33,false
376ad5b5-fe21-4449-adaf-712b44461fae,9986cd52-64b0-45eb-9fc3-61918b9944cf,2022,2022-12-15,2.1,74,41,false
08229ca1-bc68-4cfd-867f-0c7a6400bee6,9986cd52-64b0-45eb-9fc3-61918b9944cf,2023,2023-12-15,4.9,88,40,true
11efc1ec-4031-4948-b512-8904bc06e080,9986cd52-64b0-45eb-9fc3-61918b9944cf,2024,2024-12-15,3.4,60,23,false
7dee7134-5b51-4a0c-b601-30b44f0fb74d,9986cd52-64b0-45eb-9fc3-61918b9944cf,2025,2025-12-15,3.3,67,27,false
598412b0-99b1-4e67-a937-345a55ee700c,9986cd52-64b0-45eb-9fc3-61918b9944cf,2026,2026-12-15,3.1,75,38,false
afe1786c-df4b-474d-bd9c-3faa9d162480,92a986d1-6f50-4af5-ba9f-6fdf282ed3c9,2022,2022-12-15,4.6,98,54,false
601e7e9d-33a3-4028-a940-c74bdf7dfb68,92a986d1-6f50-4af5-ba9f-6fdf282ed3c9,2023,2023-12-15,4.8,75,25,true
c04f1abb-8c23-45d2-866d-ddbe830369e8,92a986d1-6f50-4af5-ba9f-6fdf282ed3c9,2024,2024-12-15,4.2,66,12,false
abd69418-6788-4187-819d-ee6858bf9ee5,92a986d1-6f50-4af5-ba9f-6fdf282ed3c9,2025,2025-12-15,3.2,95,51,false
c3392cbb-1ccf-4289-8c58-5743b167782e,92a986d1-6f50-4af5-ba9f-6fdf282ed3c9,2026,2026-12-15,4.9,99,22,false
9c65e0bd-79a8-49a4-b2bc-772fa5805ef7,0c75ba51-d93c-4a81-ac06-b659c33d008f,2020,2020-12-15,4.3,64,36,false
448919b7-913b-47b6-bf7b-f166d4e76ade,0c75ba51-d93c-4a81-ac06-b659c33d008f,2021,2021-12-15,4.7,60,47,false
011a40eb-eaf1-41a4-bbd8-4280480e5487,0c75ba51-d93c-4a81-ac06-b659c33d008f,2022,2022-12-15,3.8,88,52,false
c340247f-536a-4644-a70e-f97011926e77,0c75ba51-d93c-4a81-ac06-b659c33d008f,2023,2023-12-15,2.1,75,31,false
e7cd6acc-577e-490f-892c-0635844ebacc,0c75ba51-d93c-4a81-ac06-b659c33d008f,2024,2024-12-15,3.1,91,24,false
2cd3178f-981b-46a0-aeb4-63893ef2f5c5,0c75ba51-d93c-4a81-ac06-b659c33d008f,2025,2025-12-15,2.3,88,50,false
f7d1b670-6ca7-44b3-bec4-431420855e0e,0c75ba51-d93c-4a81-ac06-b659c33d008f,2026,2026-12-15,3.2,86,21,false
87f0ee63-616f-4040-af0f-9ac6cca74235,d5bbae0b-f39f-4e92-8297-a44e20bbf5a2,2024,2024-12-15,4.2,67,46,false
a34420c2-d84f-4e87-86e4-884789c79a59,d5bbae0b-f39f-4e92-8297-a44e20bbf5a2,2025,2025-12-15,4.4,64,17,false
8ca6c371-92b6-4a99-aad8-46c9d17bedeb,d5bbae0b-f39f-4e92-8297-a44e20bbf5a2,2026,2026-12-15,2.8,82,25,false
4e20e4a4-ace3-4282-98f7-8535798d356d,7f2cc4eb-dbed-4a9c-806c-13c0f57a8ad2,2022,2022-12-15,4.8,98,58,true
f95d0b74-2e9c-4b47-aca9-1ddad53af23b,7f2cc4eb-dbed-4a9c-806c-13c0f57a8ad2,2023,2023-12-15,2.4,80,12,false
166c9e6b-b668-4c66-b009-a6b00a3c936b,7f2cc4eb-dbed-4a9c-806c-13c0f57a8ad2,2024,2024-12-15,3.1,84,52,false
92a718d4-0c88-4903-ae94-a287b09b4555,7f2cc4eb-dbed-4a9c-806c-13c0f57a8ad2,2025,2025-12-15,3.7,83,28,false
3a2a06cd-06e5-42ac-8a4b-7fda2512caed,7f2cc4eb-dbed-4a9c-806c-13c0f57a8ad2,2026,2026-12-15,4.1,66,41,false
081406ce-37b6-4160-9830-7014b2403214,ddf3eb62-90b6-4c34-8f84-324b19df8299,2024,2024-12-15,4.3,67,57,false
256c1269-584c-4338-af64-ad9a41ab72a9,ddf3eb62-90b6-4c34-8f84-324b19df8299,2025,2025-12-15,2.7,96,14,false
65aa7f47-6830-45e3-8550-4c02e2a58747,ddf3eb62-90b6-4c34-8f84-324b19df8299,2026,2026-12-15,3.3,82,11,false
429c04e8-47bf-44f2-8f99-9973fa253be6,3affac3e-2578-4ba1-ac36-5bd590a07648,2024,2024-12-15,2.2,80,40,false
8cda4f28-9f05-434c-a0d6-5d456ef7a161,3affac3e-2578-4ba1-ac36-5bd590a07648,2025,2025-12-15,2.2,79,46,false
34650c50-b1da-430b-b6b3-b08e4885aa51,3affac3e-2578-4ba1-ac36-5bd590a07648,2026,2026-12-15,4.8,76,48,false
c8be03a6-5e36-42a3-b470-3b64975e81ac,6a30e75a-f20b-478f-b545-2b401ca8b3df,2021,2021-12-15,2.9,91,30,false
d6619f04-8015-44a1-b461-d13ad0ef0af0,6a30e75a-f20b-478f-b545-2b401ca8b3df,2022,2022-12-15,4.3,82,49,false
e0553fae-704e-46c9-a852-b69dd675e4c3,6a30e75a-f20b-478f-b545-2b401ca8b3df,2023,2023-12-15,3.6,68,54,false
7adc789c-6e04-4ecd-9bdc-289e8b7453f0,6a30e75a-f20b-478f-b545-2b401ca8b3df,2024,2024-12-15,4,91,59,false
2f97c079-67db-452f-a95d-3016b906bd7e,6a30e75a-f20b-478f-b545-2b401ca8b3df,2025,2025-12-15,3.2,68,50,false
8bbc8c40-01d6-4388-b949-b80902965926,6a30e75a-f20b-478f-b545-2b401ca8b3df,2026,2026-12-15,2.4,71,47,false
a8060824-99bb-4a35-8b85-2ff6f457288d,4cd8d076-abe5-4dbe-b262-bbf448175144,2020,2020-12-15,4.2,69,56,false
996eff2d-0a1c-41f5-bf95-b500ce97ac02,4cd8d076-abe5-4dbe-b262-bbf448175144,2021,2021-12-15,3.8,78,44,false
6b158cdf-d654-4505-ba1c-b87d9497d9f2,4cd8d076-abe5-4dbe-b262-bbf448175144,2022,2022-12-15,4.4,78,32,false
b8fe73cb-58df-4529-92ae-3ddb573c3bbb,4cd8d076-abe5-4dbe-b262-bbf448175144,2023,2023-12-15,3.2,77,15,false
6a10845a-738b-4fc4-8039-b0f7ffae0f2a,4cd8d076-abe5-4dbe-b262-bbf448175144,2024,2024-12-15,2.5,85,43,false
328e5389-245b-47ee-8c6c-0bab73504b97,4cd8d076-abe5-4dbe-b262-bbf448175144,2025,2025-12-15,4.7,95,37,true
eb81058e-032a-45a1-9f29-cdc18aa437eb,4cd8d076-abe5-4dbe-b262-bbf448175144,2026,2026-12-15,4.9,97,26,false
5c696f12-124d-44ad-87f0-77bb978fe5a7,801b2cfb-4bcd-491f-a149-9bacae60561c,2024,2024-12-15,3.6,88,12,false
18719ce8-7e11-45e0-b9d8-e9bceb73e50e,801b2cfb-4bcd-491f-a149-9bacae60561c,2025,2025-12-15,3.8,81,44,false
705dc599-0eaf-4aa9-967e-b6cfb4766adc,801b2cfb-4bcd-491f-a149-9bacae60561c,2026,2026-12-15,4.3,96,32,false
b26b5a45-4b1c-4af5-a1a1-6ba21b043d00,0485a9cc-c4c4-4738-bb60-b6639ad97c66,2018,2018-12-15,4.1,86,40,false
947156ac-cc2a-4abc-8b06-836be9e114ec,0485a9cc-c4c4-4738-bb60-b6639ad97c66,2019,2019-12-15,4.9,61,42,false
bb747d57-db7a-4ed3-907c-6e6a1101d298,0485a9cc-c4c4-4738-bb60-b6639ad97c66,2020,2020-12-15,2.7,78,60,false
8042074d-2f4f-4ed8-b828-28827bd410d9,0485a9cc-c4c4-4738-bb60-b6639ad97c66,2021,2021-12-15,4.5,88,33,false
12f3c980-8878-44ad-8cd7-ae0250789190,0485a9cc-c4c4-4738-bb60-b6639ad97c66,2022,2022-12-15,4.3,100,11,false
30e9d6f0-f42a-4988-a339-0ed17a1a9327,0485a9cc-c4c4-4738-bb60-b6639ad97c66,2023,2023-12-15,2.6,89,23,false
2e6f19c3-16e5-42f7-a5dc-a2eb8657ce1c,0485a9cc-c4c4-4738-bb60-b6639ad97c66,2024,2024-12-15,4.7,91,52,false
4eee92be-1936-4e12-ba54-7089bb2f1b85,0485a9cc-c4c4-4738-bb60-b6639ad97c66,2025,2025-12-15,4,65,51,false
5eee6d0f-db99-4886-9229-8cf2f88d7052,0485a9cc-c4c4-4738-bb60-b6639ad97c66,2026,2026-12-15,2.4,93,45,false
b0a91138-5bca-4e17-bdf6-159181f43dad,4f5a3934-b6fd-47eb-ab9a-f3abbf415dc5,2020,2020-12-15,2.3,85,37,false
cfb270e7-3b29-45bb-b262-63600ac83eed,4f5a3934-b6fd-47eb-ab9a-f3abbf415dc5,2021,2021-12-15,2.8,68,58,false
1f39a29b-33e5-4398-9526-b579190481c8,4f5a3934-b6fd-47eb-ab9a-f3abbf415dc5,2022,2022-12-15,2.6,96,19,false
f745be5c-3205-489d-bb6b-a0ba72bdd9c9,4f5a3934-b6fd-47eb-ab9a-f3abbf415dc5,2023,2023-12-15,3.1,95,59,false
bbfda40a-7ecb-4514-985a-0f185401f1d6,4f5a3934-b6fd-47eb-ab9a-f3abbf415dc5,2024,2024-12-15,4.9,96,35,true
e4f3091c-8119-40e1-9348-5144295e4f63,4f5a3934-b6fd-47eb-ab9a-f3abbf415dc5,2025,2025-12-15,4.9,76,46,false
2db0e493-6a77-4a23-8e4d-ec48f2e218a6,4f5a3934-b6fd-47eb-ab9a-f3abbf415dc5,2026,2026-12-15,3.7,65,18,false
c57cdbd0-43d9-4570-8542-bb3cbd15d3af,14d62a82-1f69-4bd0-972d-5171ee409ca9,2017,2017-12-15,2.1,97,35,false
05226ba8-81ea-49a9-a219-cc01aea00af0,14d62a82-1f69-4bd0-972d-5171ee409ca9,2018,2018-12-15,4,87,21,false
6bc15f37-7778-47c7-80b3-f0afc0f47cee,14d62a82-1f69-4bd0-972d-5171ee409ca9,2019,2019-12-15,3,95,54,false
326ae334-db5c-4b34-85bc-9b0e6e4e082c,14d62a82-1f69-4bd0-972d-5171ee409ca9,2020,2020-12-15,4.7,64,41,true
5d5352f7-4fb5-4e0f-ae17-46a0a0e30f82,14d62a82-1f69-4bd0-972d-5171ee409ca9,2021,2021-12-15,3.1,67,11,false
069ed172-7b59-4623-bfbe-560fdb80073c,14d62a82-1f69-4bd0-972d-5171ee409ca9,2022,2022-12-15,2.3,80,27,false
bcc5bc0c-96b7-4e73-9f3c-d0609fbc6756,14d62a82-1f69-4bd0-972d-5171ee409ca9,2023,2023-12-15,3.3,86,13,false
01922fb4-31cf-4f19-9eca-da24fd04dd31,14d62a82-1f69-4bd0-972d-5171ee409ca9,2024,2024-12-15,4.2,79,49,false
26c606e8-73c5-4e48-9e5c-f8eb4eb19cc1,14d62a82-1f69-4bd0-972d-5171ee409ca9,2025,2025-12-15,4,84,50,false
846e26fd-21a7-4664-95b8-c53bab1543e4,14d62a82-1f69-4bd0-972d-5171ee409ca9,2026,2026-12-15,4.9,100,23,true
0e0baee5-a196-43f9-9982-a10f29ba7cd3,5f571e5c-3906-4785-9056-cff3151f260d,2020,2020-12-15,2.1,87,46,false
10752537-d051-46b8-b48d-f3d4f1d90230,5f571e5c-3906-4785-9056-cff3151f260d,2021,2021-12-15,3.1,68,47,false
9681c915-81f2-439f-b806-8e23104f6898,5f571e5c-3906-4785-9056-cff3151f260d,2022,2022-12-15,4.5,91,60,true
48799ca5-759e-4023-9b84-75cac3bded8c,5f571e5c-3906-4785-9056-cff3151f260d,2023,2023-12-15,4,77,36,false
0729a4e9-2dd1-4a79-8b9f-dcc853e71955,5f571e5c-3906-4785-9056-cff3151f260d,2024,2024-12-15,3.1,92,29,false
a72c9239-7b15-42df-88bb-156eb783b523,5f571e5c-3906-4785-9056-cff3151f260d,2025,2025-12-15,4.5,95,43,true
cf72f21e-e780-497b-a970-906488e12ac9,5f571e5c-3906-4785-9056-cff3151f260d,2026,2026-12-15,2.4,86,26,false
aa9f202e-4dfe-4a3d-8d94-60406bda03ae,03797b76-30cb-4436-adb7-3ffe929f9f7c,2024,2024-12-15,3,98,12,false
66968e1a-2ddd-4e93-a30f-48cc2721c458,03797b76-30cb-4436-adb7-3ffe929f9f7c,2025,2025-12-15,2.3,91,10,false
28159ad5-d004-419d-8778-92808a217d51,03797b76-30cb-4436-adb7-3ffe929f9f7c,2026,2026-12-15,3.7,69,20,false
7612bec5-fe09-4606-a57c-d7c6ea827f4c,a1318682-7d4c-439b-ac05-3df33d1f6ec5,2021,2021-12-15,2.2,99,15,false
6628da15-8f56-4935-8630-765acfdedcb5,a1318682-7d4c-439b-ac05-3df33d1f6ec5,2022,2022-12-15,2.4,61,53,false
9a88c166-d1fc-46dd-8dff-5b56751531e7,a1318682-7d4c-439b-ac05-3df33d1f6ec5,2023,2023-12-15,3.8,78,14,false
b4d82f8d-ccca-4383-8417-aa9bc37b5c54,a1318682-7d4c-439b-ac05-3df33d1f6ec5,2024,2024-12-15,2.8,62,52,false
a4137b24-ceb1-4bc1-8c56-7b7d166ea059,a1318682-7d4c-439b-ac05-3df33d1f6ec5,2025,2025-12-15,3,60,54,false
2c7000df-8ae0-4723-a930-f9e20db3644d,a1318682-7d4c-439b-ac05-3df33d1f6ec5,2026,2026-12-15,3.8,71,19,false
e713b9f0-cc7c-4de9-aebe-80a559f834d4,7c4c6f56-fd94-46b1-b573-ebdad9fdb6ed,2019,2019-12-15,4.9,68,47,false
73b352e1-5533-4ab9-98d0-3e58609f6f88,7c4c6f56-fd94-46b1-b573-ebdad9fdb6ed,2020,2020-12-15,2.3,97,17,false
0ac890ac-75f1-4d46-88cb-9b3d0be4b807,7c4c6f56-fd94-46b1-b573-ebdad9fdb6ed,2021,2021-12-15,3.2,82,32,false
5c484268-867e-4b1d-b6f0-84f30f902087,7c4c6f56-fd94-46b1-b573-ebdad9fdb6ed,2022,2022-12-15,2,67,54,false
a4fed52a-8f0e-4598-83b0-643314b3663f,7c4c6f56-fd94-46b1-b573-ebdad9fdb6ed,2023,2023-12-15,4.9,63,40,true
4da2bb9a-d838-4de1-90e2-cc697db457ad,7c4c6f56-fd94-46b1-b573-ebdad9fdb6ed,2024,2024-12-15,4.9,100,19,false
8132b5d4-fefa-4620-ab8c-ab928c36cffc,7c4c6f56-fd94-46b1-b573-ebdad9fdb6ed,2025,2025-12-15,4.6,99,50,true
e45be389-26cd-40bd-a626-7074655ba686,7c4c6f56-fd94-46b1-b573-ebdad9fdb6ed,2026,2026-12-15,4.8,92,47,true
77986afe-fb22-44e7-ae63-70335840d4de,2bc5c1c7-f8c8-4dd3-8cb4-0d495800cf4f,2019,2019-12-15,3.3,77,26,false
f02f1f92-38e2-4c88-b89d-c3f6d7ae7dd6,2bc5c1c7-f8c8-4dd3-8cb4-0d495800cf4f,2020,2020-12-15,4,98,41,false
7ceadd93-3274-4e9f-9d6e-f43c2f1bb251,2bc5c1c7-f8c8-4dd3-8cb4-0d495800cf4f,2021,2021-12-15,3.4,72,55,false
f336c1db-94f3-44b4-b77b-7f5eeb1587a5,2bc5c1c7-f8c8-4dd3-8cb4-0d495800cf4f,2022,2022-12-15,2.9,95,19,false
a1374885-467f-42cb-b25c-5b44ab8e20f5,2bc5c1c7-f8c8-4dd3-8cb4-0d495800cf4f,2023,2023-12-15,3.2,93,58,false
28e471a7-069c-4eae-a6f6-b1f9f39b63c7,2bc5c1c7-f8c8-4dd3-8cb4-0d495800cf4f,2024,2024-12-15,4.7,100,24,true
ac18a790-3d6e-4b97-a943-02049936ab4c,2bc5c1c7-f8c8-4dd3-8cb4-0d495800cf4f,2025,2025-12-15,3.9,86,11,false
c0f3a19c-ce7b-440b-afc7-1d1c4a8ab88f,2bc5c1c7-f8c8-4dd3-8cb4-0d495800cf4f,2026,2026-12-15,4.4,94,53,false
d7d1466a-5cf8-4bde-8720-bcdc3e94729b,13a67177-e073-46d4-8e76-dfb4db0dad81,2016,2016-12-15,3,96,44,false
df9002c6-6e96-4e83-a2a9-95c60d1123eb,13a67177-e073-46d4-8e76-dfb4db0dad81,2017,2017-12-15,2.2,99,49,false
11c47592-210e-4d45-b3ea-63df6cd5c54c,13a67177-e073-46d4-8e76-dfb4db0dad81,2018,2018-12-15,3.8,99,15,false
10f366c0-308e-44c7-85c2-9c395d369cca,13a67177-e073-46d4-8e76-dfb4db0dad81,2019,2019-12-15,2.9,86,51,false
be56cb17-85fe-4ff5-a144-ac7ae1f7b630,13a67177-e073-46d4-8e76-dfb4db0dad81,2020,2020-12-15,2.1,83,53,false
700a3863-15a6-4b22-b651-8ccabc0a9ae5,13a67177-e073-46d4-8e76-dfb4db0dad81,2021,2021-12-15,3.5,73,27,false
23ad9996-85ba-47b7-9b34-0db3282fa4a6,13a67177-e073-46d4-8e76-dfb4db0dad81,2022,2022-12-15,4.5,77,17,true
c60b06fb-7706-4570-a492-4fd9571315ad,13a67177-e073-46d4-8e76-dfb4db0dad81,2023,2023-12-15,4.8,73,56,false
f6f0426e-dc34-4a6c-a793-33fe60f907be,13a67177-e073-46d4-8e76-dfb4db0dad81,2024,2024-12-15,3.1,97,23,false
b7682e66-aa78-45e0-9d32-c013482689c5,13a67177-e073-46d4-8e76-dfb4db0dad81,2025,2025-12-15,3.6,64,16,false
4be876b3-8ffc-473a-90c1-56ee62d75a3a,13a67177-e073-46d4-8e76-dfb4db0dad81,2026,2026-12-15,3.4,68,30,false
0daa6e9f-342d-4fed-b35d-63fabb7ba832,17d812af-66f7-4302-800a-b2ace260ac4d,2024,2024-12-15,2.3,72,36,false
aa0f8672-c2d5-4f84-9300-b447b5d360a3,17d812af-66f7-4302-800a-b2ace260ac4d,2025,2025-12-15,3.5,100,12,false
42a0332e-6a60-4dd0-bd8a-402f8beb399a,17d812af-66f7-4302-800a-b2ace260ac4d,2026,2026-12-15,4.3,64,54,false
a81bd4a2-ee8d-4914-8cc4-57fc4d0dd242,93d662b6-4ca5-4de1-82a9-735d1dda3c60,2026,2026-12-15,4.4,100,25,false
f77cb8a1-88c0-4f33-ab29-87099d7e5dc8,2012b0de-fb43-49a5-8afb-1f88f45cb098,2018,2018-12-15,4.8,75,22,false
877d8e3a-b373-4e52-b63c-5e8440f6663f,2012b0de-fb43-49a5-8afb-1f88f45cb098,2019,2019-12-15,4.2,95,26,false
c9856280-a74a-4f52-b6f1-855c7acb4d12,2012b0de-fb43-49a5-8afb-1f88f45cb098,2020,2020-12-15,4.4,98,39,false
40186ac4-9895-4fdb-9bf1-0fbf40730598,2012b0de-fb43-49a5-8afb-1f88f45cb098,2021,2021-12-15,2.1,96,57,false
ebad510a-8df8-4bed-9e6b-b6ef1eabdf3e,2012b0de-fb43-49a5-8afb-1f88f45cb098,2022,2022-12-15,4,81,29,false
a3e627e1-d9f6-4035-b4a9-dfd7c6ddbec8,2012b0de-fb43-49a5-8afb-1f88f45cb098,2023,2023-12-15,4.8,89,23,false
ac12adb9-5c5e-4a20-b966-3ba9ac9f785f,2012b0de-fb43-49a5-8afb-1f88f45cb098,2024,2024-12-15,3.6,76,47,false
bd0fc01d-8411-48b8-9b64-b1975821ab39,2012b0de-fb43-49a5-8afb-1f88f45cb098,2025,2025-12-15,2.8,64,25,false
9c16ca43-b5f3-4168-83f6-46dc81a9d936,2012b0de-fb43-49a5-8afb-1f88f45cb098,2026,2026-12-15,4.3,64,28,false
4b49d110-882e-4cbb-bf3c-e61043127642,2862e575-02a4-4a54-b3e9-708ba50c7772,2024,2024-12-15,3.6,62,26,false
64186916-fd9a-4bac-af8a-25d930c6a8e6,2862e575-02a4-4a54-b3e9-708ba50c7772,2025,2025-12-15,2.2,98,36,false
1ad0937e-d40c-419a-915b-c70779279f95,2862e575-02a4-4a54-b3e9-708ba50c7772,2026,2026-12-15,3.9,78,13,false
dda539aa-cf62-4416-956a-5932ebf4815a,3dd364a4-5734-4dcd-9a0b-607de8475acd,2018,2018-12-15,3.7,61,56,false
cae3db0f-0af1-4860-be61-31c0e48c7297,3dd364a4-5734-4dcd-9a0b-607de8475acd,2019,2019-12-15,2.3,75,16,false
3173b173-bceb-4023-bd43-7273cb33b5a5,3dd364a4-5734-4dcd-9a0b-607de8475acd,2020,2020-12-15,3.6,84,50,false
ded366f5-7ea5-4102-9e54-e8da2065b1fa,3dd364a4-5734-4dcd-9a0b-607de8475acd,2021,2021-12-15,3.8,69,13,false
303b4663-7252-4b07-9be8-97744ff99fda,3dd364a4-5734-4dcd-9a0b-607de8475acd,2022,2022-12-15,4.1,60,44,false
48c7569d-8187-4142-aba1-aeef78e00660,3dd364a4-5734-4dcd-9a0b-607de8475acd,2023,2023-12-15,4.6,81,24,false
6c3f6fdf-f43a-44b7-b1c7-feca70e084ee,3dd364a4-5734-4dcd-9a0b-607de8475acd,2024,2024-12-15,2.3,91,46,false
be3e51b7-d687-4083-918e-abedd51a18d5,3dd364a4-5734-4dcd-9a0b-607de8475acd,2025,2025-12-15,3.9,77,16,false
45ad5050-eeda-432d-ba06-f989a37849ea,3dd364a4-5734-4dcd-9a0b-607de8475acd,2026,2026-12-15,2.1,61,10,false
151dbc72-0b53-4cee-b30c-81b20f302abf,4449119f-286a-4ffe-95b0-0e05059bf99d,2020,2020-12-15,4.2,90,53,false
9efe05c1-00f1-444a-a8ec-dde14a870128,4449119f-286a-4ffe-95b0-0e05059bf99d,2021,2021-12-15,4.7,98,44,false
f05052ad-8bde-4257-833c-da526deb71ae,4449119f-286a-4ffe-95b0-0e05059bf99d,2022,2022-12-15,4.2,87,16,false
c83d0c38-b6ed-4699-b944-25c4e192a881,4449119f-286a-4ffe-95b0-0e05059bf99d,2023,2023-12-15,4.9,68,56,true
8c93e276-91f3-4ee8-b195-6760c96dac40,4449119f-286a-4ffe-95b0-0e05059bf99d,2024,2024-12-15,4.6,77,22,false
dafe09ef-df28-437e-af0a-64fba2a25aa3,4449119f-286a-4ffe-95b0-0e05059bf99d,2025,2025-12-15,2.4,91,26,false
a46c3f6e-3b2c-4e0e-860a-f577b8561eae,4449119f-286a-4ffe-95b0-0e05059bf99d,2026,2026-12-15,5,60,37,false
a46494fb-6a70-41c8-9bf3-1a7b29a15edd,be509138-3163-4944-9803-301834141007,2025,2025-12-15,2.3,72,29,false
28e6fc3f-ce74-4949-86f6-66dad1274a16,be509138-3163-4944-9803-301834141007,2026,2026-12-15,4.8,76,22,false
bc5a4b60-fc26-4047-a912-ef6f6995b758,06fb6a9e-35be-4e0b-89eb-4f9c6cfccc24,2020,2020-12-15,2.1,76,24,false
dd4069b3-659c-4646-8d44-260223965bc7,06fb6a9e-35be-4e0b-89eb-4f9c6cfccc24,2021,2021-12-15,2.7,70,13,false
0ff26cd5-3236-408b-8644-de1ceaa8c9b7,06fb6a9e-35be-4e0b-89eb-4f9c6cfccc24,2022,2022-12-15,4.3,84,26,false
080b2c80-81cb-4968-bdd8-a74701da4e8c,06fb6a9e-35be-4e0b-89eb-4f9c6cfccc24,2023,2023-12-15,2.5,65,33,false
bea0492d-3e9e-489e-a21d-68aaaa6d1687,06fb6a9e-35be-4e0b-89eb-4f9c6cfccc24,2024,2024-12-15,2.2,69,32,false
59a446cf-3874-4eb3-9407-b70cc28eb145,06fb6a9e-35be-4e0b-89eb-4f9c6cfccc24,2025,2025-12-15,4.7,89,36,false
67e18219-c270-4214-a847-d41bcbbe02e8,06fb6a9e-35be-4e0b-89eb-4f9c6cfccc24,2026,2026-12-15,4.8,70,16,true
3d715878-b426-407d-8501-44f4b9459301,08db2da4-e542-4ee4-94eb-3a93c37bb289,2022,2022-12-15,4.5,71,53,false
acc89115-e8d9-447f-a9ab-a3bf9112bd3e,08db2da4-e542-4ee4-94eb-3a93c37bb289,2023,2023-12-15,4.2,92,29,false
dfbb4153-a92d-47ab-b4cf-1e15fa153dd1,08db2da4-e542-4ee4-94eb-3a93c37bb289,2024,2024-12-15,2.3,65,52,false
9284b5b9-71bf-42cf-9a06-6e4a5b49176d,08db2da4-e542-4ee4-94eb-3a93c37bb289,2025,2025-12-15,2.3,77,31,false
561a3d0a-c0b3-4729-a30d-dab8ed109bea,08db2da4-e542-4ee4-94eb-3a93c37bb289,2026,2026-12-15,2.5,63,14,false
5ec33839-1fb2-4712-b8df-116bbf7f286d,1ba05307-5caf-443a-a581-a70f88a6364d,2017,2017-12-15,3.9,89,49,false
1af73e44-f4b1-49c8-a171-24d6ab1d2960,1ba05307-5caf-443a-a581-a70f88a6364d,2018,2018-12-15,3,70,24,false
4545bb82-6a7a-4c9f-9abe-9b1c501dee6b,1ba05307-5caf-443a-a581-a70f88a6364d,2019,2019-12-15,2.4,90,31,false
80d06bc7-8e42-45b7-a4b7-4dbcb3d81ba7,1ba05307-5caf-443a-a581-a70f88a6364d,2020,2020-12-15,2.9,81,41,false
b6c5994d-8e70-426b-a4df-cc0ed63855ff,1ba05307-5caf-443a-a581-a70f88a6364d,2021,2021-12-15,4.5,100,40,false
9fe2e1f9-b193-400f-9248-0430d05c32ce,1ba05307-5caf-443a-a581-a70f88a6364d,2022,2022-12-15,2.1,70,57,false
804293ea-1c23-4302-a041-9d6c610df15e,1ba05307-5caf-443a-a581-a70f88a6364d,2023,2023-12-15,2.3,75,52,false
3fa96460-1cb4-4a2a-8a57-67186056aa58,1ba05307-5caf-443a-a581-a70f88a6364d,2024,2024-12-15,4.6,72,33,false
85cdab38-3232-4fac-a3ff-4357a949568d,1ba05307-5caf-443a-a581-a70f88a6364d,2025,2025-12-15,2.3,74,40,false
d43545f6-cccc-49d9-ad86-535d5d848a41,1ba05307-5caf-443a-a581-a70f88a6364d,2026,2026-12-15,3,75,10,false
a13914ca-035d-4e0d-bf77-1bc44224219f,a69c137e-c9e7-4afa-9a37-49a160f5bdb4,2024,2024-12-15,3.2,85,38,false
424fc740-4174-4727-ac08-93034a7ec032,a69c137e-c9e7-4afa-9a37-49a160f5bdb4,2025,2025-12-15,3,95,13,false
93e60dff-c030-4126-920c-b33e868d4520,a69c137e-c9e7-4afa-9a37-49a160f5bdb4,2026,2026-12-15,3,69,40,false
550f807b-bdb5-4e2b-b8aa-c6e4b0cb4a9a,6ca9ad67-edae-4731-adc1-0d6444722d3d,2026,2026-12-15,3.8,85,36,false
63c54bea-3889-4132-9994-54dfd525caea,86ebe00b-bac8-421a-a841-f00b6404acb7,2025,2025-12-15,4,93,59,false
0fe7e7c8-5911-4bda-ba92-64813435cf5e,86ebe00b-bac8-421a-a841-f00b6404acb7,2026,2026-12-15,4.2,67,55,false
278a3d4b-2a1d-4761-88cf-5c4d43672b76,5cb6e36a-4371-4bc3-99bb-f239c1fbce3e,2024,2024-12-15,4.3,66,52,false
46c54d68-35f9-44a7-97c8-dbf7085089fe,5cb6e36a-4371-4bc3-99bb-f239c1fbce3e,2025,2025-12-15,2.1,78,33,false
f3d09f71-bc7f-4c58-a9fa-5ed9960cbffa,5cb6e36a-4371-4bc3-99bb-f239c1fbce3e,2026,2026-12-15,2.3,62,29,false
ae031f0c-9493-4468-9aba-3f79a428e954,67a131a5-b2b0-41c1-83eb-9874e75492dd,2021,2021-12-15,3.3,99,21,false
d73c339c-935b-4bba-aa06-cac97b72a791,67a131a5-b2b0-41c1-83eb-9874e75492dd,2022,2022-12-15,2.3,65,43,false
8e2395bc-edcd-495b-8234-73c4e864ccf2,67a131a5-b2b0-41c1-83eb-9874e75492dd,2023,2023-12-15,5,93,51,true
dcb522a8-f7ab-4f9f-bbf6-1ab2882c4b0b,67a131a5-b2b0-41c1-83eb-9874e75492dd,2024,2024-12-15,2.3,94,48,false
e52bad02-300f-4e8b-828c-7a4cd38c894e,67a131a5-b2b0-41c1-83eb-9874e75492dd,2025,2025-12-15,4.5,83,20,false
0db8c6e5-d871-4fc7-9ad2-86a6e6113661,67a131a5-b2b0-41c1-83eb-9874e75492dd,2026,2026-12-15,4.2,94,58,false
a6646561-a6fd-4081-929d-0fa5ccfc6ccb,33e06bf9-b0e5-4b3b-8016-5ee26d868eb7,2022,2022-12-15,4.6,64,27,false
76ec5709-4009-40d7-b628-a5df112a4e0e,33e06bf9-b0e5-4b3b-8016-5ee26d868eb7,2023,2023-12-15,2.5,85,29,false
b9244b9e-7f0f-4b3d-a4be-4ec0f57ec7c6,33e06bf9-b0e5-4b3b-8016-5ee26d868eb7,2024,2024-12-15,4.7,98,29,false
e425288f-f9f0-4fc7-8eff-7a3be24dff84,33e06bf9-b0e5-4b3b-8016-5ee26d868eb7,2025,2025-12-15,2.6,82,36,false
3e7a667a-b057-4cf5-9761-980c018a8870,33e06bf9-b0e5-4b3b-8016-5ee26d868eb7,2026,2026-12-15,3.3,64,34,false
4344b95f-bf8a-4855-adff-b0478d0de94a,c3693754-7f9b-42fd-af40-5d54945ac8e5,2024,2024-12-15,3.8,74,48,false
f3d901b1-9bb8-4859-b746-25418ac429dd,c3693754-7f9b-42fd-af40-5d54945ac8e5,2025,2025-12-15,3.5,82,40,false
2cdb9c16-e8b5-4c03-94ff-5578c6e5c0bc,c3693754-7f9b-42fd-af40-5d54945ac8e5,2026,2026-12-15,3.1,94,26,false
ee5092b4-1808-46da-9bcc-c2773ed52d93,c36b8fbe-0e9a-4a2a-a7ff-636b2fd86998,2018,2018-12-15,4.4,66,25,false
f5334db6-ab71-45cf-87fd-c280011a66ba,c36b8fbe-0e9a-4a2a-a7ff-636b2fd86998,2019,2019-12-15,2.8,69,36,false
6f2f0a3c-2fca-4f5b-96e5-175fa6a86ac7,c36b8fbe-0e9a-4a2a-a7ff-636b2fd86998,2020,2020-12-15,3.7,68,60,false
d2a6209e-d85c-4087-9fe6-4095fdfb884d,c36b8fbe-0e9a-4a2a-a7ff-636b2fd86998,2021,2021-12-15,3.8,61,26,false
a4ac172f-32b7-44ed-a07d-3ae6e475978e,c36b8fbe-0e9a-4a2a-a7ff-636b2fd86998,2022,2022-12-15,4.3,76,39,false
54d0d336-d3b7-4c2e-b2fe-dbeb34a0f9d0,c36b8fbe-0e9a-4a2a-a7ff-636b2fd86998,2023,2023-12-15,4.7,79,49,true
0cb8f471-948d-405e-90a0-e5a9807df541,c36b8fbe-0e9a-4a2a-a7ff-636b2fd86998,2024,2024-12-15,3.3,76,14,false
39646c3e-35b7-4685-8ddb-f251b192f004,c36b8fbe-0e9a-4a2a-a7ff-636b2fd86998,2025,2025-12-15,2,89,51,false
ae47891a-3bb1-46a5-800d-ab7b945a429f,c36b8fbe-0e9a-4a2a-a7ff-636b2fd86998,2026,2026-12-15,3,98,20,false
66529070-3cbc-4d6d-b0a6-c890efbe9ca8,6edc4538-c811-487e-9762-b5456f1d16cf,2018,2018-12-15,3.8,71,28,false
c0209b7d-0e58-48fa-9c8d-ac55cc7a11bc,6edc4538-c811-487e-9762-b5456f1d16cf,2019,2019-12-15,4.8,67,40,false
b2b46ac9-7e44-4dfa-b893-173277849987,6edc4538-c811-487e-9762-b5456f1d16cf,2020,2020-12-15,2.9,91,49,false
753eda54-60c8-49cb-88a7-fe21c8f7d46f,6edc4538-c811-487e-9762-b5456f1d16cf,2021,2021-12-15,4.5,89,55,true
58e90d28-0164-4017-80da-050d15f0a633,6edc4538-c811-487e-9762-b5456f1d16cf,2022,2022-12-15,4.2,66,11,false
277a748d-fc70-4e67-b74a-c779f1b021d6,6edc4538-c811-487e-9762-b5456f1d16cf,2023,2023-12-15,4.5,71,52,true
020076a2-648c-4950-bb5b-141bb0de54d8,6edc4538-c811-487e-9762-b5456f1d16cf,2024,2024-12-15,3.4,93,53,false
5b6dcc0d-e108-4bac-b843-7983f63985dc,6edc4538-c811-487e-9762-b5456f1d16cf,2025,2025-12-15,3.2,90,49,false
3f583620-35a9-4d53-8366-26be5f3c057c,6edc4538-c811-487e-9762-b5456f1d16cf,2026,2026-12-15,4.1,63,11,false
4226e4f7-63fe-4c4f-a535-ce6fd7d23b4a,59409e75-955a-4f0c-a333-9a5b1cca5271,2025,2025-12-15,4.1,80,47,false
25bab00a-57d6-4056-958f-cbbb3026be9d,59409e75-955a-4f0c-a333-9a5b1cca5271,2026,2026-12-15,2.3,83,13,false
50ae7de5-775c-4618-9fb1-ff3b13878680,e9cd4285-65c2-4d43-ba90-d3c964add09e,2024,2024-12-15,3.4,75,59,false
5745d1ed-c73a-4f8a-8f37-2b887e546add,e9cd4285-65c2-4d43-ba90-d3c964add09e,2025,2025-12-15,4,64,12,false
762382d5-a98c-4569-a272-150f5419df31,e9cd4285-65c2-4d43-ba90-d3c964add09e,2026,2026-12-15,2.6,94,34,false
833ebd40-2766-4d08-932f-47ca3e3488fa,d513d3d8-13f1-4471-890f-32be1cda5b89,2018,2018-12-15,4.1,69,46,false
1af2126e-5375-4fc0-92c7-249463b8db08,d513d3d8-13f1-4471-890f-32be1cda5b89,2019,2019-12-15,3.7,69,23,false
f77a80f9-290c-4171-9692-179bacd2f468,d513d3d8-13f1-4471-890f-32be1cda5b89,2020,2020-12-15,3.8,82,34,false
ef05a2a9-a59e-4009-b6fd-04e8c639c185,d513d3d8-13f1-4471-890f-32be1cda5b89,2021,2021-12-15,3.9,97,53,false
b8d6a90e-1c0c-4ae8-b738-42f6516f8d09,d513d3d8-13f1-4471-890f-32be1cda5b89,2022,2022-12-15,3.9,68,49,false
06e40f65-e9b2-457f-9012-46420ab186ee,d513d3d8-13f1-4471-890f-32be1cda5b89,2023,2023-12-15,4,75,27,false
3613b7c7-b68e-405d-bd9c-35e2b33bad7a,d513d3d8-13f1-4471-890f-32be1cda5b89,2024,2024-12-15,4.2,95,44,false
a81a834a-5e62-4789-a38a-0209bea128bc,d513d3d8-13f1-4471-890f-32be1cda5b89,2025,2025-12-15,3.5,77,17,false
9876ae84-7588-4386-8716-a962d2670b1f,d513d3d8-13f1-4471-890f-32be1cda5b89,2026,2026-12-15,2.7,61,32,false
298aa782-19eb-4409-a1c8-f47b0c63d690,eb780c23-d2cc-4f40-b884-f5cf78669fcb,2018,2018-12-15,4.3,84,53,false
184bdd36-0f32-421a-af6a-41a97559d479,eb780c23-d2cc-4f40-b884-f5cf78669fcb,2019,2019-12-15,2.5,68,26,false
1ea0c808-b3fa-4529-81f9-efb9e63df9d0,eb780c23-d2cc-4f40-b884-f5cf78669fcb,2020,2020-12-15,2.3,79,48,false
40415f2a-3935-4bd0-9b14-3fa629b32f3f,eb780c23-d2cc-4f40-b884-f5cf78669fcb,2021,2021-12-15,2.3,77,58,false
12fce837-7e31-4689-8bc2-ce44df6da38e,eb780c23-d2cc-4f40-b884-f5cf78669fcb,2022,2022-12-15,4.5,83,38,true
327af9be-6c63-4ce0-8acc-8245fca20c65,eb780c23-d2cc-4f40-b884-f5cf78669fcb,2023,2023-12-15,4.6,82,29,true
bf9ef638-f7ce-44d3-b816-db1afe6a8525,eb780c23-d2cc-4f40-b884-f5cf78669fcb,2024,2024-12-15,2.4,90,44,false
4f3e77cc-62a0-419c-af0b-b6165cb62f18,eb780c23-d2cc-4f40-b884-f5cf78669fcb,2025,2025-12-15,2.9,98,16,false
568590eb-6304-4adc-80e1-c6e52a815b9a,eb780c23-d2cc-4f40-b884-f5cf78669fcb,2026,2026-12-15,2.4,72,35,false
0037007d-950d-4f9a-acf9-7011bacfb666,a0f7abf7-6d0f-4d29-a293-0ea2c6eaa311,2021,2021-12-15,3.7,79,11,false
2be9993f-85ec-490f-8a72-f069eb02de48,a0f7abf7-6d0f-4d29-a293-0ea2c6eaa311,2022,2022-12-15,2.9,96,30,false
008413f8-b1dd-4abe-abaa-8e1f0be98a48,a0f7abf7-6d0f-4d29-a293-0ea2c6eaa311,2023,2023-12-15,3.4,65,24,false
3e8f496d-bd36-4269-8657-05d0cfead5a1,a0f7abf7-6d0f-4d29-a293-0ea2c6eaa311,2024,2024-12-15,3.1,77,14,false
fa0577b5-aa8c-4678-ad49-f712be349e3d,a0f7abf7-6d0f-4d29-a293-0ea2c6eaa311,2025,2025-12-15,2.8,100,25,false
e6161f4e-1317-4483-8489-4544965887f4,a0f7abf7-6d0f-4d29-a293-0ea2c6eaa311,2026,2026-12-15,4,76,19,false
9ee08ed4-ed83-4de4-913f-8506599407ba,f6926359-1d44-441d-82ac-52d6fafe6ffb,2026,2026-12-15,3.5,71,32,false
46146dee-80e3-47fc-897e-4e502b7b12bf,74f31779-8175-4423-8101-2e8651d02888,2023,2023-12-15,2.1,64,54,false
4dc7a445-840b-4633-ada9-ddecdbd731c3,74f31779-8175-4423-8101-2e8651d02888,2024,2024-12-15,2.3,65,15,false
33d69364-e228-43ab-a80b-3c06a1dd4279,74f31779-8175-4423-8101-2e8651d02888,2025,2025-12-15,3.9,99,16,false
c1044b9d-7e97-454a-ab0b-c79adbb70a98,74f31779-8175-4423-8101-2e8651d02888,2026,2026-12-15,4.9,100,56,false
307aee3b-2aaf-42d1-b261-0f95e3fc6649,59b43397-40f4-46ef-9a3c-961054e8edd4,2021,2021-12-15,5,77,25,false
53c08460-bbf8-42f8-beaf-351d65262ba3,59b43397-40f4-46ef-9a3c-961054e8edd4,2022,2022-12-15,3.5,94,24,false
01d5bb23-784b-46ab-8a6d-de01ae287896,59b43397-40f4-46ef-9a3c-961054e8edd4,2023,2023-12-15,4.6,75,57,true
a7dfa10d-61d6-4543-aea7-fcc1c08d620b,59b43397-40f4-46ef-9a3c-961054e8edd4,2024,2024-12-15,2.5,67,40,false
562c5f63-6c1e-4b4b-8e2a-89dcc8124f77,59b43397-40f4-46ef-9a3c-961054e8edd4,2025,2025-12-15,3.1,78,19,false
ebd9c4b8-5f28-4d56-9e33-801cc73d7222,59b43397-40f4-46ef-9a3c-961054e8edd4,2026,2026-12-15,4.7,86,30,false
f684849a-54fb-4eaa-9b39-b13f520fd27a,61c4f515-512c-4fd6-965b-28851ae0d004,2026,2026-12-15,4.3,74,24,false
c3439b18-23e1-495d-aa20-ebdc5cbfd39c,692d0d64-9e5a-4e72-86f9-c7830911536e,2023,2023-12-15,2.3,89,30,false
e34347a8-39ec-4adf-8307-eda9fc0e8093,692d0d64-9e5a-4e72-86f9-c7830911536e,2024,2024-12-15,3.7,79,32,false
f0d267fe-2231-4f73-96ac-f3e441446aa3,692d0d64-9e5a-4e72-86f9-c7830911536e,2025,2025-12-15,3.3,89,13,false
88e2b9d0-c471-4751-b7c6-4ec02200e1bd,692d0d64-9e5a-4e72-86f9-c7830911536e,2026,2026-12-15,4,63,52,false
d71b7937-9523-4c25-9317-2e967f6dfe89,5d642bfb-38f3-461a-8697-02f6916bdc66,2018,2018-12-15,3.8,81,43,false
bc443174-b74e-4f94-8632-e35988d0bbeb,5d642bfb-38f3-461a-8697-02f6916bdc66,2019,2019-12-15,2.4,73,54,false
1936a596-18a0-4bb8-93ff-77c9abb48287,5d642bfb-38f3-461a-8697-02f6916bdc66,2020,2020-12-15,4,73,10,false
7cbfd473-4f1f-4156-8f4e-0c09efbb8fb2,5d642bfb-38f3-461a-8697-02f6916bdc66,2021,2021-12-15,4.6,69,23,true
fd4ffc1d-8578-4a2d-975b-e5c36ac37a92,5d642bfb-38f3-461a-8697-02f6916bdc66,2022,2022-12-15,2.4,66,17,false
d188ca22-cbc5-4c8c-9ac7-9dac7470cc87,5d642bfb-38f3-461a-8697-02f6916bdc66,2023,2023-12-15,3.2,71,54,false
fc778241-a365-471d-af39-85e72cf7b606,5d642bfb-38f3-461a-8697-02f6916bdc66,2024,2024-12-15,2.1,74,39,false
13660b45-8916-4849-ab8f-2d7aacb40a86,5d642bfb-38f3-461a-8697-02f6916bdc66,2025,2025-12-15,2,97,13,false
7feec32d-86b3-45a0-8693-2ea1f2e79008,5d642bfb-38f3-461a-8697-02f6916bdc66,2026,2026-12-15,2.1,83,35,false
6546c3cc-d157-435e-979b-93bf53f10572,ab352517-fd30-45cd-a1e4-83224425360e,2021,2021-12-15,3.7,65,48,false
2f9e81b7-f936-43fa-b215-8cc062eb9d6c,ab352517-fd30-45cd-a1e4-83224425360e,2022,2022-12-15,3.1,94,36,false
34ab6334-67e2-483e-b927-c35053c269f0,ab352517-fd30-45cd-a1e4-83224425360e,2023,2023-12-15,3.6,77,59,false
7c07740a-28b7-4f56-8cc3-2e9b153ad9a6,ab352517-fd30-45cd-a1e4-83224425360e,2024,2024-12-15,4.4,96,21,false
33f5d489-01b8-4cd9-a9fc-2cf53c2b18be,ab352517-fd30-45cd-a1e4-83224425360e,2025,2025-12-15,3.4,93,27,false
d8c6eff1-c31b-4d6b-8fc5-14835312d2f0,ab352517-fd30-45cd-a1e4-83224425360e,2026,2026-12-15,4.2,88,35,false
0cef4b56-1e51-4e9e-a40f-fc99ed23eb61,ccc8b20c-a0e2-476b-a9aa-cbda0b19cb3b,2016,2016-12-15,3,62,49,false
3e4deb25-4d2d-4e3f-ad76-1f19933ca68c,ccc8b20c-a0e2-476b-a9aa-cbda0b19cb3b,2017,2017-12-15,3.3,73,16,false
9be33969-7b00-42ad-8207-5d43081d483f,ccc8b20c-a0e2-476b-a9aa-cbda0b19cb3b,2018,2018-12-15,2.5,83,27,false
2aa92a93-a849-48e9-a9cc-8ce4dfe0a447,ccc8b20c-a0e2-476b-a9aa-cbda0b19cb3b,2019,2019-12-15,2.8,70,22,false
fdd20596-eb10-4c47-b20c-99506a8b0b02,ccc8b20c-a0e2-476b-a9aa-cbda0b19cb3b,2020,2020-12-15,5,60,58,false
d92861fd-7b53-49db-81fa-349e5424290c,ccc8b20c-a0e2-476b-a9aa-cbda0b19cb3b,2021,2021-12-15,2.7,83,48,false
070176fb-82d4-410a-bfbd-68f8bb450d2c,ccc8b20c-a0e2-476b-a9aa-cbda0b19cb3b,2022,2022-12-15,3.5,64,46,false
c88718e7-81d1-41f6-9cf2-85be3e87f8ec,ccc8b20c-a0e2-476b-a9aa-cbda0b19cb3b,2023,2023-12-15,3.6,84,51,false
da0614f4-ade6-4867-9827-b4bd8d180941,ccc8b20c-a0e2-476b-a9aa-cbda0b19cb3b,2024,2024-12-15,2.9,89,27,false
d7462cd7-c5ca-4f56-a71d-a8819ff44e4e,ccc8b20c-a0e2-476b-a9aa-cbda0b19cb3b,2025,2025-12-15,2.4,87,24,false
f7ce4d79-28d2-409f-91d4-1f3b70f6f0f3,ccc8b20c-a0e2-476b-a9aa-cbda0b19cb3b,2026,2026-12-15,2.6,84,50,false
f9416054-ea98-454f-9687-505ec3bc4583,a95f391d-ec5b-4f2f-be53-7601b0c53fd4,2023,2023-12-15,4.7,83,27,false
e6bdc253-bea7-43dc-9b50-9aea56e09726,a95f391d-ec5b-4f2f-be53-7601b0c53fd4,2024,2024-12-15,4.1,74,43,false
3150311a-cdd8-480a-8aa4-87aa6228c6e3,a95f391d-ec5b-4f2f-be53-7601b0c53fd4,2025,2025-12-15,4.9,88,60,false
a70fa96a-0671-4744-b54e-c9c5df5ca9de,a95f391d-ec5b-4f2f-be53-7601b0c53fd4,2026,2026-12-15,2.3,84,20,false
a6d4f237-a5b1-4e27-a3eb-0fff4c6ec8b1,ca4c8fff-17ec-4f37-8d03-243e495f2425,2018,2018-12-15,2.9,100,11,false
8e5fbbf9-6371-4e27-8628-3ed46c087cec,ca4c8fff-17ec-4f37-8d03-243e495f2425,2019,2019-12-15,4.5,97,55,true
436dee13-e7ef-4fac-9e74-66b46396ac4f,ca4c8fff-17ec-4f37-8d03-243e495f2425,2020,2020-12-15,2.4,100,41,false
89164490-a387-44d6-9671-23962665f9b0,ca4c8fff-17ec-4f37-8d03-243e495f2425,2021,2021-12-15,4.2,93,59,false
e2d3ccbe-45d4-41e9-ab44-31f8d4605f19,ca4c8fff-17ec-4f37-8d03-243e495f2425,2022,2022-12-15,3.2,77,10,false
2a4d3616-73a1-4eae-a99f-2bcca1e50b81,ca4c8fff-17ec-4f37-8d03-243e495f2425,2023,2023-12-15,3,75,15,false
e5aa3450-b157-4a8e-b0b4-5755003f2f4b,ca4c8fff-17ec-4f37-8d03-243e495f2425,2024,2024-12-15,3.3,86,11,false
e761bae0-47f0-4590-b539-1543fe0db87d,ca4c8fff-17ec-4f37-8d03-243e495f2425,2025,2025-12-15,3.1,77,10,false
638d7ec4-4289-4545-a966-8cb2ac388de7,ca4c8fff-17ec-4f37-8d03-243e495f2425,2026,2026-12-15,2,69,32,false
3f69f724-ae8c-477f-b422-e1e85d406c4c,bad8616d-3035-43cf-95e4-301586a2e938,2026,2026-12-15,4.3,99,26,false
5973d360-5879-4ee6-b0ce-2ae733e99955,124c9d34-d7d3-4da4-8a46-f70e95c69c1a,2022,2022-12-15,3.6,99,24,false
1ef31672-7a29-4eab-9e34-28194f9ef900,124c9d34-d7d3-4da4-8a46-f70e95c69c1a,2023,2023-12-15,2.7,61,25,false
4190c272-c89a-4206-95c4-4cacbd75ca11,124c9d34-d7d3-4da4-8a46-f70e95c69c1a,2024,2024-12-15,4.1,77,38,false
3804e073-1dc2-46fe-85f9-37b08418211c,124c9d34-d7d3-4da4-8a46-f70e95c69c1a,2025,2025-12-15,4.7,82,29,false
59157595-511b-4be9-93e3-83a2f1cdf775,124c9d34-d7d3-4da4-8a46-f70e95c69c1a,2026,2026-12-15,3.6,63,13,false
6fe3687f-9ed1-4940-869d-b01463a2da28,7193166d-a776-4015-8a8c-5b032267a377,2021,2021-12-15,4.1,100,24,false
30b61bca-2fe3-4593-a842-55725a9cef2e,7193166d-a776-4015-8a8c-5b032267a377,2022,2022-12-15,3.3,89,14,false
e2c461eb-88e5-4bfd-9345-b57af5d0c007,7193166d-a776-4015-8a8c-5b032267a377,2023,2023-12-15,2.5,67,60,false
5de241ad-a173-489c-af47-17773d621cfb,7193166d-a776-4015-8a8c-5b032267a377,2024,2024-12-15,3.5,74,39,false
e868ebb5-6e67-4983-aebc-de9ddaa4799e,7193166d-a776-4015-8a8c-5b032267a377,2025,2025-12-15,3.5,77,59,false
cbdc4221-71e7-4d61-ae7f-b4dc33990f28,7193166d-a776-4015-8a8c-5b032267a377,2026,2026-12-15,4.7,88,29,false
f9fef9ea-38bc-4e2a-9741-f869d010ad46,b1d8093d-be3b-41c3-9d88-4c4ef3ae951b,2023,2023-12-15,2.6,64,17,false
baf14d94-3cbc-4897-90d6-1dc6ca98cf84,b1d8093d-be3b-41c3-9d88-4c4ef3ae951b,2024,2024-12-15,4.2,89,58,false
9078566d-8b76-4484-aa0a-93caf6b50d02,b1d8093d-be3b-41c3-9d88-4c4ef3ae951b,2025,2025-12-15,4.1,69,46,false
51684202-261b-48f8-b1e2-3bff4aad2ecd,b1d8093d-be3b-41c3-9d88-4c4ef3ae951b,2026,2026-12-15,4.4,72,52,false
ac5c31b9-8511-4286-9e10-568462dd4d27,370f33c2-3730-4ae0-a6e3-1184769c96c1,2020,2020-12-15,4,66,16,false
f538257f-3863-41de-8509-888b36222dd4,370f33c2-3730-4ae0-a6e3-1184769c96c1,2021,2021-12-15,2.5,92,49,false
e7f32d95-2f17-424f-a876-32e1b378fdbd,370f33c2-3730-4ae0-a6e3-1184769c96c1,2022,2022-12-15,4,87,44,false
d4afb597-015e-413e-a843-35c1141952d5,370f33c2-3730-4ae0-a6e3-1184769c96c1,2023,2023-12-15,3.8,74,15,false
9df564a1-b8fb-4eb7-a309-46fd97633c3a,370f33c2-3730-4ae0-a6e3-1184769c96c1,2024,2024-12-15,4.6,91,28,false
1aad4564-cc26-4954-a2d8-33362b69afb9,370f33c2-3730-4ae0-a6e3-1184769c96c1,2025,2025-12-15,3,99,22,false
92769497-11a7-4143-bd21-d183b2a92586,370f33c2-3730-4ae0-a6e3-1184769c96c1,2026,2026-12-15,3.3,86,30,false
a56c651e-49b9-4a8e-b5c0-9cab86121f3e,c6cded05-9d8f-48f6-a0f2-d32b8d1bbf9a,2017,2017-12-15,3.4,96,38,false
e0bec72c-9a81-4d83-a78c-2659934fbcf6,c6cded05-9d8f-48f6-a0f2-d32b8d1bbf9a,2018,2018-12-15,2.7,100,11,false
df2dadde-f5bd-4e98-98cb-7bfda5d33a81,c6cded05-9d8f-48f6-a0f2-d32b8d1bbf9a,2019,2019-12-15,3.4,72,51,false
ebd6a4b9-d7b2-4b7f-8de2-85307a789a3f,c6cded05-9d8f-48f6-a0f2-d32b8d1bbf9a,2020,2020-12-15,4.3,84,24,false
213f1cd5-7789-4737-ac5f-33a95cec114a,c6cded05-9d8f-48f6-a0f2-d32b8d1bbf9a,2021,2021-12-15,3.6,60,22,false
15fe4363-1c04-4876-9d73-1c14456c5cd1,c6cded05-9d8f-48f6-a0f2-d32b8d1bbf9a,2022,2022-12-15,2.3,60,32,false
661b9f5a-430d-4b7f-a4d0-6b1ceadceb70,c6cded05-9d8f-48f6-a0f2-d32b8d1bbf9a,2023,2023-12-15,2.8,86,23,false
99609572-5b50-48dd-b13e-f60358faa262,c6cded05-9d8f-48f6-a0f2-d32b8d1bbf9a,2024,2024-12-15,2.9,74,44,false
efb35258-2cca-4dfc-a4db-3b25f3ac2655,c6cded05-9d8f-48f6-a0f2-d32b8d1bbf9a,2025,2025-12-15,3.4,72,23,false
481e0bd4-c2e9-4b88-8d35-1513c1d3c513,c6cded05-9d8f-48f6-a0f2-d32b8d1bbf9a,2026,2026-12-15,4.5,62,59,true
844e5c67-525b-41c2-9eab-16542051b572,1679bbb4-ae3e-43d0-8f11-b417511ef735,2019,2019-12-15,3.6,61,48,false
dc8e53c5-f7e5-40d5-9f29-942d73bed0b4,1679bbb4-ae3e-43d0-8f11-b417511ef735,2020,2020-12-15,2.1,82,51,false
5e9b5543-5df0-4d4a-8c80-6e206a818d34,1679bbb4-ae3e-43d0-8f11-b417511ef735,2021,2021-12-15,4.7,70,40,false
408441fc-d826-42e4-9d57-ead8cb3cd43d,1679bbb4-ae3e-43d0-8f11-b417511ef735,2022,2022-12-15,4.6,66,52,false
6b4f260f-457f-40c6-a85a-8678338a4d91,1679bbb4-ae3e-43d0-8f11-b417511ef735,2023,2023-12-15,4.8,96,45,true
ba9f7248-b8c6-4709-9afe-f7fa5ce0a915,1679bbb4-ae3e-43d0-8f11-b417511ef735,2024,2024-12-15,2.9,64,19,false
dae885b7-21fc-45ff-bd1a-e7ace381cada,1679bbb4-ae3e-43d0-8f11-b417511ef735,2025,2025-12-15,2.4,60,23,false
b0f72dbe-2da5-45f7-b781-df06e3224d93,1679bbb4-ae3e-43d0-8f11-b417511ef735,2026,2026-12-15,4.9,61,25,true
2b9cbe9a-de93-472c-b284-a88fa5ffbd3f,e31999f8-fb96-4982-8082-7c26e0c9481a,2026,2026-12-15,4,90,57,false
18ba4904-5e6f-49ef-8e4a-45cd0b917a13,5b59840e-a827-4035-b575-a481572720df,2021,2021-12-15,2.1,94,26,false
658f7a06-d968-4971-96aa-84ce38f93bea,5b59840e-a827-4035-b575-a481572720df,2022,2022-12-15,3.6,94,45,false
16ace2c3-7489-4fa6-8980-889fb2fce9c0,5b59840e-a827-4035-b575-a481572720df,2023,2023-12-15,4.2,77,34,false
99eaac9a-7c80-49d3-9cbc-2873bb7ae68d,5b59840e-a827-4035-b575-a481572720df,2024,2024-12-15,2.3,86,22,false
8208af43-cd02-4809-8802-d879c7baaa4b,5b59840e-a827-4035-b575-a481572720df,2025,2025-12-15,4.9,97,51,true
5a0e84d2-4ef5-4126-87c7-7b30590e7c33,5b59840e-a827-4035-b575-a481572720df,2026,2026-12-15,4.5,67,49,false
d87b1a7f-1444-48a7-b120-61856a87c2e0,e43514d6-0604-4a48-af9e-cf34f3ecc86f,2017,2017-12-15,2.1,90,15,false
6b9fd931-f6a1-4ef9-a63b-80b498cd2454,e43514d6-0604-4a48-af9e-cf34f3ecc86f,2018,2018-12-15,3,81,24,false
40e055bd-6215-4def-b90b-30030823c1d8,e43514d6-0604-4a48-af9e-cf34f3ecc86f,2019,2019-12-15,3.4,77,36,false
c772731f-2d43-4fee-827c-7d2a2fa3d275,e43514d6-0604-4a48-af9e-cf34f3ecc86f,2020,2020-12-15,2.9,98,14,false
3e894c2a-d6ab-47d9-b146-421eace17072,e43514d6-0604-4a48-af9e-cf34f3ecc86f,2021,2021-12-15,2.7,71,16,false
ff329df1-39e6-4f9d-a7c5-2978c49f3f69,e43514d6-0604-4a48-af9e-cf34f3ecc86f,2022,2022-12-15,4.3,96,34,false
42f48108-e1a0-4870-a3db-29f43cbcf6db,e43514d6-0604-4a48-af9e-cf34f3ecc86f,2023,2023-12-15,2.8,74,17,false
c0801dfe-2714-4502-b1b9-92c65af8da43,e43514d6-0604-4a48-af9e-cf34f3ecc86f,2024,2024-12-15,4.6,92,23,false
bafbfa13-6339-42e8-a6ac-219bdc75db4a,e43514d6-0604-4a48-af9e-cf34f3ecc86f,2025,2025-12-15,2.8,81,31,false
6f61790c-a0bf-426b-869e-22d4873d96e3,e43514d6-0604-4a48-af9e-cf34f3ecc86f,2026,2026-12-15,3.3,80,40,false
7636cf7f-7a20-4234-bfce-f0a977264f5a,5e97cd2d-7c1b-4c60-973f-3ac6861199dc,2024,2024-12-15,2.4,65,38,false
38a05709-3f92-4ebb-9e94-8904c7c387f9,5e97cd2d-7c1b-4c60-973f-3ac6861199dc,2025,2025-12-15,3.1,62,23,false
3fdd3984-ba94-41c3-993d-f295a6584685,5e97cd2d-7c1b-4c60-973f-3ac6861199dc,2026,2026-12-15,5,60,49,false
3d5f571a-ae33-4525-ae4a-a7d58732d718,7b8bc369-beb3-4bee-a81f-8057dc636860,2023,2023-12-15,3.6,93,45,false
9c7e088e-0cbb-41c1-b5f0-6916afa0a9bb,7b8bc369-beb3-4bee-a81f-8057dc636860,2024,2024-12-15,4.5,67,43,true
509b6195-5755-4fa0-ac0a-06517821411d,7b8bc369-beb3-4bee-a81f-8057dc636860,2025,2025-12-15,3,93,41,false
78cd1647-3d8f-41aa-b0ac-42ac9aef93a5,7b8bc369-beb3-4bee-a81f-8057dc636860,2026,2026-12-15,2.5,100,41,false
c3da88b1-85a2-4a91-9531-0f2d599d3948,ca0bac28-6336-49aa-bced-a45a9da8aebe,2025,2025-12-15,2.9,66,56,false
44819392-af8f-4243-8a27-67e61c73e319,ca0bac28-6336-49aa-bced-a45a9da8aebe,2026,2026-12-15,2.4,80,17,false
b7b00cac-526e-46a3-82bd-a410685e1a52,0543cfec-58b5-4d8a-8ac0-667dcb3f6374,2017,2017-12-15,4.6,87,57,false
19ed2186-04d5-480b-8779-1ed4a5c9719f,0543cfec-58b5-4d8a-8ac0-667dcb3f6374,2018,2018-12-15,2.2,61,57,false
1fb05965-1a58-4254-8635-ab209316264b,0543cfec-58b5-4d8a-8ac0-667dcb3f6374,2019,2019-12-15,3.5,68,29,false
7b1fdc72-2ba2-4118-9589-6be6210d206e,0543cfec-58b5-4d8a-8ac0-667dcb3f6374,2020,2020-12-15,3.4,96,25,false
d3767a79-fd55-49fe-8bac-ebf295604e75,0543cfec-58b5-4d8a-8ac0-667dcb3f6374,2021,2021-12-15,4.7,80,20,false
4406b42e-bd6e-4c28-be7c-d424314bf5c2,0543cfec-58b5-4d8a-8ac0-667dcb3f6374,2022,2022-12-15,4,73,33,false
964514eb-f79d-4b33-bbbf-12147558a9b5,0543cfec-58b5-4d8a-8ac0-667dcb3f6374,2023,2023-12-15,3.2,61,44,false
69bddcad-7092-43c5-a127-cdf3061753c7,0543cfec-58b5-4d8a-8ac0-667dcb3f6374,2024,2024-12-15,4.9,68,13,false
606f1eb6-46dd-488e-9c04-d03e50efdc98,0543cfec-58b5-4d8a-8ac0-667dcb3f6374,2025,2025-12-15,3.1,88,30,false
99ff7ad7-9c8d-4dbf-bb5c-3959d24530f5,0543cfec-58b5-4d8a-8ac0-667dcb3f6374,2026,2026-12-15,3,78,57,false
9cd04ae1-f7b6-459e-9170-f1b7a50922e9,1cb1ab85-6997-4c35-beaf-6cec62c9089e,2017,2017-12-15,4.1,74,17,false
01aee6d4-d0b7-4534-a4f5-ad95af0a3f19,1cb1ab85-6997-4c35-beaf-6cec62c9089e,2018,2018-12-15,4.7,70,10,false
65abc504-9fdf-400e-b7cd-d2d3f73b5207,1cb1ab85-6997-4c35-beaf-6cec62c9089e,2019,2019-12-15,2.8,79,20,false
9debdee5-86c9-4006-85c6-b41c9f66ff5d,1cb1ab85-6997-4c35-beaf-6cec62c9089e,2020,2020-12-15,2.6,65,42,false
c32c81e2-6990-4239-a745-e3a18ef2a8c7,1cb1ab85-6997-4c35-beaf-6cec62c9089e,2021,2021-12-15,2.3,66,32,false
dc589c3f-577e-46b9-8a1e-381e4f50dd12,1cb1ab85-6997-4c35-beaf-6cec62c9089e,2022,2022-12-15,4.8,80,22,true
0b6ab04a-2d4e-4916-9937-86dda194c5e8,1cb1ab85-6997-4c35-beaf-6cec62c9089e,2023,2023-12-15,4.3,71,58,false
27897f6b-5ce9-4c07-8c2f-77961538d9b2,1cb1ab85-6997-4c35-beaf-6cec62c9089e,2024,2024-12-15,4.2,95,49,false
6fd72e78-b103-4bb4-b261-f05cdf0c487a,1cb1ab85-6997-4c35-beaf-6cec62c9089e,2025,2025-12-15,2.2,77,46,false
5359c903-9f5c-47f2-ad9e-d6ecd91ab792,1cb1ab85-6997-4c35-beaf-6cec62c9089e,2026,2026-12-15,3.9,92,47,false
0f634e5c-0d7f-4b17-b177-28502ab324e7,b07439a2-8f08-4bee-8419-c573a8d5f211,2026,2026-12-15,4.2,60,38,false
28a2d79d-19a0-4142-938c-3100d9f1ace8,cfadc6f3-0c13-489b-ba4c-342e21da6baf,2021,2021-12-15,4.4,83,32,false
a0e31c96-1b74-4558-9baf-36e41c73b6d5,cfadc6f3-0c13-489b-ba4c-342e21da6baf,2022,2022-12-15,4.4,60,36,false
d7511040-c09f-44fd-82b7-5ef6d8d107eb,cfadc6f3-0c13-489b-ba4c-342e21da6baf,2023,2023-12-15,2.4,65,50,false
8d9ad258-56da-4be3-9576-4e81990d35ee,cfadc6f3-0c13-489b-ba4c-342e21da6baf,2024,2024-12-15,2.6,87,35,false
489ecee4-1121-44ff-880c-7c0ed8c6ad03,cfadc6f3-0c13-489b-ba4c-342e21da6baf,2025,2025-12-15,4.1,81,35,false
f7baa76b-b386-4459-826d-373eec4a6d22,cfadc6f3-0c13-489b-ba4c-342e21da6baf,2026,2026-12-15,4.4,92,25,false
c331799b-732b-4251-82be-ae231be5f74b,4af115f3-9587-426e-8692-5c83d30ec93a,2024,2024-12-15,3.1,65,56,false
e0ff732b-c9ed-4bde-99c1-7d922755089d,4af115f3-9587-426e-8692-5c83d30ec93a,2025,2025-12-15,4.5,77,27,true
59caa0e1-b42f-4478-a323-b279aae61ef1,4af115f3-9587-426e-8692-5c83d30ec93a,2026,2026-12-15,4.5,96,25,false
dba580b3-9984-40f8-bfce-00dfd8b0aeb5,a7a0d56f-1475-46ef-bddc-4cd5637a7328,2026,2026-12-15,4.7,88,20,false
7c2e935a-604f-4837-b981-81b56983260b,e00a65be-9b4c-4aa1-96a7-d1cdf12cc7fd,2024,2024-12-15,4.3,77,33,false
defd02df-314c-4925-94d1-d66a48f6e327,e00a65be-9b4c-4aa1-96a7-d1cdf12cc7fd,2025,2025-12-15,4.5,85,45,true
261188f3-82d0-4b22-9f31-fbda83530170,e00a65be-9b4c-4aa1-96a7-d1cdf12cc7fd,2026,2026-12-15,3.9,64,23,false
f7b3ae5b-15c9-4cfb-a6be-e507d0bbf07d,57262fdd-7f8b-4a74-b43b-8b6832a6e6ba,2021,2021-12-15,4.6,77,52,false
ee6c7fe4-abe6-401c-b9b0-18ca2415835a,57262fdd-7f8b-4a74-b43b-8b6832a6e6ba,2022,2022-12-15,3.3,67,41,false
a316a9a1-7e41-4b1c-9409-eb13684d5459,57262fdd-7f8b-4a74-b43b-8b6832a6e6ba,2023,2023-12-15,4.4,93,56,false
0032e320-335b-474c-aa80-d58d49b86018,57262fdd-7f8b-4a74-b43b-8b6832a6e6ba,2024,2024-12-15,2,76,43,false
066e3128-bc6f-46c2-b89f-505d79cdbe64,57262fdd-7f8b-4a74-b43b-8b6832a6e6ba,2025,2025-12-15,2.3,74,54,false
a013c411-6b41-4d9e-863d-860cd81781da,57262fdd-7f8b-4a74-b43b-8b6832a6e6ba,2026,2026-12-15,2.8,95,24,false
a50bf3ac-7b15-401c-af5b-fc6d9814955f,a0afb9c9-3e5a-4c33-81ea-cc24ca296d5c,2022,2022-12-15,3.4,90,22,false
508fa4dd-8230-48f9-bff9-06b22aa505f9,a0afb9c9-3e5a-4c33-81ea-cc24ca296d5c,2023,2023-12-15,2.1,92,42,false
5683bb0c-d091-4293-bc5d-5936cd95fc77,a0afb9c9-3e5a-4c33-81ea-cc24ca296d5c,2024,2024-12-15,4.4,75,55,false
99a3eedc-4e4d-4cb1-ade5-cf9e2fbefb26,a0afb9c9-3e5a-4c33-81ea-cc24ca296d5c,2025,2025-12-15,3.6,89,31,false
a9a084b3-664d-4f94-9f65-0bcdc71f6518,a0afb9c9-3e5a-4c33-81ea-cc24ca296d5c,2026,2026-12-15,4.1,94,59,false
6b42ad57-d92b-4cfb-bce6-ee0c61108d34,e110f9cc-0ac9-4ad5-bfa3-e089fb8d61e2,2025,2025-12-15,3.6,85,44,false
3fac6ba8-4ba4-4016-ac94-d1d7d67ba7ab,e110f9cc-0ac9-4ad5-bfa3-e089fb8d61e2,2026,2026-12-15,3.9,90,47,false
ea53c050-ec17-44b9-a1e1-0fb6027f8232,5ebf29d9-0f66-4ce6-9be6-65f8a3b0f0f5,2026,2026-12-15,2.9,91,31,false
3bdc5557-6287-4ae6-a553-48265e95de1c,a7f89431-2305-4184-b3f2-f077904bf32d,2025,2025-12-15,4.3,63,30,false
27b8f7b6-ac4d-4a5c-af02-cf93fb286360,a7f89431-2305-4184-b3f2-f077904bf32d,2026,2026-12-15,3.3,62,58,false
86160354-ecea-4afd-b3de-a7a28fd3f0b9,daa279c4-cfbb-4edc-b097-41b95bc02f98,2026,2026-12-15,4,94,38,false
22703460-3663-44d6-9775-af8545ed505d,abdb5fcd-7427-4be0-b7cf-3fd33f7994b4,2017,2017-12-15,2.6,78,45,false
2c075625-7ebe-4370-bc7a-5fc54a3820f2,abdb5fcd-7427-4be0-b7cf-3fd33f7994b4,2018,2018-12-15,2.5,83,33,false
dcbc3cd2-96b9-4a06-a7f3-5ea358e36f83,abdb5fcd-7427-4be0-b7cf-3fd33f7994b4,2019,2019-12-15,4.6,85,56,false
bee4ca06-ab8f-4987-9f5c-35338bf591b5,abdb5fcd-7427-4be0-b7cf-3fd33f7994b4,2020,2020-12-15,2.6,100,18,false
13da0087-4b5d-4334-b120-3b0c85be4d8a,abdb5fcd-7427-4be0-b7cf-3fd33f7994b4,2021,2021-12-15,2.8,89,56,false
f03d356f-455e-43a0-92df-e9eb319ab4b5,abdb5fcd-7427-4be0-b7cf-3fd33f7994b4,2022,2022-12-15,4.5,94,13,true
63db4b3f-47af-4280-b8d2-f70f5c46b57d,abdb5fcd-7427-4be0-b7cf-3fd33f7994b4,2023,2023-12-15,2.5,77,25,false
2d44c7ff-a838-4802-b350-9fb4760dbc0e,abdb5fcd-7427-4be0-b7cf-3fd33f7994b4,2024,2024-12-15,3.5,74,41,false
75795918-5962-4fda-bd75-4432adcee5c9,abdb5fcd-7427-4be0-b7cf-3fd33f7994b4,2025,2025-12-15,2.7,72,29,false
1ef128f6-5337-4908-a5d1-7821a2f22a5e,abdb5fcd-7427-4be0-b7cf-3fd33f7994b4,2026,2026-12-15,4.8,77,20,false
367d4c13-c922-4ecf-ac80-1890011393d4,9ac75d6b-a7c5-438b-8779-32931a11f819,2023,2023-12-15,5,75,20,true
ff04ec4a-b3c5-4f94-bed6-2a8485b14d07,9ac75d6b-a7c5-438b-8779-32931a11f819,2024,2024-12-15,2.3,68,34,false
e903a3c9-5753-478b-bb45-b674d5f7ca37,9ac75d6b-a7c5-438b-8779-32931a11f819,2025,2025-12-15,2.4,88,35,false
aafc824e-8150-4f89-9f26-f8efdbddcdab,9ac75d6b-a7c5-438b-8779-32931a11f819,2026,2026-12-15,2,90,38,false
38bde704-0f06-46c7-890f-b448d559f8a5,a6ca71af-68b1-4696-9cc0-c12f68153e39,2018,2018-12-15,2.3,76,22,false
327e6120-4404-4079-a7da-2de9ab014821,a6ca71af-68b1-4696-9cc0-c12f68153e39,2019,2019-12-15,4.2,70,32,false
a865231b-6453-4450-8d1d-a7daedbda6b1,a6ca71af-68b1-4696-9cc0-c12f68153e39,2020,2020-12-15,2.8,69,22,false
cdd6db58-e732-4d37-95a6-456dde385756,a6ca71af-68b1-4696-9cc0-c12f68153e39,2021,2021-12-15,3.4,97,53,false
74d2f01b-bdb3-4b4e-b2a8-bee2ffd3ea0c,a6ca71af-68b1-4696-9cc0-c12f68153e39,2022,2022-12-15,3,64,32,false
72320136-328f-45c4-b8ee-be1f77c805e3,a6ca71af-68b1-4696-9cc0-c12f68153e39,2023,2023-12-15,4.1,60,54,false
8fae525b-77cf-458b-8bbd-deadf1affda2,a6ca71af-68b1-4696-9cc0-c12f68153e39,2024,2024-12-15,2.1,60,20,false
56993093-4b68-47e7-a958-8db95a9db8b9,a6ca71af-68b1-4696-9cc0-c12f68153e39,2025,2025-12-15,4.4,71,35,false
76ed3d7a-5621-4100-a703-5cab13c1cc00,a6ca71af-68b1-4696-9cc0-c12f68153e39,2026,2026-12-15,2.5,80,12,false
f0e22af3-0f81-43f6-a539-de65d0023582,5a185440-7aff-4a66-b376-2c7770531bc7,2023,2023-12-15,3.6,98,11,false
cffc24a3-a674-450f-832f-476f4be703b2,5a185440-7aff-4a66-b376-2c7770531bc7,2024,2024-12-15,4,98,15,false
4cbede83-9d02-4206-8178-0989c7737c2b,5a185440-7aff-4a66-b376-2c7770531bc7,2025,2025-12-15,4.9,63,39,true
e712358a-77dc-424b-882f-7a12be2d7d59,5a185440-7aff-4a66-b376-2c7770531bc7,2026,2026-12-15,3.8,95,27,false
2287d810-4d76-4de6-9f18-308691a07d27,33563952-9fba-4f08-a7f0-be00b89b9b72,2021,2021-12-15,4.8,66,58,true
87510b3b-9e2f-4f34-8956-8ead40d3f832,33563952-9fba-4f08-a7f0-be00b89b9b72,2022,2022-12-15,2.5,61,19,false
91c2a606-834d-44bd-aeab-7d32dbed6d73,33563952-9fba-4f08-a7f0-be00b89b9b72,2023,2023-12-15,3.3,92,12,false
25953f86-f0c3-4877-9135-a86b31f34735,33563952-9fba-4f08-a7f0-be00b89b9b72,2024,2024-12-15,3.2,64,32,false
7349332d-1d3b-40d2-b2f1-a7b512f3c252,33563952-9fba-4f08-a7f0-be00b89b9b72,2025,2025-12-15,2.5,85,51,false
abd27fdf-be37-45f1-8f3d-cacb4c062579,33563952-9fba-4f08-a7f0-be00b89b9b72,2026,2026-12-15,4.8,73,14,false
06602ae6-15f2-4b07-b874-a57c7adf9f10,9b525013-824b-4d8b-af0a-ffb13573a7ed,2021,2021-12-15,4,82,58,false
69c3e37a-76da-4032-a8d7-793f623a055f,9b525013-824b-4d8b-af0a-ffb13573a7ed,2022,2022-12-15,4.5,89,41,true
ce31992c-768e-4f44-b3bd-8b766f4919aa,9b525013-824b-4d8b-af0a-ffb13573a7ed,2023,2023-12-15,4.1,78,57,false
3c0560c0-22db-402d-ad01-d2394cc80158,9b525013-824b-4d8b-af0a-ffb13573a7ed,2024,2024-12-15,3.8,72,22,false
d49abfd7-118c-4b43-b11a-96fba82b8991,9b525013-824b-4d8b-af0a-ffb13573a7ed,2025,2025-12-15,2.7,90,42,false
f1198b38-0e7e-4903-8477-2b98b44d8f6c,9b525013-824b-4d8b-af0a-ffb13573a7ed,2026,2026-12-15,3.2,91,14,false
eefd1570-aa79-44c5-a8e6-ac370bc343a3,831a1a12-6644-49fa-a611-0f1b00c642da,2024,2024-12-15,2.4,97,23,false
b9cd9572-fc5f-4893-bf09-68d3c619f578,831a1a12-6644-49fa-a611-0f1b00c642da,2025,2025-12-15,3.3,75,36,false
f3b8d661-4640-4a7e-8fe5-58ebb02c264b,831a1a12-6644-49fa-a611-0f1b00c642da,2026,2026-12-15,5,99,20,true
17eb5b62-7fc6-454f-9b91-23ca4a2b92b0,539d1f79-5ab4-4900-bc64-e210bc9f2118,2024,2024-12-15,4.5,77,21,false
b5a16521-7f31-42a3-9121-bf232497d318,539d1f79-5ab4-4900-bc64-e210bc9f2118,2025,2025-12-15,3.3,71,36,false
d825d95c-f52e-4182-ba6a-24eda59bbcb9,539d1f79-5ab4-4900-bc64-e210bc9f2118,2026,2026-12-15,3.8,65,48,false
8d643e25-4df5-4c79-8abd-bd71740bbcbe,abe3acea-a7fc-42c6-94b3-dac712d473b5,2025,2025-12-15,3.9,95,31,false
7e3d554b-f38c-4964-9cef-a173de558efa,abe3acea-a7fc-42c6-94b3-dac712d473b5,2026,2026-12-15,3.1,93,13,false
fdf767ba-2a44-459a-8156-86ec3da9c1d0,ec555724-228c-49e1-8674-72533809aff2,2019,2019-12-15,3.9,62,46,false
bece47f0-ead2-45d4-a3ab-d410557a98cd,ec555724-228c-49e1-8674-72533809aff2,2020,2020-12-15,4.4,75,41,false
d1ae7d67-f042-4682-8d9d-4b54a9ac2805,ec555724-228c-49e1-8674-72533809aff2,2021,2021-12-15,2.2,87,44,false
28a109d0-30d0-4702-8a97-8e4eddea761f,ec555724-228c-49e1-8674-72533809aff2,2022,2022-12-15,2.8,81,50,false
fb4ac16c-f97c-4f6b-b10f-1e0e35bbdf38,ec555724-228c-49e1-8674-72533809aff2,2023,2023-12-15,3,63,36,false
d1b054ba-ea6c-40d3-834e-a9b5692c6797,ec555724-228c-49e1-8674-72533809aff2,2024,2024-12-15,3.7,67,30,false
73525b1d-d4f7-4825-b436-d2d308493b20,ec555724-228c-49e1-8674-72533809aff2,2025,2025-12-15,4.1,63,34,false
a5592af1-f4e0-42a2-b6c4-692e06c7da77,ec555724-228c-49e1-8674-72533809aff2,2026,2026-12-15,2.8,84,14,false
b691568a-83b1-47e1-8abf-ff948effb402,19f19a9e-1840-48d3-ab90-16b8eb779f27,2023,2023-12-15,4.7,92,29,false
d412aace-7597-4d0e-ac5a-ecdf1e44682f,19f19a9e-1840-48d3-ab90-16b8eb779f27,2024,2024-12-15,3.4,71,11,false
d3fe43d9-d726-4a9b-8f52-503f77af45aa,19f19a9e-1840-48d3-ab90-16b8eb779f27,2025,2025-12-15,4.6,84,27,false
d8df9a10-a71f-4201-930d-b61b336ae50e,19f19a9e-1840-48d3-ab90-16b8eb779f27,2026,2026-12-15,4.7,84,24,false
9e483cc5-c33b-490b-a868-1679be407470,5cd035d9-1dbd-4346-9fcf-a5c81cf7c301,2023,2023-12-15,3.7,65,16,false
509d269b-e7eb-44f2-98a5-7b95e06728c6,5cd035d9-1dbd-4346-9fcf-a5c81cf7c301,2024,2024-12-15,3.5,89,52,false
ee7d599f-cffc-45b1-9c73-223fb072f7f1,5cd035d9-1dbd-4346-9fcf-a5c81cf7c301,2025,2025-12-15,4,60,16,false
63add1d1-c6dd-464f-88e6-f60707a3f944,5cd035d9-1dbd-4346-9fcf-a5c81cf7c301,2026,2026-12-15,4.7,78,19,false
9a261a1e-db53-4b5d-9578-d4acc00ac0f6,275ba9b5-5f17-47ee-9e8a-c568dc0689f1,2024,2024-12-15,4.1,81,53,false
6322c250-28b4-4dab-8ea6-bea429b24d12,275ba9b5-5f17-47ee-9e8a-c568dc0689f1,2025,2025-12-15,4.2,72,55,false
47bce0bb-7b91-4ee9-a27e-37c529ae2a78,275ba9b5-5f17-47ee-9e8a-c568dc0689f1,2026,2026-12-15,2.8,74,20,false
aaa232e1-4ec5-46c3-88b6-119ed3ff7bb9,e8cadb6c-9e41-491f-8692-78b5892e70d0,2019,2019-12-15,3.4,87,27,false
27b55e9c-9c38-4f88-95d5-6f32a5ae918c,e8cadb6c-9e41-491f-8692-78b5892e70d0,2020,2020-12-15,3.3,81,50,false
9a49e52c-e81f-4aeb-b688-cbd9ca03505b,e8cadb6c-9e41-491f-8692-78b5892e70d0,2021,2021-12-15,4.9,65,40,false
6d05f1ab-dc78-4ebd-8c7a-300e7c9fc7e0,e8cadb6c-9e41-491f-8692-78b5892e70d0,2022,2022-12-15,4.2,97,22,false
233045fd-0de4-45bd-aa84-8e27698f940f,e8cadb6c-9e41-491f-8692-78b5892e70d0,2023,2023-12-15,4.7,93,44,false
c03ae749-9414-4332-9c6f-4dc5b6a299d3,e8cadb6c-9e41-491f-8692-78b5892e70d0,2024,2024-12-15,2.8,61,49,false
cc7406f8-088f-4b5d-aecf-a6f86d6b7ff6,e8cadb6c-9e41-491f-8692-78b5892e70d0,2025,2025-12-15,2.6,92,39,false
b2912414-cd72-4c93-8474-d960bdf8c793,e8cadb6c-9e41-491f-8692-78b5892e70d0,2026,2026-12-15,2.7,65,51,false
11e3d3bb-4e94-4be0-94d8-cfefb5bab7c7,0f5df6b5-b431-4fe5-9952-5e8871ba31fe,2021,2021-12-15,4.2,93,38,false
b77cba27-58aa-4e06-8d09-6ea339373c7a,0f5df6b5-b431-4fe5-9952-5e8871ba31fe,2022,2022-12-15,3.9,89,37,false
2a03da2c-8929-4e66-a4ab-61a4bee02fe5,0f5df6b5-b431-4fe5-9952-5e8871ba31fe,2023,2023-12-15,4.4,88,51,false
d627458b-7e38-4973-95df-63b91e157845,0f5df6b5-b431-4fe5-9952-5e8871ba31fe,2024,2024-12-15,4,100,39,false
6119d1f0-bbb4-46f9-9585-6f5d36af28de,0f5df6b5-b431-4fe5-9952-5e8871ba31fe,2025,2025-12-15,2.6,91,38,false
ccdd10fa-d7ba-43a0-aed2-f70d00790142,0f5df6b5-b431-4fe5-9952-5e8871ba31fe,2026,2026-12-15,4.6,90,14,false
be2bfcce-47e1-479b-a59f-2414876c97eb,b4eb39ea-73f7-422f-b78c-9a89b8a2a3de,2023,2023-12-15,4.7,75,59,false
8955e4d4-0254-4c48-bccc-cefbdcd1f453,b4eb39ea-73f7-422f-b78c-9a89b8a2a3de,2024,2024-12-15,4,95,34,false
30ac92f7-72a9-4d95-a4a4-0fef1dc5b803,b4eb39ea-73f7-422f-b78c-9a89b8a2a3de,2025,2025-12-15,4.5,76,59,false
bcde1af1-fef8-45d6-84d7-0e89ea426bd8,b4eb39ea-73f7-422f-b78c-9a89b8a2a3de,2026,2026-12-15,4.1,96,31,false
68fa8a3d-82da-4312-96bc-4cf0d75c59f3,149c954a-3c5a-4056-bc1f-503d0f0190c5,2021,2021-12-15,2.5,100,56,false
528eaf29-8f2d-4750-9307-c8bb820f662a,149c954a-3c5a-4056-bc1f-503d0f0190c5,2022,2022-12-15,4.9,62,28,false
529c0bd9-60cf-42cf-9293-544f82253635,149c954a-3c5a-4056-bc1f-503d0f0190c5,2023,2023-12-15,4.8,90,24,true
6c69ea70-c46c-4dee-bf82-c2f928a3f3d0,149c954a-3c5a-4056-bc1f-503d0f0190c5,2024,2024-12-15,3.4,65,40,false
f0858c32-f616-46a8-a72e-ae8c0a02c4a7,149c954a-3c5a-4056-bc1f-503d0f0190c5,2025,2025-12-15,3.3,77,13,false
fb6a8e09-9e09-443c-8af5-4044c6470021,149c954a-3c5a-4056-bc1f-503d0f0190c5,2026,2026-12-15,4.2,86,36,false
5f182991-4e31-4d55-902f-408efa1d9acc,8d8a003f-7ede-4ad7-a100-d4d74becae0c,2021,2021-12-15,3.2,83,59,false
8196c999-a31e-4a56-9b95-bc07844bcf63,8d8a003f-7ede-4ad7-a100-d4d74becae0c,2022,2022-12-15,4,84,59,false
c1240da9-0cb5-475e-8aed-f515b0907bd1,8d8a003f-7ede-4ad7-a100-d4d74becae0c,2023,2023-12-15,2.3,74,45,false
1e47ec40-5e92-4c1a-92d6-a083856c126a,8d8a003f-7ede-4ad7-a100-d4d74becae0c,2024,2024-12-15,3,81,17,false
296e7db5-0efb-4c30-870d-b95ecb7ab623,8d8a003f-7ede-4ad7-a100-d4d74becae0c,2025,2025-12-15,3.7,63,46,false
ff56a2fa-1582-4088-a3d7-dd1a4b7c6c2e,8d8a003f-7ede-4ad7-a100-d4d74becae0c,2026,2026-12-15,4.4,82,38,false
43551e88-d315-4ef5-a411-9f1143527bf3,a77c22da-d09e-45eb-acaa-4e7cd26fbf44,2020,2020-12-15,5,97,18,true
d3b8e040-8893-479b-b712-4060238bc407,a77c22da-d09e-45eb-acaa-4e7cd26fbf44,2021,2021-12-15,3.8,76,21,false
2d8b2dbe-3820-4c62-9460-e0d9e652f8ff,a77c22da-d09e-45eb-acaa-4e7cd26fbf44,2022,2022-12-15,5,69,27,false
6fd76656-638b-4968-98ec-409d2cc87442,a77c22da-d09e-45eb-acaa-4e7cd26fbf44,2023,2023-12-15,3.1,93,16,false
7bfb322d-39aa-4bfb-818a-c790fe4f9243,a77c22da-d09e-45eb-acaa-4e7cd26fbf44,2024,2024-12-15,3.7,88,53,false
9c383dfa-4811-4daa-bd71-ce4045b7e323,a77c22da-d09e-45eb-acaa-4e7cd26fbf44,2025,2025-12-15,4.3,74,48,false
140420bf-c845-4c51-b513-765c1d8cdfd6,a77c22da-d09e-45eb-acaa-4e7cd26fbf44,2026,2026-12-15,2.2,91,27,false
4ee8fb28-f92c-4142-bf2b-f26eeae62c4c,8604c655-b776-46c4-bca9-c19d849d3567,2019,2019-12-15,4.1,83,51,false
6866055e-22b6-4246-81a2-0b7bf0160d9e,8604c655-b776-46c4-bca9-c19d849d3567,2020,2020-12-15,2.6,100,13,false
5596e802-bd4f-40bd-a287-4c958ebc1470,8604c655-b776-46c4-bca9-c19d849d3567,2021,2021-12-15,2.9,63,46,false
8a5416d7-c876-4d40-9abc-b59cfbe45665,8604c655-b776-46c4-bca9-c19d849d3567,2022,2022-12-15,3.7,81,33,false
2fcc9106-09bf-4964-80ed-47265fa1fd6c,8604c655-b776-46c4-bca9-c19d849d3567,2023,2023-12-15,2.3,82,56,false
f291709d-4377-42df-a762-25aaf60fadac,8604c655-b776-46c4-bca9-c19d849d3567,2024,2024-12-15,2.3,69,22,false
cbddb96d-f988-429f-8834-ad9741061a1c,8604c655-b776-46c4-bca9-c19d849d3567,2025,2025-12-15,2.3,67,55,false
24e468da-2a6a-499c-af20-7401a1736fe6,8604c655-b776-46c4-bca9-c19d849d3567,2026,2026-12-15,4.3,86,60,false
8bf87150-1fdc-40a4-b38d-bdc7aa10f596,12f5959d-7d5d-41ff-8a1d-e658b7a9aa73,2024,2024-12-15,3.7,99,58,false
5f9ebbe4-85ef-48fa-bb03-78ab03cf2fdf,12f5959d-7d5d-41ff-8a1d-e658b7a9aa73,2025,2025-12-15,2.5,99,50,false
048708b6-52db-4981-9938-7b53849a5648,12f5959d-7d5d-41ff-8a1d-e658b7a9aa73,2026,2026-12-15,2,77,17,false
17f5116b-e8eb-4cfe-9cc6-21fc788b1e60,f9d29a40-46b3-4fa0-81a6-2a9d06f86248,2026,2026-12-15,3.1,68,50,false
7d1f86eb-7a4a-42eb-9302-78ea3c30117e,8096ca20-1182-4ba3-a7a1-71c6d9921302,2022,2022-12-15,4.6,65,22,false
64398218-153f-4936-b693-145506b42976,8096ca20-1182-4ba3-a7a1-71c6d9921302,2023,2023-12-15,4.9,62,38,false
9f4b02ed-118d-476a-b5b2-90788c570888,8096ca20-1182-4ba3-a7a1-71c6d9921302,2024,2024-12-15,3.2,75,15,false
e01c4739-6c91-49a5-850f-b5d4320ef549,8096ca20-1182-4ba3-a7a1-71c6d9921302,2025,2025-12-15,2.7,69,56,false
84b319e3-62ff-4750-a870-542ea342f7b4,8096ca20-1182-4ba3-a7a1-71c6d9921302,2026,2026-12-15,4.3,85,25,false
6e6bbe49-9f32-43f4-9eb5-916ab8a67c4b,37b8098e-a611-47cf-8f26-a8b136a5277a,2017,2017-12-15,4.4,89,27,false
8a748898-0881-42cb-83fe-c89662dcc956,37b8098e-a611-47cf-8f26-a8b136a5277a,2018,2018-12-15,4.5,60,12,false
386ccdeb-e352-42dc-9315-2da0b7dac6f4,37b8098e-a611-47cf-8f26-a8b136a5277a,2019,2019-12-15,2.9,85,12,false
e3ea6de2-60db-4051-9989-f768cc2081c0,37b8098e-a611-47cf-8f26-a8b136a5277a,2020,2020-12-15,2.7,94,41,false
9101bf1a-67e4-48f1-a10c-6fe02efa448a,37b8098e-a611-47cf-8f26-a8b136a5277a,2021,2021-12-15,2.1,85,38,false
6ddc4f51-3d9f-4885-a931-4edba6beae9a,37b8098e-a611-47cf-8f26-a8b136a5277a,2022,2022-12-15,4.5,79,34,true
e3bb7645-d847-4cb7-9353-4b7ad11f6234,37b8098e-a611-47cf-8f26-a8b136a5277a,2023,2023-12-15,2.5,85,40,false
be9a9a6d-9d35-40eb-bb84-cef69ed67838,37b8098e-a611-47cf-8f26-a8b136a5277a,2024,2024-12-15,4.4,95,30,false
e8196a6b-1d66-4711-8a9f-432070631016,37b8098e-a611-47cf-8f26-a8b136a5277a,2025,2025-12-15,3.6,64,23,false
c7972b1d-89bd-4933-a5ca-818ea7a976b8,37b8098e-a611-47cf-8f26-a8b136a5277a,2026,2026-12-15,3.1,83,11,false
e411818d-6ead-4368-ac35-85ca92efde93,e0b16672-0926-4c08-89ba-bf8c920ec5a5,2021,2021-12-15,2.3,64,26,false
b234446c-cd5b-4433-9247-bf725d478b1d,e0b16672-0926-4c08-89ba-bf8c920ec5a5,2022,2022-12-15,4.5,75,29,true
061c5b12-4ff3-4d6a-b957-9783846885ba,e0b16672-0926-4c08-89ba-bf8c920ec5a5,2023,2023-12-15,2.8,84,60,false
e0041c76-458f-44e3-8920-3d3ce9feb8dc,e0b16672-0926-4c08-89ba-bf8c920ec5a5,2024,2024-12-15,2.5,75,31,false
d274a388-e7ce-45b2-b182-ae73247980cb,e0b16672-0926-4c08-89ba-bf8c920ec5a5,2025,2025-12-15,2.6,73,15,false
7db0a7cb-d987-4c81-8228-b3ae01adaa13,e0b16672-0926-4c08-89ba-bf8c920ec5a5,2026,2026-12-15,2.6,83,60,false
ea520824-d8ea-4309-87be-8f9230a76740,97bd87b6-09ce-4416-8787-e29f98706077,2019,2019-12-15,4.5,74,52,false
166c19dc-7dcd-4e50-9c13-9f12a2090269,97bd87b6-09ce-4416-8787-e29f98706077,2020,2020-12-15,3.6,93,10,false
0663a4ec-ff3c-44de-b0ad-95e649da7f8a,97bd87b6-09ce-4416-8787-e29f98706077,2021,2021-12-15,2.9,78,24,false
26208b2b-d514-43a7-8adf-1cfb48db88a9,97bd87b6-09ce-4416-8787-e29f98706077,2022,2022-12-15,3,83,46,false
8a56e70b-b45c-49cb-9ab7-cee5b1407779,97bd87b6-09ce-4416-8787-e29f98706077,2023,2023-12-15,4.9,64,58,true
d858cf8e-7920-465f-b8dd-020127309c75,97bd87b6-09ce-4416-8787-e29f98706077,2024,2024-12-15,5,87,13,true
f212b819-4796-4364-9619-3fd877c824d0,97bd87b6-09ce-4416-8787-e29f98706077,2025,2025-12-15,3.5,94,52,false
4117bbc4-59a9-4390-868e-ff5a94441a67,97bd87b6-09ce-4416-8787-e29f98706077,2026,2026-12-15,2.8,75,42,false
35c02ed5-7955-4a60-9526-f698077f6fc6,78a9ab42-d92b-46d4-bb60-a58d1eabda73,2017,2017-12-15,3.5,91,11,false
5774b8e4-59e2-486d-af05-25155737ee84,78a9ab42-d92b-46d4-bb60-a58d1eabda73,2018,2018-12-15,3.9,100,35,false
1243b5d6-17e2-4222-b4ab-cc84bcbb7a0b,78a9ab42-d92b-46d4-bb60-a58d1eabda73,2019,2019-12-15,4,82,10,false
75e73e0b-8ef4-4d7b-8527-816b0de120f3,78a9ab42-d92b-46d4-bb60-a58d1eabda73,2020,2020-12-15,4.1,98,15,false
059d4f0f-0f7d-420f-9a93-90beb45f2d24,78a9ab42-d92b-46d4-bb60-a58d1eabda73,2021,2021-12-15,2.4,72,48,false
b80c4bee-2ab1-434d-a6ef-5b1eea4a096b,78a9ab42-d92b-46d4-bb60-a58d1eabda73,2022,2022-12-15,4.3,60,38,false
97523787-8ea1-4215-bd77-f0b0e22551a0,78a9ab42-d92b-46d4-bb60-a58d1eabda73,2023,2023-12-15,3.8,93,19,false
79b8f547-57c3-482c-a178-bd6f5d7f09f2,78a9ab42-d92b-46d4-bb60-a58d1eabda73,2024,2024-12-15,3.2,68,42,false
d4e9d5a9-3827-4e15-84cf-3ff39f932cd1,78a9ab42-d92b-46d4-bb60-a58d1eabda73,2025,2025-12-15,5,100,13,true
b06d0145-a59d-4fb9-b7ce-a1fc993816a7,78a9ab42-d92b-46d4-bb60-a58d1eabda73,2026,2026-12-15,2.2,76,13,false
14552443-38c9-4a13-9dbb-11987965c0f2,adb55aaa-18be-43fd-917e-da224abc0a8a,2018,2018-12-15,4.8,74,44,true
f35a29f3-2893-47fa-891d-1b26bffa68a7,adb55aaa-18be-43fd-917e-da224abc0a8a,2019,2019-12-15,4.3,78,10,false
2b56ee93-4124-463b-8e7b-9f95ffa4bd58,adb55aaa-18be-43fd-917e-da224abc0a8a,2020,2020-12-15,2,68,58,false
6b686031-f70f-4f2a-903f-e12e0d310a87,adb55aaa-18be-43fd-917e-da224abc0a8a,2021,2021-12-15,2.5,94,28,false
69db25f1-4729-4b2c-97a5-09ccc3815724,adb55aaa-18be-43fd-917e-da224abc0a8a,2022,2022-12-15,3.4,79,35,false
a56e4b92-d75d-4101-8111-2052b92b25cc,adb55aaa-18be-43fd-917e-da224abc0a8a,2023,2023-12-15,2.4,80,56,false
b26d56c5-0ae4-4a4d-8ab6-bcf1d13951d8,adb55aaa-18be-43fd-917e-da224abc0a8a,2024,2024-12-15,5,89,49,false
31b38359-0b08-4b4f-9f92-9b44c0e7545d,adb55aaa-18be-43fd-917e-da224abc0a8a,2025,2025-12-15,3.6,63,32,false
3dbdfd4f-b777-42af-943b-c3fbd95cd1c4,adb55aaa-18be-43fd-917e-da224abc0a8a,2026,2026-12-15,4.5,68,34,true
7dd9b55c-d7d9-441c-80d5-be97429f3c5e,b6c921f2-352c-4d16-b6f6-5712a7564bf8,2024,2024-12-15,2.8,84,29,false
aecb27ad-9263-4536-b46b-d0ca6f158afa,b6c921f2-352c-4d16-b6f6-5712a7564bf8,2025,2025-12-15,2.5,79,42,false
a2643747-c56c-44e2-a2fe-b6cb977ef3ce,b6c921f2-352c-4d16-b6f6-5712a7564bf8,2026,2026-12-15,4.9,87,21,true
b9b67396-49ff-43a5-a4ca-f484f234619c,41beb097-9a8e-4196-9b25-daaeea6a23e6,2018,2018-12-15,3.3,68,28,false
b2ee465d-a836-4140-8f30-44072e20fbf6,41beb097-9a8e-4196-9b25-daaeea6a23e6,2019,2019-12-15,3.9,73,48,false
76150593-a58c-4be2-aa2c-2c6eb9b485a2,41beb097-9a8e-4196-9b25-daaeea6a23e6,2020,2020-12-15,3.2,79,13,false
7954cc3a-1ea7-4c39-a755-8505a90ef805,41beb097-9a8e-4196-9b25-daaeea6a23e6,2021,2021-12-15,3.5,68,54,false
8926ba23-3d17-449d-bb8a-4e50937c363e,41beb097-9a8e-4196-9b25-daaeea6a23e6,2022,2022-12-15,4.5,73,52,false
3edd4ac3-3e93-4be2-9b53-fae80f5f6f35,41beb097-9a8e-4196-9b25-daaeea6a23e6,2023,2023-12-15,4.9,60,24,true
b628d2dc-c002-400b-9241-bbc1b2e5f489,41beb097-9a8e-4196-9b25-daaeea6a23e6,2024,2024-12-15,4.3,90,12,false
cc4e0b2e-6af3-44a4-bb4f-f17115a7c198,41beb097-9a8e-4196-9b25-daaeea6a23e6,2025,2025-12-15,3,96,53,false
f39224f6-8e50-4fa3-a0b0-08bf2c6cbbda,41beb097-9a8e-4196-9b25-daaeea6a23e6,2026,2026-12-15,2.2,80,40,false
c88e5a69-eb6a-4b15-a552-da39f28a069e,506a153d-ae9e-47b2-be0f-a0b88c583e1d,2019,2019-12-15,2.8,77,60,false
bffe94da-eb2b-4d6b-bf98-a2de1a6c6a70,506a153d-ae9e-47b2-be0f-a0b88c583e1d,2020,2020-12-15,2.7,94,54,false
ef82d6e6-eb80-4c1b-8341-233cb6b0ff81,506a153d-ae9e-47b2-be0f-a0b88c583e1d,2021,2021-12-15,2.8,91,50,false
983a71de-2c66-436d-9a4d-12002c4faeb7,506a153d-ae9e-47b2-be0f-a0b88c583e1d,2022,2022-12-15,4.7,62,55,false
35cc961c-b3ca-4578-b8d2-05c3ac96961e,506a153d-ae9e-47b2-be0f-a0b88c583e1d,2023,2023-12-15,4.8,76,34,false
0812f87b-dc6d-4eb8-9bb9-1c32ec53b45b,506a153d-ae9e-47b2-be0f-a0b88c583e1d,2024,2024-12-15,3.5,79,29,false
c184c5fc-6801-43be-b00f-3f587f0b1c17,506a153d-ae9e-47b2-be0f-a0b88c583e1d,2025,2025-12-15,3.8,86,55,false
7ab5ee61-75d5-4ef1-abad-e8ef7544a400,506a153d-ae9e-47b2-be0f-a0b88c583e1d,2026,2026-12-15,2.8,60,55,false
31d9d8c2-3ae1-4d7c-b19c-b38e9e02c9bd,466490ed-c441-4809-89de-7a7b94f6c805,2025,2025-12-15,3.2,70,11,false
a319e000-1249-4185-911e-b0deab436ec9,466490ed-c441-4809-89de-7a7b94f6c805,2026,2026-12-15,3.8,60,25,false
5dd39429-a320-468d-9454-814621077816,59154665-8df4-45e9-9d6d-ddf4da3e7528,2019,2019-12-15,2.2,77,56,false
f346b8b5-aa2b-4b5a-9ba6-13b70341d0cb,59154665-8df4-45e9-9d6d-ddf4da3e7528,2020,2020-12-15,4.5,82,50,false
6184634e-98e3-4d50-891f-05adebfcee51,59154665-8df4-45e9-9d6d-ddf4da3e7528,2021,2021-12-15,4.1,97,17,false
11964ad9-463e-4031-97c0-972cc6c386ce,59154665-8df4-45e9-9d6d-ddf4da3e7528,2022,2022-12-15,3.9,97,39,false
9bdfd3f0-43dd-477d-81a6-4e0452448a12,59154665-8df4-45e9-9d6d-ddf4da3e7528,2023,2023-12-15,2.6,94,30,false
29e3e39f-7df6-4dec-a68d-7c6be2754ab9,59154665-8df4-45e9-9d6d-ddf4da3e7528,2024,2024-12-15,2.2,87,48,false
06f68231-250d-4182-a14f-3cac6c5f8670,59154665-8df4-45e9-9d6d-ddf4da3e7528,2025,2025-12-15,4.1,63,23,false
d0e54a53-14b9-4f26-a529-6a3efbd9668c,59154665-8df4-45e9-9d6d-ddf4da3e7528,2026,2026-12-15,3.7,89,13,false
0046e946-79e9-44c3-8ad1-a5811d1fe192,043fe031-fb59-4ea9-aa82-21dd7b079832,2016,2016-12-15,2.1,94,31,false
465c44a2-4ac5-42ca-99a6-714b76c859cd,043fe031-fb59-4ea9-aa82-21dd7b079832,2017,2017-12-15,2.4,69,57,false
3f5b0e8a-d092-4767-b38c-3845016dd8c7,043fe031-fb59-4ea9-aa82-21dd7b079832,2018,2018-12-15,3.8,87,33,false
75989610-dc7c-47ef-963e-3e9f70124f2b,043fe031-fb59-4ea9-aa82-21dd7b079832,2019,2019-12-15,4.7,67,43,false
97ba65fc-21bd-40e7-b35e-1266beece639,043fe031-fb59-4ea9-aa82-21dd7b079832,2020,2020-12-15,4.1,95,46,false
1421c69e-cea7-4086-891a-517a461f49e8,043fe031-fb59-4ea9-aa82-21dd7b079832,2021,2021-12-15,3.9,87,37,false
f2d3849a-20a1-4d61-ae1e-b191e4ff2c9d,043fe031-fb59-4ea9-aa82-21dd7b079832,2022,2022-12-15,2.1,68,26,false
8f906fa5-1e21-4824-8cea-c0121d2d3659,043fe031-fb59-4ea9-aa82-21dd7b079832,2023,2023-12-15,3.6,63,30,false
5632507d-aa36-4dd7-a8ac-d4500f3dbec9,043fe031-fb59-4ea9-aa82-21dd7b079832,2024,2024-12-15,4.5,90,36,true
6909ae27-eb86-496e-9b61-788903ffc861,043fe031-fb59-4ea9-aa82-21dd7b079832,2025,2025-12-15,3,90,32,false
cfa0b807-d194-4a16-a7f9-d7135c829c40,043fe031-fb59-4ea9-aa82-21dd7b079832,2026,2026-12-15,2.8,84,14,false
9dcf2069-1fad-4dc1-9bea-fcc3dd6f4af1,7f08202e-b8b5-4439-9520-6270ec61cd33,2024,2024-12-15,3.4,72,38,false
6ff31076-07a4-4ce3-b01f-0ca767686bc5,7f08202e-b8b5-4439-9520-6270ec61cd33,2025,2025-12-15,2,98,19,false
da3648d0-6d31-4ce5-8c47-749300ea87ec,7f08202e-b8b5-4439-9520-6270ec61cd33,2026,2026-12-15,2.4,97,19,false
2dedea28-aefa-49df-8f9f-b4d0c4311d1d,deca4391-71d5-4f72-bd29-a5aa46fc2e8c,2023,2023-12-15,2.5,93,56,false
8ecbb0ad-5c8a-4685-9c42-bfe4016cc25d,deca4391-71d5-4f72-bd29-a5aa46fc2e8c,2024,2024-12-15,3.6,98,34,false
c80253ef-d681-478e-a20c-fe3219becdcd,deca4391-71d5-4f72-bd29-a5aa46fc2e8c,2025,2025-12-15,3.9,71,50,false
f5621f96-0a94-439e-b199-bf39309ee6f1,deca4391-71d5-4f72-bd29-a5aa46fc2e8c,2026,2026-12-15,2.5,65,15,false
bfc5771e-6820-4e75-8808-82b85f02a8a4,cd81d63c-a952-4463-b178-fce4a1371d96,2025,2025-12-15,3.3,95,47,false
653b9007-c388-4461-92de-2237f3f3c14a,cd81d63c-a952-4463-b178-fce4a1371d96,2026,2026-12-15,3.7,62,12,false
f84d4ac4-3f16-454b-b17b-36faf38cf5c1,0c34ff6e-1d03-4985-b4cc-904f80513e64,2020,2020-12-15,4.1,83,15,false
936f3338-e1a9-4abc-9309-0c7f59936b40,0c34ff6e-1d03-4985-b4cc-904f80513e64,2021,2021-12-15,4.3,92,15,false
2c4d5846-0070-408c-aca8-e2191c8846d0,0c34ff6e-1d03-4985-b4cc-904f80513e64,2022,2022-12-15,4.9,85,47,false
8de89400-cd3f-47b7-8f74-f263c90e1959,0c34ff6e-1d03-4985-b4cc-904f80513e64,2023,2023-12-15,3,99,31,false
4269f901-08ac-4430-be91-e99366f8c857,0c34ff6e-1d03-4985-b4cc-904f80513e64,2024,2024-12-15,3,95,58,false
a22f42bf-1981-430c-b59c-487524f5699c,0c34ff6e-1d03-4985-b4cc-904f80513e64,2025,2025-12-15,2.6,73,50,false
4e52b60e-66d8-4c1b-8d6f-06e6679eec90,0c34ff6e-1d03-4985-b4cc-904f80513e64,2026,2026-12-15,2.1,72,27,false
29861f85-aca2-48a1-8394-861bf9933191,4c77e810-f54d-4579-92e4-fd850cf38bc3,2026,2026-12-15,2.3,72,44,false
1909f01b-6faf-43eb-80fc-ade7ff781098,51d792da-b455-4477-b9af-d09e1ae27605,2017,2017-12-15,2.1,72,39,false
ae3221aa-882a-46a2-959d-accb9e05d998,51d792da-b455-4477-b9af-d09e1ae27605,2018,2018-12-15,2.7,64,12,false
032db4e9-2a3b-4fc9-a3fe-30863606b534,51d792da-b455-4477-b9af-d09e1ae27605,2019,2019-12-15,4.7,92,32,false
566914fa-33d9-4dc9-b11f-944add76ce89,51d792da-b455-4477-b9af-d09e1ae27605,2020,2020-12-15,2.9,87,51,false
8e9ed1fc-864f-427e-9982-6cdda1e440af,51d792da-b455-4477-b9af-d09e1ae27605,2021,2021-12-15,4.6,62,23,true
e6559898-1762-48a7-ba6c-d6a9ef93a63a,51d792da-b455-4477-b9af-d09e1ae27605,2022,2022-12-15,4.3,91,29,false
fe28b4ec-e092-4a4b-87f2-9f86af31b960,51d792da-b455-4477-b9af-d09e1ae27605,2023,2023-12-15,4.2,91,51,false
b7820039-68f3-4529-be66-f04175341e50,51d792da-b455-4477-b9af-d09e1ae27605,2024,2024-12-15,3.6,92,20,false
43986622-8028-4528-8a1e-9a28fa5600b1,51d792da-b455-4477-b9af-d09e1ae27605,2025,2025-12-15,4.7,84,26,true
4d9d4f13-4ea9-4658-80bf-a97a8f90f7e8,51d792da-b455-4477-b9af-d09e1ae27605,2026,2026-12-15,3.7,84,16,false
234f85b8-0cae-414d-b13a-5fe1eb0d1d1c,794bf5aa-3ec9-4958-a1fe-52c7b6f6ddab,2024,2024-12-15,4.3,97,27,false
8424288c-8b9f-4588-b942-56d6b7ba49fe,794bf5aa-3ec9-4958-a1fe-52c7b6f6ddab,2025,2025-12-15,3.9,68,48,false
8adf8abf-a291-47f3-b914-a33b44b8c4f5,794bf5aa-3ec9-4958-a1fe-52c7b6f6ddab,2026,2026-12-15,3.1,68,47,false
f186534f-5f77-47ca-9fd8-236878e8a684,3d48377a-bba1-45d1-ab4c-f924d858a856,2020,2020-12-15,4.1,83,48,false
3a67fb64-81cd-4a4d-8910-c932e4a3a54b,3d48377a-bba1-45d1-ab4c-f924d858a856,2021,2021-12-15,2.3,85,14,false
14c123a3-4b56-4d00-98be-536237dd2eb5,3d48377a-bba1-45d1-ab4c-f924d858a856,2022,2022-12-15,3.7,88,38,false
c9fd3de0-c3b9-45bf-8821-55c5a69bcbaf,3d48377a-bba1-45d1-ab4c-f924d858a856,2023,2023-12-15,2.5,63,17,false
9e1b3171-7fda-414a-9047-2f5edfbf284c,3d48377a-bba1-45d1-ab4c-f924d858a856,2024,2024-12-15,3.2,100,23,false
d5c35851-812b-49e3-af71-4aed98c8e6df,3d48377a-bba1-45d1-ab4c-f924d858a856,2025,2025-12-15,2.8,75,23,false
999c7de7-04e0-4e5d-8289-dabe5951e0bf,3d48377a-bba1-45d1-ab4c-f924d858a856,2026,2026-12-15,4.6,80,41,false
729d0872-c9fa-40ac-a731-bef7fdc4cdd7,a329a60e-e34d-493c-a006-2beb675b04d4,2019,2019-12-15,3,77,17,false
16c4ab0a-571b-4246-b76d-4b8a6ad4ff1f,a329a60e-e34d-493c-a006-2beb675b04d4,2020,2020-12-15,2.3,67,37,false
5d1802e7-aa90-49a5-8751-23139f56a607,a329a60e-e34d-493c-a006-2beb675b04d4,2021,2021-12-15,2.7,74,47,false
af36e9d6-1547-4ef2-a7ae-c6a990b49086,a329a60e-e34d-493c-a006-2beb675b04d4,2022,2022-12-15,2.4,62,46,false
58a980f2-48b4-4b55-9770-b9df3ba0cc9b,a329a60e-e34d-493c-a006-2beb675b04d4,2023,2023-12-15,2.3,95,36,false
1fa52dda-169b-4378-9367-e7edf132b38d,a329a60e-e34d-493c-a006-2beb675b04d4,2024,2024-12-15,3,66,50,false
85520e7d-7d4d-486a-8c0f-3446be08886d,a329a60e-e34d-493c-a006-2beb675b04d4,2025,2025-12-15,2.8,89,46,false
603f3627-e15f-4746-90c6-79d7af02f6e9,a329a60e-e34d-493c-a006-2beb675b04d4,2026,2026-12-15,3.2,75,52,false
052ce7d3-50ca-4327-a066-3e770d3f4e9c,9192bd04-cb21-44b6-9d46-8febbe562935,2022,2022-12-15,3.5,60,44,false
76289fb4-e6eb-47bf-8d49-18be814bb6d7,9192bd04-cb21-44b6-9d46-8febbe562935,2023,2023-12-15,3.3,61,43,false
97e0fe8c-dfd0-46d5-b862-f14e70a52165,9192bd04-cb21-44b6-9d46-8febbe562935,2024,2024-12-15,2,77,39,false
8438643e-80f9-48cf-baf1-cefe1e9b193f,9192bd04-cb21-44b6-9d46-8febbe562935,2025,2025-12-15,3.2,77,18,false
37ff1777-e2c9-4f2d-a58c-192096093fa9,9192bd04-cb21-44b6-9d46-8febbe562935,2026,2026-12-15,4.7,64,14,false
619bc437-f220-4214-b77a-341e04660a51,9daa5c6f-e7c0-4657-ac1d-cf6fae66251d,2023,2023-12-15,4,68,12,false
bd01db00-0061-4a17-a1d7-620adffe601c,9daa5c6f-e7c0-4657-ac1d-cf6fae66251d,2024,2024-12-15,2.8,64,30,false
3b2187f5-0412-4cf0-98a8-e8e7738e0aeb,9daa5c6f-e7c0-4657-ac1d-cf6fae66251d,2025,2025-12-15,3.6,75,31,false
7afe62b8-a68a-44a6-8c74-51eccf5bbf26,9daa5c6f-e7c0-4657-ac1d-cf6fae66251d,2026,2026-12-15,2.2,73,31,false
2402cd43-684f-41f2-9aae-d3f654077d16,cd2cf5a1-cdf1-4775-9874-a71ee3d793ff,2019,2019-12-15,3.6,77,36,false
fe52bc8d-2407-4e12-a0d6-80c5f967ab1e,cd2cf5a1-cdf1-4775-9874-a71ee3d793ff,2020,2020-12-15,4.9,67,49,false
70059671-850b-45ae-87ea-d8ca5d42868d,cd2cf5a1-cdf1-4775-9874-a71ee3d793ff,2021,2021-12-15,4,80,30,false
2b7e2b60-195b-455e-94c9-2029f7cb3a4a,cd2cf5a1-cdf1-4775-9874-a71ee3d793ff,2022,2022-12-15,3.7,77,17,false
6f50dbb7-2937-4c1a-9314-d1975d9df866,cd2cf5a1-cdf1-4775-9874-a71ee3d793ff,2023,2023-12-15,3.8,61,10,false
2cd12d45-a0ff-4669-b204-968d02c6c71e,cd2cf5a1-cdf1-4775-9874-a71ee3d793ff,2024,2024-12-15,3.3,97,16,false
e79d6067-f4ae-4de2-b28c-e9501a2b4979,cd2cf5a1-cdf1-4775-9874-a71ee3d793ff,2025,2025-12-15,4.5,89,52,false
58245c62-c683-43dc-9af4-495f816d2a07,cd2cf5a1-cdf1-4775-9874-a71ee3d793ff,2026,2026-12-15,2.3,78,48,false
ac9f1873-4810-4dad-9752-2a2c5dbdbe83,bb8bfc48-b67d-46dd-8da1-4ad667af8a89,2016,2016-12-15,3.6,78,52,false
2934b328-2ddd-4bf6-8318-8225de7052f5,bb8bfc48-b67d-46dd-8da1-4ad667af8a89,2017,2017-12-15,2.9,63,50,false
c5c2f568-19a9-4f59-a28a-a3a6b2135a3d,bb8bfc48-b67d-46dd-8da1-4ad667af8a89,2018,2018-12-15,4.5,64,44,true
b1d2a1f5-a42e-46d6-b05f-103f0c7c4108,bb8bfc48-b67d-46dd-8da1-4ad667af8a89,2019,2019-12-15,4.1,76,33,false
fda99663-f823-428d-a0b5-d9f80a044878,bb8bfc48-b67d-46dd-8da1-4ad667af8a89,2020,2020-12-15,2.4,80,21,false
7e402bae-cc0d-45db-bd7c-874f000e4b55,bb8bfc48-b67d-46dd-8da1-4ad667af8a89,2021,2021-12-15,4.4,78,30,false
2f2c6b2c-7c23-4fdb-bcd1-62bbe4ca6729,bb8bfc48-b67d-46dd-8da1-4ad667af8a89,2022,2022-12-15,3.3,95,10,false
d420ef9e-9136-4333-bece-8fa95a2d800c,bb8bfc48-b67d-46dd-8da1-4ad667af8a89,2023,2023-12-15,4.8,84,17,true
37e8eaf0-3c54-4f33-8683-60c5b3245d45,bb8bfc48-b67d-46dd-8da1-4ad667af8a89,2024,2024-12-15,3.7,100,50,false
34d69387-010a-4ea3-8258-0d44b09e9796,bb8bfc48-b67d-46dd-8da1-4ad667af8a89,2025,2025-12-15,3,87,33,false
435ec4b5-12b5-4ae8-93c4-094aee643e33,bb8bfc48-b67d-46dd-8da1-4ad667af8a89,2026,2026-12-15,3.4,72,10,false
bc6935ed-a30d-432f-ac48-eda64c67cc58,d84619a3-6cef-41e1-85a8-651b88ea69cf,2016,2016-12-15,4.4,81,40,false
c3adebfd-846c-4d2d-ac47-d3c5253ed37f,d84619a3-6cef-41e1-85a8-651b88ea69cf,2017,2017-12-15,3,80,13,false
b2c0f666-b033-43c2-9c41-3537c17f18da,d84619a3-6cef-41e1-85a8-651b88ea69cf,2018,2018-12-15,2.8,97,57,false
56c79e3a-21b9-47c5-bb3b-7909147eabbf,d84619a3-6cef-41e1-85a8-651b88ea69cf,2019,2019-12-15,2.5,80,35,false
fae8476a-16a7-42fc-890a-be665bd08129,d84619a3-6cef-41e1-85a8-651b88ea69cf,2020,2020-12-15,3.4,86,40,false
60f2eaa7-a550-403c-b595-a51a3f0f3eb5,d84619a3-6cef-41e1-85a8-651b88ea69cf,2021,2021-12-15,3,81,44,false
8849dc1d-44fa-45b3-b980-6330c314280d,d84619a3-6cef-41e1-85a8-651b88ea69cf,2022,2022-12-15,4,79,60,false
0913cd61-2bb7-4788-a476-b488584a818b,d84619a3-6cef-41e1-85a8-651b88ea69cf,2023,2023-12-15,2.5,87,15,false
66acae5e-b886-413d-99bd-fdded25c0477,d84619a3-6cef-41e1-85a8-651b88ea69cf,2024,2024-12-15,3,70,50,false
04b743de-6e89-4e0f-b2d0-d769e788060e,d84619a3-6cef-41e1-85a8-651b88ea69cf,2025,2025-12-15,2.9,60,57,false
135e74b9-2396-4d0d-b4e5-6400337271c7,d84619a3-6cef-41e1-85a8-651b88ea69cf,2026,2026-12-15,4.9,80,12,true
08a68689-11e4-422e-967f-b9686ca01ab1,2ba51aff-a5cb-451f-a38b-08018efb14cb,2022,2022-12-15,2.9,82,44,false
e34d1538-598c-4ba5-b51d-3d8a2a89f5e1,2ba51aff-a5cb-451f-a38b-08018efb14cb,2023,2023-12-15,4.3,92,58,false
42e0e46f-7c8b-4f13-b800-2a065c27f27d,2ba51aff-a5cb-451f-a38b-08018efb14cb,2024,2024-12-15,3.9,98,18,false
eb7c5742-79ff-4aa8-9c54-1e7046636654,2ba51aff-a5cb-451f-a38b-08018efb14cb,2025,2025-12-15,4.3,90,15,false
bb880275-b018-4e1d-83e1-963042ff58d5,2ba51aff-a5cb-451f-a38b-08018efb14cb,2026,2026-12-15,2.4,64,12,false
8ca76490-8aaf-4a15-a7d0-a8c2e6684ffa,f0eb1a24-fb5e-4afa-9880-2ce428caf2e2,2023,2023-12-15,3.8,71,41,false
c76bda4a-f977-4911-a458-d6eb832e97a5,f0eb1a24-fb5e-4afa-9880-2ce428caf2e2,2024,2024-12-15,3.4,95,51,false
df391a29-9502-4d01-80ae-c730f035459c,f0eb1a24-fb5e-4afa-9880-2ce428caf2e2,2025,2025-12-15,3.6,60,45,false
77674b88-cd64-446e-901a-28f7c8bd9e18,f0eb1a24-fb5e-4afa-9880-2ce428caf2e2,2026,2026-12-15,3.2,94,23,false
5ad32868-dcef-47b8-a330-8693a688b5ee,8313ea82-4a82-46a8-9f77-e7807cc5ff90,2025,2025-12-15,4.3,75,40,false
673a11a7-ef34-40f4-96e6-c62eee339308,8313ea82-4a82-46a8-9f77-e7807cc5ff90,2026,2026-12-15,3.3,91,27,false
881b4918-f3f0-4666-93e6-c23b2bad4965,555a9ff4-2c53-4447-886d-531961eb8b1c,2019,2019-12-15,4.6,90,28,false
5b51ebfe-d087-4005-a86a-e0f0f896ffcf,555a9ff4-2c53-4447-886d-531961eb8b1c,2020,2020-12-15,4,62,44,false
2f1946a1-c555-4d98-a0ee-d8f0f33fa4cc,555a9ff4-2c53-4447-886d-531961eb8b1c,2021,2021-12-15,2,89,59,false
7f6ab8a5-3e81-47ea-9d8a-3e51d9afa0b3,555a9ff4-2c53-4447-886d-531961eb8b1c,2022,2022-12-15,2.7,72,35,false
549ed937-04f3-47c9-bdb4-37c642ae4ae3,555a9ff4-2c53-4447-886d-531961eb8b1c,2023,2023-12-15,2.8,78,59,false
ebd12364-acb8-4719-93b0-6885b04fc5f9,555a9ff4-2c53-4447-886d-531961eb8b1c,2024,2024-12-15,3.3,62,10,false
70c37825-ff64-410d-b6e4-2f91ac5eb2ff,555a9ff4-2c53-4447-886d-531961eb8b1c,2025,2025-12-15,4.1,72,16,false
beca4953-ec71-46c8-8a0d-7c2e70fc884e,555a9ff4-2c53-4447-886d-531961eb8b1c,2026,2026-12-15,2,95,46,false
ff836c2a-c844-4eb7-be24-99841188ff7c,f4945fd5-068a-4144-b275-1befedeb5525,2026,2026-12-15,4.4,75,17,false
c2174852-a542-4c21-a970-d724bd39ce8a,df626fa8-c65a-4dd5-83d9-0ab5939c68d1,2020,2020-12-15,2.3,88,11,false
bbef4be3-d1e9-4919-95ed-409468b91a38,df626fa8-c65a-4dd5-83d9-0ab5939c68d1,2021,2021-12-15,4.4,83,40,false
303273f2-8b0e-4f42-bad8-c4dc96bd368f,df626fa8-c65a-4dd5-83d9-0ab5939c68d1,2022,2022-12-15,4.4,83,14,false
738110e8-cdc4-45bc-a2ac-b0d1fd551085,df626fa8-c65a-4dd5-83d9-0ab5939c68d1,2023,2023-12-15,3.4,78,39,false
754996ff-5c26-40f5-a8e7-f23db7df9633,df626fa8-c65a-4dd5-83d9-0ab5939c68d1,2024,2024-12-15,2.9,99,46,false
8dd00bce-9392-4887-b9d0-3d59ca9ef7e7,df626fa8-c65a-4dd5-83d9-0ab5939c68d1,2025,2025-12-15,4.4,68,47,false
0f701928-51c8-4608-bb25-4ceeb8c6d905,df626fa8-c65a-4dd5-83d9-0ab5939c68d1,2026,2026-12-15,4.2,89,38,false
10675535-4599-48d2-8bce-a6d871433d15,b23f4475-52bb-4426-a043-52b276e609a1,2023,2023-12-15,3.8,92,25,false
ae871aa4-1f9c-4ec6-8095-e78ee38bc7f8,b23f4475-52bb-4426-a043-52b276e609a1,2024,2024-12-15,5,64,22,true
adb8cb01-5f91-4b4f-9962-bc5e3e54a211,b23f4475-52bb-4426-a043-52b276e609a1,2025,2025-12-15,5,80,55,false
11af029b-cc7c-4b7d-b445-f2f867804bf2,b23f4475-52bb-4426-a043-52b276e609a1,2026,2026-12-15,2.8,74,34,false
88e8243c-565f-4b33-8521-a3755c868faa,7e762cd4-7767-4252-8739-a4bfaa3789b2,2021,2021-12-15,3.7,63,51,false
011f91b7-5cc0-4522-91f9-a5e1e4b7c3f0,7e762cd4-7767-4252-8739-a4bfaa3789b2,2022,2022-12-15,2.6,72,17,false
ea86ccbc-a936-4f5c-b5e9-424f427de440,7e762cd4-7767-4252-8739-a4bfaa3789b2,2023,2023-12-15,3.5,74,36,false
99751c80-a523-4274-8ce8-66baa6f3442b,7e762cd4-7767-4252-8739-a4bfaa3789b2,2024,2024-12-15,2.4,74,55,false
42b3b4b7-0577-4fd8-a6f1-ac23b9d9ab55,7e762cd4-7767-4252-8739-a4bfaa3789b2,2025,2025-12-15,2.1,84,58,false
1b1f9a95-ea91-4d1f-919f-27495aec6fe7,7e762cd4-7767-4252-8739-a4bfaa3789b2,2026,2026-12-15,3,75,30,false
4dc7537c-396f-4c7b-93de-1ffc3bf890d5,6dd37145-d719-42c2-8ee9-678ee724461d,2022,2022-12-15,4,78,32,false
05560b4d-52c1-4fdf-961a-d1f9ca400149,6dd37145-d719-42c2-8ee9-678ee724461d,2023,2023-12-15,4.9,77,26,false
b4a10045-dd40-4246-8a57-8603af50f826,6dd37145-d719-42c2-8ee9-678ee724461d,2024,2024-12-15,2.8,98,30,false
0a366675-aecc-4305-bec2-1236b3e65d21,6dd37145-d719-42c2-8ee9-678ee724461d,2025,2025-12-15,4.1,75,14,false
4420afb5-2e76-4535-b987-ee59a6269b2f,6dd37145-d719-42c2-8ee9-678ee724461d,2026,2026-12-15,3.3,62,45,false
d9d2a8e1-0bb4-4446-a709-4c22db7e9bd7,37e99a2b-2003-441e-acfa-2ff18a0424d7,2021,2021-12-15,2.8,96,59,false
ddc9e3ac-27ab-4213-8ca9-b788429121d3,37e99a2b-2003-441e-acfa-2ff18a0424d7,2022,2022-12-15,4.6,70,31,false
f7473010-d220-40a2-9a40-d8d777a4b33f,37e99a2b-2003-441e-acfa-2ff18a0424d7,2023,2023-12-15,3.9,82,19,false
b1c40bea-811b-409c-b276-75fea0f182f9,37e99a2b-2003-441e-acfa-2ff18a0424d7,2024,2024-12-15,2.8,80,49,false
6a6ea539-9fa3-488e-9cc2-a163e4f551a6,37e99a2b-2003-441e-acfa-2ff18a0424d7,2025,2025-12-15,3.7,69,23,false
01ed8329-bf69-4884-918b-0d3157e99cef,37e99a2b-2003-441e-acfa-2ff18a0424d7,2026,2026-12-15,2.4,80,10,false
7cb72be6-5565-4d25-a41e-29213b4b4734,d544d81b-2eb9-43d3-83ad-151a22284091,2023,2023-12-15,4.2,76,31,false
f3ba8346-e38e-42b7-ac54-a07e34323bb5,d544d81b-2eb9-43d3-83ad-151a22284091,2024,2024-12-15,2.8,73,34,false
2043daf8-1ed6-41c1-b1b2-6f469180fa70,d544d81b-2eb9-43d3-83ad-151a22284091,2025,2025-12-15,5,70,40,false
15e39662-903d-4c16-bcfa-5a189f9f8161,d544d81b-2eb9-43d3-83ad-151a22284091,2026,2026-12-15,3.6,92,36,false
7647f2b9-ef63-4b5c-8ec3-0091436dcdb3,b7ffbd45-3f86-4788-8726-106f4220e61d,2025,2025-12-15,3.7,73,49,false
99d41534-3d99-45cb-9f20-771bc2b15be9,b7ffbd45-3f86-4788-8726-106f4220e61d,2026,2026-12-15,3.7,96,13,false
4d400d35-52f0-4951-85ee-bebbfbdbff36,7e5c4bfa-b1d0-4843-bdfc-049bb37e59bd,2025,2025-12-15,3,73,18,false
f28f61ce-a15b-4783-a5bf-f3e6c3456bc9,7e5c4bfa-b1d0-4843-bdfc-049bb37e59bd,2026,2026-12-15,4.6,93,14,true
ab8e934d-238d-4818-a5ef-dbdcd752daa6,11d69685-7474-4539-92b1-dca51165df4f,2019,2019-12-15,4.1,93,35,false
99c86f03-7fdd-4b07-a6d6-64c0c31fcc07,11d69685-7474-4539-92b1-dca51165df4f,2020,2020-12-15,3.1,90,35,false
714df43b-5523-457d-8e96-86acc4b13f70,11d69685-7474-4539-92b1-dca51165df4f,2021,2021-12-15,2.5,96,31,false
6a9e1d80-1985-41df-b8ba-5070f42e728c,11d69685-7474-4539-92b1-dca51165df4f,2022,2022-12-15,3.9,83,46,false
5a063389-ab7a-4f22-a387-6df65574fc65,11d69685-7474-4539-92b1-dca51165df4f,2023,2023-12-15,3.7,64,34,false
cb06d09c-b31a-4a11-b593-c00eec7e9592,11d69685-7474-4539-92b1-dca51165df4f,2024,2024-12-15,3.8,83,31,false
31ad2590-3410-456e-9524-c6fd8c592883,11d69685-7474-4539-92b1-dca51165df4f,2025,2025-12-15,3.7,71,55,false
d29624df-4573-4332-97c2-3cc8af49658a,11d69685-7474-4539-92b1-dca51165df4f,2026,2026-12-15,2,77,34,false
7322303a-5856-4856-ba53-8d7b5816abe0,2cdb7346-cabf-43a5-b382-38e81d782f64,2019,2019-12-15,3.4,95,24,false
ceb0f13a-ba7c-408c-b1ca-d016ffdce8e9,2cdb7346-cabf-43a5-b382-38e81d782f64,2020,2020-12-15,3.5,95,28,false
b7f79d98-1bab-4160-97dc-d089f004b203,2cdb7346-cabf-43a5-b382-38e81d782f64,2021,2021-12-15,3.8,84,55,false
8ecbb687-f553-44d9-8989-44977b82e16f,2cdb7346-cabf-43a5-b382-38e81d782f64,2022,2022-12-15,5,81,39,true
a565ae9b-6116-4480-ac29-2565e761ccc0,2cdb7346-cabf-43a5-b382-38e81d782f64,2023,2023-12-15,3.9,100,16,false
87130923-7c38-45f6-bb49-fad9dcbcc243,2cdb7346-cabf-43a5-b382-38e81d782f64,2024,2024-12-15,2.2,79,37,false
2a56a03b-1310-4a36-8e98-415f36b5e290,2cdb7346-cabf-43a5-b382-38e81d782f64,2025,2025-12-15,2.2,100,38,false
3ab5e760-306b-4195-a2e9-970d4b104547,2cdb7346-cabf-43a5-b382-38e81d782f64,2026,2026-12-15,4,74,13,false
a0adc0e1-3c2b-4b12-a81e-93765b89a437,a60d31a0-6718-4535-91a3-2a9e3a052926,2023,2023-12-15,3.7,98,59,false
7b4d69dd-a644-4252-ba12-de2b3fff45af,a60d31a0-6718-4535-91a3-2a9e3a052926,2024,2024-12-15,2.5,79,50,false
affcdbce-f991-4ab9-8c03-8a9ce4a4d3c3,a60d31a0-6718-4535-91a3-2a9e3a052926,2025,2025-12-15,3.6,89,11,false
a0572c31-e31b-4ebe-a6b8-fbc646c10d53,a60d31a0-6718-4535-91a3-2a9e3a052926,2026,2026-12-15,2.5,74,31,false
79a8634a-e081-4ec8-a093-1ae6f9244bf7,394fa9cc-9d37-4ee8-849c-6cdb1a6d9991,2024,2024-12-15,2.4,86,44,false
53987889-0609-47df-a87f-b5a42ef92b56,394fa9cc-9d37-4ee8-849c-6cdb1a6d9991,2025,2025-12-15,2.3,86,13,false
d508f884-a2bd-4920-bca9-9895cbf8196d,394fa9cc-9d37-4ee8-849c-6cdb1a6d9991,2026,2026-12-15,3.4,75,50,false
501d7d0b-5658-424e-99a4-036a8307ed2e,4ccf7927-02dd-40c4-a915-9014404ee1f5,2019,2019-12-15,4,86,41,false
72198103-72de-4919-b350-5865b168386d,4ccf7927-02dd-40c4-a915-9014404ee1f5,2020,2020-12-15,3.8,95,50,false
92bc9fd4-13a1-4fc4-94d6-41d0eb689f6c,4ccf7927-02dd-40c4-a915-9014404ee1f5,2021,2021-12-15,3.5,96,15,false
851d2db1-1833-4046-b0da-535462d4383c,4ccf7927-02dd-40c4-a915-9014404ee1f5,2022,2022-12-15,3.7,98,48,false
e2829d1c-7c9f-46c1-806e-b8ee0b196291,4ccf7927-02dd-40c4-a915-9014404ee1f5,2023,2023-12-15,3.7,86,55,false
d986a715-36a5-458b-b85c-f321de09b2ba,4ccf7927-02dd-40c4-a915-9014404ee1f5,2024,2024-12-15,4.1,98,12,false
b091f3b2-3958-45f7-890b-a9f9522766ae,4ccf7927-02dd-40c4-a915-9014404ee1f5,2025,2025-12-15,4.3,66,58,false
43de0167-5680-4aa5-aaab-cc8aea0d0315,4ccf7927-02dd-40c4-a915-9014404ee1f5,2026,2026-12-15,2.2,83,20,false
5f8907dd-a0c9-42b5-a3cc-a598e05821ba,9d6858ae-5d10-41d3-b613-ff03447a770b,2021,2021-12-15,4.4,100,43,false
fc4c63ae-759a-4b45-9fb8-ee7e92c2d027,9d6858ae-5d10-41d3-b613-ff03447a770b,2022,2022-12-15,3.2,85,14,false
92c5cc63-fd7f-4cac-b9d6-d43a5bdf0cdf,9d6858ae-5d10-41d3-b613-ff03447a770b,2023,2023-12-15,4,96,19,false
31b3e216-9984-482b-981b-757b6b1ff0f2,9d6858ae-5d10-41d3-b613-ff03447a770b,2024,2024-12-15,4.9,63,34,true
7c2aa1e2-eac4-426b-aa0a-76a6d29152af,9d6858ae-5d10-41d3-b613-ff03447a770b,2025,2025-12-15,3,79,20,false
2830e89b-fa95-405e-92cc-1315c4d22b5d,9d6858ae-5d10-41d3-b613-ff03447a770b,2026,2026-12-15,2.8,92,12,false
380c5849-dbc8-47d3-b783-87f9e2ca44fd,9dc214ac-2c19-44c3-bb6a-a1e51210f7ed,2023,2023-12-15,3.3,83,35,false
a5839d43-f1af-4d4c-93bd-d24f241038bc,9dc214ac-2c19-44c3-bb6a-a1e51210f7ed,2024,2024-12-15,2.4,61,59,false
e7910ca6-e479-4a5d-b2f3-9a4a2c989087,9dc214ac-2c19-44c3-bb6a-a1e51210f7ed,2025,2025-12-15,3.5,99,45,false
34c700ca-3d34-4b24-9c15-e747790f0961,9dc214ac-2c19-44c3-bb6a-a1e51210f7ed,2026,2026-12-15,2.2,64,43,false
94c87b57-f0bb-4797-81b2-d0ab96d5a470,5c2fba87-65f4-4849-b4eb-08a83bb2c6b1,2019,2019-12-15,3.4,94,17,false
3450abfd-90a4-4eb1-bd34-04e43f66efed,5c2fba87-65f4-4849-b4eb-08a83bb2c6b1,2020,2020-12-15,4.4,95,26,false
8a866e26-9a08-42d1-ab8d-a2fbd55b7922,5c2fba87-65f4-4849-b4eb-08a83bb2c6b1,2021,2021-12-15,2.5,97,11,false
114dd6b8-b069-4881-9d3c-654737c1c75c,5c2fba87-65f4-4849-b4eb-08a83bb2c6b1,2022,2022-12-15,3.8,78,11,false
cb272185-8d14-4d39-804f-611c34d2fc94,5c2fba87-65f4-4849-b4eb-08a83bb2c6b1,2023,2023-12-15,4.9,62,13,true
27a6167e-a204-40f8-9e18-d1880eabaed6,5c2fba87-65f4-4849-b4eb-08a83bb2c6b1,2024,2024-12-15,2.4,100,45,false
32b6f58b-b78d-4c08-b5d1-2a8c04be6bee,5c2fba87-65f4-4849-b4eb-08a83bb2c6b1,2025,2025-12-15,3.2,69,10,false
ddd31ca4-90bb-407f-a70b-09c1814e7921,5c2fba87-65f4-4849-b4eb-08a83bb2c6b1,2026,2026-12-15,4.2,92,59,false
24321ebe-098e-4e3a-ad61-d832441be957,8c8a400b-94b2-4290-8e0d-08959982de63,2022,2022-12-15,4.1,93,23,false
32d90a02-5123-4fbc-b7a4-a3a14c284edf,8c8a400b-94b2-4290-8e0d-08959982de63,2023,2023-12-15,2.8,76,57,false
fd35e5b7-f1ca-4e93-ae83-a99f30ce4f2a,8c8a400b-94b2-4290-8e0d-08959982de63,2024,2024-12-15,2.1,65,60,false
a25dcaae-e54d-4821-92bb-bab8e883aef2,8c8a400b-94b2-4290-8e0d-08959982de63,2025,2025-12-15,3.3,73,32,false
c069148f-fe3f-49ad-a606-6d93ed43b3a1,8c8a400b-94b2-4290-8e0d-08959982de63,2026,2026-12-15,2.4,90,36,false
1691f8e4-2473-4b83-96a1-752979ae16f2,879d1e92-5cf6-4093-9848-484a7d782dc3,2016,2016-12-15,3.2,93,50,false
760b980b-98fe-44b2-a8b6-d5876d65fac6,879d1e92-5cf6-4093-9848-484a7d782dc3,2017,2017-12-15,3.4,62,53,false
1d80e618-a792-4440-bb7d-9154f8c24372,879d1e92-5cf6-4093-9848-484a7d782dc3,2018,2018-12-15,2.5,67,54,false
136e7445-29a6-4133-b6ac-9c02637b98b8,879d1e92-5cf6-4093-9848-484a7d782dc3,2019,2019-12-15,4.3,74,32,false
c4495f13-042c-4231-a062-cf6ed84b7480,879d1e92-5cf6-4093-9848-484a7d782dc3,2020,2020-12-15,4.3,73,18,false
7c6e916e-5420-43d6-a0ae-3e3f90c5773e,879d1e92-5cf6-4093-9848-484a7d782dc3,2021,2021-12-15,4.5,79,35,true
b6bb4882-92cb-480b-8b08-3f4e0439322d,879d1e92-5cf6-4093-9848-484a7d782dc3,2022,2022-12-15,2.9,99,51,false
3fd5bb18-00a8-42b1-9c60-c60301bd05a4,879d1e92-5cf6-4093-9848-484a7d782dc3,2023,2023-12-15,2.9,100,23,false
b62542ed-d6bf-42de-899b-c73429e3ec20,879d1e92-5cf6-4093-9848-484a7d782dc3,2024,2024-12-15,2.8,100,53,false
cfb19cf8-2feb-442a-b3f4-aec538ed980b,879d1e92-5cf6-4093-9848-484a7d782dc3,2025,2025-12-15,4.3,60,12,false
756240ba-b18c-45e6-986e-f1f8c6ee0122,879d1e92-5cf6-4093-9848-484a7d782dc3,2026,2026-12-15,4.5,73,23,true
567607fa-f8c8-4e43-8a87-c32f5f43c3c0,7d340f6b-0e3c-49a4-80fd-30501d1309ed,2026,2026-12-15,4.6,62,18,true
80fb231b-278c-485d-8dfb-796dd5bfc475,0429d896-d39b-4509-8909-9e06cd835e88,2020,2020-12-15,2.4,63,52,false
2fb57180-ed7f-4cc2-9c1a-fa98101ca15b,0429d896-d39b-4509-8909-9e06cd835e88,2021,2021-12-15,4.4,89,40,false
2691fc03-c94e-4782-bf94-3579efa4613f,0429d896-d39b-4509-8909-9e06cd835e88,2022,2022-12-15,4.1,86,16,false
041d98a0-4523-4eb4-ad23-99ef38a52125,0429d896-d39b-4509-8909-9e06cd835e88,2023,2023-12-15,2.7,98,44,false
84e0a7f4-8a47-4a97-a25b-2da953609514,0429d896-d39b-4509-8909-9e06cd835e88,2024,2024-12-15,4.4,96,44,false
91b4e47f-2f6f-44a7-89f7-182215b44cee,0429d896-d39b-4509-8909-9e06cd835e88,2025,2025-12-15,4.4,65,54,false
4a2990c4-8eef-4940-8532-5ccc417e4be0,0429d896-d39b-4509-8909-9e06cd835e88,2026,2026-12-15,4,93,30,false
b93ddfb7-868e-45c8-987c-93f9c2436025,d62b0d40-d3d3-48fa-9fc8-423b9d6c464a,2026,2026-12-15,2.3,62,49,false
2ef744ae-df7b-4b12-ad64-d026c8958eb5,36cc0bd8-3e91-48ef-99e7-0974e02a6000,2025,2025-12-15,2,65,53,false
3e975df2-9ace-4f9f-950a-5cfff1f578e0,36cc0bd8-3e91-48ef-99e7-0974e02a6000,2026,2026-12-15,2.2,95,58,false
c6aab194-fd98-40bf-bf32-ac73c5e78def,8c4c96f7-45f9-4c0b-8524-55dd189795aa,2018,2018-12-15,4.5,95,12,false
4ae1c971-27b1-4249-a2ff-08569fcc9a24,8c4c96f7-45f9-4c0b-8524-55dd189795aa,2019,2019-12-15,4.6,77,43,true
dc13fe26-8ae9-42e1-9b1c-aa6c1f24357d,8c4c96f7-45f9-4c0b-8524-55dd189795aa,2020,2020-12-15,4.7,98,11,false
ca898a46-3175-41e2-8a5e-314016633969,8c4c96f7-45f9-4c0b-8524-55dd189795aa,2021,2021-12-15,4.8,61,57,true
382bead0-94ee-4b14-a6b6-5d1ef8869a48,8c4c96f7-45f9-4c0b-8524-55dd189795aa,2022,2022-12-15,3.9,97,56,false
8cd0e2eb-028e-4dd7-9f98-79a2c3914567,8c4c96f7-45f9-4c0b-8524-55dd189795aa,2023,2023-12-15,3.6,100,47,false
27c70b05-7676-4ac7-8cbc-96db9e862182,8c4c96f7-45f9-4c0b-8524-55dd189795aa,2024,2024-12-15,4.5,97,45,false
59f836d9-21fe-49aa-9da8-369f9ea9eb79,8c4c96f7-45f9-4c0b-8524-55dd189795aa,2025,2025-12-15,3.4,90,37,false
e67a2740-516c-4ebe-8f1e-d17f35b7ca25,8c4c96f7-45f9-4c0b-8524-55dd189795aa,2026,2026-12-15,3.9,62,52,false
f3f2dbbc-55c4-45a0-9fd4-1112f8ed3196,b9b7129e-8f4c-454a-864e-ebee4a271bcf,2022,2022-12-15,4.2,71,48,false
4c9c9ddf-5d41-47e0-a64c-8a680147170b,b9b7129e-8f4c-454a-864e-ebee4a271bcf,2023,2023-12-15,4.2,84,11,false
98a73b83-1e12-4b86-866e-82bd9efd8d29,b9b7129e-8f4c-454a-864e-ebee4a271bcf,2024,2024-12-15,2.1,100,52,false
53fae0f5-6a8d-4753-96d4-a656c4653e82,b9b7129e-8f4c-454a-864e-ebee4a271bcf,2025,2025-12-15,3.7,66,11,false
bc5ca85b-2c5d-43cd-bae1-2fd7ea1e0a4b,b9b7129e-8f4c-454a-864e-ebee4a271bcf,2026,2026-12-15,4.5,71,39,true
d8d34942-b853-447b-8f2b-f45108bb98ca,4c6e6cc6-b50c-4880-9a3a-78a7641407f5,2023,2023-12-15,3,89,15,false
c28672f1-e651-4fe1-ab80-3f312a53fc1a,4c6e6cc6-b50c-4880-9a3a-78a7641407f5,2024,2024-12-15,3.6,60,31,false
83ab7197-6e3c-4952-b2f1-25d1eac5876a,4c6e6cc6-b50c-4880-9a3a-78a7641407f5,2025,2025-12-15,2.1,82,28,false
4f9e34d5-95f9-403a-ae28-dfdb8d5eba2b,4c6e6cc6-b50c-4880-9a3a-78a7641407f5,2026,2026-12-15,4.5,94,57,true
067473ef-53e9-4258-8610-2abd2ff67a35,39da6842-bc05-4bad-a0cd-89548cde1957,2019,2019-12-15,2,88,17,false
445d44e1-de3f-45cf-b91b-f5e2fd2e2930,39da6842-bc05-4bad-a0cd-89548cde1957,2020,2020-12-15,3.1,79,40,false
cd4a1401-0e92-49ca-997f-d962a5753072,39da6842-bc05-4bad-a0cd-89548cde1957,2021,2021-12-15,2.8,69,26,false
d942be5a-ab34-46fe-b143-034badf4c971,39da6842-bc05-4bad-a0cd-89548cde1957,2022,2022-12-15,3.9,76,24,false
e2ee7627-4669-49a8-a6dc-c50c711d0ba3,39da6842-bc05-4bad-a0cd-89548cde1957,2023,2023-12-15,2.2,82,11,false
1364425c-a0a3-4676-8203-9a9b10c95ee3,39da6842-bc05-4bad-a0cd-89548cde1957,2024,2024-12-15,4.7,99,47,true
c995afe3-e530-40fa-af56-94953a62a3d7,39da6842-bc05-4bad-a0cd-89548cde1957,2025,2025-12-15,2.4,63,48,false
742a5d7a-12bb-45b7-849e-242bf743944c,39da6842-bc05-4bad-a0cd-89548cde1957,2026,2026-12-15,3.3,83,52,false
0cc9826e-0490-4db8-a52e-45a3c822d73c,1cdb587a-1a52-495e-8a55-acad1da61720,2017,2017-12-15,3.1,62,33,false
faba967a-2588-41f6-aa4c-9b1bab8a5061,1cdb587a-1a52-495e-8a55-acad1da61720,2018,2018-12-15,3.4,84,35,false
d37ca3fe-1dbf-4c74-8a2b-372fad641031,1cdb587a-1a52-495e-8a55-acad1da61720,2019,2019-12-15,2.6,75,16,false
6deac3c8-c62e-4936-8c6f-56d1b3a68d21,1cdb587a-1a52-495e-8a55-acad1da61720,2020,2020-12-15,2.6,61,42,false
4f3bfe86-afc1-474a-8ff6-8a2f32fd09c8,1cdb587a-1a52-495e-8a55-acad1da61720,2021,2021-12-15,3.8,96,58,false
8430e098-b782-485c-8711-e61a6610ce9c,1cdb587a-1a52-495e-8a55-acad1da61720,2022,2022-12-15,2.6,80,32,false
6f20adaa-0397-41e3-903f-4d24c291eab2,1cdb587a-1a52-495e-8a55-acad1da61720,2023,2023-12-15,3.4,81,53,false
b6b6eb66-2760-4c9f-92c3-10e59ad76822,1cdb587a-1a52-495e-8a55-acad1da61720,2024,2024-12-15,4.3,61,60,false
052ecf6d-708c-4d6c-9d99-b4a4b7577003,1cdb587a-1a52-495e-8a55-acad1da61720,2025,2025-12-15,2.2,92,47,false
f0443468-16e5-455e-998b-dabe0708493c,1cdb587a-1a52-495e-8a55-acad1da61720,2026,2026-12-15,4.4,85,15,false
e96aa29e-4e3b-4bc3-b589-d84a12c11a5d,10fb29b0-abc3-4406-b2c8-697f41217e95,2026,2026-12-15,2.3,62,12,false
6bbfe35c-ac1c-4f93-9abc-f612f050afaa,bb3f9d1d-3813-4e38-ac9a-b5898da062d3,2022,2022-12-15,2.6,99,58,false
3d5c3f04-c9b1-4384-bce4-0ca10fddc927,bb3f9d1d-3813-4e38-ac9a-b5898da062d3,2023,2023-12-15,2.3,85,43,false
5b67872f-55e0-4fd7-a542-5d2c1379411b,bb3f9d1d-3813-4e38-ac9a-b5898da062d3,2024,2024-12-15,3.8,81,60,false
7236ebaf-4cc0-456a-8159-5f095568a392,bb3f9d1d-3813-4e38-ac9a-b5898da062d3,2025,2025-12-15,2.3,60,51,false
84f597ad-fbe1-4757-a6d0-80a7b8188687,bb3f9d1d-3813-4e38-ac9a-b5898da062d3,2026,2026-12-15,2.6,73,57,false
8e57535b-aca1-4b56-b50f-f6f54e097547,663e6e23-a861-469d-89c8-69b8e53a8d08,2024,2024-12-15,2.3,82,29,false
264be8bf-d6dd-453f-9a36-a7165f48fc78,663e6e23-a861-469d-89c8-69b8e53a8d08,2025,2025-12-15,2.3,69,50,false
71a69bbd-f124-4fcc-8b97-cd02dfc47204,663e6e23-a861-469d-89c8-69b8e53a8d08,2026,2026-12-15,3.2,71,43,false
240456d3-63d0-4a18-8ea2-a7006ad10fd5,3f79c304-b4fd-4b0a-b7e5-f263b28e556e,2025,2025-12-15,3.6,77,42,false
20865806-c52e-4222-b18a-1f15f7039702,3f79c304-b4fd-4b0a-b7e5-f263b28e556e,2026,2026-12-15,3.3,66,26,false
2067c5ec-b91a-4556-ba38-5434cbef438b,a3b23f99-b529-4428-bce6-25f11c881dce,2020,2020-12-15,2.3,93,40,false
9bf295bb-b113-4141-8207-4bf65c5799df,a3b23f99-b529-4428-bce6-25f11c881dce,2021,2021-12-15,4.9,61,14,false
add0ffdc-357f-4300-bfa9-d42d0f6ede0f,a3b23f99-b529-4428-bce6-25f11c881dce,2022,2022-12-15,3.7,79,48,false
4c54d095-bd75-4432-ba8e-b22fc8efc93d,a3b23f99-b529-4428-bce6-25f11c881dce,2023,2023-12-15,2.9,100,54,false
144cffd0-428b-42f8-ba21-7dcc8741972c,a3b23f99-b529-4428-bce6-25f11c881dce,2024,2024-12-15,2.4,93,57,false
73e13d0f-7eaf-42eb-91fa-f0854fc0dc9d,a3b23f99-b529-4428-bce6-25f11c881dce,2025,2025-12-15,3.4,82,53,false
d3396356-cac4-4257-a799-4c262bdf89a2,a3b23f99-b529-4428-bce6-25f11c881dce,2026,2026-12-15,3.2,79,22,false
b2fa1ef8-5a51-4a01-b668-be81db85b770,09bb5581-2b05-48fd-a4ba-d2e32bd6ade5,2020,2020-12-15,2.3,78,56,false
ccaba52c-7e3e-42e8-a0b2-0afb8b1a1da6,09bb5581-2b05-48fd-a4ba-d2e32bd6ade5,2021,2021-12-15,4.1,67,42,false
b16314a9-6512-46ea-8d94-648bba9ba968,09bb5581-2b05-48fd-a4ba-d2e32bd6ade5,2022,2022-12-15,4.2,92,12,false
f91ef348-4850-4260-b4cd-4bcdb3692bd7,09bb5581-2b05-48fd-a4ba-d2e32bd6ade5,2023,2023-12-15,3.8,89,27,false
691fa946-5dc7-432d-a987-545368c5ee98,09bb5581-2b05-48fd-a4ba-d2e32bd6ade5,2024,2024-12-15,3.7,93,28,false
653f1248-fa8b-4768-83f2-1befcc1f5a10,09bb5581-2b05-48fd-a4ba-d2e32bd6ade5,2025,2025-12-15,4.9,79,35,true
26d27b05-6616-488c-961d-5a44888d0206,09bb5581-2b05-48fd-a4ba-d2e32bd6ade5,2026,2026-12-15,4.5,80,29,false
71ba3670-6bce-4de1-b79d-0d7b0b7f177b,af1730f2-3420-4781-b074-b50a17d27284,2026,2026-12-15,4.3,95,53,false
db18a4fb-0eb3-45ad-a246-30a28ee7bd9b,c8250f7a-b46a-49de-9876-8813c4fca11a,2021,2021-12-15,2.4,76,27,false
0e8209c6-7a3b-441f-936c-d4f986039958,c8250f7a-b46a-49de-9876-8813c4fca11a,2022,2022-12-15,2.2,84,43,false
5d781f55-c591-4e7b-8c0d-0ce7b8ee1fe5,c8250f7a-b46a-49de-9876-8813c4fca11a,2023,2023-12-15,3.7,64,47,false
09e84e9c-9612-40fb-a0a9-4b222d13d374,c8250f7a-b46a-49de-9876-8813c4fca11a,2024,2024-12-15,4.4,60,54,false
594837cf-7fef-4245-953f-7b83dc5d0689,c8250f7a-b46a-49de-9876-8813c4fca11a,2025,2025-12-15,2.8,95,57,false
ed7f11fa-8c28-4ff2-87de-338f36c0fa85,c8250f7a-b46a-49de-9876-8813c4fca11a,2026,2026-12-15,3.8,80,50,false
a47dc64c-f0bb-49d9-a179-049a48ce1692,6cbb596f-8979-402a-97f4-6473943e5ea9,2019,2019-12-15,2.7,97,51,false
dd9fbe92-b651-432a-868d-2b91bd6468e1,6cbb596f-8979-402a-97f4-6473943e5ea9,2020,2020-12-15,4.7,97,31,true
1aec94a8-ef72-4c83-9e6e-40d44fbfb81f,6cbb596f-8979-402a-97f4-6473943e5ea9,2021,2021-12-15,4.5,77,12,false
78fcb42c-9f3e-437d-9cbf-244e6a222ad1,6cbb596f-8979-402a-97f4-6473943e5ea9,2022,2022-12-15,3.3,63,37,false
949fa491-9ab2-4008-afe4-597c98a42d7f,6cbb596f-8979-402a-97f4-6473943e5ea9,2023,2023-12-15,4.8,60,14,false
4952cf56-ea5c-487e-9fc8-405311896ea2,6cbb596f-8979-402a-97f4-6473943e5ea9,2024,2024-12-15,4.2,93,54,false
642c7fde-b57c-4144-a768-d18cb52a40cb,6cbb596f-8979-402a-97f4-6473943e5ea9,2025,2025-12-15,3.7,92,30,false
1f3a85d0-a361-40c1-8f39-efe6113152bb,6cbb596f-8979-402a-97f4-6473943e5ea9,2026,2026-12-15,3.5,67,56,false
bf604102-4567-4e1f-a289-c195076a874d,8154c70d-9d90-4ff7-a7cf-9bd75e54ca67,2023,2023-12-15,3.4,72,38,false
ac9f58a8-b968-474a-a9b3-990974c1ec19,8154c70d-9d90-4ff7-a7cf-9bd75e54ca67,2024,2024-12-15,2.4,77,23,false
a0a3bdcb-1d52-48f9-94f6-b64a138799fa,8154c70d-9d90-4ff7-a7cf-9bd75e54ca67,2025,2025-12-15,4.2,76,38,false
64684324-10cc-4ac2-979c-8ba3b5db52da,8154c70d-9d90-4ff7-a7cf-9bd75e54ca67,2026,2026-12-15,4.4,98,42,false
f0e207b7-f2ad-4bda-9d03-08efc452176a,b0276cd8-50c3-45dc-b0dd-c62c66c187b7,2017,2017-12-15,3.1,61,38,false
51ac68de-cf26-4d7c-915d-985012da688a,b0276cd8-50c3-45dc-b0dd-c62c66c187b7,2018,2018-12-15,4.2,86,36,false
6e1ee84e-6bd2-42f7-9686-fe5fa8a18e8b,b0276cd8-50c3-45dc-b0dd-c62c66c187b7,2019,2019-12-15,2,83,52,false
3a22e5d4-79aa-41bd-94c5-e482a12c9ea6,b0276cd8-50c3-45dc-b0dd-c62c66c187b7,2020,2020-12-15,4.3,90,12,false
88029b1a-9f35-4e1b-81b0-ca029bc11011,b0276cd8-50c3-45dc-b0dd-c62c66c187b7,2021,2021-12-15,3,72,47,false
7c617eea-05c6-49fa-8987-069939cb376c,b0276cd8-50c3-45dc-b0dd-c62c66c187b7,2022,2022-12-15,3.2,95,22,false
ee6fad40-8ff7-4b49-87c8-dcb77e6096c2,b0276cd8-50c3-45dc-b0dd-c62c66c187b7,2023,2023-12-15,3.1,72,40,false
b97163be-53c8-43d0-a5a0-2d00f5ba1474,b0276cd8-50c3-45dc-b0dd-c62c66c187b7,2024,2024-12-15,2.8,73,41,false
b52769a0-06dd-4216-a2ab-b7970fc60132,b0276cd8-50c3-45dc-b0dd-c62c66c187b7,2025,2025-12-15,4,89,58,false
08c2ecc6-be77-432d-8626-2cf019aa2a9f,b0276cd8-50c3-45dc-b0dd-c62c66c187b7,2026,2026-12-15,4.5,72,11,false
a431fec0-aa9c-4a3d-8ea3-5b3daf7c12dc,b5b66f98-f1a3-45a2-88ca-30dda34c5f6b,2017,2017-12-15,2.3,85,13,false
58c1b082-0285-462b-9dd2-63da6ae45a0b,b5b66f98-f1a3-45a2-88ca-30dda34c5f6b,2018,2018-12-15,2,96,36,false
6cabcd13-d730-420e-b8c5-9f68b9a72844,b5b66f98-f1a3-45a2-88ca-30dda34c5f6b,2019,2019-12-15,2.9,99,17,false
1287bc4e-e1e9-4f77-8045-50106173f2cf,b5b66f98-f1a3-45a2-88ca-30dda34c5f6b,2020,2020-12-15,3,74,20,false
b3983223-9078-4967-8b48-51a004965483,b5b66f98-f1a3-45a2-88ca-30dda34c5f6b,2021,2021-12-15,4.4,82,53,false
249733b2-4e57-4565-8311-b92026e7e270,b5b66f98-f1a3-45a2-88ca-30dda34c5f6b,2022,2022-12-15,4.3,97,29,false
31f60a65-e63d-4528-b668-546d70f560ed,b5b66f98-f1a3-45a2-88ca-30dda34c5f6b,2023,2023-12-15,2.4,87,19,false
ce41ad8e-ac31-489a-aba5-0538f4355e82,b5b66f98-f1a3-45a2-88ca-30dda34c5f6b,2024,2024-12-15,3.4,67,54,false
b25a9399-13d1-4516-a24f-859bbb13c1dd,b5b66f98-f1a3-45a2-88ca-30dda34c5f6b,2025,2025-12-15,2.9,64,49,false
3c44c4e6-aee2-4b24-8ad0-17d9228d0fa2,b5b66f98-f1a3-45a2-88ca-30dda34c5f6b,2026,2026-12-15,2.2,60,39,false
3500dcd4-8bc4-4299-996f-8cdce3da4899,f08d813b-db73-450e-b906-ebd6ed8c1771,2023,2023-12-15,3.3,89,27,false
7ebe6999-a1a4-4a8c-a399-cda6d3c10cfb,f08d813b-db73-450e-b906-ebd6ed8c1771,2024,2024-12-15,2.3,71,41,false
16c38806-b802-460a-b785-91725f459c65,f08d813b-db73-450e-b906-ebd6ed8c1771,2025,2025-12-15,2.2,71,54,false
83c6097c-8e9a-42f8-aad7-69eac30da03b,f08d813b-db73-450e-b906-ebd6ed8c1771,2026,2026-12-15,5,82,54,false
1e46b21c-5fb6-4b63-b34a-665205002126,31ebb7d5-2174-4f86-b532-eb1a8883618c,2025,2025-12-15,4.6,85,30,false
f7611617-c73a-47af-b3d9-51fd9420e0c2,31ebb7d5-2174-4f86-b532-eb1a8883618c,2026,2026-12-15,3.7,93,19,false
5b4bdefb-2893-4722-bdde-8c48ad38b86f,809da520-b841-42b3-ae98-2a3172a6e451,2026,2026-12-15,3.1,82,58,false
0c3d1cab-e965-44bf-aa39-f92c27da0978,25e678e9-6adf-4562-9e42-eef2203c139e,2018,2018-12-15,4.8,84,39,true
7d672417-c107-44b8-999e-1870b0d83620,25e678e9-6adf-4562-9e42-eef2203c139e,2019,2019-12-15,2.9,74,49,false
539b18be-af61-4e88-928e-ac6659ec9e24,25e678e9-6adf-4562-9e42-eef2203c139e,2020,2020-12-15,2,78,57,false
0eebc992-5268-459c-9ef1-2aced7b612c4,25e678e9-6adf-4562-9e42-eef2203c139e,2021,2021-12-15,4,91,15,false
4fbcc0c5-ed64-4f88-8580-b5b6f0e45d50,25e678e9-6adf-4562-9e42-eef2203c139e,2022,2022-12-15,4.6,87,49,false
3d5ffc45-2657-4f30-90e5-81fa2601e1a7,25e678e9-6adf-4562-9e42-eef2203c139e,2023,2023-12-15,3.8,82,39,false
37175deb-f80b-48e6-b894-04aebeb0ab63,25e678e9-6adf-4562-9e42-eef2203c139e,2024,2024-12-15,3.3,100,38,false
52310e5f-2e7c-4ef2-8da4-eb5f59a2a2bf,25e678e9-6adf-4562-9e42-eef2203c139e,2025,2025-12-15,4.5,78,28,true
dbcd5667-b671-4a86-bd25-0d2031c39c23,25e678e9-6adf-4562-9e42-eef2203c139e,2026,2026-12-15,4.5,93,37,false
9385de1c-da54-4189-9d65-43f0fcf9a295,7b1703d1-fe97-47be-bb60-111a241c1b59,2023,2023-12-15,2.2,63,51,false
d8be2230-8a3d-4ba4-910a-6dfc82400101,7b1703d1-fe97-47be-bb60-111a241c1b59,2024,2024-12-15,3.6,70,56,false
2195bfad-eb6a-4f2a-b2bf-577f72431664,7b1703d1-fe97-47be-bb60-111a241c1b59,2025,2025-12-15,4.3,73,31,false
c9c9efb4-3e61-4a04-9720-ff1c78fa56c4,7b1703d1-fe97-47be-bb60-111a241c1b59,2026,2026-12-15,3.2,80,44,false
ce352a89-ecbc-4768-b689-8f47dd1ce84d,50c6b676-fcd0-4f12-992f-613b176db028,2023,2023-12-15,2.7,75,23,false
ecba8823-fd9b-4161-9596-bc32192bf4fb,50c6b676-fcd0-4f12-992f-613b176db028,2024,2024-12-15,2.9,84,51,false
130a1574-bb10-4055-8841-33e821f47848,50c6b676-fcd0-4f12-992f-613b176db028,2025,2025-12-15,2.2,64,28,false
b566c59b-ffe9-4b25-8baf-04971e85c454,50c6b676-fcd0-4f12-992f-613b176db028,2026,2026-12-15,3.1,94,42,false
0244ce44-de04-4268-b71f-ad64ded3e580,abbc3eb2-2500-48cd-8100-2f0dc89b68a4,2018,2018-12-15,2.3,63,18,false
fc061d2f-d75a-41e3-966a-597d38331864,abbc3eb2-2500-48cd-8100-2f0dc89b68a4,2019,2019-12-15,2.3,74,56,false
27f387bb-b508-4331-b454-e284da69e581,abbc3eb2-2500-48cd-8100-2f0dc89b68a4,2020,2020-12-15,2.8,95,40,false
11267b86-76f1-493c-8c46-5c47465e8621,abbc3eb2-2500-48cd-8100-2f0dc89b68a4,2021,2021-12-15,4.2,83,53,false
91c7364a-7992-4f90-aa21-e3ae64e2a3bb,abbc3eb2-2500-48cd-8100-2f0dc89b68a4,2022,2022-12-15,2.1,67,13,false
018dcbf5-6f85-43bf-990f-97449e0b4d48,abbc3eb2-2500-48cd-8100-2f0dc89b68a4,2023,2023-12-15,4.2,68,55,false
2f3c7fae-0e7e-4c03-af80-992f195b227d,abbc3eb2-2500-48cd-8100-2f0dc89b68a4,2024,2024-12-15,3.5,92,43,false
036f8264-aee1-4986-a8ff-6a8206c6c507,abbc3eb2-2500-48cd-8100-2f0dc89b68a4,2025,2025-12-15,2.8,85,19,false
c0adbbe5-dfb7-4a85-b0e3-77149251abfc,abbc3eb2-2500-48cd-8100-2f0dc89b68a4,2026,2026-12-15,4.6,79,35,true
9cd5bd68-fd67-4c04-ac37-43b4637745cf,899f842f-c064-45b7-9d78-547200f07249,2022,2022-12-15,3.7,75,47,false
9a6c4f4d-0960-4b99-afb3-e6a6017cc949,899f842f-c064-45b7-9d78-547200f07249,2023,2023-12-15,3,78,25,false
bb292b18-d005-4fe3-90e1-f14580fd2fb5,899f842f-c064-45b7-9d78-547200f07249,2024,2024-12-15,3.1,88,44,false
eff8c148-9ceb-46ce-9901-867d3f580a2b,899f842f-c064-45b7-9d78-547200f07249,2025,2025-12-15,4.3,81,36,false
834658a7-6206-4112-a629-3dad601ba303,899f842f-c064-45b7-9d78-547200f07249,2026,2026-12-15,4.8,76,22,false
8b866231-5785-4106-b80c-ace02024af18,9809544d-13b1-4fb0-bbc2-d8ef22cf963d,2025,2025-12-15,4,78,20,false
c4677b61-9a7f-466a-a66e-be128b66ee6b,9809544d-13b1-4fb0-bbc2-d8ef22cf963d,2026,2026-12-15,4.2,72,48,false
a30ee919-bc25-4a1a-b366-f78e662b1b2d,371b3f66-8787-4419-8c29-bebcdea4794e,2020,2020-12-15,4.4,85,53,false
31f8b41e-363c-4e06-9d00-7a7b8bea4a52,371b3f66-8787-4419-8c29-bebcdea4794e,2021,2021-12-15,2.5,73,21,false
b3f4b396-0b7a-42e4-9388-628565f416e3,371b3f66-8787-4419-8c29-bebcdea4794e,2022,2022-12-15,2.8,74,31,false
d1f033df-e2c1-4dc1-9734-ce4a249a9460,371b3f66-8787-4419-8c29-bebcdea4794e,2023,2023-12-15,4.2,83,11,false
c8b5915b-da07-430f-b681-ccae3c7c8b95,371b3f66-8787-4419-8c29-bebcdea4794e,2024,2024-12-15,2.5,94,31,false
b8bd5fc2-1730-4176-9fd9-b5a14cdf8065,371b3f66-8787-4419-8c29-bebcdea4794e,2025,2025-12-15,2.8,66,11,false
0ced4391-ffab-42ca-8792-5405fd54e127,371b3f66-8787-4419-8c29-bebcdea4794e,2026,2026-12-15,2.9,60,60,false
8c7123bd-3a12-4db6-bbfe-1e817028c5eb,446f1af2-a71c-487d-86ba-866c3f7a99c5,2018,2018-12-15,2.5,67,34,false
2b60f11f-6513-4dfd-a9fe-8b6b701d02e5,446f1af2-a71c-487d-86ba-866c3f7a99c5,2019,2019-12-15,3.1,67,28,false
7141e19a-254c-4699-a335-4ed228a36de1,446f1af2-a71c-487d-86ba-866c3f7a99c5,2020,2020-12-15,2.5,77,57,false
bea5a285-30dd-491d-8a17-46391649b862,446f1af2-a71c-487d-86ba-866c3f7a99c5,2021,2021-12-15,4.5,67,33,false
0caef042-0f14-4845-99e9-1447fd8c7cb5,446f1af2-a71c-487d-86ba-866c3f7a99c5,2022,2022-12-15,2.1,64,60,false
16538f8f-a404-40cb-9ee4-09766f7084cc,446f1af2-a71c-487d-86ba-866c3f7a99c5,2023,2023-12-15,4.6,84,10,false
470bd0c2-54cf-4511-afc9-ee756fce7c2b,446f1af2-a71c-487d-86ba-866c3f7a99c5,2024,2024-12-15,3.5,100,43,false
b5a2bb7c-c96a-449b-8886-536abe2f1d23,446f1af2-a71c-487d-86ba-866c3f7a99c5,2025,2025-12-15,3.7,100,12,false
e24a969b-4fb7-4e7e-b8a2-9a1542939e15,446f1af2-a71c-487d-86ba-866c3f7a99c5,2026,2026-12-15,4,83,41,false
8a024714-0fd5-43aa-a437-76b9d0c549c9,d91cc02f-8d57-4a7f-8ed6-de7e9ab80d44,2018,2018-12-15,4.6,82,49,false
d25f6083-dcc4-4787-97e6-0dfbc8700f0d,d91cc02f-8d57-4a7f-8ed6-de7e9ab80d44,2019,2019-12-15,2.6,86,26,false
6005f677-8bf2-4b33-b56c-ed67565427ad,d91cc02f-8d57-4a7f-8ed6-de7e9ab80d44,2020,2020-12-15,4.9,71,56,false
46bf4cc1-1df8-45eb-b67e-a28dc5926fe3,d91cc02f-8d57-4a7f-8ed6-de7e9ab80d44,2021,2021-12-15,3.7,76,60,false
980bd800-7fef-4748-a917-dc5258e03530,d91cc02f-8d57-4a7f-8ed6-de7e9ab80d44,2022,2022-12-15,2.9,67,53,false
0f6596f7-3c5f-425d-83a7-60cc26aa0fbe,d91cc02f-8d57-4a7f-8ed6-de7e9ab80d44,2023,2023-12-15,3.8,84,24,false
5357e53b-1b05-4a74-abb7-23a636e982b2,d91cc02f-8d57-4a7f-8ed6-de7e9ab80d44,2024,2024-12-15,2.4,81,23,false
9d965ce5-1631-4aad-b853-2285cf02c68a,d91cc02f-8d57-4a7f-8ed6-de7e9ab80d44,2025,2025-12-15,3.6,100,15,false
312dd57f-93ec-4a52-9c0d-8d30c3fd13c4,d91cc02f-8d57-4a7f-8ed6-de7e9ab80d44,2026,2026-12-15,2.4,95,28,false
49b5ba91-6e4d-4db0-8a29-b16573d35baf,7b72d801-4a67-4104-b2ed-e037f3795ebf,2025,2025-12-15,3.6,85,46,false
e0e32cd7-e9f7-4ec2-89cd-bc1d04e050c1,7b72d801-4a67-4104-b2ed-e037f3795ebf,2026,2026-12-15,3.6,87,39,false
284dbe3d-fcec-4d28-a571-f33c826e5d5c,0fb38e9f-fdbb-4f3b-bdb1-c7f1176c4325,2016,2016-12-15,3.2,77,56,false
24aa08b7-8d9d-4d2c-9df9-fe3607e28bb6,0fb38e9f-fdbb-4f3b-bdb1-c7f1176c4325,2017,2017-12-15,2.5,76,55,false
27204c2c-97ce-4f48-aa5f-51cf2a953986,0fb38e9f-fdbb-4f3b-bdb1-c7f1176c4325,2018,2018-12-15,3.1,60,49,false
b1ea18e1-1621-4053-981d-90a81341be2b,0fb38e9f-fdbb-4f3b-bdb1-c7f1176c4325,2019,2019-12-15,4.3,76,53,false
2122264c-9cb4-4b84-9bfc-3fcbdac4bd78,0fb38e9f-fdbb-4f3b-bdb1-c7f1176c4325,2020,2020-12-15,4.7,70,54,false
22032ef1-6f5d-4e84-a051-6a71281fac6b,0fb38e9f-fdbb-4f3b-bdb1-c7f1176c4325,2021,2021-12-15,3.5,64,27,false
8da2c9ce-091d-4e61-8b24-1c413fc05d04,0fb38e9f-fdbb-4f3b-bdb1-c7f1176c4325,2022,2022-12-15,3.7,89,46,false
91f69670-8ecd-4925-a233-12dc8dc42252,0fb38e9f-fdbb-4f3b-bdb1-c7f1176c4325,2023,2023-12-15,3.2,63,45,false
827f3834-0327-4224-933c-1d3bfc7cdb8c,0fb38e9f-fdbb-4f3b-bdb1-c7f1176c4325,2024,2024-12-15,4.1,66,25,false
3b9ea716-b1aa-40ef-8f36-b3572c7eeb17,0fb38e9f-fdbb-4f3b-bdb1-c7f1176c4325,2025,2025-12-15,2.1,65,26,false
ebd6a14d-3132-40a3-a8ae-3323c7e7d3f5,0fb38e9f-fdbb-4f3b-bdb1-c7f1176c4325,2026,2026-12-15,4,72,27,false
e520314f-0f68-4493-9c65-907e7d946a1d,7247dc34-6ac4-4065-8190-cd35ffd5cbe2,2018,2018-12-15,2.9,90,27,false
ebb9be6f-9d4c-4991-bf6b-f938eed4dd42,7247dc34-6ac4-4065-8190-cd35ffd5cbe2,2019,2019-12-15,4.1,81,31,false
88bc16a6-eae1-4ce1-abe1-db892afc353d,7247dc34-6ac4-4065-8190-cd35ffd5cbe2,2020,2020-12-15,4.2,97,52,false
a6091d1a-e09f-4b78-a1e0-46622ade00a7,7247dc34-6ac4-4065-8190-cd35ffd5cbe2,2021,2021-12-15,3.1,98,42,false
d049aacb-b153-4a9c-9896-5173ba99e926,7247dc34-6ac4-4065-8190-cd35ffd5cbe2,2022,2022-12-15,4.8,73,42,false
18f79883-1cc6-4a12-9ebf-94aadbbf4464,7247dc34-6ac4-4065-8190-cd35ffd5cbe2,2023,2023-12-15,3.2,82,22,false
651b4fa5-0849-42bc-b416-dd05fd02b153,7247dc34-6ac4-4065-8190-cd35ffd5cbe2,2024,2024-12-15,2.1,80,34,false
eae197ed-449b-4477-93f5-57cdf544c1f4,7247dc34-6ac4-4065-8190-cd35ffd5cbe2,2025,2025-12-15,4.9,100,59,false
262e6620-7191-4175-abc4-dc667c225c7f,7247dc34-6ac4-4065-8190-cd35ffd5cbe2,2026,2026-12-15,3.9,93,47,false
3e279670-5ab6-44a9-950a-a10d5ccf8792,47a3151b-c949-4d44-b4ad-1279d2e30311,2026,2026-12-15,3.3,100,37,false
d5e47c46-abd8-40dd-b58d-6accde46f273,25c43ebb-6948-467a-974c-9764d366d439,2023,2023-12-15,2.2,84,56,false
3f3f8e32-7d05-48fa-af15-ef0a64e8665d,25c43ebb-6948-467a-974c-9764d366d439,2024,2024-12-15,2.8,86,21,false
b3c7b073-66a5-4879-8d0b-b16137c7e583,25c43ebb-6948-467a-974c-9764d366d439,2025,2025-12-15,3.9,80,23,false
1d5433e9-83ca-4f84-93c7-f5a13d959907,25c43ebb-6948-467a-974c-9764d366d439,2026,2026-12-15,4,92,47,false
2de96a85-32c7-4fb8-9413-3e6e4586ac76,1b834e04-cf84-4fcd-8156-af8cf789207d,2021,2021-12-15,4.5,68,53,false
6cd6b9e9-b7f0-4d86-9ff1-af179c0ca729,1b834e04-cf84-4fcd-8156-af8cf789207d,2022,2022-12-15,2.5,82,49,false
e452f9d8-3476-4101-bdbe-7d07b68c8e92,1b834e04-cf84-4fcd-8156-af8cf789207d,2023,2023-12-15,3.4,92,52,false
a11483bc-4dd7-4995-99ee-0f85ee142104,1b834e04-cf84-4fcd-8156-af8cf789207d,2024,2024-12-15,3.6,96,40,false
c71941d7-edc4-4b7f-981f-4be7f9234303,1b834e04-cf84-4fcd-8156-af8cf789207d,2025,2025-12-15,3.6,97,12,false
24148e12-1d0e-4bfc-b71b-1c131f4772df,1b834e04-cf84-4fcd-8156-af8cf789207d,2026,2026-12-15,2.2,81,14,false
58814fff-2a73-4ed6-90c1-8f535defbef9,9e1026c4-4b1a-4418-9e73-99d1354f286d,2019,2019-12-15,4.4,90,43,false
072b5842-f9e5-47cf-a383-191b117f1052,9e1026c4-4b1a-4418-9e73-99d1354f286d,2020,2020-12-15,3.8,69,14,false
6bafcc3f-0972-4657-a595-cc4248111cd1,9e1026c4-4b1a-4418-9e73-99d1354f286d,2021,2021-12-15,2.1,72,41,false
ccb91ac1-e400-4e43-b52f-dc7593b5de97,9e1026c4-4b1a-4418-9e73-99d1354f286d,2022,2022-12-15,3.4,89,48,false
69cfedd0-d052-453a-b83f-e85651f2cbb7,9e1026c4-4b1a-4418-9e73-99d1354f286d,2023,2023-12-15,4.9,82,49,false
623f6697-c591-4ffc-97f2-85bb608c2824,9e1026c4-4b1a-4418-9e73-99d1354f286d,2024,2024-12-15,4.4,70,13,false
fdcee3e3-d9aa-4110-b14d-ba18688b4ba5,9e1026c4-4b1a-4418-9e73-99d1354f286d,2025,2025-12-15,3.7,82,14,false
c9065d82-4e5f-4137-a198-ecb45cf00862,9e1026c4-4b1a-4418-9e73-99d1354f286d,2026,2026-12-15,3.9,81,21,false
f4455599-4cb2-449e-b893-02dc9a1c3607,d4306738-7669-49ca-93b4-f9f8b6641a7e,2025,2025-12-15,2,94,24,false
06c91af1-4e4d-4e8d-b670-069668d50edd,d4306738-7669-49ca-93b4-f9f8b6641a7e,2026,2026-12-15,3.7,89,25,false
8e2cfb6e-e56b-4b78-81dc-9e59cd94afe1,6042d1cf-a042-461b-865d-41abc51aa6a5,2024,2024-12-15,4,87,28,false
3ad89300-5972-4842-ac84-d16d2009917d,6042d1cf-a042-461b-865d-41abc51aa6a5,2025,2025-12-15,2.1,64,53,false
f0d80446-0da7-41ef-ac4d-7c8aef24586e,6042d1cf-a042-461b-865d-41abc51aa6a5,2026,2026-12-15,3.8,96,32,false
b4fca3de-92ed-43a6-a4b6-8cf4ba8b952f,eb201d41-f713-44d4-bf15-a1665fc70b68,2018,2018-12-15,3.8,90,27,false
c1eaa899-b1b0-44b7-bb94-601e09f0f5da,eb201d41-f713-44d4-bf15-a1665fc70b68,2019,2019-12-15,4.6,84,51,true
15983b5b-9f8c-421c-8332-18332f96a02a,eb201d41-f713-44d4-bf15-a1665fc70b68,2020,2020-12-15,2.4,79,37,false
48163ab6-0c74-43cf-adee-67e58c3e37eb,eb201d41-f713-44d4-bf15-a1665fc70b68,2021,2021-12-15,3.7,97,53,false
b6bf8b60-c3b9-42d7-a0e3-e53b4dd1ddfb,eb201d41-f713-44d4-bf15-a1665fc70b68,2022,2022-12-15,3.7,89,55,false
7dc7f23d-1efa-4ba1-a7aa-74b6f17be7cd,eb201d41-f713-44d4-bf15-a1665fc70b68,2023,2023-12-15,3.7,98,28,false
2f54b095-c125-4851-b10f-4a04bef85a59,eb201d41-f713-44d4-bf15-a1665fc70b68,2024,2024-12-15,4.6,86,11,false
c40c4bff-34c7-4f2d-a578-209b767946ff,eb201d41-f713-44d4-bf15-a1665fc70b68,2025,2025-12-15,4.8,83,50,false
a3046162-c735-46e8-8a9c-af846caccc4b,eb201d41-f713-44d4-bf15-a1665fc70b68,2026,2026-12-15,3.5,80,52,false
94e3b9a3-267b-44a5-bfda-05b7e868c0c7,ffc02fa9-5745-4641-99e9-a0a3e6443181,2019,2019-12-15,4.1,78,12,false
59484c51-07a0-4e5f-a81f-64de6765ad64,ffc02fa9-5745-4641-99e9-a0a3e6443181,2020,2020-12-15,4.6,97,12,false
71fe9e29-f661-41a0-a88a-71a13e8be4af,ffc02fa9-5745-4641-99e9-a0a3e6443181,2021,2021-12-15,2.5,62,25,false
bf7518fa-a7c6-434b-a8d9-e03a2d027b7c,ffc02fa9-5745-4641-99e9-a0a3e6443181,2022,2022-12-15,4.5,83,40,true
04b607fa-522a-4574-a051-c3e5133cebd8,ffc02fa9-5745-4641-99e9-a0a3e6443181,2023,2023-12-15,2,60,14,false
fc2043ca-52f6-44a6-b676-76d1e45aa3e8,ffc02fa9-5745-4641-99e9-a0a3e6443181,2024,2024-12-15,3.1,92,27,false
464ff569-b050-4187-9772-cf83f7fdfbb2,ffc02fa9-5745-4641-99e9-a0a3e6443181,2025,2025-12-15,5,86,52,true
4f876cda-069a-463d-90c2-a8e64140a675,ffc02fa9-5745-4641-99e9-a0a3e6443181,2026,2026-12-15,3.5,75,42,false
fdfa238e-816b-4ebd-aef0-e978857b74fd,8974d41f-0de7-496b-9043-f6af1dad6e1d,2023,2023-12-15,2.1,70,51,false
4c163541-3fe0-4885-81a0-23db8fb3d5ec,8974d41f-0de7-496b-9043-f6af1dad6e1d,2024,2024-12-15,3.8,71,58,false
1237cfb4-c751-4bae-bde2-8934793547f4,8974d41f-0de7-496b-9043-f6af1dad6e1d,2025,2025-12-15,3.8,87,16,false
0711b95a-8840-4aa8-b852-6c8e936a9874,8974d41f-0de7-496b-9043-f6af1dad6e1d,2026,2026-12-15,2,71,13,false
d503d4cc-5694-40cd-a55e-f1518a6f688c,d0995275-0b82-495e-b4e9-f6e30ec7a007,2019,2019-12-15,2.7,84,50,false
bb937fdc-cbf4-45bc-b189-84c122d1ffd2,d0995275-0b82-495e-b4e9-f6e30ec7a007,2020,2020-12-15,2.7,68,35,false
322a7bdc-53e8-4235-b6a4-c4f6c37462ff,d0995275-0b82-495e-b4e9-f6e30ec7a007,2021,2021-12-15,5,66,35,false
8500cb3a-bb1e-47c1-b099-80c0b14d7b12,d0995275-0b82-495e-b4e9-f6e30ec7a007,2022,2022-12-15,2.3,73,32,false
75607b30-3e22-47ae-ac93-415fabf33576,d0995275-0b82-495e-b4e9-f6e30ec7a007,2023,2023-12-15,4.2,79,25,false
b50d1976-ec28-49be-8140-6f6ee4043f25,d0995275-0b82-495e-b4e9-f6e30ec7a007,2024,2024-12-15,4.6,86,43,true
d464dc7c-2203-4dff-a981-58e521b32fa0,d0995275-0b82-495e-b4e9-f6e30ec7a007,2025,2025-12-15,5,68,56,false
bb7981f2-13d2-4324-9511-447959cd19ec,d0995275-0b82-495e-b4e9-f6e30ec7a007,2026,2026-12-15,3.5,76,43,false
afb28258-6bd0-4696-a07a-5929fa5ab942,e15dba5f-a137-4a6f-8504-8b8818aa892d,2017,2017-12-15,2.6,72,45,false
63beb43b-a910-41be-b965-eb639c4e9294,e15dba5f-a137-4a6f-8504-8b8818aa892d,2018,2018-12-15,2.8,97,58,false
ea2bf73c-4156-470a-bccb-56f014fe0612,e15dba5f-a137-4a6f-8504-8b8818aa892d,2019,2019-12-15,2.6,71,27,false
f04f28c8-6898-4504-b2b4-af856472b376,e15dba5f-a137-4a6f-8504-8b8818aa892d,2020,2020-12-15,3.2,79,54,false
81055aac-ade8-46d3-8f32-4fbfad6e05e2,e15dba5f-a137-4a6f-8504-8b8818aa892d,2021,2021-12-15,4.8,63,31,false
0a14ed7e-c2df-4b53-906f-14839698fc50,e15dba5f-a137-4a6f-8504-8b8818aa892d,2022,2022-12-15,2.9,87,28,false
037a1423-8c25-41e8-afa4-81992ea629b9,e15dba5f-a137-4a6f-8504-8b8818aa892d,2023,2023-12-15,2.2,76,51,false
5a3f9dcf-1b15-4f5c-b61b-d1dab4a04180,e15dba5f-a137-4a6f-8504-8b8818aa892d,2024,2024-12-15,2.2,78,40,false
0cd4fa57-4c8e-4249-a62f-88d818de408f,e15dba5f-a137-4a6f-8504-8b8818aa892d,2025,2025-12-15,2.2,76,56,false
8626148a-8799-495e-8166-83f18d28374b,e15dba5f-a137-4a6f-8504-8b8818aa892d,2026,2026-12-15,3.3,86,13,false
7f6b7b7b-5944-4be9-b441-7ccf9a27d27c,893575da-e159-4500-9106-5395f886f0a4,2022,2022-12-15,4.5,85,31,true
1bd2ac63-1110-4c3a-9550-4740325d2c39,893575da-e159-4500-9106-5395f886f0a4,2023,2023-12-15,2.5,62,30,false
26540985-f9d0-4025-ab83-9909c30cde3c,893575da-e159-4500-9106-5395f886f0a4,2024,2024-12-15,4.6,69,37,true
13b85fbc-ec25-4e62-9beb-2006b72396dc,893575da-e159-4500-9106-5395f886f0a4,2025,2025-12-15,4.3,71,34,false
05c5cce4-c562-42fb-9a30-a6ac769d447a,893575da-e159-4500-9106-5395f886f0a4,2026,2026-12-15,2.6,85,50,false
a830bd8a-f0bc-4404-a230-d87aacac37f6,dd9317b7-894d-487f-921b-8615f8732ebe,2019,2019-12-15,2.3,89,26,false
8fdddb26-910c-4156-869b-1a24b7fe5358,dd9317b7-894d-487f-921b-8615f8732ebe,2020,2020-12-15,2.8,87,25,false
b6083f82-395b-4780-af53-9776dc86a34f,dd9317b7-894d-487f-921b-8615f8732ebe,2021,2021-12-15,2.9,96,35,false
e7e4c705-5c7b-4348-a682-da8432d995f4,dd9317b7-894d-487f-921b-8615f8732ebe,2022,2022-12-15,4.1,67,36,false
08aca62e-bac5-4d65-a408-c0211036097e,dd9317b7-894d-487f-921b-8615f8732ebe,2023,2023-12-15,5,96,32,false
38781f52-b343-45fc-a7b1-36d521a2e837,dd9317b7-894d-487f-921b-8615f8732ebe,2024,2024-12-15,4.7,100,12,false
42c9345e-b84d-417e-a20f-28fd63e1666a,dd9317b7-894d-487f-921b-8615f8732ebe,2025,2025-12-15,2.6,86,58,false
f6227a43-3b15-4078-a40c-c065863f46de,dd9317b7-894d-487f-921b-8615f8732ebe,2026,2026-12-15,4.4,89,32,false
6fc76643-e442-4eeb-997f-dc48dd5c71e4,57e55676-b960-4190-8270-aa75d426753e,2024,2024-12-15,4.5,95,45,true
1c83f713-e094-4cf1-a8df-303456e2b67f,57e55676-b960-4190-8270-aa75d426753e,2025,2025-12-15,4.9,85,40,false
28370a53-04c8-45f0-9aac-3ac718445a2b,57e55676-b960-4190-8270-aa75d426753e,2026,2026-12-15,3.8,100,48,false
d094fee8-bc0d-4287-a1ac-a6416a6f6133,87fdac6b-1e07-4b33-9f91-bbdbd1b3d9ea,2018,2018-12-15,2.1,84,54,false
b812a4da-44cb-477c-bf40-d73198734568,87fdac6b-1e07-4b33-9f91-bbdbd1b3d9ea,2019,2019-12-15,3,86,55,false
e7efaaf3-8360-4b36-bed4-6db2d260421b,87fdac6b-1e07-4b33-9f91-bbdbd1b3d9ea,2020,2020-12-15,3.5,66,56,false
f0df760c-f56c-40ce-beaa-b1b0fa7276e6,87fdac6b-1e07-4b33-9f91-bbdbd1b3d9ea,2021,2021-12-15,3.4,97,19,false
c1accefb-a868-47b6-b7b6-ba93a5228274,87fdac6b-1e07-4b33-9f91-bbdbd1b3d9ea,2022,2022-12-15,2.7,89,52,false
df6f1345-a40a-4238-a828-f9c478e21bf5,87fdac6b-1e07-4b33-9f91-bbdbd1b3d9ea,2023,2023-12-15,4.7,86,18,true
8ff6d252-9f1e-404e-a98f-151950d7ac04,87fdac6b-1e07-4b33-9f91-bbdbd1b3d9ea,2024,2024-12-15,2.5,100,18,false
dcae7c33-e515-466a-b854-a79a30f10779,87fdac6b-1e07-4b33-9f91-bbdbd1b3d9ea,2025,2025-12-15,4.6,81,37,true
88eb554c-05d3-405f-b34e-c51c5d1e42e1,87fdac6b-1e07-4b33-9f91-bbdbd1b3d9ea,2026,2026-12-15,3.1,83,42,false
0df7aa71-e192-4eb3-b95d-a58bd5418c03,cf0dc613-1487-4f4f-b84f-5f1b6ee3e0da,2019,2019-12-15,3.9,63,56,false
5a6a5b52-89da-47e1-b312-b434bd914f0d,cf0dc613-1487-4f4f-b84f-5f1b6ee3e0da,2020,2020-12-15,3.1,87,28,false
b3377dfd-e931-4cce-b9bc-2d7c84358d66,cf0dc613-1487-4f4f-b84f-5f1b6ee3e0da,2021,2021-12-15,2.8,77,58,false
2bcd7f9a-3c2b-4898-bf03-6189a1b1ea89,cf0dc613-1487-4f4f-b84f-5f1b6ee3e0da,2022,2022-12-15,3.6,95,19,false
19e47e33-9681-4f9e-8592-9cc29f7f73ab,cf0dc613-1487-4f4f-b84f-5f1b6ee3e0da,2023,2023-12-15,2,62,22,false
973d494f-ef06-45c2-93d4-2939f2e76e09,cf0dc613-1487-4f4f-b84f-5f1b6ee3e0da,2024,2024-12-15,4.4,65,11,false
6d2a71b6-ec71-4326-babe-703e8ad8eb1e,cf0dc613-1487-4f4f-b84f-5f1b6ee3e0da,2025,2025-12-15,2.9,92,49,false
aaedf16e-01a8-4037-9370-047f9715e05d,cf0dc613-1487-4f4f-b84f-5f1b6ee3e0da,2026,2026-12-15,4,95,21,false
4d09493d-670a-46f5-b2bb-1733e10497b0,7185ac7e-4ae5-472f-9dea-96b6b1a9183d,2024,2024-12-15,4.5,93,25,true
836b686f-ac5b-48a3-98db-5109776746e8,7185ac7e-4ae5-472f-9dea-96b6b1a9183d,2025,2025-12-15,3.4,64,53,false
207588fe-d947-4fef-9bb1-b88985be220c,7185ac7e-4ae5-472f-9dea-96b6b1a9183d,2026,2026-12-15,4.3,76,44,false
84b1e3eb-7903-43da-926e-397bd1ba3b3b,8af390bb-9b14-4623-b79c-10d7bac6f62f,2024,2024-12-15,3.2,99,34,false
513f0309-1b77-4513-958a-ddeb44411434,8af390bb-9b14-4623-b79c-10d7bac6f62f,2025,2025-12-15,3.2,99,57,false
8a6ec2e7-2fa8-4f56-a56b-98881ab9532c,8af390bb-9b14-4623-b79c-10d7bac6f62f,2026,2026-12-15,3.6,78,26,false
fafefe21-b6e3-4714-b132-c1282a61919a,cb6d4886-99fb-46dc-8b23-661ad8709bd0,2026,2026-12-15,4.5,83,36,false
cfddb954-973d-4723-b84d-6315161cf7d8,7a5c836a-d973-40d7-b7a3-9da66c7b77f7,2020,2020-12-15,2.7,68,54,false
880b7d34-ed0a-468c-98fa-8a8f550cc5b0,7a5c836a-d973-40d7-b7a3-9da66c7b77f7,2021,2021-12-15,4.8,62,34,false
69b731ff-eb9a-47bb-8224-fb6b1715d643,7a5c836a-d973-40d7-b7a3-9da66c7b77f7,2022,2022-12-15,4.6,74,26,false
e0c72d4a-d586-4313-86c5-50336ce958c6,7a5c836a-d973-40d7-b7a3-9da66c7b77f7,2023,2023-12-15,4.7,91,25,false
b91e827c-eb8b-4ad0-9dd9-ae20110fec45,7a5c836a-d973-40d7-b7a3-9da66c7b77f7,2024,2024-12-15,2.4,94,31,false
afeb87da-77d0-4fbe-9925-4bfc3bad0a46,7a5c836a-d973-40d7-b7a3-9da66c7b77f7,2025,2025-12-15,2.6,85,32,false
34767811-f0c2-4717-a855-64b7bc16f780,7a5c836a-d973-40d7-b7a3-9da66c7b77f7,2026,2026-12-15,4.1,73,20,false
cd16cab8-8107-49ab-890c-1c862829112f,f79c9a0f-1ab0-44db-93c0-3ef5b7053ac4,2026,2026-12-15,3.9,98,37,false
8d9d4aa5-e047-42e5-94af-7db2fcfe9d14,4dc69f2e-b150-4f2d-965a-4894b42c3091,2018,2018-12-15,2.4,62,56,false
18309d05-3a94-46c7-8eff-d50a2c9015fc,4dc69f2e-b150-4f2d-965a-4894b42c3091,2019,2019-12-15,4.3,100,48,false
eb09d0f2-382b-4108-9be4-3a5cdc6f7068,4dc69f2e-b150-4f2d-965a-4894b42c3091,2020,2020-12-15,2.5,87,10,false
8c251b18-9e77-4909-b7dd-1721eb2026a1,4dc69f2e-b150-4f2d-965a-4894b42c3091,2021,2021-12-15,4,96,27,false
9c134daf-5f50-4714-ae93-2f235b6869eb,4dc69f2e-b150-4f2d-965a-4894b42c3091,2022,2022-12-15,2.2,85,37,false
dbc70557-99ed-4ccf-9fcc-d1bbc6a1fb5d,4dc69f2e-b150-4f2d-965a-4894b42c3091,2023,2023-12-15,3.4,98,10,false
8f1451ec-d57c-4739-8591-8f72d00c28f5,4dc69f2e-b150-4f2d-965a-4894b42c3091,2024,2024-12-15,3.2,72,55,false
344efac8-36be-4ae7-8c0e-98802090bf28,4dc69f2e-b150-4f2d-965a-4894b42c3091,2025,2025-12-15,2.8,60,10,false
82ba9455-280d-465a-abe6-96c5fd9d9796,4dc69f2e-b150-4f2d-965a-4894b42c3091,2026,2026-12-15,3.2,63,21,false
ecdc3321-a3f6-4972-a751-1865d8f54166,676474c6-3ff9-46a6-9fef-c58b1701a4f9,2020,2020-12-15,4.4,88,44,false
ed45e997-087c-42d4-a78c-7b6fe8f8b91c,676474c6-3ff9-46a6-9fef-c58b1701a4f9,2021,2021-12-15,4,91,33,false
84685796-02cc-425d-8287-4f07a815428c,676474c6-3ff9-46a6-9fef-c58b1701a4f9,2022,2022-12-15,3.2,85,29,false
c643cb9c-3f33-4a37-8619-13cec6e7f097,676474c6-3ff9-46a6-9fef-c58b1701a4f9,2023,2023-12-15,4.1,72,60,false
adadc58e-c6fb-44d2-adea-5821cabecd49,676474c6-3ff9-46a6-9fef-c58b1701a4f9,2024,2024-12-15,3.7,80,44,false
8788b770-3d16-44bd-91df-fdecc4d4be29,676474c6-3ff9-46a6-9fef-c58b1701a4f9,2025,2025-12-15,3.8,66,21,false
2b2fecf9-df6a-4ce1-9491-b74836d4b331,676474c6-3ff9-46a6-9fef-c58b1701a4f9,2026,2026-12-15,2.8,100,25,false
07fe6d43-afac-42bc-8ef2-82dbda6608c8,bd7d8e10-20d7-4b03-b81e-cc244da3a7da,2023,2023-12-15,2.1,63,25,false
e1e17669-269a-43b6-8256-847ece01dde6,bd7d8e10-20d7-4b03-b81e-cc244da3a7da,2024,2024-12-15,3.4,71,10,false
8f6f05e6-f4b5-4a80-b1c5-f203f0b20904,bd7d8e10-20d7-4b03-b81e-cc244da3a7da,2025,2025-12-15,3.2,87,35,false
8e67a7ae-8da3-4273-93f5-94d32436af43,bd7d8e10-20d7-4b03-b81e-cc244da3a7da,2026,2026-12-15,2.9,68,15,false
263b5c00-21a4-4552-a334-3e689f8c0819,2f192788-1e23-4e20-a45a-333d35e52d1d,2025,2025-12-15,4.3,69,13,false
c87eb741-ff47-4e36-a01d-989e4619b216,2f192788-1e23-4e20-a45a-333d35e52d1d,2026,2026-12-15,4.5,90,30,false
7f28420e-33f3-4caf-8a5c-dc9674560c45,8457cae3-79f4-4e6a-8cba-7aeb896e60ed,2018,2018-12-15,2.6,88,36,false
a83bcba2-efbd-4bf4-babe-2be051e00905,8457cae3-79f4-4e6a-8cba-7aeb896e60ed,2019,2019-12-15,3.1,84,29,false
5901a41c-299b-415f-b09a-241b40d15777,8457cae3-79f4-4e6a-8cba-7aeb896e60ed,2020,2020-12-15,3.6,76,52,false
aaba3b20-3265-4731-b737-bcab95709997,8457cae3-79f4-4e6a-8cba-7aeb896e60ed,2021,2021-12-15,2.9,67,11,false
1fcbbd57-460f-47de-a5c2-4fffa34e4dc9,8457cae3-79f4-4e6a-8cba-7aeb896e60ed,2022,2022-12-15,2.3,84,41,false
70473942-ac9a-4785-be03-5a128a643672,8457cae3-79f4-4e6a-8cba-7aeb896e60ed,2023,2023-12-15,3.6,79,42,false
3f93bce6-d24b-4051-a2b6-1639b2bee244,8457cae3-79f4-4e6a-8cba-7aeb896e60ed,2024,2024-12-15,4.9,73,21,true
9f9b97bf-0838-439f-8826-9e6c0f8b18d4,8457cae3-79f4-4e6a-8cba-7aeb896e60ed,2025,2025-12-15,2.2,73,39,false
aabcce5e-d232-4dc6-8301-b423f29baf12,8457cae3-79f4-4e6a-8cba-7aeb896e60ed,2026,2026-12-15,3.4,66,45,false
e7b73f19-e571-4f16-9739-de5aa0466f8e,1aecc58d-bf1c-4912-be5e-37eab906b971,2025,2025-12-15,2.5,66,53,false
1685b76b-6067-4c8d-8c79-9ffade93e618,1aecc58d-bf1c-4912-be5e-37eab906b971,2026,2026-12-15,3.5,75,10,false
a5b13660-4ecb-4b43-842e-5e0d9fddd952,7bae2e41-48ed-48cc-8d87-aaa626b732bc,2024,2024-12-15,2.6,84,33,false
1a6d4068-0910-49ab-992f-252401ede733,7bae2e41-48ed-48cc-8d87-aaa626b732bc,2025,2025-12-15,4.7,91,35,true
bf48d236-b89c-4119-9510-349b40695724,7bae2e41-48ed-48cc-8d87-aaa626b732bc,2026,2026-12-15,2,97,60,false
6cf1977c-becc-4148-904f-af268302d975,21407545-345a-41dc-8483-2e8bde378d16,2018,2018-12-15,4.3,98,36,false
adae34fd-5b9c-43df-acab-8f2b7bff5086,21407545-345a-41dc-8483-2e8bde378d16,2019,2019-12-15,2.3,90,53,false
ee50d240-a130-4ee0-a104-547891da3061,21407545-345a-41dc-8483-2e8bde378d16,2020,2020-12-15,4.2,79,38,false
50ec4a74-8a11-4eda-abbe-5fcc079e1bca,21407545-345a-41dc-8483-2e8bde378d16,2021,2021-12-15,3.2,94,50,false
72f874b6-ec7e-4f13-8ab2-1a045b0bf575,21407545-345a-41dc-8483-2e8bde378d16,2022,2022-12-15,3.4,100,12,false
3bbec269-2386-499b-8e23-27e3578c63d1,21407545-345a-41dc-8483-2e8bde378d16,2023,2023-12-15,3.3,61,46,false
772dd95d-76df-4327-ae29-44d42a7c5b9c,21407545-345a-41dc-8483-2e8bde378d16,2024,2024-12-15,3.8,83,36,false
95d1104e-4f93-4553-8a47-c062d0f90d58,21407545-345a-41dc-8483-2e8bde378d16,2025,2025-12-15,3.7,83,11,false
0fc4c787-45fd-404d-a5e2-8c09d454e642,21407545-345a-41dc-8483-2e8bde378d16,2026,2026-12-15,2.2,80,45,false
9f992cb3-a076-4661-a51e-20f28e42f73b,6ed91107-2255-414e-97de-db34d1080e0a,2019,2019-12-15,2.3,95,37,false
3835642f-7e02-4f83-b360-28f298af469f,6ed91107-2255-414e-97de-db34d1080e0a,2020,2020-12-15,3.1,83,42,false
cc539da8-d8d4-4a33-9e62-27d962e72f8d,6ed91107-2255-414e-97de-db34d1080e0a,2021,2021-12-15,4.2,80,55,false
5cbacca8-c36a-42e0-947b-436252c156c4,6ed91107-2255-414e-97de-db34d1080e0a,2022,2022-12-15,2.3,67,26,false
7093fc47-9bac-4ac8-b57a-12ec6384dc35,6ed91107-2255-414e-97de-db34d1080e0a,2023,2023-12-15,2.4,96,33,false
32995f01-ac04-415c-9a59-a6415004d046,6ed91107-2255-414e-97de-db34d1080e0a,2024,2024-12-15,3.6,70,41,false
430d2028-e0bd-40d4-b4e8-4d5729b1ac1b,6ed91107-2255-414e-97de-db34d1080e0a,2025,2025-12-15,4.2,66,37,false
a593da11-3946-4988-aa3b-fd88ba6c7cc2,6ed91107-2255-414e-97de-db34d1080e0a,2026,2026-12-15,3.1,91,59,false
6444b0c0-582b-452c-a0d4-24b4e3002942,20b88c31-5044-46bc-aa2f-c5ea52748d8b,2025,2025-12-15,2.2,60,51,false
2b7e563e-13c3-4189-b093-c11fb243889f,20b88c31-5044-46bc-aa2f-c5ea52748d8b,2026,2026-12-15,3.8,71,22,false
6cf87fde-2123-4c88-90cb-6a05484ab0e3,6169fad8-e5e2-42cb-a448-e5dbf0faabe5,2023,2023-12-15,4.9,99,58,false
6a5df1e4-1322-4e76-aea2-64b97a25f7ad,6169fad8-e5e2-42cb-a448-e5dbf0faabe5,2024,2024-12-15,2.4,89,38,false
773cc28e-7baf-42f2-a67e-549e85dfad40,6169fad8-e5e2-42cb-a448-e5dbf0faabe5,2025,2025-12-15,4.7,81,59,false
efcfd3c9-e250-43cc-8544-654e8d360f1a,6169fad8-e5e2-42cb-a448-e5dbf0faabe5,2026,2026-12-15,4,75,14,false
23ea0d25-889d-4bde-a760-407c7d77477e,ffaa18e2-3f36-4677-bafe-b57d13bb1466,2022,2022-12-15,3.5,100,35,false
9dc591ae-ac6f-45c5-869b-0c7f38f45413,ffaa18e2-3f36-4677-bafe-b57d13bb1466,2023,2023-12-15,4.2,98,26,false
04ffcf3c-3dff-4015-aba8-306f0c45a5ff,ffaa18e2-3f36-4677-bafe-b57d13bb1466,2024,2024-12-15,2.9,83,59,false
c018820a-7069-4648-be79-75f38e04e5a3,ffaa18e2-3f36-4677-bafe-b57d13bb1466,2025,2025-12-15,3.6,74,24,false
e33bc958-cb2c-43a5-9c45-abba8fe90e32,ffaa18e2-3f36-4677-bafe-b57d13bb1466,2026,2026-12-15,2.2,75,52,false
68f0dda8-c7f9-4042-aaa6-e4a273e7897d,354ffcdd-e2a4-424d-9e98-b29379035780,2019,2019-12-15,2,67,56,false
edde129e-4351-456a-8061-8607e53aceb5,354ffcdd-e2a4-424d-9e98-b29379035780,2020,2020-12-15,4.1,64,27,false
d4acad2d-c8b4-4dae-abbc-ff42862297d8,354ffcdd-e2a4-424d-9e98-b29379035780,2021,2021-12-15,4.1,62,50,false
5e808ca9-df83-4255-b15a-4617562f1d3c,354ffcdd-e2a4-424d-9e98-b29379035780,2022,2022-12-15,2.9,72,33,false
8e1f26d9-5a80-40cc-baa6-cd05aeaa49f4,354ffcdd-e2a4-424d-9e98-b29379035780,2023,2023-12-15,3.7,79,38,false
8fc2fc2f-fbc7-4b4c-97bd-14180a8715c1,354ffcdd-e2a4-424d-9e98-b29379035780,2024,2024-12-15,2.2,95,52,false
175861c1-dcf3-442a-88b3-a623f19fca53,354ffcdd-e2a4-424d-9e98-b29379035780,2025,2025-12-15,3.4,96,25,false
b39fe5e4-c2c5-4326-9fae-659fd820e9bf,354ffcdd-e2a4-424d-9e98-b29379035780,2026,2026-12-15,4.1,76,60,false
ad52140b-d3a8-4d93-8b25-ea347f305490,54a52a99-4424-4bdf-a39a-95a70224bb34,2023,2023-12-15,4.7,69,17,true
e83f4a80-492b-4335-8cf7-6adf673109db,54a52a99-4424-4bdf-a39a-95a70224bb34,2024,2024-12-15,2.5,92,56,false
8a29c7ea-0917-40ad-a2f9-e6c96d502044,54a52a99-4424-4bdf-a39a-95a70224bb34,2025,2025-12-15,2.2,76,44,false
be738711-7f08-4daf-a444-3f2376947195,54a52a99-4424-4bdf-a39a-95a70224bb34,2026,2026-12-15,2.3,87,12,false
6aa84c71-9471-4690-96dc-488bf14c2dd6,893a2263-90d9-4370-bfdd-9b00764ad7e7,2018,2018-12-15,3.3,83,44,false
96d22537-3f90-4349-b147-d7b759480090,893a2263-90d9-4370-bfdd-9b00764ad7e7,2019,2019-12-15,2.3,72,60,false
9cc46886-e104-4aac-a2a1-59c3b3f2aebc,893a2263-90d9-4370-bfdd-9b00764ad7e7,2020,2020-12-15,4.4,86,42,false
df600671-3a8d-4a50-a687-3ec3d6169418,893a2263-90d9-4370-bfdd-9b00764ad7e7,2021,2021-12-15,4.8,62,57,true
06b98c60-d1eb-4065-ac3c-9df08ea1515d,893a2263-90d9-4370-bfdd-9b00764ad7e7,2022,2022-12-15,3.4,85,58,false
24a4f731-6ba9-43da-a652-ba57493348a6,893a2263-90d9-4370-bfdd-9b00764ad7e7,2023,2023-12-15,3.1,81,27,false
85b84e28-77ac-4bfc-a8da-2819d5bc22e8,893a2263-90d9-4370-bfdd-9b00764ad7e7,2024,2024-12-15,4.1,100,56,false
311df13e-d41f-48b3-b755-1ed44bac8bf0,893a2263-90d9-4370-bfdd-9b00764ad7e7,2025,2025-12-15,3.9,97,37,false
0b54a701-d87e-479b-ab37-dbfad721dc97,893a2263-90d9-4370-bfdd-9b00764ad7e7,2026,2026-12-15,4.5,64,57,true
ac9867bd-86d9-422e-b3d5-8ec6f927450a,98f020b1-3dd8-4b73-8728-fd7522417a19,2022,2022-12-15,3.3,76,42,false
66b37c8b-3e3f-4eb5-8dd3-bea2e4bfbcda,98f020b1-3dd8-4b73-8728-fd7522417a19,2023,2023-12-15,3.7,79,35,false
324dca0b-0762-452c-9402-84f3235b6879,98f020b1-3dd8-4b73-8728-fd7522417a19,2024,2024-12-15,4.3,79,40,false
06bed899-4ffc-4935-9d23-c01118f0dba2,98f020b1-3dd8-4b73-8728-fd7522417a19,2025,2025-12-15,4.1,71,11,false
c180fdc5-6020-4c1b-9579-3e82dffc37ea,98f020b1-3dd8-4b73-8728-fd7522417a19,2026,2026-12-15,2.9,67,28,false
ae0ce8e3-2371-4ff1-a0b4-48d86e7fbb16,5367cc4b-b13a-42ff-bd0b-0efec0089fed,2024,2024-12-15,2.3,100,44,false
13f7400c-bb6c-428a-aa5f-de54b040d0f1,5367cc4b-b13a-42ff-bd0b-0efec0089fed,2025,2025-12-15,3.1,60,29,false
b03754b3-42cb-403e-a3a0-f2e10b8f83aa,5367cc4b-b13a-42ff-bd0b-0efec0089fed,2026,2026-12-15,3.3,86,31,false
ae77fc97-7489-4e37-8d9d-e82e7dc66619,bdb2f4f4-b5f0-4953-b2bc-a98afc7aa1b7,2026,2026-12-15,4.1,98,15,false
2ef896ad-bed9-4946-b70f-7c9a2cfaf225,283af356-9949-47a9-aa87-6271e86a5d24,2026,2026-12-15,2.2,61,32,false
aa51d106-2db8-4520-b570-529a992b7cb9,e5289003-bb7a-435e-8016-32ffb4105b0a,2020,2020-12-15,4.7,75,23,true
9759671e-758a-43ed-a5cf-5c2050c21bad,e5289003-bb7a-435e-8016-32ffb4105b0a,2021,2021-12-15,4.4,60,45,false
c03dd0eb-8daa-47b2-847d-b60a88a1494e,e5289003-bb7a-435e-8016-32ffb4105b0a,2022,2022-12-15,2.2,97,18,false
4d4fbe7a-1d99-472a-a478-14f88639bdb6,e5289003-bb7a-435e-8016-32ffb4105b0a,2023,2023-12-15,3.4,75,21,false
52d55a57-1722-4f17-8dc9-649b9f26d48f,e5289003-bb7a-435e-8016-32ffb4105b0a,2024,2024-12-15,3.7,95,54,false
054c201f-55eb-4ab9-b95e-2d12062b1608,e5289003-bb7a-435e-8016-32ffb4105b0a,2025,2025-12-15,2.5,97,45,false
54a404b1-e1fe-434d-942e-7cc3cdea0f84,e5289003-bb7a-435e-8016-32ffb4105b0a,2026,2026-12-15,3.6,70,46,false
3bb96203-1c45-4fb9-8b11-0e9152100358,38c8f3fd-a9c2-4624-a673-1d187252de5a,2024,2024-12-15,2.2,99,44,false
5524ebcb-cf0a-4d61-a904-0137c49eebe6,38c8f3fd-a9c2-4624-a673-1d187252de5a,2025,2025-12-15,4.4,67,10,false
62a15d27-bce8-4da5-a12b-bf86678796be,38c8f3fd-a9c2-4624-a673-1d187252de5a,2026,2026-12-15,2.1,90,56,false
433e4f7e-ac61-493e-8941-d818c43ff4cf,9a9120be-a2d2-4e59-8476-f9c4c1c00c77,2021,2021-12-15,2.6,78,21,false
187d3fbe-c574-48c2-8cbf-35aeefde60f9,9a9120be-a2d2-4e59-8476-f9c4c1c00c77,2022,2022-12-15,3.1,63,12,false
6f6d6bd7-096c-40d2-9bab-3c85a3df9371,9a9120be-a2d2-4e59-8476-f9c4c1c00c77,2023,2023-12-15,2.6,96,28,false
6637bf52-4479-4e43-b3e8-59c20231dd4c,9a9120be-a2d2-4e59-8476-f9c4c1c00c77,2024,2024-12-15,4.6,64,34,true
a353879b-2f0b-4546-8fc9-02d6c4bf33d9,9a9120be-a2d2-4e59-8476-f9c4c1c00c77,2025,2025-12-15,4.1,77,12,false
bac1e428-388e-4315-872b-0f1a806c4b46,9a9120be-a2d2-4e59-8476-f9c4c1c00c77,2026,2026-12-15,4.9,85,10,false
001a0673-4f57-48b2-b5bc-4a8ba2a76937,e9eb8ff7-9e05-46f9-be95-90a625ca15f4,2024,2024-12-15,2.8,100,53,false
cb059d42-15a5-4051-99da-ebbd7bec4835,e9eb8ff7-9e05-46f9-be95-90a625ca15f4,2025,2025-12-15,4.5,95,26,true
b11193cf-1014-4c86-bf04-d5aa8220d30b,e9eb8ff7-9e05-46f9-be95-90a625ca15f4,2026,2026-12-15,3,65,10,false
4c6d5630-c0eb-4a4f-8376-51fbe86aa60b,24ccbe4a-6207-4dbe-88dd-15ad49bc1b31,2018,2018-12-15,4.5,89,12,false
abe2117c-9d1f-4d0e-8c14-fa76a3c8b063,24ccbe4a-6207-4dbe-88dd-15ad49bc1b31,2019,2019-12-15,3.6,95,47,false
89fe5d12-1d2c-461d-a89d-bb6be1f79f7e,24ccbe4a-6207-4dbe-88dd-15ad49bc1b31,2020,2020-12-15,5,79,26,false
aa843b2c-6068-48b9-8b8d-d0484aa823a6,24ccbe4a-6207-4dbe-88dd-15ad49bc1b31,2021,2021-12-15,2.8,88,57,false
c3b2ec5d-4ea1-42fa-8471-70cb086a3ccd,24ccbe4a-6207-4dbe-88dd-15ad49bc1b31,2022,2022-12-15,2.2,67,16,false
95a33504-4ee5-480c-a2ee-088a2c7669bc,24ccbe4a-6207-4dbe-88dd-15ad49bc1b31,2023,2023-12-15,2.3,92,35,false
57a2ccbc-3441-42f3-89de-2cbf498e7334,24ccbe4a-6207-4dbe-88dd-15ad49bc1b31,2024,2024-12-15,2.3,65,18,false
a0635468-ee9e-464c-adc7-5d9ec7312ce1,24ccbe4a-6207-4dbe-88dd-15ad49bc1b31,2025,2025-12-15,4.2,90,38,false
750e1fb4-0811-4d72-938a-820c9ed3c905,24ccbe4a-6207-4dbe-88dd-15ad49bc1b31,2026,2026-12-15,2.3,86,26,false
45c06d21-8bba-48fa-88d5-6783154fa0b7,df661edc-6c63-4c9a-bf48-8bdeafa583ae,2016,2016-12-15,2.7,68,44,false
4684e654-6284-4e97-889c-0c73c1e87a44,df661edc-6c63-4c9a-bf48-8bdeafa583ae,2017,2017-12-15,4.5,79,42,true
d590d948-7f9c-4ca8-80c6-1da7ee64d901,df661edc-6c63-4c9a-bf48-8bdeafa583ae,2018,2018-12-15,2.4,75,47,false
3bfe4219-fa3f-4652-81d2-6675b7f67021,df661edc-6c63-4c9a-bf48-8bdeafa583ae,2019,2019-12-15,2.3,71,25,false
cb0206e8-3830-4212-82c2-a9556044f12d,df661edc-6c63-4c9a-bf48-8bdeafa583ae,2020,2020-12-15,2.2,97,46,false
ae666547-e20b-4bc8-9a86-fbab7a894eb2,df661edc-6c63-4c9a-bf48-8bdeafa583ae,2021,2021-12-15,3,74,36,false
c17721c0-4132-4e29-aff7-235cfef02054,df661edc-6c63-4c9a-bf48-8bdeafa583ae,2022,2022-12-15,2.7,83,23,false
f8c7e555-534d-4e89-98ae-e6d7c1d44229,df661edc-6c63-4c9a-bf48-8bdeafa583ae,2023,2023-12-15,3.7,88,30,false
cf2aa5cb-98e3-4917-9d79-a3547d65366a,df661edc-6c63-4c9a-bf48-8bdeafa583ae,2024,2024-12-15,3.8,61,53,false
13ce9e82-9cb7-40e5-9f83-e13674f2f4e0,df661edc-6c63-4c9a-bf48-8bdeafa583ae,2025,2025-12-15,3.7,73,12,false
8b308d8b-9c2c-4251-948a-eeb780320f21,df661edc-6c63-4c9a-bf48-8bdeafa583ae,2026,2026-12-15,3.4,76,26,false
68dcdbbc-3baf-46b5-b8a4-6eeb9d44c779,0dc29479-3747-4560-b13b-7c1dfab9ed46,2017,2017-12-15,2.9,87,19,false
c0a59d1b-395b-4902-b8ce-e6a88ac9a39c,0dc29479-3747-4560-b13b-7c1dfab9ed46,2018,2018-12-15,3.2,68,17,false
b5768072-e4cd-47a3-aee0-793a4f08860a,0dc29479-3747-4560-b13b-7c1dfab9ed46,2019,2019-12-15,4.2,99,12,false
96eaec3f-e0b3-4001-a546-0079c7d32812,0dc29479-3747-4560-b13b-7c1dfab9ed46,2020,2020-12-15,2.3,70,27,false
7d2fcba0-86c4-41f4-8ceb-6d29ccf20e79,0dc29479-3747-4560-b13b-7c1dfab9ed46,2021,2021-12-15,2.6,87,34,false
9b01a9a8-66e5-43b1-b0e6-731d6df88210,0dc29479-3747-4560-b13b-7c1dfab9ed46,2022,2022-12-15,2.7,81,56,false
57119206-d51b-4433-80a4-50a110ab933e,0dc29479-3747-4560-b13b-7c1dfab9ed46,2023,2023-12-15,2.9,65,58,false
6671a1dd-0e60-4572-b056-bea8cde73bad,0dc29479-3747-4560-b13b-7c1dfab9ed46,2024,2024-12-15,4.3,63,22,false
dbcb947d-0b7b-4362-8891-90d167522ede,0dc29479-3747-4560-b13b-7c1dfab9ed46,2025,2025-12-15,5,79,48,false
92916b9f-464e-48dc-89d5-813dfe48ed5c,0dc29479-3747-4560-b13b-7c1dfab9ed46,2026,2026-12-15,4,69,25,false
0dddaf2d-6b2b-4cc6-bcf0-39053587a35c,4ffc360b-9eed-49a9-b280-0349441842e0,2016,2016-12-15,2.9,85,33,false
9468e89d-2355-46e8-ba6e-eae01253688f,4ffc360b-9eed-49a9-b280-0349441842e0,2017,2017-12-15,2.8,80,24,false
25ce8ee4-23de-4243-b413-ae2b16973637,4ffc360b-9eed-49a9-b280-0349441842e0,2018,2018-12-15,4,75,15,false
a1dc58bf-744a-4e81-a6e5-64b60dee0225,4ffc360b-9eed-49a9-b280-0349441842e0,2019,2019-12-15,3.2,62,30,false
8fd9d741-5815-44ee-8f09-095cb15ecd76,4ffc360b-9eed-49a9-b280-0349441842e0,2020,2020-12-15,2.9,60,50,false
757f4d93-577c-4bba-9887-8ad61c82d2d3,4ffc360b-9eed-49a9-b280-0349441842e0,2021,2021-12-15,5,74,51,false
1224ba15-5cc8-42f2-83b1-2cfe67b3a30c,4ffc360b-9eed-49a9-b280-0349441842e0,2022,2022-12-15,2.2,60,47,false
e9cd72bc-f4ae-4218-a606-307e171e2632,4ffc360b-9eed-49a9-b280-0349441842e0,2023,2023-12-15,2.7,70,29,false
aed2e7eb-55ea-46a5-99d0-7ce050ee7918,4ffc360b-9eed-49a9-b280-0349441842e0,2024,2024-12-15,4.2,61,19,false
5be8fcb7-4384-4cc8-854d-f42a5c919984,4ffc360b-9eed-49a9-b280-0349441842e0,2025,2025-12-15,2.4,74,14,false
8b78abe4-7eaf-45b8-bea8-987bb8f153ee,4ffc360b-9eed-49a9-b280-0349441842e0,2026,2026-12-15,2.6,88,36,false
33c5bd4e-8399-4838-b021-c545ee3542d6,70ae8640-445c-448c-bfe1-20049b33d87d,2016,2016-12-15,4.4,72,32,false
63c5e346-ebe9-4af5-9e7b-1db0c91cbc18,70ae8640-445c-448c-bfe1-20049b33d87d,2017,2017-12-15,4.3,98,47,false
4f82bfd5-e194-4f68-9cd7-4324925e9dc5,70ae8640-445c-448c-bfe1-20049b33d87d,2018,2018-12-15,4.7,62,44,false
6d242be8-068b-4f04-a22a-a226d18dfecd,70ae8640-445c-448c-bfe1-20049b33d87d,2019,2019-12-15,4.4,75,58,false
7838bc04-0b86-49d4-8138-6943b08e8451,70ae8640-445c-448c-bfe1-20049b33d87d,2020,2020-12-15,4,71,38,false
28ac17b7-88a3-41b0-84f8-3b96c35b4096,70ae8640-445c-448c-bfe1-20049b33d87d,2021,2021-12-15,3.7,99,11,false
ee8284c6-c184-4d17-8c88-18a4a0fa302b,70ae8640-445c-448c-bfe1-20049b33d87d,2022,2022-12-15,2.4,96,21,false
aa570623-5881-4885-80b7-a7c15467b586,70ae8640-445c-448c-bfe1-20049b33d87d,2023,2023-12-15,2.6,99,25,false
462f0066-70cd-4f47-be02-25c86c7289ff,70ae8640-445c-448c-bfe1-20049b33d87d,2024,2024-12-15,2.8,70,59,false
1ae89a9c-1e32-49b4-829a-e638c8ba8e7b,70ae8640-445c-448c-bfe1-20049b33d87d,2025,2025-12-15,4.8,100,41,false
e1f90d46-bca1-4dbc-a6da-3a6a0d2dbcba,70ae8640-445c-448c-bfe1-20049b33d87d,2026,2026-12-15,3,100,24,false
8ce4c70b-1f72-4833-bf23-7e9f477c8211,5154d2f4-aa71-4ec9-a8ac-af9e65f3db81,2017,2017-12-15,4.5,77,59,false
96a3a215-c50d-4b4f-b978-301831558647,5154d2f4-aa71-4ec9-a8ac-af9e65f3db81,2018,2018-12-15,4.5,74,46,false
d25e96f1-62bf-4680-a8ac-dfa33befe468,5154d2f4-aa71-4ec9-a8ac-af9e65f3db81,2019,2019-12-15,4,93,51,false
05d53ad3-5dca-4333-b433-4ddf029e2ca2,5154d2f4-aa71-4ec9-a8ac-af9e65f3db81,2020,2020-12-15,3.2,65,56,false
a6aab704-dcfb-4a1d-b19b-5c7593d082a9,5154d2f4-aa71-4ec9-a8ac-af9e65f3db81,2021,2021-12-15,3.7,65,22,false
7f3bbb87-829d-4cac-8a96-e382513b2dc7,5154d2f4-aa71-4ec9-a8ac-af9e65f3db81,2022,2022-12-15,4.2,73,30,false
7d01081c-bb5f-4c07-8909-8441f616beac,5154d2f4-aa71-4ec9-a8ac-af9e65f3db81,2023,2023-12-15,2.4,99,26,false
3963339f-67c3-4cb9-98c1-dcc0f6bc27ad,5154d2f4-aa71-4ec9-a8ac-af9e65f3db81,2024,2024-12-15,4.5,94,51,true
b24f0640-cd50-4545-b57e-c06315c3f81e,5154d2f4-aa71-4ec9-a8ac-af9e65f3db81,2025,2025-12-15,4.9,89,45,true
fd147a49-3e57-4ed5-8ef2-7030751d4a74,5154d2f4-aa71-4ec9-a8ac-af9e65f3db81,2026,2026-12-15,3.6,74,42,false
817f5f09-1636-4c09-920b-e7a8e9766c48,be8d4354-3f04-4d14-b53f-14405415cee0,2025,2025-12-15,4.1,91,45,false
19721cbb-c59a-4273-a1d1-8db1b2c35a44,be8d4354-3f04-4d14-b53f-14405415cee0,2026,2026-12-15,4.2,78,44,false
ac8580ad-2561-4758-92b3-efece438c3f9,85c1f940-0a06-4695-819a-db5e461e1f67,2026,2026-12-15,2.7,66,35,false
e123d75f-f942-4798-a851-8cbf94d710f3,db8078f9-330a-4e8e-aa3b-0d91619a81a7,2023,2023-12-15,2.6,75,37,false
60e25bfc-2822-4ba8-b7d5-428052800b20,db8078f9-330a-4e8e-aa3b-0d91619a81a7,2024,2024-12-15,4,74,29,false
9313c684-8207-4a59-8f23-e226ae1a542f,db8078f9-330a-4e8e-aa3b-0d91619a81a7,2025,2025-12-15,4.9,97,22,false
0dfaec47-3187-40ca-b50f-ba602cbee001,db8078f9-330a-4e8e-aa3b-0d91619a81a7,2026,2026-12-15,3.1,76,18,false
3cf72b49-d894-46c8-943b-ab98d3d2a909,d933d798-47c0-49fb-a607-031b014feea3,2020,2020-12-15,4.2,60,44,false
fe35db14-1356-4587-bd63-d7a2153f77c7,d933d798-47c0-49fb-a607-031b014feea3,2021,2021-12-15,3.1,76,18,false
ae89ed95-19b0-4fb8-a432-dd2d0ca7c73b,d933d798-47c0-49fb-a607-031b014feea3,2022,2022-12-15,3,69,59,false
030026e5-db65-4fc3-9deb-9331d1cf8d9d,d933d798-47c0-49fb-a607-031b014feea3,2023,2023-12-15,2.5,97,17,false
9713f529-db53-4f9e-9ffd-976cb0e1df06,d933d798-47c0-49fb-a607-031b014feea3,2024,2024-12-15,3.7,97,10,false
f363aea5-cf0e-47b6-8f02-1b206913d4cb,d933d798-47c0-49fb-a607-031b014feea3,2025,2025-12-15,2.9,74,33,false
1aa4a7e7-7e17-44f1-ad43-25efb389fd93,d933d798-47c0-49fb-a607-031b014feea3,2026,2026-12-15,3.9,81,37,false
70a7c9e5-7611-433c-8975-3632d1bc2eed,9ca710e6-b8f9-47d4-b123-1e8c2634e14c,2018,2018-12-15,3,88,51,false
88222375-0e77-41bc-89a6-60e4347f1c87,9ca710e6-b8f9-47d4-b123-1e8c2634e14c,2019,2019-12-15,2.5,73,29,false
b17d5cf6-aa7f-4cf3-97d5-092a3345a9d7,9ca710e6-b8f9-47d4-b123-1e8c2634e14c,2020,2020-12-15,2.1,82,13,false
1226f3bd-883b-42e4-9db6-a50011252eda,9ca710e6-b8f9-47d4-b123-1e8c2634e14c,2021,2021-12-15,2.5,96,47,false
61267c8b-0966-4514-8fcd-7310ffe0a055,9ca710e6-b8f9-47d4-b123-1e8c2634e14c,2022,2022-12-15,2.4,81,38,false
0a0f20d8-8d44-4165-867f-29b24eaed60b,9ca710e6-b8f9-47d4-b123-1e8c2634e14c,2023,2023-12-15,4.9,69,29,false
f20a3161-5176-4d6c-ab56-1516469d1f6e,9ca710e6-b8f9-47d4-b123-1e8c2634e14c,2024,2024-12-15,2.5,71,59,false
bae41c0c-8aaa-4fe8-a9ca-f9d4ae763b07,9ca710e6-b8f9-47d4-b123-1e8c2634e14c,2025,2025-12-15,3.6,82,42,false
4d9f9d20-8cef-47d3-908b-551d1cb2ec6a,9ca710e6-b8f9-47d4-b123-1e8c2634e14c,2026,2026-12-15,2.2,64,10,false
0297d8fa-a2db-49d5-a574-5e834f720694,d9380041-90cc-41c2-bac2-a147891b9767,2020,2020-12-15,3.3,62,23,false
7d5c1277-a5b0-4562-b1a6-4a2bd8715954,d9380041-90cc-41c2-bac2-a147891b9767,2021,2021-12-15,4.9,73,18,false
c687b011-cefe-4a7b-a6af-ef8c3aae7bf7,d9380041-90cc-41c2-bac2-a147891b9767,2022,2022-12-15,2.1,95,54,false
67fcb026-e235-4308-a5ea-8a69d2079827,d9380041-90cc-41c2-bac2-a147891b9767,2023,2023-12-15,3.3,75,50,false
d188e6dc-c90e-4f3c-89bb-66fb18787d3f,d9380041-90cc-41c2-bac2-a147891b9767,2024,2024-12-15,2.3,99,49,false
c10b7f60-4270-43e1-9b68-ab398592f666,d9380041-90cc-41c2-bac2-a147891b9767,2025,2025-12-15,4.4,69,38,false
5e83117b-b9bd-412b-9192-cc6c55c63b7a,d9380041-90cc-41c2-bac2-a147891b9767,2026,2026-12-15,4.1,91,33,false
2ff1f702-b80b-4708-a17d-5258617150bb,bed0010c-734b-4e69-80f0-4507354fb3f1,2025,2025-12-15,2.9,65,36,false
f002c1c5-f04d-400d-92f3-55c895d659f3,bed0010c-734b-4e69-80f0-4507354fb3f1,2026,2026-12-15,4.5,90,43,false
e26a3314-af8a-4121-b805-867a3437c5c1,6b282c33-bd7d-4d94-82bb-3051b1986abf,2022,2022-12-15,2.2,95,53,false
f2f74e52-79d5-4a27-8f26-9717d0f838af,6b282c33-bd7d-4d94-82bb-3051b1986abf,2023,2023-12-15,3.8,70,47,false
0b7a3c96-8c09-44d4-a287-3104f11d104a,6b282c33-bd7d-4d94-82bb-3051b1986abf,2024,2024-12-15,2.3,75,36,false
28f6584c-b6b3-435c-b293-67e182c22bf5,6b282c33-bd7d-4d94-82bb-3051b1986abf,2025,2025-12-15,2.8,75,48,false
669177da-a446-4252-aba3-a412f9941a7f,6b282c33-bd7d-4d94-82bb-3051b1986abf,2026,2026-12-15,4.4,97,59,false
585b3af2-957b-440c-a840-5064b223d299,f2b40d9d-49ea-442d-a4ba-e1a5cb3ead47,2016,2016-12-15,2.6,92,36,false
c7377a0a-4762-4dd5-8b5e-da63c40fea36,f2b40d9d-49ea-442d-a4ba-e1a5cb3ead47,2017,2017-12-15,4.5,95,11,true
25916672-634e-444c-a918-db55368aa62b,f2b40d9d-49ea-442d-a4ba-e1a5cb3ead47,2018,2018-12-15,3.6,72,32,false
41d5a848-9c35-4330-b213-d22d297440f0,f2b40d9d-49ea-442d-a4ba-e1a5cb3ead47,2019,2019-12-15,2.4,69,46,false
ec8bc1a3-88f8-4f5f-9c67-e8f26ffa0b7f,f2b40d9d-49ea-442d-a4ba-e1a5cb3ead47,2020,2020-12-15,4.9,80,23,true
b9acfc28-9fb9-4b16-b141-b07ba67d478f,f2b40d9d-49ea-442d-a4ba-e1a5cb3ead47,2021,2021-12-15,4.2,61,21,false
9b46a9a6-5ac4-4026-93bb-7882200dd3db,f2b40d9d-49ea-442d-a4ba-e1a5cb3ead47,2022,2022-12-15,3.3,65,21,false
a21bbaa3-fcae-423d-9e66-3d79fe4d38ef,f2b40d9d-49ea-442d-a4ba-e1a5cb3ead47,2023,2023-12-15,4.8,81,24,true
b5757725-2ec3-4e81-8596-61fce2cb4b2e,f2b40d9d-49ea-442d-a4ba-e1a5cb3ead47,2024,2024-12-15,2.1,97,38,false
5f4c8e6c-6749-4cb0-a078-a4e1815e0c54,f2b40d9d-49ea-442d-a4ba-e1a5cb3ead47,2025,2025-12-15,2.5,98,34,false
0a3c468a-ea8e-469f-ba16-4772e50b3152,f2b40d9d-49ea-442d-a4ba-e1a5cb3ead47,2026,2026-12-15,3.8,60,30,false
af326474-2de9-47eb-be54-4ba18f424184,40f65710-8483-4358-ac9d-aa0e474e869e,2020,2020-12-15,3.6,83,60,false
a1e1a575-4624-4d40-b7f0-edf239d15a38,40f65710-8483-4358-ac9d-aa0e474e869e,2021,2021-12-15,4.1,83,29,false
de8e77c6-be44-4347-b8c0-35b95d4e8530,40f65710-8483-4358-ac9d-aa0e474e869e,2022,2022-12-15,3.4,87,31,false
ab0a977a-ecde-48e7-a965-67ff6298c1f2,40f65710-8483-4358-ac9d-aa0e474e869e,2023,2023-12-15,3,79,36,false
30b32e08-947f-48bb-aa59-9fa72d00a983,40f65710-8483-4358-ac9d-aa0e474e869e,2024,2024-12-15,4.9,93,51,false
e9274515-e1a9-4eaf-bdf0-ff8d96760ccf,40f65710-8483-4358-ac9d-aa0e474e869e,2025,2025-12-15,3.1,82,20,false
00354708-f706-4600-b433-043209e71df7,40f65710-8483-4358-ac9d-aa0e474e869e,2026,2026-12-15,4.5,65,53,false
7f8406ac-04a6-4678-bb34-c87d9e6c1a80,ef5833c6-9cba-4ca8-8667-4ea38d23f48c,2026,2026-12-15,3.6,96,45,false
baaa52ed-d781-4a75-94fe-c49876735550,2733f5d9-3308-418e-8fa0-6419b66f4c41,2017,2017-12-15,3,69,50,false
27009f8f-c3ff-4581-bc4b-211a88495d42,2733f5d9-3308-418e-8fa0-6419b66f4c41,2018,2018-12-15,4.5,100,27,false
16f0f5e2-f60d-4809-95c6-effeaff05c1a,2733f5d9-3308-418e-8fa0-6419b66f4c41,2019,2019-12-15,2.3,63,21,false
cc864b2d-1c49-4920-a591-86ee36e5c142,2733f5d9-3308-418e-8fa0-6419b66f4c41,2020,2020-12-15,2.3,75,50,false
74bd8b5a-6fd9-4314-9b76-1c5e77211676,2733f5d9-3308-418e-8fa0-6419b66f4c41,2021,2021-12-15,4.4,72,17,false
ff3d4b3c-f822-4d11-bc12-e8d8e37d6216,2733f5d9-3308-418e-8fa0-6419b66f4c41,2022,2022-12-15,4,62,12,false
dba2d7a6-8cf9-4370-a768-ee8e203ef1de,2733f5d9-3308-418e-8fa0-6419b66f4c41,2023,2023-12-15,3.4,91,55,false
4e7ce955-814a-4e6d-9c79-5f1ef0b63853,2733f5d9-3308-418e-8fa0-6419b66f4c41,2024,2024-12-15,2.2,62,16,false
9c8c5176-544b-4c7b-baee-80a8070928d9,2733f5d9-3308-418e-8fa0-6419b66f4c41,2025,2025-12-15,3,67,41,false
2d70a25a-ee70-4872-a6df-c6fcfdc459ed,2733f5d9-3308-418e-8fa0-6419b66f4c41,2026,2026-12-15,2.7,73,27,false
80dcf9d3-4e03-4bb3-b7e3-e5e68d9a8093,cdcc1f09-b070-478f-a6ae-c7b5236ef747,2025,2025-12-15,4,67,47,false
cfee7a17-401c-41af-802f-40a490405c0e,cdcc1f09-b070-478f-a6ae-c7b5236ef747,2026,2026-12-15,2,71,32,false
25f89741-242d-4c37-97e9-11f902a806cc,ea1fe734-8c9c-4177-acef-44ca0be53249,2024,2024-12-15,2.6,89,38,false
cec4ec3f-3ac4-4c76-af40-258d2a8afda8,ea1fe734-8c9c-4177-acef-44ca0be53249,2025,2025-12-15,2.6,69,17,false
d3fc1f59-5e4f-48bc-afe0-16c40cf60c9c,ea1fe734-8c9c-4177-acef-44ca0be53249,2026,2026-12-15,4.6,83,15,true
4d9b43ed-dc46-4e3f-8711-ec73ed669639,fd51028d-530a-46d7-ac1e-c23fa552ae30,2017,2017-12-15,4.1,85,57,false
4d654ce9-3d8e-4b41-88b7-7b2b707667ac,fd51028d-530a-46d7-ac1e-c23fa552ae30,2018,2018-12-15,3.1,68,46,false
25fe2fbc-9dc9-4da5-803e-06f5248df2f6,fd51028d-530a-46d7-ac1e-c23fa552ae30,2019,2019-12-15,2.6,81,59,false
a42ddd87-550a-41d4-ad79-442d0e1b4203,fd51028d-530a-46d7-ac1e-c23fa552ae30,2020,2020-12-15,4,78,60,false
79044e6c-a550-425d-841e-cfd9ec71e639,fd51028d-530a-46d7-ac1e-c23fa552ae30,2021,2021-12-15,2.7,89,12,false
555adf1b-2cac-4956-aaa4-006eabaad237,fd51028d-530a-46d7-ac1e-c23fa552ae30,2022,2022-12-15,3.9,91,56,false
c41c6dc1-6b84-4b98-8dcf-20c243f74462,fd51028d-530a-46d7-ac1e-c23fa552ae30,2023,2023-12-15,3,60,53,false
fefcd241-697c-444f-965f-a025b50f5670,fd51028d-530a-46d7-ac1e-c23fa552ae30,2024,2024-12-15,2.4,90,10,false
a729e46f-babc-475b-883c-3946c14eb788,fd51028d-530a-46d7-ac1e-c23fa552ae30,2025,2025-12-15,2.8,100,27,false
f09301bf-6566-4040-88dc-96e9a03dcba3,fd51028d-530a-46d7-ac1e-c23fa552ae30,2026,2026-12-15,3.5,74,33,false
bd54329e-0ff0-402a-bee8-83aec89393ff,f1ee4fb1-7932-4683-be0f-499f5b07814c,2017,2017-12-15,2.1,100,49,false
fcdbd1ae-d42e-4a6d-8955-167719bdd4d3,f1ee4fb1-7932-4683-be0f-499f5b07814c,2018,2018-12-15,3.6,96,44,false
ce1a1ce8-41a9-4613-aece-a2ac38b9aa88,f1ee4fb1-7932-4683-be0f-499f5b07814c,2019,2019-12-15,2.1,91,34,false
534b640d-12d0-4f44-aa76-04b7b8f89f10,f1ee4fb1-7932-4683-be0f-499f5b07814c,2020,2020-12-15,3.2,100,37,false
4decaa5c-dd1a-4eb9-9c7c-7771ae7de677,f1ee4fb1-7932-4683-be0f-499f5b07814c,2021,2021-12-15,2.6,88,54,false
4d088913-f378-459a-b062-c1fc7e164da9,f1ee4fb1-7932-4683-be0f-499f5b07814c,2022,2022-12-15,4.2,84,51,false
806f0537-f07b-48d5-b6f2-017d4db74276,f1ee4fb1-7932-4683-be0f-499f5b07814c,2023,2023-12-15,4.6,81,37,false
9504f165-18de-4dae-b0e1-cdf968ac9892,f1ee4fb1-7932-4683-be0f-499f5b07814c,2024,2024-12-15,2.5,62,36,false
66ea9915-a93e-4859-8d6b-54c9e719488f,f1ee4fb1-7932-4683-be0f-499f5b07814c,2025,2025-12-15,3.9,97,10,false
8fa9bacd-e995-4aed-be63-2e80f4e9ffcc,f1ee4fb1-7932-4683-be0f-499f5b07814c,2026,2026-12-15,4.7,89,15,false
b340a604-1608-4d0c-b27d-ee373fb8f15b,9d4e9314-3a99-4e2b-90aa-50382942613f,2024,2024-12-15,2.4,93,22,false
39b46f1e-98cc-4b1f-9efb-e41cd2196722,9d4e9314-3a99-4e2b-90aa-50382942613f,2025,2025-12-15,3.7,62,29,false
aa6294c3-c56c-4e72-8f96-8d75b28ee410,9d4e9314-3a99-4e2b-90aa-50382942613f,2026,2026-12-15,3.1,89,25,false
2f8461df-b09e-4184-bcb5-a472c9c5be2f,386e70ba-71ea-444b-abce-dc2041b3c760,2021,2021-12-15,3.2,78,46,false
97b36cd1-5dd5-4686-866e-f7dea182e0ba,386e70ba-71ea-444b-abce-dc2041b3c760,2022,2022-12-15,3.5,79,48,false
fc71ae6a-6f8c-43ae-923c-e312d3594adb,386e70ba-71ea-444b-abce-dc2041b3c760,2023,2023-12-15,2.2,81,55,false
f91854ee-7cdd-403b-a172-955a0def84cf,386e70ba-71ea-444b-abce-dc2041b3c760,2024,2024-12-15,3.2,72,15,false
3f218b69-fb9e-4b18-bd49-439e76363069,386e70ba-71ea-444b-abce-dc2041b3c760,2025,2025-12-15,2.1,63,48,false
f6f1fb21-4729-4ad8-8811-e36b802f61dc,386e70ba-71ea-444b-abce-dc2041b3c760,2026,2026-12-15,2.9,91,19,false
22b8dd93-2573-47f3-ac15-c38bbdd35d7d,54a9fd3e-03b6-4d5f-b70c-08f0ee91f1d7,2021,2021-12-15,2.3,71,41,false
818dd815-98b5-4065-bb0e-a92ab82a4577,54a9fd3e-03b6-4d5f-b70c-08f0ee91f1d7,2022,2022-12-15,4.6,80,52,true
b66354e3-b5b0-4e18-b32a-20bbcce2cd8c,54a9fd3e-03b6-4d5f-b70c-08f0ee91f1d7,2023,2023-12-15,4.3,99,51,false
b03d973f-7c48-4541-8018-ddcba19413b4,54a9fd3e-03b6-4d5f-b70c-08f0ee91f1d7,2024,2024-12-15,2.1,62,24,false
7956dacb-69f9-4f24-84f0-7c2b088e1c7d,54a9fd3e-03b6-4d5f-b70c-08f0ee91f1d7,2025,2025-12-15,2.9,74,10,false
8e123bc4-5648-4535-b6e8-d011ea85e90f,54a9fd3e-03b6-4d5f-b70c-08f0ee91f1d7,2026,2026-12-15,2.6,75,39,false
9f9c2545-7750-474a-baad-335bb46d8575,1444ab1a-250d-423c-be1f-662b48191da1,2022,2022-12-15,3.1,70,49,false
608b33f4-ce0c-4e2a-a379-ca7ac41d5ef5,1444ab1a-250d-423c-be1f-662b48191da1,2023,2023-12-15,4.5,85,29,true
b18df8b7-e2ff-4a9e-b4f8-46df50c886b2,1444ab1a-250d-423c-be1f-662b48191da1,2024,2024-12-15,3.5,73,18,false
7030c51f-e236-4ccb-99fa-7cdf90968b8d,1444ab1a-250d-423c-be1f-662b48191da1,2025,2025-12-15,4.5,77,59,false
b63c1626-caf4-4f50-bf74-af0708a3ee7d,1444ab1a-250d-423c-be1f-662b48191da1,2026,2026-12-15,3.9,79,42,false
5b57325a-1941-43b0-8b2f-d90fc94ab18f,e6ee0c6e-718b-43e1-ac46-d86898d00a13,2017,2017-12-15,3.6,82,60,false
a4dc9f9b-0720-4d71-8ce7-81d6e2a5daa6,e6ee0c6e-718b-43e1-ac46-d86898d00a13,2018,2018-12-15,2.1,96,29,false
019c9c8c-b161-4021-8d65-be2ea0f85340,e6ee0c6e-718b-43e1-ac46-d86898d00a13,2019,2019-12-15,4.3,100,46,false
35da6d8d-9eb5-4fc2-b5f8-6dcd543d2e94,e6ee0c6e-718b-43e1-ac46-d86898d00a13,2020,2020-12-15,3.2,75,16,false
636dec21-ccf9-4d35-a3ea-411166bfa2c5,e6ee0c6e-718b-43e1-ac46-d86898d00a13,2021,2021-12-15,2.7,61,35,false
769c15af-fdda-487c-8f80-8bfbc82a425b,e6ee0c6e-718b-43e1-ac46-d86898d00a13,2022,2022-12-15,3.2,86,21,false
dc28e845-d884-429f-b70e-96c9a29566f4,e6ee0c6e-718b-43e1-ac46-d86898d00a13,2023,2023-12-15,4.6,78,19,true
2bbac4b6-a8a3-4ab4-87ef-844a4928abb6,e6ee0c6e-718b-43e1-ac46-d86898d00a13,2024,2024-12-15,4.8,77,52,false
b8abc8f2-63f1-4c6f-acb8-6a62292925dd,e6ee0c6e-718b-43e1-ac46-d86898d00a13,2025,2025-12-15,4.3,77,19,false
fd3c48fe-909b-43d1-81d4-39f7c5fe7a5a,e6ee0c6e-718b-43e1-ac46-d86898d00a13,2026,2026-12-15,2.3,100,26,false
2be859a5-2971-470a-8d06-a5d825052812,f7a588e2-7488-4812-9136-9be5b8ba8160,2018,2018-12-15,2.6,64,21,false
9e4ecbbf-c3ee-4219-a5c5-66424c9fd769,f7a588e2-7488-4812-9136-9be5b8ba8160,2019,2019-12-15,2.1,82,13,false
8f8140a3-89ec-4adb-8297-36c2a54fffb0,f7a588e2-7488-4812-9136-9be5b8ba8160,2020,2020-12-15,2.6,99,56,false
d4d89068-eb3c-442d-94c1-429d40cfc86c,f7a588e2-7488-4812-9136-9be5b8ba8160,2021,2021-12-15,2.7,68,33,false
67d89d7d-78c4-4411-ba1a-b471ac8dbcba,f7a588e2-7488-4812-9136-9be5b8ba8160,2022,2022-12-15,2.9,65,39,false
26dd8126-aeaa-4e10-984a-74a12df1a495,f7a588e2-7488-4812-9136-9be5b8ba8160,2023,2023-12-15,2.4,74,60,false
02742aa8-0d15-4661-a0a5-a272c4edc41a,f7a588e2-7488-4812-9136-9be5b8ba8160,2024,2024-12-15,3,66,41,false
35293e6d-c7e6-4d41-9cd7-0ae1cfdf585c,f7a588e2-7488-4812-9136-9be5b8ba8160,2025,2025-12-15,3.7,91,40,false
2f308efd-fb25-4c33-b752-9bdedafd96e1,f7a588e2-7488-4812-9136-9be5b8ba8160,2026,2026-12-15,3.8,60,10,false
20b3d75b-3320-4554-85ec-f0b3fda01fab,5d462ba6-8c69-4ec3-afb2-1ec28ac41eae,2020,2020-12-15,4.3,77,51,false
7c782ff2-bbb8-4cbe-b1f7-f4a10d1a9c7e,5d462ba6-8c69-4ec3-afb2-1ec28ac41eae,2021,2021-12-15,4.9,76,60,true
16afaffa-c1f1-4f51-925f-562e7eef1823,5d462ba6-8c69-4ec3-afb2-1ec28ac41eae,2022,2022-12-15,2.2,74,24,false
02b30a36-889a-4b3f-970e-016ee6f08e17,5d462ba6-8c69-4ec3-afb2-1ec28ac41eae,2023,2023-12-15,3.1,99,55,false
99a1da37-3615-4aba-be6c-6968c0e7cd2f,5d462ba6-8c69-4ec3-afb2-1ec28ac41eae,2024,2024-12-15,4,92,17,false
1554f79d-243a-4c78-b997-a1608d688c08,5d462ba6-8c69-4ec3-afb2-1ec28ac41eae,2025,2025-12-15,2.4,74,13,false
c81a5104-9da6-4241-9241-77a489cf15d4,5d462ba6-8c69-4ec3-afb2-1ec28ac41eae,2026,2026-12-15,3.9,90,17,false
41c223d2-99ab-4564-829d-ac0fa3b063c4,1b1a2832-860e-4277-b31f-b81b330b01ef,2022,2022-12-15,2.3,69,48,false
bcd1cb28-ef8b-4246-89a2-24d4db7a5288,1b1a2832-860e-4277-b31f-b81b330b01ef,2023,2023-12-15,3.4,78,34,false
8cdc3934-bfb4-4c4c-911f-b584baf2b524,1b1a2832-860e-4277-b31f-b81b330b01ef,2024,2024-12-15,2.1,79,45,false
56479239-7719-4d47-b021-895b10e1be2a,1b1a2832-860e-4277-b31f-b81b330b01ef,2025,2025-12-15,2.3,80,26,false
cc8d38b7-2b17-400e-962a-934f7e022b32,1b1a2832-860e-4277-b31f-b81b330b01ef,2026,2026-12-15,4.4,75,47,false
d13cd23d-881e-4bc2-91b9-2bf200958571,fa925fef-029d-4524-bc64-245d377e8d96,2025,2025-12-15,3.9,90,24,false
7ba6dc32-cce3-4ee2-8612-6ae1f8bdd9ae,fa925fef-029d-4524-bc64-245d377e8d96,2026,2026-12-15,2.7,94,13,false
26b0be98-f226-4582-ac37-f4a3dee4d346,abc05666-6264-48f2-a039-06e0afaddaf1,2022,2022-12-15,2.4,80,48,false
45d40f82-2fef-484f-a29b-6413bc66a1f8,abc05666-6264-48f2-a039-06e0afaddaf1,2023,2023-12-15,4.4,97,44,false
9d252546-b82d-413c-b13d-f9ffabaaa1b9,abc05666-6264-48f2-a039-06e0afaddaf1,2024,2024-12-15,3.4,96,50,false
4ac430e7-897d-4eb0-93ee-17b108d2dab3,abc05666-6264-48f2-a039-06e0afaddaf1,2025,2025-12-15,2.3,69,33,false
dce428c9-0b82-45a4-b982-cfda699a6789,abc05666-6264-48f2-a039-06e0afaddaf1,2026,2026-12-15,4.6,78,52,true
00c1b9c1-e20b-4383-b30b-0a9c2f089f98,b0ae224f-d9f2-4a5d-a1ff-48159f1a1d60,2021,2021-12-15,3.1,78,33,false
143a3b0e-5429-469b-b7cb-c8b5d02350cf,b0ae224f-d9f2-4a5d-a1ff-48159f1a1d60,2022,2022-12-15,3.7,61,45,false
19a0c070-c8d1-4f17-819e-93d08340aa4d,b0ae224f-d9f2-4a5d-a1ff-48159f1a1d60,2023,2023-12-15,4.5,99,43,false
bbe34728-fa91-406d-a023-2b241249b51c,b0ae224f-d9f2-4a5d-a1ff-48159f1a1d60,2024,2024-12-15,3.7,99,42,false
fb3c7d04-8090-4e26-b0fc-6f1955ec78e9,b0ae224f-d9f2-4a5d-a1ff-48159f1a1d60,2025,2025-12-15,4,70,52,false
151100da-9078-494d-80e6-be2a323855db,b0ae224f-d9f2-4a5d-a1ff-48159f1a1d60,2026,2026-12-15,3.3,78,52,false
c6030f0e-2dae-4b1e-ae59-403b8d261e3f,ebb6416a-c681-4525-8c43-bd2dff552cff,2023,2023-12-15,2.1,89,53,false
ca8768cc-af3d-4915-950a-6e082a09a1f3,ebb6416a-c681-4525-8c43-bd2dff552cff,2024,2024-12-15,3.9,63,29,false
fab25309-34fd-457e-9c70-02d3fbbf4c04,ebb6416a-c681-4525-8c43-bd2dff552cff,2025,2025-12-15,4,80,34,false
79028403-5c4b-43db-880e-b98f8cac0fc6,ebb6416a-c681-4525-8c43-bd2dff552cff,2026,2026-12-15,2.1,98,13,false
db284790-b5e7-44f4-89c0-76922ea3a236,9f548a87-bcf0-4baa-8a13-222b666a4f99,2020,2020-12-15,3.3,80,58,false
70996a6b-7883-4b0a-b3d4-eca3c23cbc1c,9f548a87-bcf0-4baa-8a13-222b666a4f99,2021,2021-12-15,3.4,97,13,false
a39936c5-ee90-458e-83bc-a213907dd40a,9f548a87-bcf0-4baa-8a13-222b666a4f99,2022,2022-12-15,2.6,78,54,false
b952f8e7-b03a-4987-93bc-8e0cd270791d,9f548a87-bcf0-4baa-8a13-222b666a4f99,2023,2023-12-15,3.9,62,33,false
eea01896-dc02-43b8-bea7-37175e9e5439,9f548a87-bcf0-4baa-8a13-222b666a4f99,2024,2024-12-15,3.9,91,45,false
0ae56d6e-0ddf-41f0-8232-5ed7a362e0de,9f548a87-bcf0-4baa-8a13-222b666a4f99,2025,2025-12-15,4.5,71,44,false
a7e0eec5-8a13-4631-b4e3-2aaa6d46f7c1,9f548a87-bcf0-4baa-8a13-222b666a4f99,2026,2026-12-15,4.5,92,39,false
e30bd1d1-7493-4afe-b332-c146132057d8,20b673a8-62cb-4793-9b96-b48dc5b29e79,2018,2018-12-15,2.4,75,39,false
b33b1e5d-230a-4803-8751-f60df9fb258a,20b673a8-62cb-4793-9b96-b48dc5b29e79,2019,2019-12-15,4.2,66,49,false
e3eeef7c-f59f-4e3b-9acb-d98636a81f75,20b673a8-62cb-4793-9b96-b48dc5b29e79,2020,2020-12-15,3.8,84,19,false
5bd8e2a1-e712-4166-8e71-b9e6092694ac,20b673a8-62cb-4793-9b96-b48dc5b29e79,2021,2021-12-15,4.2,72,53,false
bec3b846-bf8c-4e1a-8da9-ee210726b860,20b673a8-62cb-4793-9b96-b48dc5b29e79,2022,2022-12-15,2,88,59,false
e0b6d234-a02f-4f19-a7cb-b23d78251df2,20b673a8-62cb-4793-9b96-b48dc5b29e79,2023,2023-12-15,3.9,80,19,false
64d536cd-11da-46c9-abce-581e595a921d,20b673a8-62cb-4793-9b96-b48dc5b29e79,2024,2024-12-15,2.1,83,31,false
2f3fcf5b-5135-4c11-82e3-105c63cbc5ce,20b673a8-62cb-4793-9b96-b48dc5b29e79,2025,2025-12-15,3.4,62,18,false
049c20a6-dfa7-4f90-8bfa-44fdefae3e0f,20b673a8-62cb-4793-9b96-b48dc5b29e79,2026,2026-12-15,3.7,72,53,false
c6b5fc81-6906-4260-a5e6-72d9804acf7c,8523d52b-d022-48f4-a9d2-d94dd367fdb1,2017,2017-12-15,2.8,66,14,false
aa648760-5e03-4b29-972b-c2504b33f928,8523d52b-d022-48f4-a9d2-d94dd367fdb1,2018,2018-12-15,2.3,87,31,false
ebba7e43-725a-46b8-955d-bca5f0fe3dc7,8523d52b-d022-48f4-a9d2-d94dd367fdb1,2019,2019-12-15,4,66,42,false
aaa930b9-cab0-48e2-b619-43879d226bc3,8523d52b-d022-48f4-a9d2-d94dd367fdb1,2020,2020-12-15,3.4,83,33,false
9aa1532b-c498-4e28-87fb-b64ae94ebe8a,8523d52b-d022-48f4-a9d2-d94dd367fdb1,2021,2021-12-15,3.2,89,30,false
44e5fd64-6676-45a4-9732-b78a5faa2799,8523d52b-d022-48f4-a9d2-d94dd367fdb1,2022,2022-12-15,3.8,79,14,false
1cead615-19d3-47ac-9c7d-fb2f4586532a,8523d52b-d022-48f4-a9d2-d94dd367fdb1,2023,2023-12-15,4.1,96,50,false
d20a1590-9691-478e-be21-21764d09aa6b,8523d52b-d022-48f4-a9d2-d94dd367fdb1,2024,2024-12-15,3.4,69,22,false
37259663-1cf9-47e6-ae60-b1af16159fe3,8523d52b-d022-48f4-a9d2-d94dd367fdb1,2025,2025-12-15,2.4,74,22,false
8e065f65-f0fc-4517-b1ea-effbdf795911,8523d52b-d022-48f4-a9d2-d94dd367fdb1,2026,2026-12-15,2.9,92,25,false
d9c98050-21d8-47be-ba65-1dec76342647,455ae775-9e7b-4b24-ae66-2dfb2d1cdd1f,2016,2016-12-15,2.5,98,49,false
5742b245-6017-4c0c-a194-7df5759d3954,455ae775-9e7b-4b24-ae66-2dfb2d1cdd1f,2017,2017-12-15,4.4,94,34,false
d17eb88f-890c-4f05-9779-ae151917b7f9,455ae775-9e7b-4b24-ae66-2dfb2d1cdd1f,2018,2018-12-15,3.3,72,11,false
0a126623-eb0a-41db-b457-bcabb93d2f2e,455ae775-9e7b-4b24-ae66-2dfb2d1cdd1f,2019,2019-12-15,3.6,64,47,false
5d17dc5c-2d10-460e-b20b-1c06f01f3e46,455ae775-9e7b-4b24-ae66-2dfb2d1cdd1f,2020,2020-12-15,2.1,96,16,false
3ab132bd-c39f-4cfb-9cb7-d7646bec0cf4,455ae775-9e7b-4b24-ae66-2dfb2d1cdd1f,2021,2021-12-15,3.4,93,58,false
948cc442-4f84-40d4-9f09-af7a3c86da2a,455ae775-9e7b-4b24-ae66-2dfb2d1cdd1f,2022,2022-12-15,2,72,52,false
29851ba1-1d73-414d-96e5-83666b80741c,455ae775-9e7b-4b24-ae66-2dfb2d1cdd1f,2023,2023-12-15,3,67,29,false
ed34fdcb-a4b4-4c2e-91b3-e6d6c1f7ff67,455ae775-9e7b-4b24-ae66-2dfb2d1cdd1f,2024,2024-12-15,2.8,73,45,false
8316fb33-0811-4189-a729-6e7fde76288c,455ae775-9e7b-4b24-ae66-2dfb2d1cdd1f,2025,2025-12-15,4,71,21,false
f0e91dba-b8f2-491d-afec-c31b7c875d94,455ae775-9e7b-4b24-ae66-2dfb2d1cdd1f,2026,2026-12-15,2.1,95,57,false
c25c9ae2-8847-4f2b-9c0c-d4aa3b4d99a3,0086b043-7486-4a77-839f-aff65533d4d1,2021,2021-12-15,3.2,79,19,false
9261f6f2-bb2e-4e70-906b-ad48c1eaab14,0086b043-7486-4a77-839f-aff65533d4d1,2022,2022-12-15,2.1,99,46,false
12848f32-de59-45d6-bfd1-f92ebfa7febf,0086b043-7486-4a77-839f-aff65533d4d1,2023,2023-12-15,3.7,64,16,false
ec4cbb9f-72c3-4f5a-82e4-f915aa1b4ace,0086b043-7486-4a77-839f-aff65533d4d1,2024,2024-12-15,3.7,82,20,false
c0ba8ba8-3d77-4e3b-a88a-b4dfe3da7ee8,0086b043-7486-4a77-839f-aff65533d4d1,2025,2025-12-15,4.6,94,60,true
e03fecbe-d4b7-4207-8618-a62a9b6c8f1d,0086b043-7486-4a77-839f-aff65533d4d1,2026,2026-12-15,4.7,95,39,false
a38b5dd2-2ced-4ab3-9030-b6cfbe26fc3b,ae49cd00-348f-4f48-ae38-42e13b28a05c,2021,2021-12-15,4.1,91,23,false
3b52ea84-93a7-42f0-b306-f7ff49a2668e,ae49cd00-348f-4f48-ae38-42e13b28a05c,2022,2022-12-15,4.1,65,19,false
2131bdb4-cdca-4c10-93fb-d0501ba95e3b,ae49cd00-348f-4f48-ae38-42e13b28a05c,2023,2023-12-15,3.4,90,47,false
c0db7aac-7af2-40fc-8827-7b38cfe66bf7,ae49cd00-348f-4f48-ae38-42e13b28a05c,2024,2024-12-15,3.3,70,19,false
f243c87c-56fe-44f7-be8d-135d82ef4734,ae49cd00-348f-4f48-ae38-42e13b28a05c,2025,2025-12-15,4.4,78,43,false
c9ba5f48-67f8-4f84-8bae-806d70e4ee54,ae49cd00-348f-4f48-ae38-42e13b28a05c,2026,2026-12-15,2.3,94,48,false
fca57626-e1ba-4178-af3f-6df1899bce95,a760e49a-1820-405e-88d4-b0eb6be7e509,2026,2026-12-15,2.2,71,60,false
2a6dece7-8af3-4623-b5aa-794736fa0c64,67b63653-bd0c-4aa0-a12a-c2914bc489b5,2022,2022-12-15,3.5,65,46,false
5bcee34b-220d-4555-8fe3-98c209dd3cf7,67b63653-bd0c-4aa0-a12a-c2914bc489b5,2023,2023-12-15,2.9,87,23,false
6e61c6a3-219d-4667-be52-bd439b8e75ca,67b63653-bd0c-4aa0-a12a-c2914bc489b5,2024,2024-12-15,4,88,25,false
ef5cf225-3a5f-4088-b084-538b0e91dca7,67b63653-bd0c-4aa0-a12a-c2914bc489b5,2025,2025-12-15,2.2,86,13,false
24cbc27f-ea69-4cee-bdad-25192d4f9ea4,67b63653-bd0c-4aa0-a12a-c2914bc489b5,2026,2026-12-15,2.9,71,52,false
e74ca558-e26b-49c6-9b31-796265b217be,f1a7965c-2528-488d-9bc4-40d2b9b6bd60,2017,2017-12-15,4.8,77,23,true
4e1e935c-f2f7-4231-a2c7-9952f01491cc,f1a7965c-2528-488d-9bc4-40d2b9b6bd60,2018,2018-12-15,2.6,68,34,false
b36c9dbe-93fe-447e-886e-d2c5d5160f9f,f1a7965c-2528-488d-9bc4-40d2b9b6bd60,2019,2019-12-15,3.1,96,56,false
24c9a55b-a7b1-492e-b4b3-36007d2d93d2,f1a7965c-2528-488d-9bc4-40d2b9b6bd60,2020,2020-12-15,2.1,68,51,false
6092e77f-d404-46e1-aa6a-ffc2427ea385,f1a7965c-2528-488d-9bc4-40d2b9b6bd60,2021,2021-12-15,3.7,93,26,false
41cde2a0-a81e-4491-ae41-d9d0c1fc3f88,f1a7965c-2528-488d-9bc4-40d2b9b6bd60,2022,2022-12-15,4.7,86,48,false
b35b8064-7eae-427b-96bb-0708c113bf31,f1a7965c-2528-488d-9bc4-40d2b9b6bd60,2023,2023-12-15,3.1,60,31,false
f7fc147c-02a1-45a5-beec-436c72c399c5,f1a7965c-2528-488d-9bc4-40d2b9b6bd60,2024,2024-12-15,4.1,85,38,false
25f99ec6-4c87-4658-ba5c-135c70efbb9f,f1a7965c-2528-488d-9bc4-40d2b9b6bd60,2025,2025-12-15,3.1,64,34,false
08dc220c-a36c-4cdb-8e22-9b23f94bf0f1,f1a7965c-2528-488d-9bc4-40d2b9b6bd60,2026,2026-12-15,4.8,62,58,true
1f22b2b0-ac63-4d48-81f9-3434bf5841d9,0a2c58af-b5bb-42d1-af98-6019ce478350,2017,2017-12-15,2.1,71,12,false
55b34347-6690-4a72-81bf-cb1b514b3d0a,0a2c58af-b5bb-42d1-af98-6019ce478350,2018,2018-12-15,2.5,64,14,false
28c9e575-ca0f-44ae-8cfd-b9fb7534fc9b,0a2c58af-b5bb-42d1-af98-6019ce478350,2019,2019-12-15,2.4,65,54,false
e23179f9-5096-402a-b1af-a53feab99fd1,0a2c58af-b5bb-42d1-af98-6019ce478350,2020,2020-12-15,2,83,37,false
43e4a924-c4cb-474d-9cbc-400dc4e112fe,0a2c58af-b5bb-42d1-af98-6019ce478350,2021,2021-12-15,2.1,93,50,false
d7b0d02c-dc11-4d3d-b4b7-8e506ce0e375,0a2c58af-b5bb-42d1-af98-6019ce478350,2022,2022-12-15,2.3,74,39,false
5eee7909-ae5a-43bf-af42-721ba7c54601,0a2c58af-b5bb-42d1-af98-6019ce478350,2023,2023-12-15,3.9,86,43,false
2c1ee447-6f1f-4c27-99b4-4198cf5a0698,0a2c58af-b5bb-42d1-af98-6019ce478350,2024,2024-12-15,4.2,62,25,false
b71a9c9f-4038-4218-94c1-57504b9c9dd1,0a2c58af-b5bb-42d1-af98-6019ce478350,2025,2025-12-15,2.2,64,26,false
8a8465bd-bbc3-4ccd-9422-5fd732145986,0a2c58af-b5bb-42d1-af98-6019ce478350,2026,2026-12-15,4.1,82,21,false
8f6a8a92-ade0-4241-9895-3c8a7e252ac9,74527601-16a2-4ec7-9c0b-3f69decbebb1,2017,2017-12-15,3.2,100,43,false
56fbdb19-9ab3-4ce4-85b3-c0b58396cadb,74527601-16a2-4ec7-9c0b-3f69decbebb1,2018,2018-12-15,4,76,17,false
27b184ff-f6b2-4577-84fa-90ea6cb97236,74527601-16a2-4ec7-9c0b-3f69decbebb1,2019,2019-12-15,4.2,97,25,false
dddb8520-cfc7-4f31-ba11-c922a4b801bc,74527601-16a2-4ec7-9c0b-3f69decbebb1,2020,2020-12-15,5,78,28,true
b78fc24a-7b1a-469b-a8da-21bc45420b24,74527601-16a2-4ec7-9c0b-3f69decbebb1,2021,2021-12-15,2.9,89,33,false
e4650a8d-b216-49f3-80cb-bad3f8582e48,74527601-16a2-4ec7-9c0b-3f69decbebb1,2022,2022-12-15,3.7,78,11,false
f840ba71-9e41-4f41-bcb7-27de8a432f42,74527601-16a2-4ec7-9c0b-3f69decbebb1,2023,2023-12-15,3.9,90,55,false
6b890cfa-dd41-41c3-b0d2-5cf46b4df428,74527601-16a2-4ec7-9c0b-3f69decbebb1,2024,2024-12-15,4.8,62,53,true
6835a08d-db3d-4474-b1d2-91ebe296c25d,74527601-16a2-4ec7-9c0b-3f69decbebb1,2025,2025-12-15,3.7,78,19,false
f5e98fd7-00eb-4737-be73-711772a6912f,74527601-16a2-4ec7-9c0b-3f69decbebb1,2026,2026-12-15,3.5,72,49,false
070e7168-69fc-4fb2-83a2-cd54d4359bd0,d7a05f4a-9386-4ecc-8c46-ea5f270c19ac,2021,2021-12-15,3.6,89,23,false
b20239a7-8ff3-4d2b-81c8-1e2b86503c76,d7a05f4a-9386-4ecc-8c46-ea5f270c19ac,2022,2022-12-15,3.4,70,12,false
c822f81f-1f02-4a61-bcdc-8917d5632e82,d7a05f4a-9386-4ecc-8c46-ea5f270c19ac,2023,2023-12-15,2.1,70,55,false
12c82360-81c4-4707-ad31-416a16104f05,d7a05f4a-9386-4ecc-8c46-ea5f270c19ac,2024,2024-12-15,4.9,82,11,true
f12882a1-3e67-4652-a4e0-60ca932268ea,d7a05f4a-9386-4ecc-8c46-ea5f270c19ac,2025,2025-12-15,3.2,100,50,false
684fa455-6acd-4d80-baa0-874601cb43cd,d7a05f4a-9386-4ecc-8c46-ea5f270c19ac,2026,2026-12-15,2.2,65,53,false
12561af6-5611-4f38-8f1d-15cb8e81cfef,f6f60cd7-e56e-42dd-b6e2-2b94422ccbbe,2025,2025-12-15,2.2,100,53,false
9377daf1-3ff4-4dc0-820e-9a0041eae825,f6f60cd7-e56e-42dd-b6e2-2b94422ccbbe,2026,2026-12-15,2.2,80,24,false
cde6c93e-c31f-4940-9b24-3bbc6456a72a,989d3187-583b-4a07-8f87-4aafd3fa67d8,2024,2024-12-15,3.1,99,54,false
aa459814-08f4-41fa-8a8c-ad563063cf3a,989d3187-583b-4a07-8f87-4aafd3fa67d8,2025,2025-12-15,2.9,76,34,false
f6922c4d-880c-43d5-8447-0018efbb1cdc,989d3187-583b-4a07-8f87-4aafd3fa67d8,2026,2026-12-15,2.1,63,40,false
39f2c73f-afaf-4b28-9f4e-e8606f3686fc,16fe411b-c60b-4599-ad7d-01cf0581c502,2024,2024-12-15,3.5,89,60,false
e1f163d2-54c9-4f80-a0ff-5041c698940c,16fe411b-c60b-4599-ad7d-01cf0581c502,2025,2025-12-15,3.9,81,50,false
5cd655a7-5a1c-4da0-afd2-82c36e6995ed,16fe411b-c60b-4599-ad7d-01cf0581c502,2026,2026-12-15,2.6,64,49,false
f3afab2b-4ec7-4b1c-8657-e39fd87a074c,c84126f4-b92b-4dce-9f37-e247ee802cef,2024,2024-12-15,2.7,74,17,false
4cc51544-b3b9-41d1-8184-c75cf210a055,c84126f4-b92b-4dce-9f37-e247ee802cef,2025,2025-12-15,2.3,93,12,false
0ed7e30c-0d7c-4d9b-a22d-61cf24b15502,c84126f4-b92b-4dce-9f37-e247ee802cef,2026,2026-12-15,3.5,72,58,false
7658cef6-475f-4ae0-bf5b-8b51e02be8b9,4111dc2f-8f3b-4217-8874-d70d0db3faf6,2021,2021-12-15,3.4,90,14,false
f8c4a5fc-da6f-4249-abfc-c368f946046b,4111dc2f-8f3b-4217-8874-d70d0db3faf6,2022,2022-12-15,2.7,94,16,false
b6d8baf1-ce90-4ee1-823d-a59526f90756,4111dc2f-8f3b-4217-8874-d70d0db3faf6,2023,2023-12-15,3.9,72,11,false
d360e9cc-99ba-4be9-b6d2-3c541517f901,4111dc2f-8f3b-4217-8874-d70d0db3faf6,2024,2024-12-15,3,61,10,false
fefe63f4-b847-4ac3-bdd8-f100b90b7fc6,4111dc2f-8f3b-4217-8874-d70d0db3faf6,2025,2025-12-15,4.9,64,30,true
7d99b01c-eab1-42d6-ad08-0040dc1eef9a,4111dc2f-8f3b-4217-8874-d70d0db3faf6,2026,2026-12-15,3.6,60,51,false
3df2d6c2-f3f5-4a72-918a-f4a26f269fe0,7b56ef8a-f08a-4659-a439-a173cdf5fdd4,2025,2025-12-15,3.3,63,44,false
c5c4c8f0-2b40-457f-bc30-c8eed0542301,7b56ef8a-f08a-4659-a439-a173cdf5fdd4,2026,2026-12-15,2.7,85,44,false
815460a8-154e-42ba-95a5-08627a5ba8d2,99ed0793-c4fb-41b7-94e8-2bc0da423a98,2022,2022-12-15,4.1,77,10,false
f6acc166-5330-40b9-af08-f300c00b4221,99ed0793-c4fb-41b7-94e8-2bc0da423a98,2023,2023-12-15,3.1,92,58,false
c475ca90-119b-40c5-90d9-3cffb3fed618,99ed0793-c4fb-41b7-94e8-2bc0da423a98,2024,2024-12-15,2.5,75,50,false
740751dc-1e13-4ed1-98ca-8be4a7272040,99ed0793-c4fb-41b7-94e8-2bc0da423a98,2025,2025-12-15,3.7,91,25,false
20c36357-3abc-48fe-bc48-4598829da965,99ed0793-c4fb-41b7-94e8-2bc0da423a98,2026,2026-12-15,4.8,67,18,true
b9113954-4048-41c6-920c-837fdadf2d6c,6fffcd4b-9c81-4509-94f5-a715a7aaae2c,2019,2019-12-15,3,76,33,false
16d312a2-3a8d-45fb-a1b3-93b9f8f02d06,6fffcd4b-9c81-4509-94f5-a715a7aaae2c,2020,2020-12-15,3.8,88,31,false
69c210fb-6120-484e-97f4-57774eff79f0,6fffcd4b-9c81-4509-94f5-a715a7aaae2c,2021,2021-12-15,4.9,78,58,false
f92a862e-9577-47ae-a273-88a3b116514a,6fffcd4b-9c81-4509-94f5-a715a7aaae2c,2022,2022-12-15,3.1,62,13,false
9f2c896d-ada0-47fb-843d-ca8e49e81642,6fffcd4b-9c81-4509-94f5-a715a7aaae2c,2023,2023-12-15,3.4,87,10,false
fbb7bf7c-8359-41c0-84ec-a203a5ecea12,6fffcd4b-9c81-4509-94f5-a715a7aaae2c,2024,2024-12-15,2.7,65,22,false
5ec554f6-5c8c-4209-ad31-a9949aeb1c24,6fffcd4b-9c81-4509-94f5-a715a7aaae2c,2025,2025-12-15,2.2,63,35,false
4498c94b-8a27-46c4-9e4e-c66b31dbd240,6fffcd4b-9c81-4509-94f5-a715a7aaae2c,2026,2026-12-15,2.9,65,27,false
e4abbc65-a393-4d59-9436-40f59bdb544d,f32d3b9d-ebbd-49e0-af9a-28642265e386,2016,2016-12-15,2.4,95,60,false
5d375729-d5ab-4d10-aee3-724607a14068,f32d3b9d-ebbd-49e0-af9a-28642265e386,2017,2017-12-15,2,85,41,false
f1b1a199-cf61-4c11-89fc-702706db32b4,f32d3b9d-ebbd-49e0-af9a-28642265e386,2018,2018-12-15,4.1,88,24,false
cf580a5b-ad81-4988-b92d-b23b1c7da406,f32d3b9d-ebbd-49e0-af9a-28642265e386,2019,2019-12-15,4.6,91,56,false
22b401a3-eb8d-41d0-a9ca-59c3e6e2202f,f32d3b9d-ebbd-49e0-af9a-28642265e386,2020,2020-12-15,4.2,66,60,false
a000fd05-116a-4ba1-bf97-2c69f1e2a04e,f32d3b9d-ebbd-49e0-af9a-28642265e386,2021,2021-12-15,2.7,98,31,false
f0d0af09-34f9-4464-a9be-e294efe767ff,f32d3b9d-ebbd-49e0-af9a-28642265e386,2022,2022-12-15,2.8,75,32,false
0c9467c1-08b1-48e1-8551-95ce3dca7e7a,f32d3b9d-ebbd-49e0-af9a-28642265e386,2023,2023-12-15,3.9,100,27,false
0ebf120a-cc1e-4528-b30f-65c50eb39110,f32d3b9d-ebbd-49e0-af9a-28642265e386,2024,2024-12-15,3.6,89,24,false
1d6eddc2-f223-4c77-86c4-aa26a26648ea,f32d3b9d-ebbd-49e0-af9a-28642265e386,2025,2025-12-15,3.2,92,11,false
5d81cf33-6d23-43d3-8b93-8014bb8f168c,f32d3b9d-ebbd-49e0-af9a-28642265e386,2026,2026-12-15,3.4,65,44,false
81e269d3-a5c3-4aba-8a22-2430ea12acd7,564c915d-9c4f-456b-8210-d94c78e57a50,2024,2024-12-15,2.1,78,50,false
395909d1-1318-4187-8655-513d10a2e59d,564c915d-9c4f-456b-8210-d94c78e57a50,2025,2025-12-15,4.1,85,25,false
258b0966-c495-44f8-b367-192982a3d313,564c915d-9c4f-456b-8210-d94c78e57a50,2026,2026-12-15,2.3,89,31,false
25b03b2c-7a56-47b8-b9b1-d9d871c48ecf,33df6abd-f6e0-4939-834a-248860d5e33c,2025,2025-12-15,2.3,80,43,false
367c882c-e4e5-4d92-8d0e-539931bb3991,33df6abd-f6e0-4939-834a-248860d5e33c,2026,2026-12-15,4,72,60,false
409286b7-f387-44db-816e-5c178e0a384c,acc00b8e-00ef-429a-b690-a7841c0048f8,2022,2022-12-15,2.4,65,49,false
45e14456-be88-478c-ac0b-ff0783bd6712,acc00b8e-00ef-429a-b690-a7841c0048f8,2023,2023-12-15,4.6,95,37,true
a0969db0-6574-4013-b9bb-455c38328aa2,acc00b8e-00ef-429a-b690-a7841c0048f8,2024,2024-12-15,2.2,66,51,false
b8119074-4845-45b7-b207-d5b5fcb5a3db,acc00b8e-00ef-429a-b690-a7841c0048f8,2025,2025-12-15,3.6,97,13,false
84d1b448-a296-47d4-9ca6-fed507dec141,acc00b8e-00ef-429a-b690-a7841c0048f8,2026,2026-12-15,3.4,82,28,false
1b820dbf-4e78-4f9f-bf26-a1b7f7a1c6f6,c94713b8-bcf9-4298-a4d3-ddbd1f50d7c0,2023,2023-12-15,2.4,92,17,false
760355fd-a8e1-45de-8788-e463eb30978e,c94713b8-bcf9-4298-a4d3-ddbd1f50d7c0,2024,2024-12-15,4.2,83,45,false
1d322367-639c-4e42-ad06-20f71006a728,c94713b8-bcf9-4298-a4d3-ddbd1f50d7c0,2025,2025-12-15,4.2,90,40,false
3205297b-7e66-496d-b3be-6d7539ec3dc1,c94713b8-bcf9-4298-a4d3-ddbd1f50d7c0,2026,2026-12-15,2,73,59,false
bd764b63-633b-4c91-bb95-5c74665f0f7f,9f606140-d3f4-4ab0-babe-cbcf295b2981,2026,2026-12-15,4.2,84,15,false
3d18d614-f9f5-4ee2-92fd-8b4b56f03465,124e39ad-9169-4fac-8643-2c520a98c6ac,2023,2023-12-15,2.8,88,49,false
05566c91-06d4-405b-8506-5cf4b3c7b351,124e39ad-9169-4fac-8643-2c520a98c6ac,2024,2024-12-15,3.7,73,37,false
3a31a544-a728-44b9-a5b2-3f1f36eaf53e,124e39ad-9169-4fac-8643-2c520a98c6ac,2025,2025-12-15,2.9,79,21,false
955da2f9-ee92-4dd9-aa91-4059ac154bd3,124e39ad-9169-4fac-8643-2c520a98c6ac,2026,2026-12-15,3.9,66,30,false
c479e7a1-9c2e-4dff-9cb0-bdd348613164,ff2ed1b5-fb63-4c02-946f-72304dc3f4ac,2022,2022-12-15,4.3,62,15,false
6de71f30-cf11-4860-8713-94abe47b3b64,ff2ed1b5-fb63-4c02-946f-72304dc3f4ac,2023,2023-12-15,4.5,86,30,false
34eccb2b-a6f1-499b-9601-505323b6e83c,ff2ed1b5-fb63-4c02-946f-72304dc3f4ac,2024,2024-12-15,2.3,92,39,false
d78a1981-e4da-4673-9546-08b6fd5bd30f,ff2ed1b5-fb63-4c02-946f-72304dc3f4ac,2025,2025-12-15,3.3,97,19,false
bd626189-4deb-42ac-884c-acc463e47acb,ff2ed1b5-fb63-4c02-946f-72304dc3f4ac,2026,2026-12-15,4.2,78,12,false
ecb23f5b-0cb0-4a6d-83ea-bed3b5cb243b,c5145ed5-f22e-46af-bead-d42e67f5e21f,2026,2026-12-15,2.7,78,46,false
f6ecbba7-04a2-45e5-a06a-19e6ea243f57,2ba55fbe-3e42-4474-ba03-7226f4ec9aab,2026,2026-12-15,3.1,88,43,false
c39f71e1-59da-457b-bc7c-2c10f76d30b7,17a73295-b85f-43fb-8dfb-b95e77bb1d9c,2023,2023-12-15,4,60,21,false
22625a9c-8d06-48db-9f7a-62315da866bb,17a73295-b85f-43fb-8dfb-b95e77bb1d9c,2024,2024-12-15,3.2,98,23,false
330d8f57-9ad4-46dd-ac0f-297550774e42,17a73295-b85f-43fb-8dfb-b95e77bb1d9c,2025,2025-12-15,4.9,78,59,false
f5f6dedd-36ba-4192-b5b9-3bcf57478c5e,17a73295-b85f-43fb-8dfb-b95e77bb1d9c,2026,2026-12-15,2.8,89,29,false
df0725eb-d3e5-42f8-b91c-69995c8b3bac,ceeb97ff-8fb9-4e08-ac33-972bc482ad3c,2019,2019-12-15,4.5,94,45,true
c766d279-1905-41ad-8fd4-aa160fffcf51,ceeb97ff-8fb9-4e08-ac33-972bc482ad3c,2020,2020-12-15,2.3,76,26,false
d57013a6-8862-4df0-9ae7-29c4d1804a21,ceeb97ff-8fb9-4e08-ac33-972bc482ad3c,2021,2021-12-15,2.8,91,58,false
15419a34-ea42-4a10-afc3-e2c1070ccb4e,ceeb97ff-8fb9-4e08-ac33-972bc482ad3c,2022,2022-12-15,3.2,97,43,false
11285adc-9aa6-4f9b-b3a6-5f3c11f4cd37,ceeb97ff-8fb9-4e08-ac33-972bc482ad3c,2023,2023-12-15,4,93,55,false
ee47956e-54f1-4f83-bd4f-7fd058b8a947,ceeb97ff-8fb9-4e08-ac33-972bc482ad3c,2024,2024-12-15,4.9,79,42,false
b9bbcf05-93ac-4c15-a4c0-57b85856d752,ceeb97ff-8fb9-4e08-ac33-972bc482ad3c,2025,2025-12-15,2.4,84,33,false
f2376fe7-17a5-46da-a709-e54881af3720,ceeb97ff-8fb9-4e08-ac33-972bc482ad3c,2026,2026-12-15,3.6,64,35,false
f70e269b-8ce6-44f9-b086-0c43a579e5b2,ab5849b4-0e8d-4e65-8347-9c3e36df50ba,2022,2022-12-15,3.8,79,24,false
f5506467-5e15-4ebf-bf94-bbea8fbf5751,ab5849b4-0e8d-4e65-8347-9c3e36df50ba,2023,2023-12-15,4.8,72,51,true
204e050f-b953-4b80-bce0-f516ffb6abfd,ab5849b4-0e8d-4e65-8347-9c3e36df50ba,2024,2024-12-15,2.8,60,43,false
5f49156a-3da6-4f00-869a-de5191cb0fb4,ab5849b4-0e8d-4e65-8347-9c3e36df50ba,2025,2025-12-15,4.8,97,48,false
33361779-7ed4-4c85-a64a-6fa5cec86420,ab5849b4-0e8d-4e65-8347-9c3e36df50ba,2026,2026-12-15,4.1,85,31,false
56eefae3-4e50-4aa0-ab32-86a636c926e6,3be1f31f-ee34-4a88-b200-ffed51e94bd7,2023,2023-12-15,3.9,65,35,false
e01f6111-760c-4541-b275-28c8145beff9,3be1f31f-ee34-4a88-b200-ffed51e94bd7,2024,2024-12-15,3.1,73,22,false
239d95fe-6c4f-477f-a811-8b6a40a21f3e,3be1f31f-ee34-4a88-b200-ffed51e94bd7,2025,2025-12-15,2.3,73,17,false
63920ebe-5d1d-4d4d-bc3b-059847e33985,3be1f31f-ee34-4a88-b200-ffed51e94bd7,2026,2026-12-15,3.9,69,16,false
93a98ff3-acec-4424-9bdd-5246df3c5b7a,617beacf-d735-4b44-b409-d47c427871f0,2019,2019-12-15,4.5,93,54,false
b16360c0-3f05-4952-b024-f42ab649cb84,617beacf-d735-4b44-b409-d47c427871f0,2020,2020-12-15,2.1,79,27,false
0ac73816-618e-4001-9098-3af9bb60dc7c,617beacf-d735-4b44-b409-d47c427871f0,2021,2021-12-15,4.9,81,45,false
85efc75f-0be1-4140-9ed0-1e164e744bd6,617beacf-d735-4b44-b409-d47c427871f0,2022,2022-12-15,2.4,74,59,false
1f832a50-253c-4fcb-b1ae-c78066497b1e,617beacf-d735-4b44-b409-d47c427871f0,2023,2023-12-15,4.7,98,41,false
c70d08cb-7395-4baf-87ba-fefa59518cef,617beacf-d735-4b44-b409-d47c427871f0,2024,2024-12-15,4.9,74,53,false
500cf0d8-e9f5-4757-9938-c4c09ab18719,617beacf-d735-4b44-b409-d47c427871f0,2025,2025-12-15,4.6,75,15,false
558b77aa-3702-443a-887d-f1e1535af7be,617beacf-d735-4b44-b409-d47c427871f0,2026,2026-12-15,4,93,35,false
9dac77c0-8166-4678-afd2-deeefdef7c5d,ab505fba-0509-48f0-a4fb-579baaf8b5c6,2026,2026-12-15,3.6,74,30,false
b7af19cd-9a71-4d73-84c9-2362ee27294b,467dc8f7-bd08-4ff4-aca2-4610e7cac2ef,2025,2025-12-15,3.3,90,45,false
e2b0dbf5-3a6c-4a1b-bc7f-17470a25ea27,467dc8f7-bd08-4ff4-aca2-4610e7cac2ef,2026,2026-12-15,2.4,86,14,false
f7f1b956-77ea-48a2-8e51-76d7ef4db043,b40d27d3-4d44-4c2e-9275-bcb7b6461181,2018,2018-12-15,3.3,98,27,false
45bb7824-ad3f-4e9a-8814-c885bfef58db,b40d27d3-4d44-4c2e-9275-bcb7b6461181,2019,2019-12-15,2.8,80,25,false
7d32af08-9572-41a2-93b0-083beb7b857c,b40d27d3-4d44-4c2e-9275-bcb7b6461181,2020,2020-12-15,4.4,78,43,false
2435ce90-d7b8-4f4e-a178-6769f0e3a2ac,b40d27d3-4d44-4c2e-9275-bcb7b6461181,2021,2021-12-15,3.5,93,47,false
a7b6a51e-de47-4ef8-a67e-4d58c109a3f9,b40d27d3-4d44-4c2e-9275-bcb7b6461181,2022,2022-12-15,3.3,68,21,false
d5c3baa7-20b4-4afb-8be6-84f057efc5b5,b40d27d3-4d44-4c2e-9275-bcb7b6461181,2023,2023-12-15,3,82,52,false
77c5fafa-6cb2-469d-8d6e-ea4ad4699ddf,b40d27d3-4d44-4c2e-9275-bcb7b6461181,2024,2024-12-15,4.1,98,25,false
03ed3890-3b89-4b20-992f-7ebfd3cd2b47,b40d27d3-4d44-4c2e-9275-bcb7b6461181,2025,2025-12-15,4.4,63,47,false
a8b8e75f-451f-43e8-ab00-a60e2bcfaf7f,b40d27d3-4d44-4c2e-9275-bcb7b6461181,2026,2026-12-15,4.8,61,21,false
41c03ba2-d489-43e3-a70c-18626fb3fa53,9fa9842e-3763-45e3-ba88-c5aaf749a571,2016,2016-12-15,4.5,79,47,false
edab4715-891e-48f8-8ba5-3dfdcd022939,9fa9842e-3763-45e3-ba88-c5aaf749a571,2017,2017-12-15,2.5,97,16,false
34c494a1-30c3-4159-9fe5-08685e44ef85,9fa9842e-3763-45e3-ba88-c5aaf749a571,2018,2018-12-15,3.7,82,23,false
67286dba-65c9-4dbc-b3c4-f0fdbce46065,9fa9842e-3763-45e3-ba88-c5aaf749a571,2019,2019-12-15,2.3,94,18,false
849b7945-0ccf-43e8-9b80-5468d5be57ec,9fa9842e-3763-45e3-ba88-c5aaf749a571,2020,2020-12-15,3.1,86,22,false
3febabe9-b9e3-4a6d-8a86-bdc5ed71bf7f,9fa9842e-3763-45e3-ba88-c5aaf749a571,2021,2021-12-15,3.1,74,54,false
e4eeaed4-ef75-415d-a6ee-144905d69863,9fa9842e-3763-45e3-ba88-c5aaf749a571,2022,2022-12-15,3.2,74,21,false
7c7a5cd6-a77a-4ef9-afe2-63206b2df1e0,9fa9842e-3763-45e3-ba88-c5aaf749a571,2023,2023-12-15,3.5,62,60,false
f2292ebb-b222-4f61-8fd8-f5ac4b0acc6f,9fa9842e-3763-45e3-ba88-c5aaf749a571,2024,2024-12-15,3.4,60,58,false
7ffbe9c2-526b-4c2e-bf92-a6c567c88734,9fa9842e-3763-45e3-ba88-c5aaf749a571,2025,2025-12-15,2.5,61,23,false
ed71a0f0-f164-4389-9eb5-820fc7bb901a,9fa9842e-3763-45e3-ba88-c5aaf749a571,2026,2026-12-15,4.8,97,33,true
58b8e15c-cdc9-4c80-96d7-86476cf42b45,b1372615-d519-49ae-b1bb-0a0185abd102,2022,2022-12-15,3.4,97,36,false
b369b7dc-0f01-4b7e-9c41-f2bb6685e39a,b1372615-d519-49ae-b1bb-0a0185abd102,2023,2023-12-15,2.3,66,20,false
be199464-1521-432c-b723-b62ddae7b740,b1372615-d519-49ae-b1bb-0a0185abd102,2024,2024-12-15,3,88,32,false
8574e674-2975-413e-afaf-c30d7b8cda09,b1372615-d519-49ae-b1bb-0a0185abd102,2025,2025-12-15,4.7,81,22,false
29e7d6f1-f074-4f71-a4aa-85336c5a7b58,b1372615-d519-49ae-b1bb-0a0185abd102,2026,2026-12-15,3.8,62,32,false
a381c6e5-7672-4c63-9b8b-6a515dbaf040,71bebd95-708e-4367-a0ef-ea1de91e7660,2023,2023-12-15,4.3,80,37,false
6dea50ba-2c36-4513-86dc-072021c4619d,71bebd95-708e-4367-a0ef-ea1de91e7660,2024,2024-12-15,3.7,63,11,false
d154c53e-bb25-4a7a-adf2-f3c63b335e46,71bebd95-708e-4367-a0ef-ea1de91e7660,2025,2025-12-15,2.7,66,36,false
6bb1f403-3689-48e2-826b-8246fb7bc868,71bebd95-708e-4367-a0ef-ea1de91e7660,2026,2026-12-15,4.2,81,19,false
cf8cdf95-a350-477d-b5f6-a57b80b48c51,43910de2-4787-43e4-8c3c-09616063e2e6,2020,2020-12-15,2.1,89,54,false
08adda9a-54e6-43e2-88b5-091b380eb52a,43910de2-4787-43e4-8c3c-09616063e2e6,2021,2021-12-15,5,94,21,true
6847c446-851d-4841-8cb4-8cd22d372247,43910de2-4787-43e4-8c3c-09616063e2e6,2022,2022-12-15,5,71,10,false
9e04648c-7880-4469-b88f-b73334c6f75e,43910de2-4787-43e4-8c3c-09616063e2e6,2023,2023-12-15,2.7,99,49,false
0711c91d-88ca-4ec2-8c5a-c057c1856dbd,43910de2-4787-43e4-8c3c-09616063e2e6,2024,2024-12-15,4.7,91,48,false
8cb6285d-2ec0-4711-93ff-9d8914831f1a,43910de2-4787-43e4-8c3c-09616063e2e6,2025,2025-12-15,3.4,69,48,false
b0ee463a-9e65-4268-bc83-face37e7558e,43910de2-4787-43e4-8c3c-09616063e2e6,2026,2026-12-15,4.4,80,54,false
a0296b31-b6ce-4653-9c27-c202dd546a3f,0f82a7ba-6afa-4cb5-bc42-84d048503eff,2025,2025-12-15,2.1,83,30,false
5e552120-6197-4d01-8c89-0ab06b711623,0f82a7ba-6afa-4cb5-bc42-84d048503eff,2026,2026-12-15,3.3,73,36,false
3816fb6b-e16d-40f1-b655-1ae077b05e9c,cbc9ac71-3e42-4858-a303-9632e1d8ff42,2018,2018-12-15,3.7,71,40,false
2db219ad-4755-4347-b327-ceb421bb0902,cbc9ac71-3e42-4858-a303-9632e1d8ff42,2019,2019-12-15,3.6,93,20,false
635c2617-4a8a-49ff-b52a-336de2f5305f,cbc9ac71-3e42-4858-a303-9632e1d8ff42,2020,2020-12-15,4.3,71,44,false
b6f8e947-6607-4375-ba10-43e0e5894e90,cbc9ac71-3e42-4858-a303-9632e1d8ff42,2021,2021-12-15,4.5,93,49,true
733f1430-5dea-41fe-a628-0f0e84d67ecb,cbc9ac71-3e42-4858-a303-9632e1d8ff42,2022,2022-12-15,3.5,89,46,false
78a01473-1774-4f1d-8bbd-9f076792262a,cbc9ac71-3e42-4858-a303-9632e1d8ff42,2023,2023-12-15,3,78,38,false
25a1a3c4-5e89-4053-bcc9-4c99973981dd,cbc9ac71-3e42-4858-a303-9632e1d8ff42,2024,2024-12-15,4.6,82,33,false
5bd6050e-8834-4a28-903c-c1309c85259e,cbc9ac71-3e42-4858-a303-9632e1d8ff42,2025,2025-12-15,4.1,81,49,false
6d7733a5-53fc-4162-8836-9684c8b4a852,cbc9ac71-3e42-4858-a303-9632e1d8ff42,2026,2026-12-15,2.3,86,56,false
8215e0a6-7990-4a0e-8351-caaaad38aa70,332ae845-3bae-44f2-9c49-a01b98e089cc,2018,2018-12-15,2.8,65,18,false
16622cb2-2fde-4343-bf95-1bb9a2f9db2c,332ae845-3bae-44f2-9c49-a01b98e089cc,2019,2019-12-15,2.2,75,14,false
9d8fb055-bc0e-4127-9f46-2dccb0d5b56d,332ae845-3bae-44f2-9c49-a01b98e089cc,2020,2020-12-15,4.7,96,22,false
bf5ade3f-e5e4-491f-9936-90fd83587e5c,332ae845-3bae-44f2-9c49-a01b98e089cc,2021,2021-12-15,2.9,97,56,false
3b1f2e6f-e75b-4ce7-a452-2873188a2777,332ae845-3bae-44f2-9c49-a01b98e089cc,2022,2022-12-15,3,60,18,false
ac4f90b3-1fbd-421d-b7d9-93d967e99002,332ae845-3bae-44f2-9c49-a01b98e089cc,2023,2023-12-15,4.7,62,28,false
32b43741-ec9a-4309-b8ed-72d6fe10e282,332ae845-3bae-44f2-9c49-a01b98e089cc,2024,2024-12-15,3.8,61,18,false
8474105c-79a3-4938-a697-e92638f654fe,332ae845-3bae-44f2-9c49-a01b98e089cc,2025,2025-12-15,3.2,77,50,false
ce48d963-cc71-460c-8122-320b0d5eb7b6,332ae845-3bae-44f2-9c49-a01b98e089cc,2026,2026-12-15,3,73,39,false
0b413d89-ead0-4cc6-9864-3c1e414ac17e,7253da67-f930-4248-8377-6fd95edfca74,2024,2024-12-15,2.6,66,31,false
1b501dba-a7c0-49b7-8e90-db1b9866629a,7253da67-f930-4248-8377-6fd95edfca74,2025,2025-12-15,2.1,88,14,false
05c4f690-90a9-4b4c-ac98-9526c65a0f69,7253da67-f930-4248-8377-6fd95edfca74,2026,2026-12-15,4.9,88,57,true
b5d27416-b476-424e-9c08-1b5998e8f2eb,5dd3c9af-5867-47b9-9779-dbf507e96c5e,2022,2022-12-15,2.2,86,12,false
f532aba5-0df7-4ec3-8bc5-def5a76063ac,5dd3c9af-5867-47b9-9779-dbf507e96c5e,2023,2023-12-15,2.7,93,15,false
883e5d2f-496f-4104-99f9-f7a8e1218cd9,5dd3c9af-5867-47b9-9779-dbf507e96c5e,2024,2024-12-15,2.6,84,37,false
62acee6a-60ed-4a45-8d7c-d29c22a4414d,5dd3c9af-5867-47b9-9779-dbf507e96c5e,2025,2025-12-15,2.2,98,27,false
b8665d08-ebf3-42fc-81ac-115fe73f37ed,5dd3c9af-5867-47b9-9779-dbf507e96c5e,2026,2026-12-15,2.8,73,33,false
347c21d6-7fb3-48a9-9273-9a3285dba69c,244509c6-34fe-41fc-8239-0996ce9b3eeb,2018,2018-12-15,3.5,79,40,false
0c1da05f-ffed-409a-859d-77754250e921,244509c6-34fe-41fc-8239-0996ce9b3eeb,2019,2019-12-15,2.5,74,34,false
69bc1c0a-1f8c-4b14-94ef-142e3a8f1d0e,244509c6-34fe-41fc-8239-0996ce9b3eeb,2020,2020-12-15,2.7,90,48,false
58ad35d9-4191-4175-83ec-964b980c8bbb,244509c6-34fe-41fc-8239-0996ce9b3eeb,2021,2021-12-15,4.9,74,18,false
6e998cd2-6058-4bec-9ecf-2e62e6e2a002,244509c6-34fe-41fc-8239-0996ce9b3eeb,2022,2022-12-15,2.4,72,21,false
59dc673e-994d-4b81-9c6c-c941dcb7e2e3,244509c6-34fe-41fc-8239-0996ce9b3eeb,2023,2023-12-15,2.5,98,11,false
76d8fc2a-3545-48a1-a4cf-f561cb30d56d,244509c6-34fe-41fc-8239-0996ce9b3eeb,2024,2024-12-15,2.7,71,16,false
cd8f5cb7-6965-46a4-8c67-c0221f0f064a,244509c6-34fe-41fc-8239-0996ce9b3eeb,2025,2025-12-15,3.7,88,58,false
8ec186ec-468f-499d-bb73-c8df7d68ec7a,244509c6-34fe-41fc-8239-0996ce9b3eeb,2026,2026-12-15,4.7,74,28,true
494f9a4a-eac5-4d0f-8621-aa90cca759c9,fe885786-facc-4516-bf12-78120b562e3b,2026,2026-12-15,2.3,89,18,false
088c60d6-2883-4b60-845d-b4407000d134,6169f9da-d029-4076-a45e-625ac6abc1fa,2020,2020-12-15,4,77,46,false
6c3ea987-c006-45ab-98c2-e3e8ae0bb923,6169f9da-d029-4076-a45e-625ac6abc1fa,2021,2021-12-15,2.3,74,33,false
03bd20a2-b94a-47fe-aef0-daed92eb63e7,6169f9da-d029-4076-a45e-625ac6abc1fa,2022,2022-12-15,3.9,70,34,false
b214141b-82c2-49da-867a-fb665ff1a903,6169f9da-d029-4076-a45e-625ac6abc1fa,2023,2023-12-15,3.7,67,41,false
552af617-044d-4a2a-82c5-e7e223eeabdd,6169f9da-d029-4076-a45e-625ac6abc1fa,2024,2024-12-15,3.6,92,19,false
dfd1dce3-7d67-4a49-8018-a853aa8677e0,6169f9da-d029-4076-a45e-625ac6abc1fa,2025,2025-12-15,4.2,72,34,false
241da0a2-890c-4cbf-ba50-9987574bf1b7,6169f9da-d029-4076-a45e-625ac6abc1fa,2026,2026-12-15,3.6,72,17,false
41ad1a5e-2fe3-4656-a6c6-82be9da73193,283ff50f-936d-49d2-ae39-9d3d5598ea91,2025,2025-12-15,3.4,77,45,false
37f7b0ec-c0ac-4558-bfec-8a38571175cf,283ff50f-936d-49d2-ae39-9d3d5598ea91,2026,2026-12-15,3.8,72,56,false
258861e5-5ab8-4f69-92dd-6d3938ec8164,a3089efd-225c-40d8-ad70-651ebf2c7650,2018,2018-12-15,4.1,64,45,false
b93d8234-329f-42cd-9150-e452d8955216,a3089efd-225c-40d8-ad70-651ebf2c7650,2019,2019-12-15,4.5,97,33,false
37f8f189-94ef-421b-8b97-ae5a9cdc9a5a,a3089efd-225c-40d8-ad70-651ebf2c7650,2020,2020-12-15,4.7,66,23,true
dec43234-1758-4531-ba84-d82f4c9d2f50,a3089efd-225c-40d8-ad70-651ebf2c7650,2021,2021-12-15,4.8,82,17,false
2a3c5be4-556b-4e80-bf32-1c900e3fbf40,a3089efd-225c-40d8-ad70-651ebf2c7650,2022,2022-12-15,4.2,74,49,false
84229f17-b0af-4090-b2cd-a16b1278f78c,a3089efd-225c-40d8-ad70-651ebf2c7650,2023,2023-12-15,3.5,90,54,false
6a6615f5-f147-4245-be54-2b8b51aaf109,a3089efd-225c-40d8-ad70-651ebf2c7650,2024,2024-12-15,2.6,81,46,false
17f82651-410b-4205-be58-c9f8b133c1fe,a3089efd-225c-40d8-ad70-651ebf2c7650,2025,2025-12-15,3.4,72,38,false
d57fb672-23d4-40e3-8da7-d7f707165a51,a3089efd-225c-40d8-ad70-651ebf2c7650,2026,2026-12-15,2.6,100,56,false
e7d8c9b9-45ee-41c5-a45c-c7b27dfb8656,b819c374-b371-4b58-a145-7fc885363ea4,2021,2021-12-15,3.7,97,47,false
eac66c1b-3436-41c5-b402-96682adfce13,b819c374-b371-4b58-a145-7fc885363ea4,2022,2022-12-15,3.3,93,26,false
1a2a8f1d-6bc0-4a0e-856c-204cb20f4def,b819c374-b371-4b58-a145-7fc885363ea4,2023,2023-12-15,4.8,80,54,true
3c37c915-64e5-4574-9e8c-5d88aee59cd7,b819c374-b371-4b58-a145-7fc885363ea4,2024,2024-12-15,3.1,61,51,false
a95011ea-1c32-4ff9-943e-4ac2e14640c0,b819c374-b371-4b58-a145-7fc885363ea4,2025,2025-12-15,4.6,85,55,true
a7e9dbfa-8048-4605-9202-41d268f0ae78,b819c374-b371-4b58-a145-7fc885363ea4,2026,2026-12-15,3.1,88,24,false
2babc0c6-1187-4cbc-8239-c37545e4f775,601813f7-568a-4356-b4e0-c49714d7f7c3,2019,2019-12-15,4.5,74,46,false
8e5dd963-ea9b-434c-94b0-8b84833b78ff,601813f7-568a-4356-b4e0-c49714d7f7c3,2020,2020-12-15,4.1,71,58,false
ce575842-cb30-4409-9497-ad19a97992c9,601813f7-568a-4356-b4e0-c49714d7f7c3,2021,2021-12-15,3.7,87,34,false
99ef0db9-aafa-4228-83b3-0cbc549fd339,601813f7-568a-4356-b4e0-c49714d7f7c3,2022,2022-12-15,3.5,79,22,false
95b4df6f-2c9c-47e3-addb-569d8b8348bd,601813f7-568a-4356-b4e0-c49714d7f7c3,2023,2023-12-15,3.6,73,54,false
fe7a40c8-5dbf-4349-8968-a7c8ec72afeb,601813f7-568a-4356-b4e0-c49714d7f7c3,2024,2024-12-15,3.2,93,41,false
3a32d52b-9d5b-4107-983a-2c4b13776950,601813f7-568a-4356-b4e0-c49714d7f7c3,2025,2025-12-15,4.5,79,11,true
f1464567-9310-4ec4-88fe-b0c44f1934b9,601813f7-568a-4356-b4e0-c49714d7f7c3,2026,2026-12-15,3.7,90,14,false
c8ff29e8-e4bc-4b24-8521-9725d3cbe608,1d578ef4-828f-4921-afba-d3d1a70a006e,2023,2023-12-15,3.9,94,16,false
ade895a0-2114-477f-ba4f-84b47f34209b,1d578ef4-828f-4921-afba-d3d1a70a006e,2024,2024-12-15,2.7,95,14,false
b66a74e7-b077-4a7d-adf5-045efcfb2a85,1d578ef4-828f-4921-afba-d3d1a70a006e,2025,2025-12-15,3.1,65,13,false
039cc8cd-d749-40a8-8f82-09848b53c123,1d578ef4-828f-4921-afba-d3d1a70a006e,2026,2026-12-15,3.8,80,35,false
bea50e2b-4a2a-4eeb-8c02-2cda532d543b,824f6135-9c86-4cbf-9e45-7230b6360334,2020,2020-12-15,4.1,74,26,false
1add3fd9-4f07-4f97-ba37-9f1c02779253,824f6135-9c86-4cbf-9e45-7230b6360334,2021,2021-12-15,3.3,68,43,false
6e649e2b-803e-4a71-9136-15a4f70cb37a,824f6135-9c86-4cbf-9e45-7230b6360334,2022,2022-12-15,2.5,98,12,false
66b9a234-7311-4498-890c-0c734fbd4c7b,824f6135-9c86-4cbf-9e45-7230b6360334,2023,2023-12-15,3.7,97,37,false
2d01d5db-05ce-44df-a6d2-7487210727c3,824f6135-9c86-4cbf-9e45-7230b6360334,2024,2024-12-15,3.6,71,29,false
1b76720f-516c-4b9e-9658-e850faf3974e,824f6135-9c86-4cbf-9e45-7230b6360334,2025,2025-12-15,3,62,44,false
5e0b9a43-32ee-4d62-8941-c458823532c6,824f6135-9c86-4cbf-9e45-7230b6360334,2026,2026-12-15,3.9,88,20,false
93e0445d-ad38-4677-b57c-79e68a020fc4,71106971-d71a-4988-b274-1c14c25ec4c6,2017,2017-12-15,4,91,15,false
e8262137-c574-4aac-950f-aa6bba65ffbb,71106971-d71a-4988-b274-1c14c25ec4c6,2018,2018-12-15,2.2,62,51,false
14ab9f5f-0f3d-463e-bf7a-e444821c67b2,71106971-d71a-4988-b274-1c14c25ec4c6,2019,2019-12-15,4.7,82,42,false
56766492-7dc0-4a85-b791-2223501ee027,71106971-d71a-4988-b274-1c14c25ec4c6,2020,2020-12-15,3.3,86,58,false
74b46e9b-246e-4b90-b329-b37d9854926a,71106971-d71a-4988-b274-1c14c25ec4c6,2021,2021-12-15,2.9,70,49,false
d995d12d-c832-4dc0-a538-433790d722f2,71106971-d71a-4988-b274-1c14c25ec4c6,2022,2022-12-15,3.3,68,17,false
dc0d5f4c-9976-43bb-868b-01eddad2c6c7,71106971-d71a-4988-b274-1c14c25ec4c6,2023,2023-12-15,3.2,70,49,false
d45eca4f-ea16-4c65-967c-0323e1d8144d,71106971-d71a-4988-b274-1c14c25ec4c6,2024,2024-12-15,3.4,91,34,false
dc3ff1aa-292c-4b76-a3d7-87ef3b9b5b14,71106971-d71a-4988-b274-1c14c25ec4c6,2025,2025-12-15,4.5,61,60,true
378d81d8-66b5-4b13-8f99-07ed70b3ce3b,71106971-d71a-4988-b274-1c14c25ec4c6,2026,2026-12-15,4.1,92,14,false
c499be68-0729-443b-a532-937e7e6494c7,13d6c10c-ad3d-46f7-a009-d463f8004325,2024,2024-12-15,3.1,66,19,false
3b5715e0-2230-46bb-ab3c-165f8e8b3c99,13d6c10c-ad3d-46f7-a009-d463f8004325,2025,2025-12-15,4,93,54,false
dd79436b-c9d1-4bdc-b79c-e911853cdc18,13d6c10c-ad3d-46f7-a009-d463f8004325,2026,2026-12-15,2.1,84,35,false
a91d3c85-0071-4797-9767-b5f8e14dc954,c3fde0b4-699e-4297-9026-f45898e3968a,2025,2025-12-15,4.3,63,20,false
8c96975f-de61-454a-8828-1aad8d9e716f,c3fde0b4-699e-4297-9026-f45898e3968a,2026,2026-12-15,4.3,73,39,false
b65947c7-0928-4c90-8d11-9ac24dfb9563,9c90f22b-7a86-4224-99fd-fc0008412e5e,2021,2021-12-15,3.3,87,26,false
8823cd07-e9c5-48bc-a143-3d48208d582f,9c90f22b-7a86-4224-99fd-fc0008412e5e,2022,2022-12-15,3.4,89,51,false
488256ca-039d-4066-bb1d-a3352122d4ae,9c90f22b-7a86-4224-99fd-fc0008412e5e,2023,2023-12-15,3.1,75,36,false
ab55f51a-fcb3-4791-b68d-74c2cbfe7d4b,9c90f22b-7a86-4224-99fd-fc0008412e5e,2024,2024-12-15,2.3,67,24,false
d842933d-48d6-4fdd-977a-7e11653c2440,9c90f22b-7a86-4224-99fd-fc0008412e5e,2025,2025-12-15,2.3,61,19,false
b764e866-5f29-4ecc-87b4-3ce18a7700ed,9c90f22b-7a86-4224-99fd-fc0008412e5e,2026,2026-12-15,3.2,95,21,false
549c6578-3e59-4025-9aa1-0a5213e73056,b180f32f-9821-424d-bf7c-d47ab46f8e02,2026,2026-12-15,2.7,100,15,false
d06a97af-5c82-48ae-8bb0-6db0059037b3,7a7bd2eb-cdf6-4377-a394-440af0772782,2023,2023-12-15,4.1,87,38,false
dca29e73-8433-4b37-8cdd-406dee9dd41e,7a7bd2eb-cdf6-4377-a394-440af0772782,2024,2024-12-15,2.1,93,58,false
72865ed6-aae2-4c4c-8e20-6ba78f5490cb,7a7bd2eb-cdf6-4377-a394-440af0772782,2025,2025-12-15,4.9,76,42,false
8e6ec257-4dd7-4b65-83bc-52d3c6658404,7a7bd2eb-cdf6-4377-a394-440af0772782,2026,2026-12-15,3.5,77,27,false
2c368a47-eac1-4be3-bd56-d3a1bd0b60e4,314206cb-4f2e-46f8-a8bb-d85f5e2153b3,2022,2022-12-15,2.9,98,29,false
b163fa7d-b0de-4489-b0b5-b977bdf6cf1c,314206cb-4f2e-46f8-a8bb-d85f5e2153b3,2023,2023-12-15,4.6,95,28,false
91eefbc8-fba9-4462-852c-9272eb8c510e,314206cb-4f2e-46f8-a8bb-d85f5e2153b3,2024,2024-12-15,3.6,78,50,false
7d723faa-0322-45c4-9e86-05b2d00bf9a1,314206cb-4f2e-46f8-a8bb-d85f5e2153b3,2025,2025-12-15,4.6,83,45,false
4fdba2eb-1799-4d30-992e-4e995653cc3e,314206cb-4f2e-46f8-a8bb-d85f5e2153b3,2026,2026-12-15,3.8,82,20,false
77ffba1e-9ba9-47b3-b0fd-1a67cd33f4e3,c80dd545-8c48-4d8a-af92-dd5da6cdebad,2018,2018-12-15,4.1,63,53,false
2fd3c77b-7ee4-460e-a447-48b000c126f3,c80dd545-8c48-4d8a-af92-dd5da6cdebad,2019,2019-12-15,3,65,51,false
d1c1beb6-f26d-480f-b5c3-850f8d6ff839,c80dd545-8c48-4d8a-af92-dd5da6cdebad,2020,2020-12-15,2.7,78,11,false
f6414601-ac07-4d0c-959c-7933d5136d9e,c80dd545-8c48-4d8a-af92-dd5da6cdebad,2021,2021-12-15,4.3,93,59,false
a1396da1-b225-43c0-b323-3499e7b9e4fd,c80dd545-8c48-4d8a-af92-dd5da6cdebad,2022,2022-12-15,2.9,86,52,false
00d456ad-1ccd-4cdb-a2db-c6842ede1172,c80dd545-8c48-4d8a-af92-dd5da6cdebad,2023,2023-12-15,3.2,68,44,false
7759e4f2-30df-4ead-babf-377160e71a39,c80dd545-8c48-4d8a-af92-dd5da6cdebad,2024,2024-12-15,2.1,79,41,false
38a40852-211c-4cfc-986f-8dadc50afeb4,c80dd545-8c48-4d8a-af92-dd5da6cdebad,2025,2025-12-15,2.8,67,42,false
f4679156-beba-4cf8-8dfc-3649cf16387f,c80dd545-8c48-4d8a-af92-dd5da6cdebad,2026,2026-12-15,2.7,86,28,false
845262ef-fb3c-47ce-872e-e3fc5d0bdca8,74e992dc-6731-4397-b84d-cc9906015ded,2017,2017-12-15,3.7,80,11,false
337a9136-f543-4cc5-998f-5702429ac9c5,74e992dc-6731-4397-b84d-cc9906015ded,2018,2018-12-15,4.9,78,46,true
57bae82f-89ac-44c6-b8bb-cc335f27b884,74e992dc-6731-4397-b84d-cc9906015ded,2019,2019-12-15,4.1,60,55,false
7c1709f7-b353-427f-a6a4-d23b22d91249,74e992dc-6731-4397-b84d-cc9906015ded,2020,2020-12-15,3.9,82,45,false
f0f7ca5b-dffa-45cb-8f9e-f21f549884dd,74e992dc-6731-4397-b84d-cc9906015ded,2021,2021-12-15,3.2,89,41,false
58a0f44c-af83-49b6-b061-86d09fae3856,74e992dc-6731-4397-b84d-cc9906015ded,2022,2022-12-15,2.1,62,14,false
4b75c424-0fbc-4fb8-82aa-6c500dcc3f6f,74e992dc-6731-4397-b84d-cc9906015ded,2023,2023-12-15,4,71,54,false
6baaf05b-4276-4099-890a-5574da076bd6,74e992dc-6731-4397-b84d-cc9906015ded,2024,2024-12-15,4.9,78,11,false
0ead7a54-5481-42a3-b21a-1f6db4b53e3d,74e992dc-6731-4397-b84d-cc9906015ded,2025,2025-12-15,2.6,60,22,false
e45100e2-c808-471e-afb2-13748803e880,74e992dc-6731-4397-b84d-cc9906015ded,2026,2026-12-15,2.6,63,40,false
bc8aeb8a-f403-45f7-b9f7-57604ce36f2c,02f653f2-b560-4688-81aa-1de65444692e,2016,2016-12-15,2.4,62,45,false
fc20d9e2-dacf-4013-863e-830b9afdd755,02f653f2-b560-4688-81aa-1de65444692e,2017,2017-12-15,3.1,100,18,false
b3206281-72ad-4363-a784-019ad0b935dc,02f653f2-b560-4688-81aa-1de65444692e,2018,2018-12-15,4.4,80,29,false
0106699c-5e70-4965-adeb-dde81bbed8a8,02f653f2-b560-4688-81aa-1de65444692e,2019,2019-12-15,4.1,97,16,false
b413ffaa-3e10-48d2-8cca-43f62e0c2762,02f653f2-b560-4688-81aa-1de65444692e,2020,2020-12-15,2.4,91,53,false
0c7ed47d-479c-4a58-be15-307bfcef2f1b,02f653f2-b560-4688-81aa-1de65444692e,2021,2021-12-15,4.2,67,50,false
02f40355-6d34-47ea-ae6c-a3d8ebede741,02f653f2-b560-4688-81aa-1de65444692e,2022,2022-12-15,3.6,99,23,false
1796e9ed-c264-46ef-be37-4b385de7d79b,02f653f2-b560-4688-81aa-1de65444692e,2023,2023-12-15,3.1,65,38,false
7bb2c4a6-5943-4894-afe4-c7176db94aaf,02f653f2-b560-4688-81aa-1de65444692e,2024,2024-12-15,2.3,86,27,false
cb1c9a52-c6b8-467d-956d-962d49c2fe8f,02f653f2-b560-4688-81aa-1de65444692e,2025,2025-12-15,3.1,88,14,false
06d0a0b0-4783-46c6-b332-ed7e606c752a,02f653f2-b560-4688-81aa-1de65444692e,2026,2026-12-15,2.3,65,15,false
f87014a8-cb11-4e45-b695-341ff421e4bf,c9950151-ce32-449c-8063-a404ec0a5cb6,2018,2018-12-15,4.2,79,29,false
dfee445d-196c-4cc0-9191-22cb43b824cf,c9950151-ce32-449c-8063-a404ec0a5cb6,2019,2019-12-15,2.9,73,36,false
ca708a45-553c-4065-9b5d-50191cd086ab,c9950151-ce32-449c-8063-a404ec0a5cb6,2020,2020-12-15,2.8,90,18,false
92c76e18-fcb6-4920-9ba8-50292e0fcfd7,c9950151-ce32-449c-8063-a404ec0a5cb6,2021,2021-12-15,3.1,69,27,false
2d7ffada-6d53-4971-8b71-ec52555fdfa1,c9950151-ce32-449c-8063-a404ec0a5cb6,2022,2022-12-15,2.5,77,44,false
fc4804c5-7844-44be-b44a-b5f247440a4a,c9950151-ce32-449c-8063-a404ec0a5cb6,2023,2023-12-15,2.9,80,33,false
d03238d6-60b5-4dd7-8acb-f1042af36c7e,c9950151-ce32-449c-8063-a404ec0a5cb6,2024,2024-12-15,2.6,66,36,false
eb8ee855-8224-47d8-88ab-fe6c130be3b9,c9950151-ce32-449c-8063-a404ec0a5cb6,2025,2025-12-15,2.2,64,28,false
06d3c657-3523-4912-a730-b3d303909014,c9950151-ce32-449c-8063-a404ec0a5cb6,2026,2026-12-15,4.3,96,28,false
3113a3c6-fa11-4a2c-ba3e-53615720efff,5dc9249e-d9d9-4f8c-9b36-12a6186ba787,2017,2017-12-15,2.5,95,45,false
457df8f2-7a77-4303-b650-af4ad870a695,5dc9249e-d9d9-4f8c-9b36-12a6186ba787,2018,2018-12-15,4.4,91,15,false
ba9fb4be-4b8a-46bd-ab08-d1d835ea708c,5dc9249e-d9d9-4f8c-9b36-12a6186ba787,2019,2019-12-15,3.1,68,47,false
579f374d-8769-4ca1-94c5-8b4f09c8f191,5dc9249e-d9d9-4f8c-9b36-12a6186ba787,2020,2020-12-15,3.5,99,35,false
86cc7615-0336-4826-8eb5-eb1da067efb6,5dc9249e-d9d9-4f8c-9b36-12a6186ba787,2021,2021-12-15,4.7,100,27,false
e3cb61fc-98a2-4902-8010-049e60614a19,5dc9249e-d9d9-4f8c-9b36-12a6186ba787,2022,2022-12-15,4.4,60,21,false
21ea3782-d47f-4c4c-a101-087d5d656a4e,5dc9249e-d9d9-4f8c-9b36-12a6186ba787,2023,2023-12-15,4.8,72,35,true
d9b89241-d279-4eaa-bc95-d59d4f1e96f9,5dc9249e-d9d9-4f8c-9b36-12a6186ba787,2024,2024-12-15,4.1,64,32,false
f2efc03c-52c0-48f1-9504-a7ecd96aec08,5dc9249e-d9d9-4f8c-9b36-12a6186ba787,2025,2025-12-15,2.3,79,48,false
a3a5c6ab-2d56-4fe6-8bba-a81b7b3baf9e,5dc9249e-d9d9-4f8c-9b36-12a6186ba787,2026,2026-12-15,3.5,62,10,false
233bc402-979b-41d3-ab1f-8735c75a3646,ce967f0a-36fb-4bd1-b20a-8bdb74635668,2025,2025-12-15,4.6,76,21,true
789a4a39-9753-411a-abbf-2edf2af1fb09,ce967f0a-36fb-4bd1-b20a-8bdb74635668,2026,2026-12-15,2.7,94,55,false
d4817c7a-36f8-4523-b287-fe6ad1feee51,240cbf0e-84ec-4d6e-a9a8-a8415f2fc99c,2026,2026-12-15,2.1,71,57,false
183149d6-a505-4be3-9299-41b2fb612e54,200a85d8-93a0-4bf0-8cf2-63ba9d6416de,2025,2025-12-15,4.8,79,16,true
9989cb8d-1d92-4f3e-91bb-c4a4ce6cb1a8,200a85d8-93a0-4bf0-8cf2-63ba9d6416de,2026,2026-12-15,2.7,74,34,false
1b1c8c6c-8729-4a6c-bc0c-0b73ae73d2d4,c90a53d1-a592-4828-81f9-6ec12490d083,2024,2024-12-15,3.2,100,34,false
9cdc6719-6765-4bf4-a7ca-2b5ca6baa54e,c90a53d1-a592-4828-81f9-6ec12490d083,2025,2025-12-15,2.9,75,50,false
5b94d306-e3e9-466e-b4c9-678caefdc1a5,c90a53d1-a592-4828-81f9-6ec12490d083,2026,2026-12-15,2.7,94,12,false
d5735eff-e8f2-4b4b-b2b2-b14ce4ecca09,8ea1790c-4f97-4d80-8651-843dca6d255c,2017,2017-12-15,3.2,83,25,false
bf923669-9d0e-4cd1-860f-af99b9d91105,8ea1790c-4f97-4d80-8651-843dca6d255c,2018,2018-12-15,2.4,89,17,false
99872ed1-7e20-46a6-9edc-a1c04b257140,8ea1790c-4f97-4d80-8651-843dca6d255c,2019,2019-12-15,2.5,73,45,false
17bf428c-956c-4336-962e-e5cee343f4e9,8ea1790c-4f97-4d80-8651-843dca6d255c,2020,2020-12-15,4.3,67,26,false
d73f3aaf-a5a0-4e2c-b132-275703dbbcbc,8ea1790c-4f97-4d80-8651-843dca6d255c,2021,2021-12-15,4,66,12,false
0a873d70-ac9f-46d3-85ce-da4be3e6b775,8ea1790c-4f97-4d80-8651-843dca6d255c,2022,2022-12-15,4.3,78,57,false
d3348140-119f-4702-9b07-04621eb8244d,8ea1790c-4f97-4d80-8651-843dca6d255c,2023,2023-12-15,3.1,68,38,false
c8bd90e1-6997-4251-8bc7-d3e5d8e6dec1,8ea1790c-4f97-4d80-8651-843dca6d255c,2024,2024-12-15,3.7,84,22,false
a814c8e9-c1e2-46f8-a2bd-025efeee6d79,8ea1790c-4f97-4d80-8651-843dca6d255c,2025,2025-12-15,2.8,87,45,false
d710038c-582e-4bc8-83ae-fc9be695109e,8ea1790c-4f97-4d80-8651-843dca6d255c,2026,2026-12-15,4.8,66,47,false
aed77492-79ac-46b3-9891-bac0fa411e12,60bf4c0f-3739-4550-950e-5ddcb8c7dcec,2021,2021-12-15,2.8,89,41,false
9258ccc4-e036-42f5-a2a6-3d927bcdc885,60bf4c0f-3739-4550-950e-5ddcb8c7dcec,2022,2022-12-15,3.8,77,22,false
0413c397-5b90-47e6-8847-12df5881b0d1,60bf4c0f-3739-4550-950e-5ddcb8c7dcec,2023,2023-12-15,4.1,78,49,false
b6f3cb1b-d05a-4d2a-b139-2c26694a8d76,60bf4c0f-3739-4550-950e-5ddcb8c7dcec,2024,2024-12-15,2.9,85,16,false
a851a894-a065-41f6-a539-5baa3c16a7ae,60bf4c0f-3739-4550-950e-5ddcb8c7dcec,2025,2025-12-15,2.2,64,28,false
199b2c4c-7c2e-4d52-a566-4e489616b604,60bf4c0f-3739-4550-950e-5ddcb8c7dcec,2026,2026-12-15,4.5,100,45,true
f6a9b051-dee6-4e1e-8310-8acf50e5332f,9bf48e2b-fcf3-4379-b692-a4c64f480057,2017,2017-12-15,4.2,96,43,false
c82b2658-a377-4651-8f95-e682e5955e68,9bf48e2b-fcf3-4379-b692-a4c64f480057,2018,2018-12-15,4.1,79,39,false
4c4b3ff3-e543-4a57-9c15-1becb06cb9b9,9bf48e2b-fcf3-4379-b692-a4c64f480057,2019,2019-12-15,4.1,77,22,false
99e53657-7b1f-499f-a28e-00b4bf029dee,9bf48e2b-fcf3-4379-b692-a4c64f480057,2020,2020-12-15,4.3,69,25,false
19b726ec-6728-4e84-aab1-10ebb29ebd25,9bf48e2b-fcf3-4379-b692-a4c64f480057,2021,2021-12-15,4.3,74,32,false
80085293-a9a2-42a9-9759-43f39de94041,9bf48e2b-fcf3-4379-b692-a4c64f480057,2022,2022-12-15,3.1,89,42,false
11ab91d0-58d5-4259-907c-4d746a2740e9,9bf48e2b-fcf3-4379-b692-a4c64f480057,2023,2023-12-15,3.5,85,26,false
3d4f6baa-ed66-4f40-9500-0bf1d9cb2e86,9bf48e2b-fcf3-4379-b692-a4c64f480057,2024,2024-12-15,4.4,66,17,false
ea096745-46d0-47fb-bf9a-1654f9fc4861,9bf48e2b-fcf3-4379-b692-a4c64f480057,2025,2025-12-15,4.2,95,29,false
603300d9-5892-4c64-ad7f-4c34b08c153c,9bf48e2b-fcf3-4379-b692-a4c64f480057,2026,2026-12-15,2.7,69,32,false
d2b94590-0edf-4d01-a562-99668a106bda,a117794c-4df7-42af-81b2-3551f8542239,2018,2018-12-15,4.3,81,13,false
feb9a740-2ed7-44e7-af86-9b3973f6da1b,a117794c-4df7-42af-81b2-3551f8542239,2019,2019-12-15,3.5,60,18,false
9e0b4d65-d33e-4813-a697-2de051f6b92c,a117794c-4df7-42af-81b2-3551f8542239,2020,2020-12-15,2.5,96,42,false
a8e4db9d-e767-447e-8479-af3d2697ee00,a117794c-4df7-42af-81b2-3551f8542239,2021,2021-12-15,4.1,83,42,false
19b1fb47-d98f-4290-bd87-efab823c936d,a117794c-4df7-42af-81b2-3551f8542239,2022,2022-12-15,3.1,86,22,false
93fd71a0-1052-4af4-9514-8d093be4d22c,a117794c-4df7-42af-81b2-3551f8542239,2023,2023-12-15,3.9,83,59,false
6f08bd94-8afc-48e5-b1d5-44dbf458b5f6,a117794c-4df7-42af-81b2-3551f8542239,2024,2024-12-15,2.3,66,56,false
19ca564a-fcc3-4904-a491-cacc3287e202,a117794c-4df7-42af-81b2-3551f8542239,2025,2025-12-15,4.6,86,34,true
bc237a8b-26a0-4ad7-9a91-353f630ede55,a117794c-4df7-42af-81b2-3551f8542239,2026,2026-12-15,2.3,94,25,false
f23df059-5cd7-4013-aab4-f3fef6b883db,6008e480-eba1-402f-911c-bc81bf1b71d1,2017,2017-12-15,4.6,90,25,true
84d6ca93-a22f-430e-8342-9b5e05d8399f,6008e480-eba1-402f-911c-bc81bf1b71d1,2018,2018-12-15,3.4,89,13,false
7b41a0ef-de23-4233-8411-ce9a0648adba,6008e480-eba1-402f-911c-bc81bf1b71d1,2019,2019-12-15,2.2,96,40,false
ebd83641-c692-437f-a50b-fa7705d78692,6008e480-eba1-402f-911c-bc81bf1b71d1,2020,2020-12-15,3.1,75,40,false
3a42c753-7d79-47dd-b607-dc57a055dcf2,6008e480-eba1-402f-911c-bc81bf1b71d1,2021,2021-12-15,3.2,60,48,false
75692aba-1900-4452-b245-846290ce74a5,6008e480-eba1-402f-911c-bc81bf1b71d1,2022,2022-12-15,3.1,77,60,false
76a1e821-09f6-4b71-ab05-75249cf7ff78,6008e480-eba1-402f-911c-bc81bf1b71d1,2023,2023-12-15,3.9,82,40,false
e2e60a6c-09f3-402c-bd3f-76c97f1a7da5,6008e480-eba1-402f-911c-bc81bf1b71d1,2024,2024-12-15,4.4,90,16,false
28cb5b86-5aa4-4ded-b7f3-17693ab0b357,6008e480-eba1-402f-911c-bc81bf1b71d1,2025,2025-12-15,3.2,92,60,false
51fd6608-bb05-487c-ab19-65ecd7bef766,6008e480-eba1-402f-911c-bc81bf1b71d1,2026,2026-12-15,3.7,86,28,false
63bbeba3-86a8-432a-b8f5-5235149665b4,68ea8624-427b-4187-8564-5f8b5633961f,2021,2021-12-15,4.1,74,13,false
73ae0396-336e-40c0-af2c-27a7472a82e4,68ea8624-427b-4187-8564-5f8b5633961f,2022,2022-12-15,2.1,78,49,false
5509a2e1-4946-484b-a056-9416ddff7003,68ea8624-427b-4187-8564-5f8b5633961f,2023,2023-12-15,2.4,77,54,false
89886cae-13d8-4eaa-909e-a860cf17512b,68ea8624-427b-4187-8564-5f8b5633961f,2024,2024-12-15,3.4,92,30,false
7ccb95ee-b975-48de-9ecc-d38e3b4d4db1,68ea8624-427b-4187-8564-5f8b5633961f,2025,2025-12-15,3,88,20,false
ea8854a2-f5f1-424b-adbd-c7914b65c859,68ea8624-427b-4187-8564-5f8b5633961f,2026,2026-12-15,4.4,66,18,false
adc55517-afdd-4117-a614-11eb03a6f1aa,723f6352-cd73-4943-9522-064f21a4f5e2,2022,2022-12-15,3.5,82,11,false
ffe7d47d-57eb-4e1a-af7f-d6beefdead1a,723f6352-cd73-4943-9522-064f21a4f5e2,2023,2023-12-15,4.2,75,42,false
83c81d69-dc10-46c4-8016-9ea9e0b52a29,723f6352-cd73-4943-9522-064f21a4f5e2,2024,2024-12-15,2.1,70,34,false
c4f18228-d2da-4959-8b24-2861a54c4a60,723f6352-cd73-4943-9522-064f21a4f5e2,2025,2025-12-15,3.5,68,56,false
d57965aa-09c6-4dc9-9e3a-e357c4d8fb1c,723f6352-cd73-4943-9522-064f21a4f5e2,2026,2026-12-15,2.8,69,11,false
417728c7-33c8-453b-95ea-9810482cf4bb,6f4840f1-dd19-4adb-afb2-dd22449a3fd1,2019,2019-12-15,3.5,72,44,false
bac54843-174e-4843-bd7b-2e371aa2ecb1,6f4840f1-dd19-4adb-afb2-dd22449a3fd1,2020,2020-12-15,3,78,40,false
73159147-8736-43cb-b9cc-555c776c3bf8,6f4840f1-dd19-4adb-afb2-dd22449a3fd1,2021,2021-12-15,4.1,86,50,false
18358bff-edc5-433a-ad4b-26b383473339,6f4840f1-dd19-4adb-afb2-dd22449a3fd1,2022,2022-12-15,2.8,77,43,false
b8be6e63-8a0b-4796-a8cd-78d4c444e6bf,6f4840f1-dd19-4adb-afb2-dd22449a3fd1,2023,2023-12-15,3.3,92,43,false
29fa1789-6d04-40a1-b552-2d38691b548b,6f4840f1-dd19-4adb-afb2-dd22449a3fd1,2024,2024-12-15,2.1,64,20,false
68279ceb-8394-48f8-bb8b-5c8a25a3eeb4,6f4840f1-dd19-4adb-afb2-dd22449a3fd1,2025,2025-12-15,2.6,95,16,false
75481a68-a1a5-4adf-a940-b06aa3ed0308,6f4840f1-dd19-4adb-afb2-dd22449a3fd1,2026,2026-12-15,4.2,72,39,false
58304205-5f73-4f4f-b92f-82e556ebb3a0,fb90b2de-6e00-49ae-88b2-63dcc1c25553,2017,2017-12-15,4,71,36,false
e73a6021-79e6-47b2-a4a2-9a4fdbb99d2d,fb90b2de-6e00-49ae-88b2-63dcc1c25553,2018,2018-12-15,4.6,71,25,false
4f07e138-1102-4c37-a2aa-703ec76e788a,fb90b2de-6e00-49ae-88b2-63dcc1c25553,2019,2019-12-15,3.2,79,51,false
dafc3e6f-4a80-434a-9f2a-9f4fbccbd89a,fb90b2de-6e00-49ae-88b2-63dcc1c25553,2020,2020-12-15,3.2,83,56,false
04bceb23-c479-4b04-b5c4-6e68554750fd,fb90b2de-6e00-49ae-88b2-63dcc1c25553,2021,2021-12-15,3.4,97,30,false
dfd76eff-ae80-41d0-bffe-c9accc0aeead,fb90b2de-6e00-49ae-88b2-63dcc1c25553,2022,2022-12-15,2.3,85,25,false
fcc00792-ded0-4e68-85b6-ede04fd08271,fb90b2de-6e00-49ae-88b2-63dcc1c25553,2023,2023-12-15,3.2,91,18,false
98668d36-8591-401f-b237-f01465b88659,fb90b2de-6e00-49ae-88b2-63dcc1c25553,2024,2024-12-15,4.2,96,52,false
bc221f92-a30f-4da7-9264-28aaefc10701,fb90b2de-6e00-49ae-88b2-63dcc1c25553,2025,2025-12-15,3.8,72,21,false
273ea5dd-ca02-4f43-a7c9-12f3c0c26711,fb90b2de-6e00-49ae-88b2-63dcc1c25553,2026,2026-12-15,2.5,72,24,false
d9272137-f131-4efd-ae3c-72d8a9d8cb04,645e458e-1580-43ad-a3ef-859d0053e098,2026,2026-12-15,4.7,93,33,true
97feeaaa-4c17-4869-bd08-a208aefdfd49,a3f903b0-9045-4b16-8679-2b0886a214b5,2019,2019-12-15,2.6,87,36,false
bcd4b09f-eb74-4783-939b-bf4221e1f48a,a3f903b0-9045-4b16-8679-2b0886a214b5,2020,2020-12-15,2.4,97,30,false
050dfa9f-2eaf-4a32-ad04-47d6b3b21cd5,a3f903b0-9045-4b16-8679-2b0886a214b5,2021,2021-12-15,4.5,93,11,true
d415be0a-eca8-4a10-a40e-9eacb4cf0e2c,a3f903b0-9045-4b16-8679-2b0886a214b5,2022,2022-12-15,2.9,95,31,false
638d4420-f514-4d8e-98c8-df981fc0843e,a3f903b0-9045-4b16-8679-2b0886a214b5,2023,2023-12-15,4.5,87,11,false
88fff2b5-b69e-48f7-aee2-8d9fca449512,a3f903b0-9045-4b16-8679-2b0886a214b5,2024,2024-12-15,3.8,91,40,false
00eaae86-3daf-4441-b720-24c1d37521ae,a3f903b0-9045-4b16-8679-2b0886a214b5,2025,2025-12-15,4.4,83,26,false
01888f8a-3952-4959-9a01-633c2d2eac9f,a3f903b0-9045-4b16-8679-2b0886a214b5,2026,2026-12-15,2.4,97,39,false
b101bae2-75ff-49e8-b3ef-de5262a87d5d,36c19f05-fea9-45af-85d5-b607ca044fef,2025,2025-12-15,3.4,64,40,false
002e40f6-e403-48f6-8b8a-3a7a7872b2e9,36c19f05-fea9-45af-85d5-b607ca044fef,2026,2026-12-15,2.1,74,53,false
fac318e3-d0d9-4e47-8a2f-bacdb2dd78c1,3ac58e16-a2aa-444d-b212-54d6ae7c269e,2023,2023-12-15,3.5,63,52,false
d21bf364-2e3d-4e4c-ba0b-b3f06cdbf5ff,3ac58e16-a2aa-444d-b212-54d6ae7c269e,2024,2024-12-15,3.5,99,33,false
51331faa-ee7b-4f5e-ba87-4787137646a3,3ac58e16-a2aa-444d-b212-54d6ae7c269e,2025,2025-12-15,3.8,86,48,false
e68dd942-9e85-42e0-aaf5-e822bce0dee0,3ac58e16-a2aa-444d-b212-54d6ae7c269e,2026,2026-12-15,2.8,60,40,false
bf3e2202-520d-453d-b916-ff20feddc07e,24928538-c360-4079-bab2-92bf4275169b,2018,2018-12-15,4.9,71,31,true
570cef7b-3452-4cda-97fa-81ddf16ac717,24928538-c360-4079-bab2-92bf4275169b,2019,2019-12-15,5,79,44,true
ff5aa2ea-7e43-4d17-a3d3-03661b4025fd,24928538-c360-4079-bab2-92bf4275169b,2020,2020-12-15,4.7,73,10,true
07e71107-d19a-4fda-a8e9-0d73b0d89f41,24928538-c360-4079-bab2-92bf4275169b,2021,2021-12-15,2.9,77,36,false
281e3746-4e6f-4921-a7a3-6017ee975f27,24928538-c360-4079-bab2-92bf4275169b,2022,2022-12-15,4.1,70,50,false
e0d1f6f1-f22d-43a2-aebc-f453eb80955f,24928538-c360-4079-bab2-92bf4275169b,2023,2023-12-15,2.2,73,60,false
81f3fc2b-9529-49f3-a9e6-2a55dbd5f562,24928538-c360-4079-bab2-92bf4275169b,2024,2024-12-15,4.2,62,29,false
e8fe9ebc-c53c-4a00-b4a4-19833c2d750d,24928538-c360-4079-bab2-92bf4275169b,2025,2025-12-15,3.7,96,18,false
78830691-1ec7-4ab7-b0c2-d6c473af5c26,24928538-c360-4079-bab2-92bf4275169b,2026,2026-12-15,4.9,61,15,false
2c765b25-7147-4417-8ce2-00a5c9f91a95,51f1eed1-1f74-4ab1-8251-8d4660101b9f,2023,2023-12-15,4.9,68,28,false
41e6f15b-40d2-42ee-a3be-ba4ff5348b18,51f1eed1-1f74-4ab1-8251-8d4660101b9f,2024,2024-12-15,3.4,72,38,false
85f02fa5-54b3-411f-81af-6e090fce9d3a,51f1eed1-1f74-4ab1-8251-8d4660101b9f,2025,2025-12-15,3.1,100,43,false
cf6b9618-d0ef-4f99-872f-9caf9ec3fd16,51f1eed1-1f74-4ab1-8251-8d4660101b9f,2026,2026-12-15,3.2,71,57,false
4fa0d007-c204-47f5-bdbf-688a9ec1d25a,ffc144d4-1eec-4706-b909-7a55c25164d3,2020,2020-12-15,4.2,68,49,false
4bcbb0e6-14c2-4a17-9b17-fab36a7a1f3b,ffc144d4-1eec-4706-b909-7a55c25164d3,2021,2021-12-15,4.4,63,23,false
05b3397b-3d46-4e83-ad0e-7c344e37e5ab,ffc144d4-1eec-4706-b909-7a55c25164d3,2022,2022-12-15,3.5,79,27,false
0f886574-1a96-4be3-9591-61312bf2a192,ffc144d4-1eec-4706-b909-7a55c25164d3,2023,2023-12-15,4.3,79,21,false
a6f3aa6a-8cc8-4a32-93ca-db7db93ae253,ffc144d4-1eec-4706-b909-7a55c25164d3,2024,2024-12-15,2.1,64,41,false
3b99b192-63f1-449e-ab97-ef40d404d104,ffc144d4-1eec-4706-b909-7a55c25164d3,2025,2025-12-15,3.6,77,10,false
e869a117-5a87-4991-905c-157a2e2de1b8,ffc144d4-1eec-4706-b909-7a55c25164d3,2026,2026-12-15,2.8,79,35,false
89e1b1c1-aeef-4505-9704-c12e04488218,8bd51501-351b-4888-8ab7-461958bbbbff,2017,2017-12-15,4.4,84,41,false
71d603e0-1482-445f-b02f-a83a471bfef3,8bd51501-351b-4888-8ab7-461958bbbbff,2018,2018-12-15,3.3,64,46,false
146530d3-4b44-4994-96f6-7639ac79aece,8bd51501-351b-4888-8ab7-461958bbbbff,2019,2019-12-15,3.3,91,28,false
a186e9d0-e55c-4908-917e-cc882e136932,8bd51501-351b-4888-8ab7-461958bbbbff,2020,2020-12-15,4.6,64,45,false
e559f298-6455-41cd-972d-d2f2e8178a2b,8bd51501-351b-4888-8ab7-461958bbbbff,2021,2021-12-15,3,65,56,false
32f0e44c-1191-419d-89db-f4b39ca93360,8bd51501-351b-4888-8ab7-461958bbbbff,2022,2022-12-15,3.9,83,12,false
f1fb677a-1f2b-4168-bbcf-68d3d197d7e9,8bd51501-351b-4888-8ab7-461958bbbbff,2023,2023-12-15,3.8,79,58,false
d92964c8-f732-4d7f-99c9-a06070365f12,8bd51501-351b-4888-8ab7-461958bbbbff,2024,2024-12-15,4.8,63,18,false
4d0716bb-c111-4972-9d03-50e0b6ce1335,8bd51501-351b-4888-8ab7-461958bbbbff,2025,2025-12-15,2.8,92,28,false
6a6f8109-832e-42dc-bba8-41d0cd374db2,8bd51501-351b-4888-8ab7-461958bbbbff,2026,2026-12-15,4.2,88,52,false
3b2606db-4dc7-4d5c-9e70-5a5a454ecced,c0962f3b-36d0-4e65-9a26-d97e171373a9,2025,2025-12-15,4.8,64,59,true
d90c92b1-eb29-4deb-be83-7ec9d4e12b1e,c0962f3b-36d0-4e65-9a26-d97e171373a9,2026,2026-12-15,3.7,79,19,false
6e473921-21b6-4fd5-a00b-60438f5557b0,e99d3d62-36a5-479e-86f5-81ee898c0937,2021,2021-12-15,3.5,90,38,false
1f7bb48a-add1-4f4c-9ed1-b5617f8b4a28,e99d3d62-36a5-479e-86f5-81ee898c0937,2022,2022-12-15,2.6,70,52,false
36a98ba1-54a7-468b-8245-f41e7b4d49f1,e99d3d62-36a5-479e-86f5-81ee898c0937,2023,2023-12-15,2.8,64,28,false
f61ea968-4c0a-41c8-a308-7113b0623f43,e99d3d62-36a5-479e-86f5-81ee898c0937,2024,2024-12-15,3.1,76,19,false
35a79a00-6bc8-49d4-868f-550c082fc7c5,e99d3d62-36a5-479e-86f5-81ee898c0937,2025,2025-12-15,3.6,99,51,false
9981ec01-0af1-46ce-bbdb-e27dd9322a11,e99d3d62-36a5-479e-86f5-81ee898c0937,2026,2026-12-15,4.4,65,56,false
b36d4e35-21bd-4568-99c2-7b43c121a315,b9230824-d7a3-4d64-b56b-3ff2329d07c0,2022,2022-12-15,4.7,99,41,false
25103290-3a38-4c84-b415-12fab1e646ab,b9230824-d7a3-4d64-b56b-3ff2329d07c0,2023,2023-12-15,2.2,86,49,false
79558ada-1e00-4aef-a380-a85ec833451f,b9230824-d7a3-4d64-b56b-3ff2329d07c0,2024,2024-12-15,3.8,75,33,false
75c24c62-2095-4237-9428-f9d5b0bc6155,b9230824-d7a3-4d64-b56b-3ff2329d07c0,2025,2025-12-15,4.9,98,53,false
6303a6d7-395c-41fc-b056-dd5330dcf504,b9230824-d7a3-4d64-b56b-3ff2329d07c0,2026,2026-12-15,4.3,97,52,false
3ea34365-5462-467b-a848-ef6bb93f175e,056e30ad-a97d-4850-bf8b-9e79977066a5,2016,2016-12-15,3.9,83,53,false
a6a4d18e-efe5-46c4-8de2-40f0ea86b816,056e30ad-a97d-4850-bf8b-9e79977066a5,2017,2017-12-15,2.4,71,22,false
0cedccb6-f2b7-45b1-8a6f-9eda665b6523,056e30ad-a97d-4850-bf8b-9e79977066a5,2018,2018-12-15,2.3,94,19,false
f1d756ff-e40f-4527-a1c2-0d4153b340f7,056e30ad-a97d-4850-bf8b-9e79977066a5,2019,2019-12-15,2.3,76,45,false
50e66b7e-3b42-4808-b35f-c3b6963b89dc,056e30ad-a97d-4850-bf8b-9e79977066a5,2020,2020-12-15,4.2,77,59,false
193e7c2f-92bf-411c-a9a1-ae7881140b80,056e30ad-a97d-4850-bf8b-9e79977066a5,2021,2021-12-15,3.6,98,45,false
44d7fd5a-7530-4767-a23f-eb6cc8dc2f3f,056e30ad-a97d-4850-bf8b-9e79977066a5,2022,2022-12-15,3,73,43,false
23db0b42-c679-45d7-acdc-5fb9bbf48683,056e30ad-a97d-4850-bf8b-9e79977066a5,2023,2023-12-15,2.8,70,32,false
d65fd868-a976-4c33-8b6b-dee5ca55b3cc,056e30ad-a97d-4850-bf8b-9e79977066a5,2024,2024-12-15,3.2,92,33,false
26458098-33c1-411a-b6ac-23854a7e1c55,056e30ad-a97d-4850-bf8b-9e79977066a5,2025,2025-12-15,3.2,84,24,false
40183c8c-bd92-4a11-a4e0-92feeb9386da,056e30ad-a97d-4850-bf8b-9e79977066a5,2026,2026-12-15,2.1,72,15,false
9aad0349-5546-4753-8217-67bf3ecafac0,c1d13ce1-ff2b-4093-ba4e-a5862bd1aaec,2020,2020-12-15,2.5,74,17,false
4c94e1ac-664c-44e8-af4d-81e0f7c930ce,c1d13ce1-ff2b-4093-ba4e-a5862bd1aaec,2021,2021-12-15,3.3,60,60,false
a6ea9b3d-539f-4d47-8223-446e36b623a1,c1d13ce1-ff2b-4093-ba4e-a5862bd1aaec,2022,2022-12-15,3.2,77,37,false
660145e8-f317-4dec-834a-82e871b918fd,c1d13ce1-ff2b-4093-ba4e-a5862bd1aaec,2023,2023-12-15,2.2,84,24,false
973bc0fb-f98b-46d7-a695-640faa55590d,c1d13ce1-ff2b-4093-ba4e-a5862bd1aaec,2024,2024-12-15,2.3,68,22,false
5d69e177-115b-4ee0-8172-b11d007385e2,c1d13ce1-ff2b-4093-ba4e-a5862bd1aaec,2025,2025-12-15,3.5,61,32,false
021c14c4-849d-4dc7-b1bf-fa0fad33bcb3,c1d13ce1-ff2b-4093-ba4e-a5862bd1aaec,2026,2026-12-15,2.5,62,18,false
c8a96580-527e-4222-a746-246ee8020827,28e567d5-f7eb-44e3-81f8-f174ec9f3102,2024,2024-12-15,2.7,67,18,false
e6f2b49b-15cb-4a0a-89a8-1bc479d6b525,28e567d5-f7eb-44e3-81f8-f174ec9f3102,2025,2025-12-15,2.2,62,21,false
1ea33867-1cd1-4e58-8298-e1eac901e058,28e567d5-f7eb-44e3-81f8-f174ec9f3102,2026,2026-12-15,2.9,74,54,false
460bd29e-f001-4829-976d-ebed45c15b5e,afb712c1-d2da-4dcd-b9dc-c0d8464911b9,2021,2021-12-15,4.9,72,15,true
8e88d33a-f103-47a5-adb1-5911b319a768,afb712c1-d2da-4dcd-b9dc-c0d8464911b9,2022,2022-12-15,4.9,88,11,false
94db7c14-abb0-4817-b0c4-84213041972c,afb712c1-d2da-4dcd-b9dc-c0d8464911b9,2023,2023-12-15,4,95,36,false
1f8d8d41-adab-4e1b-b9cf-b608d6c296e7,afb712c1-d2da-4dcd-b9dc-c0d8464911b9,2024,2024-12-15,3.2,85,11,false
0ca7f686-23c1-41fd-b8a0-f09b65762442,afb712c1-d2da-4dcd-b9dc-c0d8464911b9,2025,2025-12-15,3.6,65,49,false
ccb8dacc-d554-4a54-ac0a-23add83bbda2,afb712c1-d2da-4dcd-b9dc-c0d8464911b9,2026,2026-12-15,2.2,90,37,false
417c1572-da32-48d0-ad33-30a486284d21,bd9fe5ab-dc69-46a3-a055-aa65b458e5f4,2025,2025-12-15,5,70,32,false
dd1b1be3-40e9-43c1-8ad3-bc7901552717,bd9fe5ab-dc69-46a3-a055-aa65b458e5f4,2026,2026-12-15,4.6,95,11,true
f6414771-80a3-41d9-bf7a-2fdfffa3c4f4,f18e5367-960a-4189-ad25-c33b1e3fa7c2,2019,2019-12-15,3.9,60,47,false
12cef983-9b31-49de-aa76-21d45c4522bb,f18e5367-960a-4189-ad25-c33b1e3fa7c2,2020,2020-12-15,3.9,89,35,false
2eccd5f4-f464-47cc-8fca-de71a50543eb,f18e5367-960a-4189-ad25-c33b1e3fa7c2,2021,2021-12-15,3.8,74,56,false
ed398fe6-7cad-41d6-954e-e6603912de66,f18e5367-960a-4189-ad25-c33b1e3fa7c2,2022,2022-12-15,3.2,63,15,false
07b519c0-f450-41e2-b0a0-d651b3808e6c,f18e5367-960a-4189-ad25-c33b1e3fa7c2,2023,2023-12-15,2.8,64,21,false
69856888-ae09-4e45-8357-b433839c502d,f18e5367-960a-4189-ad25-c33b1e3fa7c2,2024,2024-12-15,2.6,95,57,false
a0151a8a-0ebf-4deb-aa4f-545c54fd7913,f18e5367-960a-4189-ad25-c33b1e3fa7c2,2025,2025-12-15,2.6,95,54,false
ca02ba5e-5813-4bbb-bcba-a16465e0f794,f18e5367-960a-4189-ad25-c33b1e3fa7c2,2026,2026-12-15,4.5,100,24,false
c4cb38b9-9b03-4228-8c17-6cd00cb82d07,654ee07e-23b4-477c-a71d-d3d80efc9bb4,2026,2026-12-15,2.7,86,58,false
daa5d1b8-09d2-46fd-8dbe-832d045a8d7d,ba1c17d1-be48-4303-a212-c01242cbd177,2022,2022-12-15,3.1,90,38,false
536ba1de-973a-4cda-be91-60c519599b28,ba1c17d1-be48-4303-a212-c01242cbd177,2023,2023-12-15,3.6,71,31,false
b366afdd-8382-4270-b4e4-2f4165e386e7,ba1c17d1-be48-4303-a212-c01242cbd177,2024,2024-12-15,3.7,87,36,false
3dc1ff85-4b43-4b20-9534-f2dceffbf557,ba1c17d1-be48-4303-a212-c01242cbd177,2025,2025-12-15,3.9,60,13,false
d0bef43d-05ff-4747-8d86-059ce8f576c7,ba1c17d1-be48-4303-a212-c01242cbd177,2026,2026-12-15,2.8,89,59,false
6382ae34-4e5e-4b9b-a63d-a246c5796b8d,9070d78e-f15e-41a9-8298-150308a9a8b3,2018,2018-12-15,4.7,96,54,false
49449590-1be1-44d0-bc61-ab92e07338c6,9070d78e-f15e-41a9-8298-150308a9a8b3,2019,2019-12-15,2.5,75,11,false
739d4111-7db7-4d3d-8a16-6b45e6ce3673,9070d78e-f15e-41a9-8298-150308a9a8b3,2020,2020-12-15,4.2,80,34,false
47307383-ed52-4c34-90c3-2392a5765da3,9070d78e-f15e-41a9-8298-150308a9a8b3,2021,2021-12-15,2.2,70,47,false
b0cca1b9-cfc7-49df-8e1b-adff06d184a7,9070d78e-f15e-41a9-8298-150308a9a8b3,2022,2022-12-15,3.1,85,23,false
fb72ef0f-5d2f-42e2-9fc0-e2f82849b390,9070d78e-f15e-41a9-8298-150308a9a8b3,2023,2023-12-15,4.8,73,44,true
b6d8cec9-ba50-4d69-8051-5961d839f6f5,9070d78e-f15e-41a9-8298-150308a9a8b3,2024,2024-12-15,4.5,73,60,false
a7064997-e7b6-4c16-af6b-0363154b9782,9070d78e-f15e-41a9-8298-150308a9a8b3,2025,2025-12-15,4.8,81,40,false
c6c35bd7-67e9-4f86-b0f0-a12b875e2d9a,9070d78e-f15e-41a9-8298-150308a9a8b3,2026,2026-12-15,3.4,71,37,false
26d82700-3e51-489d-8a54-2e39267e2159,2042b704-06cb-4acd-8efa-cb9a5a7d6b25,2019,2019-12-15,3.3,76,27,false
3d2868ad-251f-444b-a123-f1b5ec432107,2042b704-06cb-4acd-8efa-cb9a5a7d6b25,2020,2020-12-15,2.5,66,12,false
cac94052-77ed-4eba-8455-a9915dc4e1d0,2042b704-06cb-4acd-8efa-cb9a5a7d6b25,2021,2021-12-15,2.9,97,13,false
6e081cf9-9b5d-409a-87f6-e1586e98a2a6,2042b704-06cb-4acd-8efa-cb9a5a7d6b25,2022,2022-12-15,3.2,73,34,false
fcf36739-6ae4-4e90-898a-f5653acf97b7,2042b704-06cb-4acd-8efa-cb9a5a7d6b25,2023,2023-12-15,2.5,78,26,false
21a67576-8977-4ad0-91b0-0c9599ba5cf9,2042b704-06cb-4acd-8efa-cb9a5a7d6b25,2024,2024-12-15,2.8,93,45,false
e3659497-31ee-4c1a-bdfc-964162052bf7,2042b704-06cb-4acd-8efa-cb9a5a7d6b25,2025,2025-12-15,2.4,75,52,false
b68c67d9-10aa-4376-93cf-28edf6644bbf,2042b704-06cb-4acd-8efa-cb9a5a7d6b25,2026,2026-12-15,2.1,90,11,false
145d622f-effa-4e42-b213-38f5f86c1372,0c57e314-8e11-4161-ae43-97f5df987669,2017,2017-12-15,4.1,94,26,false
60cfc2b6-9c0b-4f8a-89c3-dedb575d77b9,0c57e314-8e11-4161-ae43-97f5df987669,2018,2018-12-15,2.1,92,17,false
1c953d01-400c-4dca-8de4-8101882b62af,0c57e314-8e11-4161-ae43-97f5df987669,2019,2019-12-15,3.8,62,56,false
c9135500-c619-404c-a323-236297f9e685,0c57e314-8e11-4161-ae43-97f5df987669,2020,2020-12-15,2.1,95,54,false
280f140c-cc41-4580-85f4-6799508d7f55,0c57e314-8e11-4161-ae43-97f5df987669,2021,2021-12-15,4.7,78,44,true
4b221fd7-b1c9-4c08-9aec-88127cb4134f,0c57e314-8e11-4161-ae43-97f5df987669,2022,2022-12-15,4.5,76,14,false
5b7ec3a6-ee3c-4064-94f2-3a88fe223c94,0c57e314-8e11-4161-ae43-97f5df987669,2023,2023-12-15,3.5,69,38,false
329b24dd-bfc0-40fe-b5ba-b6d2b12aa7fd,0c57e314-8e11-4161-ae43-97f5df987669,2024,2024-12-15,3.3,78,26,false
5802c9d5-2642-45cf-a904-8796f0b66549,0c57e314-8e11-4161-ae43-97f5df987669,2025,2025-12-15,2.2,78,17,false
c105959a-cd05-4250-aa57-e5e2c9d0ed01,0c57e314-8e11-4161-ae43-97f5df987669,2026,2026-12-15,3.6,82,14,false
b53cb16a-d76d-4b09-b08d-5ed6c975913d,3ce19d52-bfae-4501-ab7f-505f332bfdcb,2018,2018-12-15,3.1,60,34,false
9eeddd8f-f9a4-42f2-9d93-6b21b8877f9d,3ce19d52-bfae-4501-ab7f-505f332bfdcb,2019,2019-12-15,3.7,68,36,false
59df0e93-a924-448a-bcad-ab093842ebde,3ce19d52-bfae-4501-ab7f-505f332bfdcb,2020,2020-12-15,4.8,72,38,false
95c642d7-1fee-4119-930a-8da8f46ea40e,3ce19d52-bfae-4501-ab7f-505f332bfdcb,2021,2021-12-15,4.9,97,12,false
85581d41-5fd5-4600-8304-5cdfe8a4bf26,3ce19d52-bfae-4501-ab7f-505f332bfdcb,2022,2022-12-15,3.8,94,41,false
b43f5af1-5445-4fe6-b190-92dc8f563377,3ce19d52-bfae-4501-ab7f-505f332bfdcb,2023,2023-12-15,3.9,60,54,false
050d6f82-5240-476c-b994-1f720716ce84,3ce19d52-bfae-4501-ab7f-505f332bfdcb,2024,2024-12-15,3.4,94,60,false
f41f8362-17b3-459c-b46f-523c7f130b0b,3ce19d52-bfae-4501-ab7f-505f332bfdcb,2025,2025-12-15,3.5,63,58,false
2315e771-5341-4976-8508-772ae4a62cfd,3ce19d52-bfae-4501-ab7f-505f332bfdcb,2026,2026-12-15,4.1,81,49,false
651f2be6-52ed-454f-862f-9061df210bd0,4f47c9b7-2a5b-436a-a6a3-a94fb35bbea7,2020,2020-12-15,4.5,72,41,false
c8771066-0b5f-4fa8-a88e-852f38a1ab0c,4f47c9b7-2a5b-436a-a6a3-a94fb35bbea7,2021,2021-12-15,2.2,65,55,false
91b15f5f-b77a-4127-bf00-d0b74ef3ba79,4f47c9b7-2a5b-436a-a6a3-a94fb35bbea7,2022,2022-12-15,2.1,87,44,false
15e532bf-9e3c-4bea-84bd-11706d94421b,4f47c9b7-2a5b-436a-a6a3-a94fb35bbea7,2023,2023-12-15,2.8,71,19,false
1a8c17b5-aab3-441c-95aa-c28421d4fabd,4f47c9b7-2a5b-436a-a6a3-a94fb35bbea7,2024,2024-12-15,4.6,89,39,true
c93f0656-bf18-403f-bbac-b3e3b09fd0d2,4f47c9b7-2a5b-436a-a6a3-a94fb35bbea7,2025,2025-12-15,4.7,80,23,false
6ffe1586-8992-4ae9-9128-321cef5dabe7,4f47c9b7-2a5b-436a-a6a3-a94fb35bbea7,2026,2026-12-15,3.5,66,51,false
da2958d3-e419-4745-b558-bb45611e9f21,4da024d6-6cf1-41f1-a37a-7b6b33912a9b,2023,2023-12-15,3.1,71,11,false
2445ed0c-1819-4479-8cbd-e47a8e1bc6db,4da024d6-6cf1-41f1-a37a-7b6b33912a9b,2024,2024-12-15,2.4,85,26,false
0b41f593-750e-4939-a2ca-23e6802aa025,4da024d6-6cf1-41f1-a37a-7b6b33912a9b,2025,2025-12-15,3.5,91,59,false
232f34c0-aa75-439a-8220-69e661f2006e,4da024d6-6cf1-41f1-a37a-7b6b33912a9b,2026,2026-12-15,2.4,82,26,false
6c65028e-2d12-499a-8a65-48430974c855,bd508695-2de6-4c92-af4d-02a4ee535a1a,2019,2019-12-15,5,75,18,true
a563475f-fccb-4b84-adbb-a41ea329a675,bd508695-2de6-4c92-af4d-02a4ee535a1a,2020,2020-12-15,5,63,19,true
73428caa-7ad6-4767-afd7-6a33221d1ad0,bd508695-2de6-4c92-af4d-02a4ee535a1a,2021,2021-12-15,2.3,97,39,false
d3edb79a-db50-415e-b0a6-618b34574979,bd508695-2de6-4c92-af4d-02a4ee535a1a,2022,2022-12-15,4.7,77,37,false
8753d0bc-cf16-4f60-81fd-7100dfe28244,bd508695-2de6-4c92-af4d-02a4ee535a1a,2023,2023-12-15,3.5,75,24,false
3c479f27-8db2-4758-b8c7-e35cb2f6b9d9,bd508695-2de6-4c92-af4d-02a4ee535a1a,2024,2024-12-15,4.7,76,16,false
5769d5cb-b481-4f11-b216-62c13d170483,bd508695-2de6-4c92-af4d-02a4ee535a1a,2025,2025-12-15,4.6,70,50,false
1a6ffb56-c148-4353-b3a8-5f490af33142,bd508695-2de6-4c92-af4d-02a4ee535a1a,2026,2026-12-15,2.7,70,54,false
46f9a85f-4322-41fb-b00d-70dc48fb1982,c8c70739-739e-4af5-a740-3cdff11d0030,2020,2020-12-15,4.9,90,50,false
cdf71a10-77c3-4f09-8038-f1cf5c93ce55,c8c70739-739e-4af5-a740-3cdff11d0030,2021,2021-12-15,2.8,81,43,false
a1fe4ae6-3429-42a3-88e9-f798e0fa046d,c8c70739-739e-4af5-a740-3cdff11d0030,2022,2022-12-15,2.3,65,58,false
87d1f334-6b8d-4189-9fc5-8db39d854370,c8c70739-739e-4af5-a740-3cdff11d0030,2023,2023-12-15,4.8,73,22,true
c37fbeac-467c-41d8-9194-00a0f875e1d5,c8c70739-739e-4af5-a740-3cdff11d0030,2024,2024-12-15,2.2,90,50,false
3354b02e-e0ac-42aa-8725-76e5642866a9,c8c70739-739e-4af5-a740-3cdff11d0030,2025,2025-12-15,2.1,60,58,false
dd335be9-c0d9-4650-8ea6-37919e9a0834,c8c70739-739e-4af5-a740-3cdff11d0030,2026,2026-12-15,4.4,100,18,false
de8391fa-3163-4434-b11a-b1ee135b36f5,4539ff43-8eb1-470f-aef5-6008eae429a5,2025,2025-12-15,2.3,81,24,false
c0ee2b13-296f-4fe1-a32f-12f420f833f6,4539ff43-8eb1-470f-aef5-6008eae429a5,2026,2026-12-15,2,62,56,false
c14bd07b-088d-4454-b339-1dfb1a5b4465,8d09b0ad-4d02-4e87-bc0f-15a94bf8b13a,2016,2016-12-15,3,79,25,false
2f002528-80a1-4090-9d15-90a0f766e812,8d09b0ad-4d02-4e87-bc0f-15a94bf8b13a,2017,2017-12-15,2.4,63,38,false
be7cd8dd-fdc5-46ec-b41c-bd941e9011e4,8d09b0ad-4d02-4e87-bc0f-15a94bf8b13a,2018,2018-12-15,3.7,83,54,false
96c93c13-d8db-48ec-82a1-471e29de654c,8d09b0ad-4d02-4e87-bc0f-15a94bf8b13a,2019,2019-12-15,2.4,97,43,false
38de1f1e-18cf-4408-b143-28c6f13f27f1,8d09b0ad-4d02-4e87-bc0f-15a94bf8b13a,2020,2020-12-15,4.1,94,46,false
702aae80-6247-4700-a972-f582f5cb7510,8d09b0ad-4d02-4e87-bc0f-15a94bf8b13a,2021,2021-12-15,4.5,92,22,true
5c5bd51b-4cc4-43f0-ae84-fe7662a8eb95,8d09b0ad-4d02-4e87-bc0f-15a94bf8b13a,2022,2022-12-15,4.1,65,46,false
055ae1af-9f49-4bda-9d68-b6f70012665f,8d09b0ad-4d02-4e87-bc0f-15a94bf8b13a,2023,2023-12-15,3,71,45,false
714e41b9-503a-44a8-9330-69a59465dbf4,8d09b0ad-4d02-4e87-bc0f-15a94bf8b13a,2024,2024-12-15,2.5,67,34,false
7f8de06d-1b85-40f3-ab22-a1248cd9b48b,8d09b0ad-4d02-4e87-bc0f-15a94bf8b13a,2025,2025-12-15,2.4,98,52,false
a8a39ac2-99ed-45f6-b17a-35d281e4136f,8d09b0ad-4d02-4e87-bc0f-15a94bf8b13a,2026,2026-12-15,2,90,59,false
0987cffb-0bc7-4f03-a8a5-15cc1501b722,a38f45ea-ee5d-46e5-94ee-d34f79c06891,2017,2017-12-15,2.5,65,51,false
8f78ecda-766c-4a39-85ee-ef9b58a6574b,a38f45ea-ee5d-46e5-94ee-d34f79c06891,2018,2018-12-15,2.2,99,59,false
e3a090b0-c6e1-41cf-b4a3-c4abb9b7a6b0,a38f45ea-ee5d-46e5-94ee-d34f79c06891,2019,2019-12-15,2.6,97,51,false
6acdd676-c385-4a05-abcc-bcccc09218af,a38f45ea-ee5d-46e5-94ee-d34f79c06891,2020,2020-12-15,2.9,83,26,false
1965e7f6-3800-4831-9a9c-f388d4eee2e9,a38f45ea-ee5d-46e5-94ee-d34f79c06891,2021,2021-12-15,4.8,80,58,false
3b7bb226-5906-47c8-946d-c255ecfa8e62,a38f45ea-ee5d-46e5-94ee-d34f79c06891,2022,2022-12-15,3.6,60,44,false
46d1a7a2-263d-42d5-90e7-358f6344553b,a38f45ea-ee5d-46e5-94ee-d34f79c06891,2023,2023-12-15,2.9,98,19,false
4dc1080b-91e2-4a60-80da-36903632c6e7,a38f45ea-ee5d-46e5-94ee-d34f79c06891,2024,2024-12-15,2.4,70,58,false
a700a210-6f35-4f1f-b685-5b2bdf91fd72,a38f45ea-ee5d-46e5-94ee-d34f79c06891,2025,2025-12-15,3.1,73,39,false
0a41a58f-7661-488d-97f7-0cd8bf85edf3,a38f45ea-ee5d-46e5-94ee-d34f79c06891,2026,2026-12-15,3.1,92,38,false
a866a592-9197-4332-891b-c3a3e0cc4e0b,0c960f5a-c1ac-47a1-bbaa-2d44ba05ec61,2022,2022-12-15,3.9,79,60,false
1ee56b42-06b3-4b73-ba3a-b1d12a8c4749,0c960f5a-c1ac-47a1-bbaa-2d44ba05ec61,2023,2023-12-15,3.8,88,44,false
e9c02f2b-c19d-4e8e-86bd-9667e9a1ab8a,0c960f5a-c1ac-47a1-bbaa-2d44ba05ec61,2024,2024-12-15,2.3,67,24,false
6652bebe-4d41-4cfa-9482-fde563ab45f3,0c960f5a-c1ac-47a1-bbaa-2d44ba05ec61,2025,2025-12-15,2.4,63,58,false
ede908ff-abdc-46b1-8df1-7d1249909a3c,0c960f5a-c1ac-47a1-bbaa-2d44ba05ec61,2026,2026-12-15,4.2,86,56,false
c9b891af-d771-4850-b669-ada55df8eefa,395876ab-2b1f-4140-947a-8b2170e3411c,2019,2019-12-15,2.4,96,28,false
086a3474-cdd7-48f6-8ac2-365271b0eae0,395876ab-2b1f-4140-947a-8b2170e3411c,2020,2020-12-15,3.4,82,30,false
b5a3b2ec-6581-4792-9619-b2a2765b8775,395876ab-2b1f-4140-947a-8b2170e3411c,2021,2021-12-15,4.5,86,44,false
c174761b-116e-4631-97b4-31c4619d8e9d,395876ab-2b1f-4140-947a-8b2170e3411c,2022,2022-12-15,4,91,36,false
7dc02289-ce55-46a9-a88d-72880a74c334,395876ab-2b1f-4140-947a-8b2170e3411c,2023,2023-12-15,4.5,89,51,true
050dc4af-51b9-414d-830a-5abf91ad1654,395876ab-2b1f-4140-947a-8b2170e3411c,2024,2024-12-15,4.5,97,26,true
d71cab3c-ce29-486e-93ee-54f64f5a7b62,395876ab-2b1f-4140-947a-8b2170e3411c,2025,2025-12-15,3.9,71,41,false
8bc2a91e-dc0a-4d5c-8315-79682b9a25e2,395876ab-2b1f-4140-947a-8b2170e3411c,2026,2026-12-15,4,84,29,false
1ed1b230-91f2-4fd0-bddd-ad0f7cbeb13d,f485b527-f05f-4867-b308-cbb8ff448ae9,2018,2018-12-15,2.5,85,18,false
ade6c389-d0f2-4e51-9d99-4f03198eed0e,f485b527-f05f-4867-b308-cbb8ff448ae9,2019,2019-12-15,2.7,74,38,false
114243ee-35e0-427d-b5d0-112d1f3e3fcb,f485b527-f05f-4867-b308-cbb8ff448ae9,2020,2020-12-15,3.6,81,19,false
9cf08173-c7a9-4c98-8bf1-c7d6d95db29e,f485b527-f05f-4867-b308-cbb8ff448ae9,2021,2021-12-15,3.4,72,36,false
9f5b9651-c7ee-4bcc-a8ae-9ab67f9567bb,f485b527-f05f-4867-b308-cbb8ff448ae9,2022,2022-12-15,3.7,98,41,false
58743478-b8fd-4c05-8bd8-d8adcc646d35,f485b527-f05f-4867-b308-cbb8ff448ae9,2023,2023-12-15,3.4,90,20,false
723a10f4-d104-4d08-8c54-877fe79671f4,f485b527-f05f-4867-b308-cbb8ff448ae9,2024,2024-12-15,2.9,85,47,false
83a4cb73-ce7c-44b8-a771-6b3cbd3760e0,f485b527-f05f-4867-b308-cbb8ff448ae9,2025,2025-12-15,3.2,82,48,false
b993f5fb-ccd0-4852-af75-a223f7fca134,f485b527-f05f-4867-b308-cbb8ff448ae9,2026,2026-12-15,3.7,93,60,false
1aa33b84-92cc-4133-b6c2-845371cbde5f,0148c1af-b725-48f6-8cee-7de185653bcf,2016,2016-12-15,3,92,21,false
b7876236-642e-44ee-a821-484b26062451,0148c1af-b725-48f6-8cee-7de185653bcf,2017,2017-12-15,4.4,74,47,false
da9713bf-a5ab-449c-9fdc-27da01192bb2,0148c1af-b725-48f6-8cee-7de185653bcf,2018,2018-12-15,2.8,89,39,false
47842d4c-78d5-4b13-8484-d934e4dbb755,0148c1af-b725-48f6-8cee-7de185653bcf,2019,2019-12-15,3.7,93,11,false
ce99161c-d347-4980-a787-a5f22682d6ad,0148c1af-b725-48f6-8cee-7de185653bcf,2020,2020-12-15,3,65,22,false
b62e5b4c-b8bc-4d68-947d-7143b4464597,0148c1af-b725-48f6-8cee-7de185653bcf,2021,2021-12-15,2.7,73,28,false
bb52ffc6-64bb-4b80-afa7-f106d8ca244c,0148c1af-b725-48f6-8cee-7de185653bcf,2022,2022-12-15,4.1,99,13,false
41ea1581-b396-4037-a637-b890d6e58419,0148c1af-b725-48f6-8cee-7de185653bcf,2023,2023-12-15,4.9,83,42,false
9f3e015f-129e-4edd-97a7-bb277dbf34c6,0148c1af-b725-48f6-8cee-7de185653bcf,2024,2024-12-15,4.7,67,23,false
b6ccd524-9bea-42c6-ab80-77d849e3cf05,0148c1af-b725-48f6-8cee-7de185653bcf,2025,2025-12-15,3.5,76,43,false
2dfdd33b-305e-4f37-ba0a-048744f0c5d2,0148c1af-b725-48f6-8cee-7de185653bcf,2026,2026-12-15,2.3,69,45,false
868d947d-c926-49ae-ba7c-e3f416961db8,c564045b-b137-47d3-8574-1f0d7fa06604,2019,2019-12-15,4.2,63,56,false
5765c0e8-3a58-496a-85c9-c7597b6459b3,c564045b-b137-47d3-8574-1f0d7fa06604,2020,2020-12-15,2.1,95,20,false
de2c5278-7cec-45ff-b604-9d35f7990eab,c564045b-b137-47d3-8574-1f0d7fa06604,2021,2021-12-15,4.3,85,16,false
e5367876-2b3e-4d5c-8678-93b2f2bc9546,c564045b-b137-47d3-8574-1f0d7fa06604,2022,2022-12-15,2.7,60,21,false
6ddee60d-425e-4947-a094-e88c3805ba11,c564045b-b137-47d3-8574-1f0d7fa06604,2023,2023-12-15,3.5,83,47,false
a1258714-f74c-4bca-a2ed-e3cbe6d78aea,c564045b-b137-47d3-8574-1f0d7fa06604,2024,2024-12-15,4.1,63,27,false
52ebe5ba-adf8-40a3-9293-46c36f87a7cd,c564045b-b137-47d3-8574-1f0d7fa06604,2025,2025-12-15,3.8,62,27,false
6f38d973-d7f7-4f9c-8695-aaecd8fa9bc1,c564045b-b137-47d3-8574-1f0d7fa06604,2026,2026-12-15,4.4,73,47,false
227984bf-ead3-4b95-9ee2-7955fdb7abb2,5246327d-4f18-4612-8b0d-c7d0f624b090,2016,2016-12-15,4,83,13,false
6b7246fa-699d-45f8-92c2-05eaeea182e8,5246327d-4f18-4612-8b0d-c7d0f624b090,2017,2017-12-15,2.1,90,59,false
2546cb80-ad36-4132-9866-2624f1132acf,5246327d-4f18-4612-8b0d-c7d0f624b090,2018,2018-12-15,3,60,20,false
319d31e2-da76-4cda-baba-00c793497699,5246327d-4f18-4612-8b0d-c7d0f624b090,2019,2019-12-15,2.3,70,24,false
e94d93aa-5141-4e6d-a155-4361f5f44ef7,5246327d-4f18-4612-8b0d-c7d0f624b090,2020,2020-12-15,4.5,89,45,true
9d2a3cb4-491e-460a-9e1b-a2033509634d,5246327d-4f18-4612-8b0d-c7d0f624b090,2021,2021-12-15,3.5,85,60,false
6ca166eb-7283-4a3d-8640-9c28122b3e60,5246327d-4f18-4612-8b0d-c7d0f624b090,2022,2022-12-15,2.6,76,15,false
4f40b5bc-1b6c-4bf7-9202-b358e069351c,5246327d-4f18-4612-8b0d-c7d0f624b090,2023,2023-12-15,3,69,41,false
94de07a3-aaa8-4115-af08-3e8e26d246ee,5246327d-4f18-4612-8b0d-c7d0f624b090,2024,2024-12-15,4.3,84,10,false
47661613-d651-4330-b67d-f7f3765d0a29,5246327d-4f18-4612-8b0d-c7d0f624b090,2025,2025-12-15,3.5,60,49,false
e1e5197f-b881-4b1b-be09-0f94cd129cbf,5246327d-4f18-4612-8b0d-c7d0f624b090,2026,2026-12-15,3.8,75,24,false
ffbb1310-24fd-4398-b0bf-d38dc4c9ab0f,de805ca3-d313-488a-84d6-eade9deedf40,2019,2019-12-15,2.8,100,42,false
c3223e10-eee2-4613-aba0-def0ae9f43d6,de805ca3-d313-488a-84d6-eade9deedf40,2020,2020-12-15,4.2,74,51,false
3b17bc9d-af10-43b7-bcef-a5c2e2bef69b,de805ca3-d313-488a-84d6-eade9deedf40,2021,2021-12-15,2.4,97,22,false
c0123c90-964e-4409-9e25-86bf94f0ccf0,de805ca3-d313-488a-84d6-eade9deedf40,2022,2022-12-15,3.7,80,53,false
cfa6197e-4f0f-4b57-8679-b444372ebaa6,de805ca3-d313-488a-84d6-eade9deedf40,2023,2023-12-15,3.4,77,33,false
ecdb1a09-0970-4069-b7ef-f41585d92f3c,de805ca3-d313-488a-84d6-eade9deedf40,2024,2024-12-15,2.1,73,49,false
9c4b297f-d618-4933-a96c-30de9b626a52,de805ca3-d313-488a-84d6-eade9deedf40,2025,2025-12-15,4.2,75,52,false
388526e7-f5b1-4919-b424-6377f4cddfa2,de805ca3-d313-488a-84d6-eade9deedf40,2026,2026-12-15,4.8,91,19,false
fc104c29-aa93-471d-ac75-f6f10bc00a61,58f961f7-a9e9-4ed2-973b-55fa9f8464d6,2020,2020-12-15,4.9,88,50,false
018ab358-7242-403c-b7de-f3f11265a035,58f961f7-a9e9-4ed2-973b-55fa9f8464d6,2021,2021-12-15,3.9,60,40,false
4c99bfda-4386-4e7c-a6ef-75433e244f5d,58f961f7-a9e9-4ed2-973b-55fa9f8464d6,2022,2022-12-15,2.6,79,15,false
f32224e2-fb30-404b-9179-4828d57e83f2,58f961f7-a9e9-4ed2-973b-55fa9f8464d6,2023,2023-12-15,4.3,77,55,false
0edca485-0682-46eb-90e4-43cc924cbfb7,58f961f7-a9e9-4ed2-973b-55fa9f8464d6,2024,2024-12-15,2.2,71,22,false
eeec0317-39c3-46f9-b702-8b04607cc7be,58f961f7-a9e9-4ed2-973b-55fa9f8464d6,2025,2025-12-15,4.2,64,40,false
8496b625-801e-4c15-a247-1663a7298b0c,58f961f7-a9e9-4ed2-973b-55fa9f8464d6,2026,2026-12-15,3.6,93,53,false
5ca21f82-fc56-4bdf-ab05-629e37b1d961,0fbcfd00-dbd8-4899-9926-85e23abfb5ab,2021,2021-12-15,3.9,87,10,false
3663271b-5b93-4802-8621-efdf6250d89a,0fbcfd00-dbd8-4899-9926-85e23abfb5ab,2022,2022-12-15,3.1,81,29,false
7d4fc0b4-5dcc-4d12-9709-dae5c6127e06,0fbcfd00-dbd8-4899-9926-85e23abfb5ab,2023,2023-12-15,3,76,50,false
2fd0c76e-b70b-473f-922c-5e183398a7a0,0fbcfd00-dbd8-4899-9926-85e23abfb5ab,2024,2024-12-15,4,84,26,false
0a1284d8-3cd5-4efe-a49a-4f095dc4e07b,0fbcfd00-dbd8-4899-9926-85e23abfb5ab,2025,2025-12-15,3.8,67,32,false
a4ef01d4-a46e-4557-890c-99f63014b6d6,0fbcfd00-dbd8-4899-9926-85e23abfb5ab,2026,2026-12-15,3.6,97,28,false
e93c6617-d574-41d0-9cdf-292cbfd397da,9366bdd7-1827-4ab2-916d-a65852f3ebe3,2016,2016-12-15,2.9,93,51,false
1b1877a1-ff88-42c4-a3b1-9995eb7115dd,9366bdd7-1827-4ab2-916d-a65852f3ebe3,2017,2017-12-15,3.9,100,44,false
eb4b4d1a-e759-41ab-81ef-c5d841224d82,9366bdd7-1827-4ab2-916d-a65852f3ebe3,2018,2018-12-15,3.6,67,39,false
887e9366-89a2-4b7b-a7a2-c72eaddca9fe,9366bdd7-1827-4ab2-916d-a65852f3ebe3,2019,2019-12-15,2.2,70,29,false
07065b44-5955-4348-ad99-0c54b8f913ae,9366bdd7-1827-4ab2-916d-a65852f3ebe3,2020,2020-12-15,2,95,20,false
327cde13-03c3-4ea1-9d5b-952e9bdb7fb5,9366bdd7-1827-4ab2-916d-a65852f3ebe3,2021,2021-12-15,3.1,76,27,false
1a67a41a-9897-4b93-9fe0-470db7958469,9366bdd7-1827-4ab2-916d-a65852f3ebe3,2022,2022-12-15,4.3,61,34,false
b71df6df-0797-4f1a-9208-46d2e2f2e238,9366bdd7-1827-4ab2-916d-a65852f3ebe3,2023,2023-12-15,3.2,90,24,false
a3b726a7-2afa-443f-b57a-05938c625a0e,9366bdd7-1827-4ab2-916d-a65852f3ebe3,2024,2024-12-15,3.3,97,51,false
1375d5fb-2ffd-4e86-b463-e2c52334ef2e,9366bdd7-1827-4ab2-916d-a65852f3ebe3,2025,2025-12-15,3.2,75,43,false
99e93a4e-77dd-4111-85c5-1b10a37a3179,9366bdd7-1827-4ab2-916d-a65852f3ebe3,2026,2026-12-15,3.4,93,56,false
12e7fa8c-a548-4f6c-8f23-2e198c2b1112,4656f8ec-ecbf-4dc9-8533-ff6b0854b65d,2025,2025-12-15,3.5,99,39,false
8be1e7cc-b8de-4dd5-b597-ec5e9df0dd24,4656f8ec-ecbf-4dc9-8533-ff6b0854b65d,2026,2026-12-15,3,67,15,false
f4e27524-58d1-4b2a-80fd-b17f37383dc3,14dc194c-c6fd-4333-88e2-f5d1bc353e54,2023,2023-12-15,4.2,87,60,false
0808ddfe-0485-4a28-a144-cd3649aa63e3,14dc194c-c6fd-4333-88e2-f5d1bc353e54,2024,2024-12-15,3.7,86,13,false
0197bb04-e905-4d4c-9ec6-f16a98508425,14dc194c-c6fd-4333-88e2-f5d1bc353e54,2025,2025-12-15,3.4,64,33,false
44abbf10-80a2-441e-b5a6-41acbd1720d2,14dc194c-c6fd-4333-88e2-f5d1bc353e54,2026,2026-12-15,4.2,68,17,false
c16f2199-8a33-496d-a804-5b451382bc3e,ef77c048-5b4a-4e5f-b9d2-ba3ea69769cb,2025,2025-12-15,3,81,46,false
1cfba50a-221d-43f0-8a41-e9b5aec51782,ef77c048-5b4a-4e5f-b9d2-ba3ea69769cb,2026,2026-12-15,3.9,70,43,false
aa64cdad-c6ca-44a2-ad8e-6d694f15fcce,c2fa8e16-25d3-4067-ac23-d74e3d4553a1,2026,2026-12-15,3.3,78,30,false
79402415-af56-477d-a237-2bd9b9ce5a7b,555b0e4f-c9e5-47a3-8dcb-5a9a9c4354f1,2021,2021-12-15,2.2,76,28,false
f3be4d3d-e158-4a5c-8b97-e29b3130a7a3,555b0e4f-c9e5-47a3-8dcb-5a9a9c4354f1,2022,2022-12-15,3.2,75,45,false
d20f1872-ace3-4617-ab45-33ff451b56d2,555b0e4f-c9e5-47a3-8dcb-5a9a9c4354f1,2023,2023-12-15,4.7,71,59,true
fae6b1c5-5d2f-42e8-a020-e79416238ecf,555b0e4f-c9e5-47a3-8dcb-5a9a9c4354f1,2024,2024-12-15,2,60,37,false
edaee36d-0645-47ed-9900-16f6ff1b09c3,555b0e4f-c9e5-47a3-8dcb-5a9a9c4354f1,2025,2025-12-15,3.5,79,10,false
121d314c-f1a7-40e7-82c5-d580015364e3,555b0e4f-c9e5-47a3-8dcb-5a9a9c4354f1,2026,2026-12-15,4,98,16,false
852543af-261d-4d44-98dd-c913f53e9bf3,033f8ff3-b82a-45c9-905d-172af59fc7f9,2018,2018-12-15,2.9,91,45,false
a68dc449-71cc-4cc8-8f72-2d4cd3b1f641,033f8ff3-b82a-45c9-905d-172af59fc7f9,2019,2019-12-15,4.8,81,23,false
62c46807-391a-4a7d-942b-f03122cc85b2,033f8ff3-b82a-45c9-905d-172af59fc7f9,2020,2020-12-15,4.9,67,38,false
d80fdc4b-29ba-4562-909d-2fa8db1f5d88,033f8ff3-b82a-45c9-905d-172af59fc7f9,2021,2021-12-15,4.3,65,36,false
2d316ee0-914f-4313-ac86-446e0209cc21,033f8ff3-b82a-45c9-905d-172af59fc7f9,2022,2022-12-15,2.2,63,57,false
3813eaec-433f-4ceb-976f-25b6be067a28,033f8ff3-b82a-45c9-905d-172af59fc7f9,2023,2023-12-15,3.7,93,10,false
a7a0d90c-2a26-4fef-8778-fd266df17b73,033f8ff3-b82a-45c9-905d-172af59fc7f9,2024,2024-12-15,4.9,64,24,false
ddc38c80-7a0d-45bd-9106-3dbc30fcab07,033f8ff3-b82a-45c9-905d-172af59fc7f9,2025,2025-12-15,2.5,75,47,false
dfc324f3-a9c1-4427-beff-9cc146b0fcb2,033f8ff3-b82a-45c9-905d-172af59fc7f9,2026,2026-12-15,4.7,93,12,false
2e68c746-9cb6-40d5-ac35-823f380a8773,692909c0-619b-472a-8e83-d0d087d3ca74,2018,2018-12-15,4.6,80,53,true
e532e23e-fd93-4129-b021-c42ae8daa881,692909c0-619b-472a-8e83-d0d087d3ca74,2019,2019-12-15,4.7,94,52,true
af00ad88-3fe5-48ff-bb69-7d786c7f9ffd,692909c0-619b-472a-8e83-d0d087d3ca74,2020,2020-12-15,2,95,47,false
5a4ce1e3-9008-41d7-b60a-0767ceaa3171,692909c0-619b-472a-8e83-d0d087d3ca74,2021,2021-12-15,3.3,63,25,false
dfd2ffb8-96d4-4923-8cc3-f42b74663460,692909c0-619b-472a-8e83-d0d087d3ca74,2022,2022-12-15,4.9,70,49,false
49ae3e12-eefe-4d4a-a431-816280d02980,692909c0-619b-472a-8e83-d0d087d3ca74,2023,2023-12-15,3.9,94,51,false
4fcfe7ad-e28b-42a6-8809-d426e1f4df70,692909c0-619b-472a-8e83-d0d087d3ca74,2024,2024-12-15,3.9,61,50,false
d1a78b8f-b6ad-4b00-be3f-2d36a9ce6ef4,692909c0-619b-472a-8e83-d0d087d3ca74,2025,2025-12-15,2.7,81,55,false
545a1b88-8300-4ea2-98c2-46106acb446e,692909c0-619b-472a-8e83-d0d087d3ca74,2026,2026-12-15,4.9,91,15,false
3434f734-4f9d-477a-bc95-cbd45b5e35d0,67d755bf-a43f-4276-8a1f-7f16122bca42,2024,2024-12-15,2.9,70,37,false
5c28c720-d2ba-41a4-8f33-f1004b0cf94f,67d755bf-a43f-4276-8a1f-7f16122bca42,2025,2025-12-15,4.1,98,14,false
fa666579-1466-43c3-a211-90bc34cfc43e,67d755bf-a43f-4276-8a1f-7f16122bca42,2026,2026-12-15,3,63,26,false
293a1777-5987-4eb7-861e-1cdbe82712d9,db4394ce-6f13-48d7-9c8e-2ea258c2139b,2023,2023-12-15,4.6,60,35,false
e2d70180-ce44-4d09-be1c-7952fc927c75,db4394ce-6f13-48d7-9c8e-2ea258c2139b,2024,2024-12-15,3.2,94,32,false
162c00f6-ca21-4c4a-9aa0-636a6bb67092,db4394ce-6f13-48d7-9c8e-2ea258c2139b,2025,2025-12-15,4.4,86,19,false
d1e41a85-ebb3-490a-82de-e71859246fae,db4394ce-6f13-48d7-9c8e-2ea258c2139b,2026,2026-12-15,2.2,83,15,false
aa9b3f03-d017-4f90-8909-c1354021b3c2,457db891-2d80-485a-8738-8972bfef538e,2019,2019-12-15,3.3,92,52,false
16a2e4f1-2ad4-4587-a9fd-f7db704e59ce,457db891-2d80-485a-8738-8972bfef538e,2020,2020-12-15,2.2,95,47,false
1354e3ea-b35a-4fb8-8e73-5d7d878b015d,457db891-2d80-485a-8738-8972bfef538e,2021,2021-12-15,4.3,81,57,false
dfc95c01-0aed-4440-a37c-d6b27288affc,457db891-2d80-485a-8738-8972bfef538e,2022,2022-12-15,3.6,100,15,false
19c37a1a-59b6-4c86-9693-a11d07ee1687,457db891-2d80-485a-8738-8972bfef538e,2023,2023-12-15,3.7,91,57,false
a8e25619-9a7f-4b0e-a851-579ac4dafd1c,457db891-2d80-485a-8738-8972bfef538e,2024,2024-12-15,4,62,53,false
a66d96dc-e770-4dd3-87df-9df644a4522e,457db891-2d80-485a-8738-8972bfef538e,2025,2025-12-15,3.5,87,15,false
1e49ab44-d696-42b3-a023-eef4c4d00fbc,457db891-2d80-485a-8738-8972bfef538e,2026,2026-12-15,4.2,86,24,false
7c7c9b53-a365-4bdd-bb2a-bf142dcd775a,e3b158c6-bbaf-4f54-aaa1-e033130068df,2022,2022-12-15,2.7,92,49,false
91a42027-59d8-4d46-8574-d25d63107a90,e3b158c6-bbaf-4f54-aaa1-e033130068df,2023,2023-12-15,2.5,65,36,false
c7a51a43-229b-4631-9bb2-09a5ff229769,e3b158c6-bbaf-4f54-aaa1-e033130068df,2024,2024-12-15,2.6,89,33,false
451e09c6-5b7e-4ad8-a90d-aff40d400973,e3b158c6-bbaf-4f54-aaa1-e033130068df,2025,2025-12-15,4.3,99,22,false
27a29680-e67c-4770-bdad-6c4b643e25b3,e3b158c6-bbaf-4f54-aaa1-e033130068df,2026,2026-12-15,2.7,70,35,false
1331521e-df7c-4914-9b66-df2d509bb4c1,da8611d8-60b3-475e-9467-e6e03c28c3d3,2020,2020-12-15,2.4,94,26,false
cfb0f145-e1be-40f1-999d-9bf44e941fbe,da8611d8-60b3-475e-9467-e6e03c28c3d3,2021,2021-12-15,2.2,70,14,false
1a9b4a84-cf4c-49b7-ac78-a7b6bea63171,da8611d8-60b3-475e-9467-e6e03c28c3d3,2022,2022-12-15,4.9,98,34,false
af812e8f-73e8-4c94-b937-50168dc2cc30,da8611d8-60b3-475e-9467-e6e03c28c3d3,2023,2023-12-15,4,93,44,false
83323341-84fb-459a-aa03-df74149ce410,da8611d8-60b3-475e-9467-e6e03c28c3d3,2024,2024-12-15,4.5,81,38,false
98033e7e-0dcb-4ac0-a4d1-19bbd06bc922,da8611d8-60b3-475e-9467-e6e03c28c3d3,2025,2025-12-15,4.6,81,55,false
2f08134b-2daa-4517-b408-3ec3fb1186f2,da8611d8-60b3-475e-9467-e6e03c28c3d3,2026,2026-12-15,3.6,91,45,false
8147a3b2-b2f6-4712-bd43-a2b5a6654da2,da6918b9-e28a-4c9b-b4bf-be32befa86b5,2021,2021-12-15,3,82,55,false
248c6ce8-6c49-4c10-9cc4-e75e199f94f0,da6918b9-e28a-4c9b-b4bf-be32befa86b5,2022,2022-12-15,4.3,85,40,false
2fcf6996-bd35-494b-8231-a0b71f0534ce,da6918b9-e28a-4c9b-b4bf-be32befa86b5,2023,2023-12-15,4.5,65,26,false
36b72e73-a0cd-46e4-9dc8-3ba98258cda9,da6918b9-e28a-4c9b-b4bf-be32befa86b5,2024,2024-12-15,2.8,77,57,false
56c746c2-644a-430d-8371-5f9d59292aa5,da6918b9-e28a-4c9b-b4bf-be32befa86b5,2025,2025-12-15,4.1,80,18,false
997a7f2f-8671-46ac-8c92-51e91ca88d07,da6918b9-e28a-4c9b-b4bf-be32befa86b5,2026,2026-12-15,4.6,63,49,false
fd179b2e-f4e6-4b5e-a1e8-5c15c8d0b09d,82b76527-c935-4b6e-b277-9eb2318aa67e,2021,2021-12-15,3.3,88,13,false
8c2d8119-8f31-4d8c-9377-d5a5a0f44910,82b76527-c935-4b6e-b277-9eb2318aa67e,2022,2022-12-15,4.2,79,26,false
89362561-9587-4746-9c74-764d5845e801,82b76527-c935-4b6e-b277-9eb2318aa67e,2023,2023-12-15,4.9,65,50,false
9fb49f97-52da-41c2-9cce-2391e11d8db6,82b76527-c935-4b6e-b277-9eb2318aa67e,2024,2024-12-15,4.7,78,37,true
e0533020-ae08-487d-972c-57ec5cb4464e,82b76527-c935-4b6e-b277-9eb2318aa67e,2025,2025-12-15,4.5,78,42,true
1e9512c8-c309-441b-8b9b-6d95feca3d5e,82b76527-c935-4b6e-b277-9eb2318aa67e,2026,2026-12-15,3,65,11,false
1ba91864-0a00-4036-8b3c-2a308c1e4a39,5599d60f-6518-4ae5-b5d8-bb3c47f1aba5,2018,2018-12-15,4.3,73,58,false
503bdeab-fcdb-4a99-b72a-b47fb3ea09f8,5599d60f-6518-4ae5-b5d8-bb3c47f1aba5,2019,2019-12-15,2.3,82,30,false
14f3a6ba-8813-4149-8c82-736939c856cb,5599d60f-6518-4ae5-b5d8-bb3c47f1aba5,2020,2020-12-15,2.5,60,52,false
5adaf30d-e62e-4998-ae8e-24a80d3f3a0b,5599d60f-6518-4ae5-b5d8-bb3c47f1aba5,2021,2021-12-15,4.8,67,33,false
e7e669cb-614c-41f4-873d-b5afb8481620,5599d60f-6518-4ae5-b5d8-bb3c47f1aba5,2022,2022-12-15,3.2,99,22,false
9a167830-b4ef-462e-a6fb-21c85f2f99fb,5599d60f-6518-4ae5-b5d8-bb3c47f1aba5,2023,2023-12-15,2.1,71,27,false
1569bd65-199b-4e28-8d7a-8636fdbfa98c,5599d60f-6518-4ae5-b5d8-bb3c47f1aba5,2024,2024-12-15,4.3,91,13,false
cbde4c91-3554-46c1-9c23-23a3aac4d65d,5599d60f-6518-4ae5-b5d8-bb3c47f1aba5,2025,2025-12-15,4.7,65,39,false
afc8e7e4-9d95-4994-9866-cd0d7f81ec56,5599d60f-6518-4ae5-b5d8-bb3c47f1aba5,2026,2026-12-15,2.6,80,19,false
cdfb0b2d-4a93-4b77-a4d4-2e56e56dcbb4,ae5aa971-692a-42b8-a193-5408b3914ae9,2022,2022-12-15,4.3,87,23,false
9b574cb1-b58e-496e-9053-6535b9a067f5,ae5aa971-692a-42b8-a193-5408b3914ae9,2023,2023-12-15,4.6,73,38,false
62773289-1efe-4ac2-ab8d-006f0aff2b92,ae5aa971-692a-42b8-a193-5408b3914ae9,2024,2024-12-15,2.8,68,33,false
caac125d-3880-4135-8121-009b955ce061,ae5aa971-692a-42b8-a193-5408b3914ae9,2025,2025-12-15,2.3,77,17,false
4c7dd870-16c8-4684-9a90-338559b0546b,ae5aa971-692a-42b8-a193-5408b3914ae9,2026,2026-12-15,4.2,65,32,false
814d23a6-f20f-4438-ad24-2c1649012f81,c822b7e5-cd0d-48f8-8286-4b09bd12b1b1,2022,2022-12-15,4.6,69,30,false
c0b3a8e9-c357-443a-840e-535e590eabf8,c822b7e5-cd0d-48f8-8286-4b09bd12b1b1,2023,2023-12-15,4.5,79,40,true
334a4233-d452-4e94-a9aa-fd1d2ec2e4ab,c822b7e5-cd0d-48f8-8286-4b09bd12b1b1,2024,2024-12-15,3.7,65,22,false
d12ee0f8-81cb-49ce-8010-f77e993bd17b,c822b7e5-cd0d-48f8-8286-4b09bd12b1b1,2025,2025-12-15,3.5,93,15,false
425f27de-cb98-4725-ad35-c76f07a5a5ce,c822b7e5-cd0d-48f8-8286-4b09bd12b1b1,2026,2026-12-15,4.8,61,60,true
a98003b4-70db-495f-8153-f7674e65dd80,6ec8b880-8657-4261-aba3-0e9fea0e84ce,2026,2026-12-15,4.8,67,28,true
dc8be93f-f359-4510-ae40-5de07460dea0,4a92cb5c-6bb1-4cb3-8a41-599177ff596f,2017,2017-12-15,2.8,86,47,false
be097dfb-f4a9-4daf-a272-457161b845ce,4a92cb5c-6bb1-4cb3-8a41-599177ff596f,2018,2018-12-15,3.9,87,18,false
9d7ce780-f220-4f0e-9f4d-e0f50b9b0163,4a92cb5c-6bb1-4cb3-8a41-599177ff596f,2019,2019-12-15,4.6,83,48,false
41114f26-10cd-49b9-891e-9b065aa47167,4a92cb5c-6bb1-4cb3-8a41-599177ff596f,2020,2020-12-15,4,85,11,false
b4d71d50-0fc2-4fd6-bd62-b4adaecd6ff2,4a92cb5c-6bb1-4cb3-8a41-599177ff596f,2021,2021-12-15,3.9,77,49,false
4a442291-f015-4adc-a6b9-996abbd9f862,4a92cb5c-6bb1-4cb3-8a41-599177ff596f,2022,2022-12-15,3.9,81,55,false
433f8b64-d698-4bde-b56c-315b6b7648e0,4a92cb5c-6bb1-4cb3-8a41-599177ff596f,2023,2023-12-15,3.9,93,23,false
0d98ceb5-9ffa-4c60-98c6-2a4fd0fadc92,4a92cb5c-6bb1-4cb3-8a41-599177ff596f,2024,2024-12-15,2.1,73,48,false
d678f479-d253-4ea1-a5e1-bc01d8d3b7a9,4a92cb5c-6bb1-4cb3-8a41-599177ff596f,2025,2025-12-15,3.1,94,45,false
f3884f4b-642d-4976-9bd5-6521678a957a,4a92cb5c-6bb1-4cb3-8a41-599177ff596f,2026,2026-12-15,4.1,99,40,false
dae411f3-0800-44fd-92e1-d1cc787865fc,1ed7b98c-7e1e-48dc-a3b8-05c2e927db93,2016,2016-12-15,4.4,64,33,false
99f23e0b-5d40-4c3d-b2c9-66c0593c5f47,1ed7b98c-7e1e-48dc-a3b8-05c2e927db93,2017,2017-12-15,3.2,75,57,false
3c3a9983-dcf1-4c06-9d52-ac5c2a2f401f,1ed7b98c-7e1e-48dc-a3b8-05c2e927db93,2018,2018-12-15,4.9,76,13,true
64cb0d4b-ae02-4e0e-a4d3-5b61fdac8e67,1ed7b98c-7e1e-48dc-a3b8-05c2e927db93,2019,2019-12-15,4.4,64,55,false
54c27a71-6a9e-43d9-9d83-0a92bbdf6aef,1ed7b98c-7e1e-48dc-a3b8-05c2e927db93,2020,2020-12-15,3.6,78,19,false
93c9e4c2-a7f7-40b4-abc9-e3772d44f28c,1ed7b98c-7e1e-48dc-a3b8-05c2e927db93,2021,2021-12-15,4,96,52,false
cd90135b-1ee4-442c-affe-3bd0bae26772,1ed7b98c-7e1e-48dc-a3b8-05c2e927db93,2022,2022-12-15,4.1,71,43,false
2bc99821-0c99-4fb0-9932-dfc59e706067,1ed7b98c-7e1e-48dc-a3b8-05c2e927db93,2023,2023-12-15,3,90,52,false
130f82ac-1c35-46c9-bfc2-715137addca0,1ed7b98c-7e1e-48dc-a3b8-05c2e927db93,2024,2024-12-15,2.9,67,50,false
fe9c9243-b3f0-4fa0-a4e6-4470dedf3d38,1ed7b98c-7e1e-48dc-a3b8-05c2e927db93,2025,2025-12-15,4.2,72,43,false
74efc52a-f49e-462d-a5a8-1f8609f24d11,1ed7b98c-7e1e-48dc-a3b8-05c2e927db93,2026,2026-12-15,4.7,84,45,true
cff7d64e-03aa-4821-a339-2acb4903befe,eaa88430-0dfe-4c8b-88e7-006d4c186a37,2020,2020-12-15,3,65,23,false
30995495-d9bb-4244-8e44-4600020e425e,eaa88430-0dfe-4c8b-88e7-006d4c186a37,2021,2021-12-15,3.3,63,28,false
9a3a27d3-cef9-4bf1-a197-82abeef22d07,eaa88430-0dfe-4c8b-88e7-006d4c186a37,2022,2022-12-15,2,67,48,false
a25ad600-23f6-47d2-9fa1-5a7eeeb8577b,eaa88430-0dfe-4c8b-88e7-006d4c186a37,2023,2023-12-15,3.9,90,52,false
1232e3d1-bd1d-4579-82ae-d65ac0aa413e,eaa88430-0dfe-4c8b-88e7-006d4c186a37,2024,2024-12-15,5,67,56,true
74ea7983-f6a6-4ba6-b0e5-0125374b7866,eaa88430-0dfe-4c8b-88e7-006d4c186a37,2025,2025-12-15,3.3,78,60,false
4ea2c0da-20f7-40a3-8021-f645fbe01274,eaa88430-0dfe-4c8b-88e7-006d4c186a37,2026,2026-12-15,4.2,94,23,false
70eca442-2cc9-481f-b397-a3be8350e764,8ef1ecbd-3546-4c17-956b-cae06607d80a,2018,2018-12-15,3.5,78,22,false
60d4f8cf-8694-4528-b78a-76776739dd09,8ef1ecbd-3546-4c17-956b-cae06607d80a,2019,2019-12-15,2.2,93,56,false
5b8304ac-27ef-4c8b-9c0d-298767d91f35,8ef1ecbd-3546-4c17-956b-cae06607d80a,2020,2020-12-15,3.4,66,49,false
ed2794c1-4a94-4725-a95b-91023cab1c1d,8ef1ecbd-3546-4c17-956b-cae06607d80a,2021,2021-12-15,4.7,72,19,false
a0e5029c-d902-45f0-a22c-4e74e0eac209,8ef1ecbd-3546-4c17-956b-cae06607d80a,2022,2022-12-15,3.8,81,22,false
b05337ca-68ae-4715-8b19-a98421a5db3a,8ef1ecbd-3546-4c17-956b-cae06607d80a,2023,2023-12-15,3.4,83,43,false
ee8cbd83-96b3-4515-aaf8-438252c8071d,8ef1ecbd-3546-4c17-956b-cae06607d80a,2024,2024-12-15,2.1,63,39,false
4728bfee-b33a-467c-a88c-7aad9afbc9d5,8ef1ecbd-3546-4c17-956b-cae06607d80a,2025,2025-12-15,4.8,99,29,true
12520e84-c489-452a-b810-b6e5ee9845d4,8ef1ecbd-3546-4c17-956b-cae06607d80a,2026,2026-12-15,3.9,79,19,false
a53f07d9-76c9-4634-8a86-aa2f4ee5b8d2,5fe2f125-6419-4f33-b6a6-2c2d8be35a3a,2019,2019-12-15,4.7,61,26,false
71cea300-f8b2-42ed-9373-2abd972a8460,5fe2f125-6419-4f33-b6a6-2c2d8be35a3a,2020,2020-12-15,3,63,45,false
17836826-0aea-4b3d-9e1e-1a42ee726c19,5fe2f125-6419-4f33-b6a6-2c2d8be35a3a,2021,2021-12-15,4.4,82,39,false
ecbb6549-898f-4468-94e5-1ce68f72f875,5fe2f125-6419-4f33-b6a6-2c2d8be35a3a,2022,2022-12-15,4,71,31,false
6817d493-b4e0-49a1-9796-3f84470d984c,5fe2f125-6419-4f33-b6a6-2c2d8be35a3a,2023,2023-12-15,4.5,94,25,false
fd7f6770-8654-4603-bb50-31b73c9115ee,5fe2f125-6419-4f33-b6a6-2c2d8be35a3a,2024,2024-12-15,2.7,60,42,false
74d7e8de-0593-4a95-8c66-224735a4d9d8,5fe2f125-6419-4f33-b6a6-2c2d8be35a3a,2025,2025-12-15,3.4,66,58,false
c1a840c9-282f-4814-bfbc-96a99a182648,5fe2f125-6419-4f33-b6a6-2c2d8be35a3a,2026,2026-12-15,2.3,97,26,false
0f14100a-9aa8-4f27-8fb6-5802bae62fd9,a929dc16-0c29-4b0d-9edd-93111b79ca8a,2023,2023-12-15,2.1,87,20,false
36e43f67-34c8-47d8-852e-949d0922818b,a929dc16-0c29-4b0d-9edd-93111b79ca8a,2024,2024-12-15,3.3,67,47,false
78b18267-fa88-47f6-af1c-900dd45d4ba5,a929dc16-0c29-4b0d-9edd-93111b79ca8a,2025,2025-12-15,2.1,86,13,false
43a56407-30f6-4673-812c-eb4e6dc4f972,a929dc16-0c29-4b0d-9edd-93111b79ca8a,2026,2026-12-15,5,68,38,false
6619ce7b-9134-4927-a8ed-db401c8b6b1b,4db19165-70b3-4e7b-9ea5-4c8d8ae7e64d,2021,2021-12-15,4.7,73,43,true
6786b949-1b7f-4f8d-849b-3d8910596993,4db19165-70b3-4e7b-9ea5-4c8d8ae7e64d,2022,2022-12-15,3.4,74,58,false
994398ad-2a62-4d68-9397-67a6b97013d9,4db19165-70b3-4e7b-9ea5-4c8d8ae7e64d,2023,2023-12-15,3.3,98,15,false
419a54ac-a772-49e8-983e-f82147c78525,4db19165-70b3-4e7b-9ea5-4c8d8ae7e64d,2024,2024-12-15,3.6,71,36,false
2524c85e-ddb3-4bad-b339-3adb6de305db,4db19165-70b3-4e7b-9ea5-4c8d8ae7e64d,2025,2025-12-15,3.5,82,43,false
988a19e9-ac06-4056-9043-c0cc06db3d8a,4db19165-70b3-4e7b-9ea5-4c8d8ae7e64d,2026,2026-12-15,2.2,67,16,false
eec2713e-7521-46fd-82f6-5bbdbd6012bc,8772a587-a814-4c40-9ffa-01f07a23e11a,2023,2023-12-15,2.2,98,54,false
35d1c138-0d1f-4f0a-865f-71cee5c0aaa5,8772a587-a814-4c40-9ffa-01f07a23e11a,2024,2024-12-15,4.3,99,27,false
7939b82c-24ad-4781-84f8-9c3d1567fc6b,8772a587-a814-4c40-9ffa-01f07a23e11a,2025,2025-12-15,4.8,63,20,false
27d88db0-8af5-4315-83a1-c6e8c8c70639,8772a587-a814-4c40-9ffa-01f07a23e11a,2026,2026-12-15,2.6,75,54,false
7a1c4ed6-9c4e-4b96-8bbf-ef23120cf37c,13e6bfc3-3929-4f23-a54f-3f2bb2966312,2019,2019-12-15,4.8,95,45,false
d78a401e-76f3-4962-b4e7-65bfb0107b05,13e6bfc3-3929-4f23-a54f-3f2bb2966312,2020,2020-12-15,3.9,82,13,false
38371dee-dbdd-4f41-9c80-c8a1343d80cc,13e6bfc3-3929-4f23-a54f-3f2bb2966312,2021,2021-12-15,3.1,61,42,false
ac885a99-b2a8-428b-bacf-77e42995bb15,13e6bfc3-3929-4f23-a54f-3f2bb2966312,2022,2022-12-15,3.9,96,35,false
068e72cb-9f4b-43bf-a6f2-658ed6c1b1e0,13e6bfc3-3929-4f23-a54f-3f2bb2966312,2023,2023-12-15,4.6,96,45,true
e12a4ff6-b08c-4e65-9f5d-e82f29694799,13e6bfc3-3929-4f23-a54f-3f2bb2966312,2024,2024-12-15,4.8,61,32,false
e72eac31-fd16-4ca0-83a0-e71fdf587fc6,13e6bfc3-3929-4f23-a54f-3f2bb2966312,2025,2025-12-15,3.1,77,51,false
f0242e79-9dae-4354-9b65-455df5a7ae5c,13e6bfc3-3929-4f23-a54f-3f2bb2966312,2026,2026-12-15,2,81,55,false
e5fe6726-e5e5-4c35-93a5-5a1a1a69a5a4,765aa0f5-1df7-4d13-b9a2-99c6ac1da22f,2016,2016-12-15,2.9,71,51,false
400567c7-e2be-45e9-a5c8-5ccaf5e99f47,765aa0f5-1df7-4d13-b9a2-99c6ac1da22f,2017,2017-12-15,3.5,96,51,false
f83cba47-9bd9-490e-b284-180e8eddd101,765aa0f5-1df7-4d13-b9a2-99c6ac1da22f,2018,2018-12-15,5,87,36,true
aba100e2-620b-46a9-8f9b-d615f8253b67,765aa0f5-1df7-4d13-b9a2-99c6ac1da22f,2019,2019-12-15,2.4,86,53,false
f64360d0-984a-4d1b-bd84-646a6602ecf9,765aa0f5-1df7-4d13-b9a2-99c6ac1da22f,2020,2020-12-15,4.2,99,55,false
e6a7fd9c-8806-416d-9fae-ea413a9cb8a6,765aa0f5-1df7-4d13-b9a2-99c6ac1da22f,2021,2021-12-15,3.1,93,46,false
0e26d045-efae-4ff5-9643-5b0f5c0e630b,765aa0f5-1df7-4d13-b9a2-99c6ac1da22f,2022,2022-12-15,4.1,73,51,false
7dfd6d25-c3af-4ef9-846e-7c5047acbbba,765aa0f5-1df7-4d13-b9a2-99c6ac1da22f,2023,2023-12-15,4.5,60,26,true
803e443f-6911-444f-a90f-92d31416cb3b,765aa0f5-1df7-4d13-b9a2-99c6ac1da22f,2024,2024-12-15,4.9,64,28,false
9a109c66-4fa1-4cf0-8ea3-1013530abf4c,765aa0f5-1df7-4d13-b9a2-99c6ac1da22f,2025,2025-12-15,4.3,91,40,false
5f8a9575-afa4-4306-aadb-7beb19aa48ec,765aa0f5-1df7-4d13-b9a2-99c6ac1da22f,2026,2026-12-15,3.7,87,42,false
aef3b428-465e-463b-a1ed-d39b1219cb6d,96e871d5-f00c-404a-ad65-75765d43993e,2020,2020-12-15,2.9,74,23,false
e069f3e5-f8d8-4e73-8942-0ebae6e90dfd,96e871d5-f00c-404a-ad65-75765d43993e,2021,2021-12-15,3.4,79,50,false
aec5d589-a40a-4a66-9af5-ff655557ef8e,96e871d5-f00c-404a-ad65-75765d43993e,2022,2022-12-15,3.7,66,47,false
3963e6b8-7dfe-47b6-85cc-e029fc716c1a,96e871d5-f00c-404a-ad65-75765d43993e,2023,2023-12-15,2.5,60,40,false
08fc2e4f-d154-4a73-8128-b4ea361f6acf,96e871d5-f00c-404a-ad65-75765d43993e,2024,2024-12-15,4.2,80,41,false
bb080db4-2e4b-4ade-bad8-4025cb1ced8b,96e871d5-f00c-404a-ad65-75765d43993e,2025,2025-12-15,2.5,96,22,false
42c4c4f4-ba09-4ee3-ba59-6b44dc7dcce4,96e871d5-f00c-404a-ad65-75765d43993e,2026,2026-12-15,3.5,99,55,false
c53c557a-6eff-42fa-9ca0-41eba88b74c7,21873b7c-9ad6-416e-8e19-cf9163cac91b,2022,2022-12-15,4.9,99,47,false
40669c06-abb3-47be-a80f-12cf600a6c5d,21873b7c-9ad6-416e-8e19-cf9163cac91b,2023,2023-12-15,4.8,68,44,false
b9f892ce-6b9f-40a8-893f-a32de11b9f95,21873b7c-9ad6-416e-8e19-cf9163cac91b,2024,2024-12-15,3.6,66,27,false
546bda4f-2586-48c6-9260-f2d8e61ef4a9,21873b7c-9ad6-416e-8e19-cf9163cac91b,2025,2025-12-15,2.2,97,21,false
407b2797-9b87-43ad-8b8e-eadec1ee24cc,21873b7c-9ad6-416e-8e19-cf9163cac91b,2026,2026-12-15,4.5,60,31,false
6404a2f4-dd97-4f76-ba34-ec8301a21539,c3ba6d27-5250-4549-ad46-333b8f1907f5,2023,2023-12-15,2.9,88,15,false
46e464cf-a5c0-4a31-a754-e845395b825b,c3ba6d27-5250-4549-ad46-333b8f1907f5,2024,2024-12-15,3.8,64,55,false
d3fe2322-2ad8-4969-a426-3f668ffe747d,c3ba6d27-5250-4549-ad46-333b8f1907f5,2025,2025-12-15,4.8,88,32,false
c390db86-e368-4070-a858-f5848a2525b1,c3ba6d27-5250-4549-ad46-333b8f1907f5,2026,2026-12-15,2.1,62,20,false
cd458de5-22d2-4aef-aa9f-aa106427b576,53a3e6bb-b2fc-4d1f-acfa-a053b6109c6d,2021,2021-12-15,3.8,62,15,false
7a463e80-c810-4f95-9ae6-3a82e38ee3a4,53a3e6bb-b2fc-4d1f-acfa-a053b6109c6d,2022,2022-12-15,4.7,83,39,true
a91cbc1b-c22e-41ed-82c0-eeb990672edc,53a3e6bb-b2fc-4d1f-acfa-a053b6109c6d,2023,2023-12-15,4.9,72,38,false
7d581fc4-999c-4b3c-925f-9ad71514dc83,53a3e6bb-b2fc-4d1f-acfa-a053b6109c6d,2024,2024-12-15,3.2,94,47,false
07f3aed7-2437-4798-8a91-43fe1ae4c0e4,53a3e6bb-b2fc-4d1f-acfa-a053b6109c6d,2025,2025-12-15,3.1,70,56,false
75ae01ec-658a-4569-b5eb-1075dd7859a2,53a3e6bb-b2fc-4d1f-acfa-a053b6109c6d,2026,2026-12-15,4.2,84,32,false
6ccab6f7-8d84-4cb6-bcc9-3826d4c10105,0bf63119-100d-47bd-ac30-c233e86a4ebf,2026,2026-12-15,3.7,97,16,false
5a7733bd-498c-47a1-b7aa-34c615e8efe5,9280ccaf-2cd7-4890-bdd7-4e459a68703d,2019,2019-12-15,4.9,66,54,true
6bda8497-5e4d-4273-968f-1fb91b13458b,9280ccaf-2cd7-4890-bdd7-4e459a68703d,2020,2020-12-15,3.3,67,25,false
b5411e16-0d29-4d58-9b1b-7558b035ba5c,9280ccaf-2cd7-4890-bdd7-4e459a68703d,2021,2021-12-15,3.1,93,15,false
fa7a58b4-6695-469f-b9aa-85719c7d67c1,9280ccaf-2cd7-4890-bdd7-4e459a68703d,2022,2022-12-15,3.2,94,58,false
31481799-f6c0-482e-954d-dcc62e1cba55,9280ccaf-2cd7-4890-bdd7-4e459a68703d,2023,2023-12-15,2.7,96,56,false
ac50c06f-f345-44d2-bdc6-d8e421fefa08,9280ccaf-2cd7-4890-bdd7-4e459a68703d,2024,2024-12-15,2,85,21,false
c8d91368-81de-4825-be3d-770aadd04130,9280ccaf-2cd7-4890-bdd7-4e459a68703d,2025,2025-12-15,4.7,93,30,false
15f3615b-2acf-43b2-b54c-20161efa702b,9280ccaf-2cd7-4890-bdd7-4e459a68703d,2026,2026-12-15,3.8,95,15,false
d2eb27d3-a99f-4d98-a7a2-43a775855fcb,137b2a8e-ff95-441b-8784-ad3a73145ae4,2021,2021-12-15,3.8,79,24,false
290b26a8-b8e0-4c60-ba80-a34516239671,137b2a8e-ff95-441b-8784-ad3a73145ae4,2022,2022-12-15,4.4,79,19,false
60704fee-8e41-48ca-8a1a-475eca7faec5,137b2a8e-ff95-441b-8784-ad3a73145ae4,2023,2023-12-15,4.4,99,28,false
4deba8e6-245c-4c3d-ba8e-9b07a202bd6a,137b2a8e-ff95-441b-8784-ad3a73145ae4,2024,2024-12-15,4.9,77,39,false
2a5a108e-bb53-4ec1-a892-6269002d5ba1,137b2a8e-ff95-441b-8784-ad3a73145ae4,2025,2025-12-15,4.2,74,60,false
571e95c5-aac7-4b28-a89e-747c22dc5d6e,137b2a8e-ff95-441b-8784-ad3a73145ae4,2026,2026-12-15,4,94,52,false
d12f6634-c8ee-4e4c-983d-3dc427bd056e,ac1ebae7-118f-489c-8554-56261ef5acce,2020,2020-12-15,3.2,86,41,false
6b87eb3f-8f30-4f9f-ab94-f2de4b57488d,ac1ebae7-118f-489c-8554-56261ef5acce,2021,2021-12-15,3.6,81,35,false
8b844b92-6fc3-4778-8b82-e620dab7d377,ac1ebae7-118f-489c-8554-56261ef5acce,2022,2022-12-15,2.9,91,15,false
fac00077-8adc-4e8d-b317-6a4056db4725,ac1ebae7-118f-489c-8554-56261ef5acce,2023,2023-12-15,3,99,28,false
a3759e73-89d0-4c9d-8832-3eec65171d07,ac1ebae7-118f-489c-8554-56261ef5acce,2024,2024-12-15,3.9,86,18,false
614ebf88-8f42-476a-bc2b-36bf6fd86ae4,ac1ebae7-118f-489c-8554-56261ef5acce,2025,2025-12-15,2.3,77,56,false
cb3b46ee-257c-4b9f-bd1e-35b83066d870,ac1ebae7-118f-489c-8554-56261ef5acce,2026,2026-12-15,3.1,73,46,false
c5929c19-d460-4d12-899d-ac5354e65d8c,009cc850-8d30-42f1-850b-93806566e3b3,2025,2025-12-15,3.2,65,47,false
18ab1bb3-ae73-4714-a4da-c08c6f2320aa,009cc850-8d30-42f1-850b-93806566e3b3,2026,2026-12-15,3.6,74,30,false
06703c63-17d6-4843-8789-48b51a45a89b,c3cb1bc2-b4bc-46a9-9d07-5af1a4286613,2024,2024-12-15,3.7,85,60,false
4f33d433-2130-4fcb-a8e6-e3a0dd01cf84,c3cb1bc2-b4bc-46a9-9d07-5af1a4286613,2025,2025-12-15,3,65,38,false
b67c9cbf-d090-4855-9a30-1d8b23609023,c3cb1bc2-b4bc-46a9-9d07-5af1a4286613,2026,2026-12-15,3.5,65,40,false
6462bbd7-b514-4f97-b1a5-58bb6ad2aca7,f2074da0-31ad-4f44-9f4e-6758c09dea0d,2020,2020-12-15,3.1,62,46,false
a7b74011-58b3-4d6d-a6bc-cc3dde4046a4,f2074da0-31ad-4f44-9f4e-6758c09dea0d,2021,2021-12-15,3.3,95,31,false
1cf0be98-c0d3-430c-810e-20a8abfe6fc3,f2074da0-31ad-4f44-9f4e-6758c09dea0d,2022,2022-12-15,4.6,90,49,true
e749d82e-c5d6-4ef9-8a43-6ad89dbcf012,f2074da0-31ad-4f44-9f4e-6758c09dea0d,2023,2023-12-15,3.4,100,47,false
39817aaf-3634-4050-8c1b-f814e6ba68e4,f2074da0-31ad-4f44-9f4e-6758c09dea0d,2024,2024-12-15,2.9,72,51,false
465c15a8-b7a8-469c-b646-34c649346c35,f2074da0-31ad-4f44-9f4e-6758c09dea0d,2025,2025-12-15,3.7,93,51,false
50623aa8-0cd5-4a82-b4a4-0a7cf19f5020,f2074da0-31ad-4f44-9f4e-6758c09dea0d,2026,2026-12-15,4,72,59,false
fe659344-d1ce-4511-bb79-a3938e53a970,a629701d-206c-49d4-ac22-4d735603870f,2017,2017-12-15,2.4,70,54,false
40adfcb5-200b-465c-86a8-cc7adb669173,a629701d-206c-49d4-ac22-4d735603870f,2018,2018-12-15,2.3,78,11,false
25e42ee3-2a63-49b9-ba02-3324fb05b144,a629701d-206c-49d4-ac22-4d735603870f,2019,2019-12-15,3.3,95,20,false
47ce6b30-0e87-4a3d-bd05-b4bc081c90fe,a629701d-206c-49d4-ac22-4d735603870f,2020,2020-12-15,4.5,69,44,false
8f2b0eff-6ddd-428f-853a-04a66dbc683f,a629701d-206c-49d4-ac22-4d735603870f,2021,2021-12-15,3.6,71,13,false
2cfc97ef-ec6c-47ed-ac0c-34b794662d55,a629701d-206c-49d4-ac22-4d735603870f,2022,2022-12-15,2.1,76,31,false
0df4bfde-8c14-4447-a9f6-6fcc3f88c61d,a629701d-206c-49d4-ac22-4d735603870f,2023,2023-12-15,2.3,99,45,false
e50f534c-2a11-4e94-87df-11c7a902c42f,a629701d-206c-49d4-ac22-4d735603870f,2024,2024-12-15,4,70,32,false
346e0ffa-058f-46f2-94eb-a37248cbbff9,a629701d-206c-49d4-ac22-4d735603870f,2025,2025-12-15,3.3,74,40,false
cd430bf1-a6e1-4cb3-bad0-5db5c44eec3c,a629701d-206c-49d4-ac22-4d735603870f,2026,2026-12-15,3.8,69,48,false
0012bb9e-5a8f-4d7a-86a0-33492f150644,5cb81f28-5cf3-4fb8-b33f-548cb308ab3a,2024,2024-12-15,2.8,99,53,false
d3e5a05b-8383-43cb-af79-d2f01ced0b35,5cb81f28-5cf3-4fb8-b33f-548cb308ab3a,2025,2025-12-15,2.3,80,44,false
945bdffa-e990-40d7-8f88-0364ceb6c33d,5cb81f28-5cf3-4fb8-b33f-548cb308ab3a,2026,2026-12-15,2.7,83,36,false
f6b5017a-bb50-4eda-b806-7ac24c267005,71bd1626-70a0-402f-b406-318f885ee411,2019,2019-12-15,4.6,70,30,false
0f0c05d6-6831-4aae-b809-51d6e43b70cd,71bd1626-70a0-402f-b406-318f885ee411,2020,2020-12-15,4.7,89,58,true
d2ab9e80-f565-404d-a41a-21c90e9abb2f,71bd1626-70a0-402f-b406-318f885ee411,2021,2021-12-15,3.3,80,52,false
dbd9ad2b-08cf-4dc7-9e25-406c9a3e7308,71bd1626-70a0-402f-b406-318f885ee411,2022,2022-12-15,2.8,66,30,false
2b3c6862-0150-4347-abad-412274031db4,71bd1626-70a0-402f-b406-318f885ee411,2023,2023-12-15,5,84,18,true
9fd6cb05-f03a-42d3-9361-f86a8dec7a9f,71bd1626-70a0-402f-b406-318f885ee411,2024,2024-12-15,4.5,65,53,true
4c1663eb-bb63-4938-9a4d-7daa90da828b,71bd1626-70a0-402f-b406-318f885ee411,2025,2025-12-15,2.3,71,35,false
d70d6468-999b-4b78-a46e-36283e8e3380,71bd1626-70a0-402f-b406-318f885ee411,2026,2026-12-15,4.1,90,13,false
84411eea-188a-4111-b52c-9efbb9f5d330,98172343-218d-4f1a-83d9-2dabdc2f94e3,2018,2018-12-15,4.5,75,48,true
82a78804-cf2c-4dae-bc4d-4d4cf7a2dcde,98172343-218d-4f1a-83d9-2dabdc2f94e3,2019,2019-12-15,4.7,67,44,true
a3fbbc04-6afe-4f36-940f-ce8417304cbc,98172343-218d-4f1a-83d9-2dabdc2f94e3,2020,2020-12-15,2.1,79,38,false
61d934ca-98d4-4f1c-b877-69eb19761f2a,98172343-218d-4f1a-83d9-2dabdc2f94e3,2021,2021-12-15,4.8,71,39,true
2244de76-fee2-4432-85bc-a54ba6ac91f2,98172343-218d-4f1a-83d9-2dabdc2f94e3,2022,2022-12-15,3.4,98,46,false
cb852bbb-2dcf-41cc-b5bc-9ba42be38757,98172343-218d-4f1a-83d9-2dabdc2f94e3,2023,2023-12-15,4.8,69,17,false
444f8b04-fee4-4a20-ab34-1edc5df3ec6c,98172343-218d-4f1a-83d9-2dabdc2f94e3,2024,2024-12-15,3.3,65,41,false
09d1ccd4-85c9-426b-9e6c-0bcabb62df90,98172343-218d-4f1a-83d9-2dabdc2f94e3,2025,2025-12-15,2.4,92,31,false
6098de0b-fcf3-46ef-bb85-95e0e99866eb,98172343-218d-4f1a-83d9-2dabdc2f94e3,2026,2026-12-15,3.5,81,37,false
c51cad91-866c-4d0f-a487-ed0ab62c4035,bdab553e-38b0-4faf-bc1f-99a6f8c2139c,2026,2026-12-15,3,65,36,false
d11f0d4d-c1ca-486d-8a2d-3874054558bc,2c4cc94a-3a1f-4bf3-9849-4d4d083654aa,2020,2020-12-15,3.6,62,48,false
c9a9cd33-ecd2-478e-b001-ff49e224ceb7,2c4cc94a-3a1f-4bf3-9849-4d4d083654aa,2021,2021-12-15,4.4,95,49,false
7cc68e64-eb8e-4b86-8431-6129ffbe060d,2c4cc94a-3a1f-4bf3-9849-4d4d083654aa,2022,2022-12-15,3.5,78,24,false
2a073546-7d83-4d8c-a4ba-14aaf9483f0c,2c4cc94a-3a1f-4bf3-9849-4d4d083654aa,2023,2023-12-15,4.8,88,28,true
fb0e48d1-64e0-4aaa-b87a-3a43b6eeb8ab,2c4cc94a-3a1f-4bf3-9849-4d4d083654aa,2024,2024-12-15,3.9,64,60,false
fc101bd5-1be9-4df7-97c2-3cb04dd31bd0,2c4cc94a-3a1f-4bf3-9849-4d4d083654aa,2025,2025-12-15,2.5,65,21,false
ff5420a7-9c8a-4b58-ae87-7623e781f399,2c4cc94a-3a1f-4bf3-9849-4d4d083654aa,2026,2026-12-15,3.1,60,57,false
43d00252-2995-4934-b702-f3bebcc630b9,21b9eb5c-afbd-4713-be14-4360e5e82d55,2019,2019-12-15,3.5,73,59,false
edae2481-6872-4dda-8868-3746eb67b38c,21b9eb5c-afbd-4713-be14-4360e5e82d55,2020,2020-12-15,2.4,63,11,false
aea42a16-eff3-4c73-a672-25763d93f54e,21b9eb5c-afbd-4713-be14-4360e5e82d55,2021,2021-12-15,2.2,96,28,false
c209eda9-0e40-433a-97ee-a2bc8cefcf56,21b9eb5c-afbd-4713-be14-4360e5e82d55,2022,2022-12-15,4.2,93,37,false
70009499-4db0-4395-857a-b8bf140aa02f,21b9eb5c-afbd-4713-be14-4360e5e82d55,2023,2023-12-15,2.1,68,28,false
0dcb968e-21c6-4625-b6ee-1d75fb7c82ca,21b9eb5c-afbd-4713-be14-4360e5e82d55,2024,2024-12-15,3.7,63,32,false
1ec08a52-6568-485f-a921-e59b7b5020ee,21b9eb5c-afbd-4713-be14-4360e5e82d55,2025,2025-12-15,4.7,99,41,true
f7883ba3-9d21-462e-aa01-a1738f3b3844,21b9eb5c-afbd-4713-be14-4360e5e82d55,2026,2026-12-15,3.7,95,34,false
b41176c6-e3eb-4000-9029-c6ad1123c2d0,129d76ed-d875-438d-8aeb-ad71031e3de2,2017,2017-12-15,4.2,64,35,false
5035e52a-a34e-448a-88ed-71e11cf318cc,129d76ed-d875-438d-8aeb-ad71031e3de2,2018,2018-12-15,2,61,36,false
99c51dc0-f00e-407c-bf6f-0a9a263c4a21,129d76ed-d875-438d-8aeb-ad71031e3de2,2019,2019-12-15,4.9,82,49,false
89126092-2dee-49ff-934b-4cc852db1924,129d76ed-d875-438d-8aeb-ad71031e3de2,2020,2020-12-15,3.1,60,40,false
192ce8f6-fb84-4003-82ce-2146e37e2b63,129d76ed-d875-438d-8aeb-ad71031e3de2,2021,2021-12-15,4.6,95,45,false
3d83e2e1-89f9-4084-980e-d02f4b980d15,129d76ed-d875-438d-8aeb-ad71031e3de2,2022,2022-12-15,2.1,81,60,false
5fd42b94-7fec-43b1-bc1a-019b36fc64a7,129d76ed-d875-438d-8aeb-ad71031e3de2,2023,2023-12-15,2.8,78,35,false
eeb6d683-eb12-4e5c-9561-dd9a40838022,129d76ed-d875-438d-8aeb-ad71031e3de2,2024,2024-12-15,2.7,60,23,false
cb24b1b1-0562-439b-a7c2-d1c8460c32f2,129d76ed-d875-438d-8aeb-ad71031e3de2,2025,2025-12-15,2.2,85,18,false
7e3d8e96-2a9e-48ae-9bfd-43d7255ac619,129d76ed-d875-438d-8aeb-ad71031e3de2,2026,2026-12-15,4.5,88,13,false
57b8ebbf-6e0a-4a28-92e8-65e6a432404a,13c053c2-dfe2-4050-a08d-9695b43faefd,2017,2017-12-15,2.3,99,17,false
a38ae6a9-2c58-4c7d-862e-896db7dcc2e0,13c053c2-dfe2-4050-a08d-9695b43faefd,2018,2018-12-15,3.8,87,17,false
9b6e4305-82f2-4a1b-ba34-ee3caf70ca10,13c053c2-dfe2-4050-a08d-9695b43faefd,2019,2019-12-15,4.1,61,43,false
47a2ca8e-2b8b-46ba-87a0-2ebed54231a8,13c053c2-dfe2-4050-a08d-9695b43faefd,2020,2020-12-15,4.9,74,23,true
e33c1efb-d9ac-43af-b94f-fc1ad5d0be4b,13c053c2-dfe2-4050-a08d-9695b43faefd,2021,2021-12-15,4,89,15,false
979184ec-7e2e-4647-a9f9-363c4d19c6c5,13c053c2-dfe2-4050-a08d-9695b43faefd,2022,2022-12-15,3.5,72,25,false
717f992d-8af9-4062-9823-dc544814ce7b,13c053c2-dfe2-4050-a08d-9695b43faefd,2023,2023-12-15,2,65,26,false
8495348f-e0d5-47f6-b983-94ee659ef835,13c053c2-dfe2-4050-a08d-9695b43faefd,2024,2024-12-15,4.1,79,52,false
f41ddf8a-d169-4aa5-95d0-52b8cd32817e,13c053c2-dfe2-4050-a08d-9695b43faefd,2025,2025-12-15,2.2,95,20,false
4bdf45a4-f4e1-47cb-94f8-779ec592021f,13c053c2-dfe2-4050-a08d-9695b43faefd,2026,2026-12-15,2.7,100,49,false
497fa6dd-0afc-4435-bd19-2226fe431a06,6203e1ee-0792-49e0-822d-a1e187c0089f,2025,2025-12-15,2.9,85,10,false
1bfc80b5-4f76-4740-ba00-52b8bf510b9e,6203e1ee-0792-49e0-822d-a1e187c0089f,2026,2026-12-15,2.8,62,11,false
35990720-7312-4fe0-b8a7-d09d662dd0d3,df2a0329-c692-4e94-8099-b2befe8cb4f1,2026,2026-12-15,2,83,16,false
9acd06d0-0201-4528-8c40-c6ba4d8ab08a,24fa7844-f037-4700-ab8d-0966b364447a,2021,2021-12-15,2.2,79,38,false
b521c299-762b-49ad-a306-b12f7093f836,24fa7844-f037-4700-ab8d-0966b364447a,2022,2022-12-15,2.9,84,58,false
775a10e4-c61e-4df2-8e42-0d7cc6c62273,24fa7844-f037-4700-ab8d-0966b364447a,2023,2023-12-15,3.7,86,14,false
74af08f2-d8f1-4e7f-9d66-e85ca1dec403,24fa7844-f037-4700-ab8d-0966b364447a,2024,2024-12-15,5,76,50,true
0a8125a9-39b9-4f48-8b8d-1a91a0f73b62,24fa7844-f037-4700-ab8d-0966b364447a,2025,2025-12-15,4.2,81,55,false
c698c1fe-a472-4b5a-b013-c32915804173,24fa7844-f037-4700-ab8d-0966b364447a,2026,2026-12-15,2.3,75,35,false
81eb3c76-0da5-4bc1-8ad0-7ec18dcb32e6,44bd5790-7b96-4d36-bd8a-b546853f6215,2017,2017-12-15,4.7,65,18,false
0c73960c-fa47-42b9-b4db-a21daea392a9,44bd5790-7b96-4d36-bd8a-b546853f6215,2018,2018-12-15,4.6,63,33,false
23850249-3fd3-4994-a5df-bc168a29f4ea,44bd5790-7b96-4d36-bd8a-b546853f6215,2019,2019-12-15,2.3,84,13,false
8c3db70c-fcfd-4530-b85c-f0c94d92c513,44bd5790-7b96-4d36-bd8a-b546853f6215,2020,2020-12-15,4.3,64,31,false
3cf8175f-a15d-4627-b659-73cec8caccd6,44bd5790-7b96-4d36-bd8a-b546853f6215,2021,2021-12-15,4.4,91,14,false
952916bf-da76-4535-8e72-88947be54b32,44bd5790-7b96-4d36-bd8a-b546853f6215,2022,2022-12-15,3.6,82,14,false
26fd84d6-8bdc-4d0e-ad33-1824353adb09,44bd5790-7b96-4d36-bd8a-b546853f6215,2023,2023-12-15,3.8,95,46,false
1284f4ec-c114-4b74-b540-d7872786954d,44bd5790-7b96-4d36-bd8a-b546853f6215,2024,2024-12-15,2.6,73,12,false
c53073c6-608d-49ee-b71d-c89a5342408b,44bd5790-7b96-4d36-bd8a-b546853f6215,2025,2025-12-15,3.5,96,59,false
18e2160a-9753-4f37-8f55-821f2295c9c4,44bd5790-7b96-4d36-bd8a-b546853f6215,2026,2026-12-15,3.4,82,18,false
9c7a247a-d7ea-4aef-9119-f075ec69af40,5ae2f0cb-3910-4e07-8272-5fcf199e2b8c,2020,2020-12-15,4.6,68,37,false
a1a9192c-3493-41da-ac9b-c4b5678472a9,5ae2f0cb-3910-4e07-8272-5fcf199e2b8c,2021,2021-12-15,2.1,99,28,false
ce7e5cd0-511c-4411-9fbd-78a453d3904c,5ae2f0cb-3910-4e07-8272-5fcf199e2b8c,2022,2022-12-15,2.3,84,47,false
03bb40c7-c96e-46cb-9b58-918b7e393f7e,5ae2f0cb-3910-4e07-8272-5fcf199e2b8c,2023,2023-12-15,3.2,60,58,false
87186d40-785c-46f5-af26-4dbe18f393ed,5ae2f0cb-3910-4e07-8272-5fcf199e2b8c,2024,2024-12-15,3.2,94,20,false
bd40bcd4-2899-4507-b396-91ebc08c1f66,5ae2f0cb-3910-4e07-8272-5fcf199e2b8c,2025,2025-12-15,2,87,26,false
f3e8e32e-43c8-40e4-a833-09eb5be84ee1,5ae2f0cb-3910-4e07-8272-5fcf199e2b8c,2026,2026-12-15,3.9,66,11,false
609b0b1b-9013-4529-a0b6-6082e246368b,44da7025-7d88-4073-930e-4076ced86310,2021,2021-12-15,3.5,63,44,false
b13ec09e-a8f3-4f21-ab87-474090108993,44da7025-7d88-4073-930e-4076ced86310,2022,2022-12-15,4.9,93,15,false
2fd18b9e-64b6-483f-a4c7-cbe540e01eaa,44da7025-7d88-4073-930e-4076ced86310,2023,2023-12-15,4,86,27,false
2d9baf46-9825-45e7-aef3-4211f0965ea0,44da7025-7d88-4073-930e-4076ced86310,2024,2024-12-15,4.3,96,30,false
f07d81f4-fdc5-4527-865e-b8474f0f3459,44da7025-7d88-4073-930e-4076ced86310,2025,2025-12-15,4.6,80,54,false
f8aadc6a-2b3d-4fab-a5fd-65fdcac9dc7a,44da7025-7d88-4073-930e-4076ced86310,2026,2026-12-15,2.7,96,32,false
147343b3-27bf-4ca0-8e8a-cf8bcf20c6d7,7f68e163-f283-4265-82c1-9b29c3e5af07,2018,2018-12-15,4.4,83,23,false
fe24164d-6bba-4091-b242-9e814ccca585,7f68e163-f283-4265-82c1-9b29c3e5af07,2019,2019-12-15,4,91,34,false
3f837be5-6a40-41a1-9d27-0a25e58e13dc,7f68e163-f283-4265-82c1-9b29c3e5af07,2020,2020-12-15,4.1,62,48,false
2e5055f8-8387-4988-adc8-44393c101bd2,7f68e163-f283-4265-82c1-9b29c3e5af07,2021,2021-12-15,4.3,82,42,false
0a65f620-d8ff-4738-9f30-e42f8f245c43,7f68e163-f283-4265-82c1-9b29c3e5af07,2022,2022-12-15,2.7,64,37,false
35ae7801-d7e2-48b0-b2b2-3c7ca1e897b1,7f68e163-f283-4265-82c1-9b29c3e5af07,2023,2023-12-15,2.3,75,29,false
f2adb83e-3989-44eb-ad6c-91db1a0b481c,7f68e163-f283-4265-82c1-9b29c3e5af07,2024,2024-12-15,4.5,83,38,true
fe93f7db-d4ec-472e-a3fe-386a406af373,7f68e163-f283-4265-82c1-9b29c3e5af07,2025,2025-12-15,4,83,48,false
46e231ee-9e56-4e17-84e9-ca4ffcbd7a97,7f68e163-f283-4265-82c1-9b29c3e5af07,2026,2026-12-15,3.2,62,11,false
a2d01a1f-aa65-4027-890f-02f0f91de652,194c2d4d-cbaf-4d32-9d95-35974370aa55,2019,2019-12-15,2.3,73,36,false
9bbf5277-fdd8-4a08-9af0-c06e2d75952b,194c2d4d-cbaf-4d32-9d95-35974370aa55,2020,2020-12-15,2.6,68,12,false
1cd9074e-035d-4f32-b7ae-e26f289b1fc3,194c2d4d-cbaf-4d32-9d95-35974370aa55,2021,2021-12-15,4.8,84,58,false
71275d8c-f52c-4152-b41c-81a2814da440,194c2d4d-cbaf-4d32-9d95-35974370aa55,2022,2022-12-15,4.3,79,40,false
bc509904-3739-4352-8ff3-0d2be5beb21a,194c2d4d-cbaf-4d32-9d95-35974370aa55,2023,2023-12-15,4.5,75,48,false
dc1fd3e8-d167-48f7-969c-97d17768892f,194c2d4d-cbaf-4d32-9d95-35974370aa55,2024,2024-12-15,3.1,73,19,false
1c47d684-1a14-4c12-b0dd-fa65df5aaf0f,194c2d4d-cbaf-4d32-9d95-35974370aa55,2025,2025-12-15,2.3,72,60,false
eabc1295-d64b-424b-a606-ca4ca5497725,194c2d4d-cbaf-4d32-9d95-35974370aa55,2026,2026-12-15,4.8,60,39,false
0eba5cc5-2677-469f-b929-d4379b0f84a1,a55b7345-8c8d-4be6-a6e5-176b404c932c,2026,2026-12-15,3.6,94,45,false
143ddbee-0553-49ed-b604-60c0dd845732,0a2d0c29-bf33-469b-bf9a-9918fd034a27,2025,2025-12-15,4.5,88,25,true
fbce3c62-17ef-4c4b-b8a6-3ae29de79aa4,0a2d0c29-bf33-469b-bf9a-9918fd034a27,2026,2026-12-15,3.3,94,44,false
ca381e9d-afb1-4488-b9f8-e7665f79012f,17df8764-268a-4bea-baad-d6c3edccd53b,2024,2024-12-15,2.6,61,17,false
5967b15e-195e-4176-b81d-36cd5ab21df6,17df8764-268a-4bea-baad-d6c3edccd53b,2025,2025-12-15,2.7,92,37,false
650d628b-c2b8-497f-9a6b-5b30fdcfda13,17df8764-268a-4bea-baad-d6c3edccd53b,2026,2026-12-15,2.6,81,27,false
d15e459c-7f99-49c9-97bf-77ef0250c909,28eb26fa-ab54-4970-9074-337df40283f7,2024,2024-12-15,2.6,83,45,false
5e4a3d8e-695f-446e-b634-130e732a1bd8,28eb26fa-ab54-4970-9074-337df40283f7,2025,2025-12-15,3.2,100,31,false
3523cd21-e0d5-4251-a2dc-4b14332a3c74,28eb26fa-ab54-4970-9074-337df40283f7,2026,2026-12-15,3.5,65,26,false
eeb44e17-0ae2-4cce-81b9-7476756ac9c5,39b89e8b-c52e-4a98-859d-1d5d3c304b5c,2022,2022-12-15,3.8,74,19,false
e68dbcb5-6cfc-438b-809f-e999f5c8873f,39b89e8b-c52e-4a98-859d-1d5d3c304b5c,2023,2023-12-15,2.1,76,26,false
19a8c03b-e4b8-4570-b738-aafdc062abf0,39b89e8b-c52e-4a98-859d-1d5d3c304b5c,2024,2024-12-15,2.7,64,10,false
af5b5ebd-457c-4032-ac5b-a806b96b1265,39b89e8b-c52e-4a98-859d-1d5d3c304b5c,2025,2025-12-15,4.2,70,43,false
0c5ad64e-ca05-4e2f-a532-5fe1755b4876,39b89e8b-c52e-4a98-859d-1d5d3c304b5c,2026,2026-12-15,4.5,61,16,true
6be0f87b-4aab-4b3d-9408-c5519d386a7f,fc0492fb-bde1-425a-8bf1-2e80906f861b,2026,2026-12-15,2.7,86,32,false
212b16af-6c37-4c6e-b7e8-30b3c32ef10e,e7268767-badc-4731-83f1-3df575365ff3,2025,2025-12-15,4.3,70,15,false
897a9583-28f2-4855-809c-83c803a6d6d3,e7268767-badc-4731-83f1-3df575365ff3,2026,2026-12-15,2.5,81,45,false
f64adf7e-3c1c-4aed-9d88-2c65bac1dcdf,4746108b-2b48-4072-8347-d981b2a167dd,2016,2016-12-15,2.8,82,13,false
0433f409-5843-4f57-acea-d39f435a1064,4746108b-2b48-4072-8347-d981b2a167dd,2017,2017-12-15,4.3,64,47,false
3526119b-2ece-44f7-9885-18132ef06989,4746108b-2b48-4072-8347-d981b2a167dd,2018,2018-12-15,2.4,84,48,false
c07b5ae3-091c-4a4d-a000-6f603547a880,4746108b-2b48-4072-8347-d981b2a167dd,2019,2019-12-15,4.4,98,49,false
c8be1bba-2bbc-4f4e-840d-54c109ccd1f4,4746108b-2b48-4072-8347-d981b2a167dd,2020,2020-12-15,4.9,66,21,true
350afe9c-144d-47b8-aee5-bcf7c845a420,4746108b-2b48-4072-8347-d981b2a167dd,2021,2021-12-15,2.2,61,22,false
d322925f-cad1-4975-8c4e-742f017b75e0,4746108b-2b48-4072-8347-d981b2a167dd,2022,2022-12-15,5,98,11,false
9a9e5a81-1124-4905-86e5-65348487ff8e,4746108b-2b48-4072-8347-d981b2a167dd,2023,2023-12-15,3.8,98,51,false
e15b2935-3de8-47b5-8082-3f5b37c4049d,4746108b-2b48-4072-8347-d981b2a167dd,2024,2024-12-15,4,84,55,false
b9a5b51a-8160-4463-9f65-3b47181112e2,4746108b-2b48-4072-8347-d981b2a167dd,2025,2025-12-15,2.5,90,59,false
6209a0a3-ae21-4b57-a1f8-3defd0a95e42,4746108b-2b48-4072-8347-d981b2a167dd,2026,2026-12-15,4,62,30,false
754b52f7-cb89-43b7-83be-9f2d03e31c02,de1b3959-8cfe-44d1-b188-e385a3913aa5,2023,2023-12-15,3,65,38,false
882f206e-aa5b-4832-8689-ef35ee0efe0f,de1b3959-8cfe-44d1-b188-e385a3913aa5,2024,2024-12-15,2,79,34,false
ee2682e7-90d6-46b9-b6ac-6420e67ac134,de1b3959-8cfe-44d1-b188-e385a3913aa5,2025,2025-12-15,4.5,86,27,false
acb4adaa-cd3f-43be-b036-0226fc72e662,de1b3959-8cfe-44d1-b188-e385a3913aa5,2026,2026-12-15,2,89,19,false
8b144002-579b-40e8-85ca-02b34052d86a,974fa9da-cf65-4282-89de-2802d4861605,2021,2021-12-15,4.8,87,27,false
d39ddd8d-a5ae-40a4-a842-5747b8cb849d,974fa9da-cf65-4282-89de-2802d4861605,2022,2022-12-15,3.5,75,38,false
d065aeaa-b0d5-4104-bfc8-449d846f22fc,974fa9da-cf65-4282-89de-2802d4861605,2023,2023-12-15,4.4,72,25,false
26efc624-33ac-4580-8154-04a612b03b82,974fa9da-cf65-4282-89de-2802d4861605,2024,2024-12-15,4.2,97,56,false
6ee6bcea-d845-4dba-a3de-e82eb4dabd91,974fa9da-cf65-4282-89de-2802d4861605,2025,2025-12-15,2.5,73,51,false
3398d8cb-cbc1-44f3-870e-b8c26aec3c42,974fa9da-cf65-4282-89de-2802d4861605,2026,2026-12-15,3,87,32,false
3ae7dc03-c420-4338-9eb5-b7d1b7fc755c,6e86596e-09e8-4e52-bbd5-84bfd775d319,2025,2025-12-15,3.8,95,59,false
646bb31b-687d-43cb-9580-3be01af983db,6e86596e-09e8-4e52-bbd5-84bfd775d319,2026,2026-12-15,2.7,85,60,false
efe3505e-aecd-4bd2-881e-2009689c501b,79ea5c3b-a456-4646-96ad-38b62deaa860,2023,2023-12-15,2,80,41,false
ffba69c2-0616-4bd4-af93-7255c77c4ce3,79ea5c3b-a456-4646-96ad-38b62deaa860,2024,2024-12-15,4.3,67,25,false
ae600218-9c74-422d-8e42-6589479ebdc5,79ea5c3b-a456-4646-96ad-38b62deaa860,2025,2025-12-15,3.4,91,44,false
1669a201-5be2-4d51-b528-6db4d97ec608,79ea5c3b-a456-4646-96ad-38b62deaa860,2026,2026-12-15,2.2,91,25,false
226a3cc8-6c4a-4a82-b10f-b6d5523fb407,bfa0e697-2948-40b9-949d-992a5c256b49,2019,2019-12-15,4.3,73,29,false
d2396a54-c8d0-4a26-a499-4b225813e2ba,bfa0e697-2948-40b9-949d-992a5c256b49,2020,2020-12-15,2.7,79,25,false
57a5db9e-9528-442f-9895-40beb9312f8b,bfa0e697-2948-40b9-949d-992a5c256b49,2021,2021-12-15,4.3,93,57,false
5fe90e7e-2532-48af-9901-2eedfa0291fc,bfa0e697-2948-40b9-949d-992a5c256b49,2022,2022-12-15,2.7,80,20,false
8be2b69a-6a95-43e7-b677-45777780755f,bfa0e697-2948-40b9-949d-992a5c256b49,2023,2023-12-15,2.2,96,31,false
c648f58e-58d6-4b44-b06c-55aed5883815,bfa0e697-2948-40b9-949d-992a5c256b49,2024,2024-12-15,2.8,77,58,false
00d13646-f882-4e93-bebb-549eae119623,bfa0e697-2948-40b9-949d-992a5c256b49,2025,2025-12-15,3,81,24,false
b5ebf071-1af3-44dd-a910-f911775bfeb1,bfa0e697-2948-40b9-949d-992a5c256b49,2026,2026-12-15,3.5,70,34,false
78b60c5a-ca06-43a4-ae2c-822ea5f7ae83,3aa1a160-24f4-4554-81ad-4eb18e14b727,2017,2017-12-15,3.7,89,19,false
ee137c8a-6612-4ab7-b016-2a703a2f0779,3aa1a160-24f4-4554-81ad-4eb18e14b727,2018,2018-12-15,3.9,80,26,false
4d622015-10f8-4818-902e-af35599bbd24,3aa1a160-24f4-4554-81ad-4eb18e14b727,2019,2019-12-15,4.1,70,49,false
d6c536d2-0280-492d-bb23-92268e048be6,3aa1a160-24f4-4554-81ad-4eb18e14b727,2020,2020-12-15,2.7,61,14,false
c119bd93-9841-4ffa-b009-26055b652521,3aa1a160-24f4-4554-81ad-4eb18e14b727,2021,2021-12-15,2.2,68,30,false
620b0201-a9a6-4c57-9a5a-2886d542ae1b,3aa1a160-24f4-4554-81ad-4eb18e14b727,2022,2022-12-15,3,88,53,false
e254923b-a0d4-4fcd-a2c1-f869f5c83a9c,3aa1a160-24f4-4554-81ad-4eb18e14b727,2023,2023-12-15,3.9,88,41,false
14c906b3-2372-4358-9127-7ad27e9acdab,3aa1a160-24f4-4554-81ad-4eb18e14b727,2024,2024-12-15,3.4,66,37,false
91841ed2-925c-48cf-a888-cf20b9114ceb,3aa1a160-24f4-4554-81ad-4eb18e14b727,2025,2025-12-15,2.1,83,50,false
ed84ec8b-c964-464e-9d72-969254332eb8,3aa1a160-24f4-4554-81ad-4eb18e14b727,2026,2026-12-15,4.6,60,19,true
f8e7a8c2-fa38-48aa-9732-540531405ba0,e498117e-3130-43f1-a8b2-9952445d9e23,2020,2020-12-15,4.6,68,16,false
ca7c4e7c-406e-447c-b0b0-e88eacfaddd3,e498117e-3130-43f1-a8b2-9952445d9e23,2021,2021-12-15,4.2,93,49,false
e86d4620-2fba-4cba-9b7d-ba39fb012cde,e498117e-3130-43f1-a8b2-9952445d9e23,2022,2022-12-15,2.6,76,40,false
cfa7851b-0e27-42e4-8c1b-464b3a6a8477,e498117e-3130-43f1-a8b2-9952445d9e23,2023,2023-12-15,4.7,75,23,false
a88e785f-91c6-4ef8-971d-d2fdb0552914,e498117e-3130-43f1-a8b2-9952445d9e23,2024,2024-12-15,2.2,100,41,false
65c17b41-82f2-4061-9a3c-686bb09b4e26,e498117e-3130-43f1-a8b2-9952445d9e23,2025,2025-12-15,4.4,96,31,false
a62ca219-3513-47f9-8a85-4524ca1ede97,e498117e-3130-43f1-a8b2-9952445d9e23,2026,2026-12-15,2.6,100,15,false
797f443f-fc0e-4ead-ade5-065a54e81cf5,91f44267-9ca9-4728-bbb6-47cdf75e54b0,2024,2024-12-15,4.5,85,56,true
7a104dbe-4b38-4b7a-8404-0eab17f212d0,91f44267-9ca9-4728-bbb6-47cdf75e54b0,2025,2025-12-15,3.5,62,32,false
7d173642-4ef2-44c6-82f9-3b8dde12853b,91f44267-9ca9-4728-bbb6-47cdf75e54b0,2026,2026-12-15,2.4,94,39,false
969f111d-b7aa-478a-940c-e3ed85338cc7,da8ce03c-ee82-407f-8ea5-486bd9a0fbb8,2021,2021-12-15,4.8,70,38,true
0b47f3bb-8ea6-4598-a1df-6455dacbdde9,da8ce03c-ee82-407f-8ea5-486bd9a0fbb8,2022,2022-12-15,4.3,95,10,false
9f8a4cde-18b4-4242-b9d4-8a75790b77c7,da8ce03c-ee82-407f-8ea5-486bd9a0fbb8,2023,2023-12-15,2.2,88,35,false
13ea6e99-d00e-4713-af19-54f3365abd06,da8ce03c-ee82-407f-8ea5-486bd9a0fbb8,2024,2024-12-15,3.1,74,55,false
83bc9c00-7cfb-4258-b16a-1ac6974487e2,da8ce03c-ee82-407f-8ea5-486bd9a0fbb8,2025,2025-12-15,4.3,71,13,false
3a9a80b4-796a-4a0a-9f94-03830e1b32c1,da8ce03c-ee82-407f-8ea5-486bd9a0fbb8,2026,2026-12-15,3.7,66,32,false
5ae75130-9c79-4711-8b11-6a7d407917a5,78f2b6f3-a1fd-4525-97e3-0357c4efec81,2024,2024-12-15,3.3,93,28,false
d4506127-c895-410b-b0e6-d6777407ded5,78f2b6f3-a1fd-4525-97e3-0357c4efec81,2025,2025-12-15,4.2,75,52,false
4e0e1691-de13-4ea0-946f-77e43297fb6d,78f2b6f3-a1fd-4525-97e3-0357c4efec81,2026,2026-12-15,3.1,82,33,false
63064297-4417-4741-9161-932cf3c703cd,91d04517-3109-4ab1-bfe1-b6c857f3a46d,2025,2025-12-15,4,91,29,false
3e058e82-637c-4bf6-a5b5-bebd1d2c43a3,91d04517-3109-4ab1-bfe1-b6c857f3a46d,2026,2026-12-15,3.9,81,40,false
715e3490-e553-40da-a207-566894fa7a65,93668de2-9fd6-475a-8b3f-1d572df1be43,2023,2023-12-15,2,65,19,false
4d8af830-a427-499c-959f-b39008190fca,93668de2-9fd6-475a-8b3f-1d572df1be43,2024,2024-12-15,3.7,78,57,false
24892d6d-c1b7-4fe7-a5d4-4bbe309aff6d,93668de2-9fd6-475a-8b3f-1d572df1be43,2025,2025-12-15,4.4,69,51,false
1341a85a-7f90-45d6-90e5-e1bb26bdd579,93668de2-9fd6-475a-8b3f-1d572df1be43,2026,2026-12-15,4.8,60,49,false
4a53d17e-2066-4341-9f7f-3347e503630c,a5080b8f-0251-40fc-85c6-dc3e103fe8f2,2025,2025-12-15,3.9,60,57,false
e13c4560-3153-4640-8e74-51297d112fcf,a5080b8f-0251-40fc-85c6-dc3e103fe8f2,2026,2026-12-15,3.4,96,58,false
b52464d8-0403-4c73-83a1-326a9d174a67,2e080dee-650a-496c-8bc4-4078018afc15,2021,2021-12-15,3.4,74,46,false
26a51719-a8f1-40d7-8a9c-c33f7a218603,2e080dee-650a-496c-8bc4-4078018afc15,2022,2022-12-15,3,65,15,false
ca578c81-091d-4fca-8d55-bbee30853a6e,2e080dee-650a-496c-8bc4-4078018afc15,2023,2023-12-15,3.1,97,53,false
c3aebe65-487b-4283-9f93-6c7894836ce6,2e080dee-650a-496c-8bc4-4078018afc15,2024,2024-12-15,4.2,62,38,false
63a0fb65-4de0-4172-84d7-c914052669e9,2e080dee-650a-496c-8bc4-4078018afc15,2025,2025-12-15,4.9,60,42,false
c81096f1-820b-4dd9-b12c-4c3349a2e8ee,2e080dee-650a-496c-8bc4-4078018afc15,2026,2026-12-15,4.4,69,50,false
9156365e-0e60-4be0-aa2d-b0eaf41140a1,2f47c07c-47e8-496e-9ec4-329b6d3edd9c,2024,2024-12-15,4.5,97,16,true
0dcf858b-2e64-4d9d-9829-f32dc47a786e,2f47c07c-47e8-496e-9ec4-329b6d3edd9c,2025,2025-12-15,2.9,89,44,false
25306e99-c741-410a-8cf2-3e2832fc52db,2f47c07c-47e8-496e-9ec4-329b6d3edd9c,2026,2026-12-15,2.9,82,37,false
00834296-906c-4a29-9241-3aa6d8fc7d19,cebbe511-4c2c-4c7d-a230-f44666ef9523,2021,2021-12-15,3.2,61,45,false
c0c6d31b-0f56-4879-b56b-3913612e7646,cebbe511-4c2c-4c7d-a230-f44666ef9523,2022,2022-12-15,4.5,78,33,true
317db452-0efb-488e-b8a3-eb11bff4cb0f,cebbe511-4c2c-4c7d-a230-f44666ef9523,2023,2023-12-15,2.3,84,41,false
add3d920-59b0-47f4-bae9-f85de1df3693,cebbe511-4c2c-4c7d-a230-f44666ef9523,2024,2024-12-15,2,62,22,false
4067b686-3a59-47e5-9308-507a88d3a807,cebbe511-4c2c-4c7d-a230-f44666ef9523,2025,2025-12-15,3.7,100,27,false
3e8edffa-53fe-4d54-a146-8c4378e327ca,cebbe511-4c2c-4c7d-a230-f44666ef9523,2026,2026-12-15,3.4,92,37,false
f94244d9-25d7-4e43-869b-10b23076405d,024fc515-8c79-4af4-82ff-a17837532fb4,2026,2026-12-15,3.9,72,41,false
1099a649-3104-4821-aced-aaba6f1b635c,10bb8735-74e2-4e89-b08a-ddcb9ba0953c,2022,2022-12-15,3.8,76,13,false
d29a71cb-1f47-4378-929c-dcf32e75ba03,10bb8735-74e2-4e89-b08a-ddcb9ba0953c,2023,2023-12-15,3.4,67,54,false
fa8dc4ae-1273-42a0-957b-623ee292ee0a,10bb8735-74e2-4e89-b08a-ddcb9ba0953c,2024,2024-12-15,3.4,87,16,false
c4bd489c-cbbd-4d2e-ac87-bfab8d442a1d,10bb8735-74e2-4e89-b08a-ddcb9ba0953c,2025,2025-12-15,2.4,92,48,false
2e578c7a-d4ef-48e9-a7f0-42d6a1032bb1,10bb8735-74e2-4e89-b08a-ddcb9ba0953c,2026,2026-12-15,3.2,72,46,false
5a0696d4-e2a8-40b1-ae1f-1be023c12694,ab408c82-656d-4f9f-9ac3-cd515aabd147,2021,2021-12-15,2.7,82,58,false
59d7b0ff-07f1-4cc8-81cf-f15d89301e6f,ab408c82-656d-4f9f-9ac3-cd515aabd147,2022,2022-12-15,4.3,94,29,false
873cd47a-ae45-4e7d-a86b-a65ed56e79bd,ab408c82-656d-4f9f-9ac3-cd515aabd147,2023,2023-12-15,2.1,96,57,false
c4c1df9f-43e0-4df4-8de1-1dee30ef429c,ab408c82-656d-4f9f-9ac3-cd515aabd147,2024,2024-12-15,4.6,83,48,true
ed65721e-845a-4bea-83a5-a4c8e861d015,ab408c82-656d-4f9f-9ac3-cd515aabd147,2025,2025-12-15,3.2,81,23,false
36e24729-35ec-47d1-85f0-3c17edcbcf55,ab408c82-656d-4f9f-9ac3-cd515aabd147,2026,2026-12-15,4.7,61,33,false
7a9680cd-33fb-4836-bb21-8e48d2dcf8b6,a2f7537c-c53c-43be-8c4d-6ea8415028a4,2020,2020-12-15,4.9,100,26,true
f7ca30bb-83dd-4c99-9707-76537663e950,a2f7537c-c53c-43be-8c4d-6ea8415028a4,2021,2021-12-15,2.9,95,15,false
e3c45222-d843-4367-ab30-94bbf0cec72a,a2f7537c-c53c-43be-8c4d-6ea8415028a4,2022,2022-12-15,2,76,43,false
ceb82bee-0e5a-4bf1-8854-9de23f7c4906,a2f7537c-c53c-43be-8c4d-6ea8415028a4,2023,2023-12-15,3.9,70,54,false
b7ba0dae-56e1-46f6-81a0-941c9ae427a5,a2f7537c-c53c-43be-8c4d-6ea8415028a4,2024,2024-12-15,2.5,98,45,false
3e534592-479a-4893-86da-a04cf50cba8e,a2f7537c-c53c-43be-8c4d-6ea8415028a4,2025,2025-12-15,2.3,91,44,false
9480d9f9-1c4e-4f70-be56-e64ea158ce6a,a2f7537c-c53c-43be-8c4d-6ea8415028a4,2026,2026-12-15,3.2,89,10,false
e1ce6535-8b44-4767-84b6-2d28136a52da,bb8eaeac-7bbd-45f8-a33b-04452a86fbf0,2017,2017-12-15,4.9,85,36,false
4906fe1a-1ea1-43e7-ba0d-498faad42b9b,bb8eaeac-7bbd-45f8-a33b-04452a86fbf0,2018,2018-12-15,4.2,63,28,false
eef0df96-ba26-4d09-96d0-30fc4ea1eef8,bb8eaeac-7bbd-45f8-a33b-04452a86fbf0,2019,2019-12-15,2.1,100,12,false
06bfce23-8019-49b2-8367-ef22eda339b5,bb8eaeac-7bbd-45f8-a33b-04452a86fbf0,2020,2020-12-15,4.1,73,59,false
2b0d2c02-6dd3-402b-813d-3c6b083059ed,bb8eaeac-7bbd-45f8-a33b-04452a86fbf0,2021,2021-12-15,3.5,86,53,false
dee92bf3-d016-4cb1-8a24-e33976715301,bb8eaeac-7bbd-45f8-a33b-04452a86fbf0,2022,2022-12-15,3.6,87,48,false
6ab1e09b-bbd3-4dc0-b881-d0bc81c16651,bb8eaeac-7bbd-45f8-a33b-04452a86fbf0,2023,2023-12-15,3.6,92,41,false
c734b75b-bf13-42a7-904f-98cafc06df0c,bb8eaeac-7bbd-45f8-a33b-04452a86fbf0,2024,2024-12-15,3.1,94,15,false
acd69985-59d8-4ef5-b5ec-35cfc722f6aa,bb8eaeac-7bbd-45f8-a33b-04452a86fbf0,2025,2025-12-15,3,83,23,false
4a7bbbc5-9209-4f8a-bef5-b3f3e00cfa6d,bb8eaeac-7bbd-45f8-a33b-04452a86fbf0,2026,2026-12-15,4.9,81,45,false
74f9e830-e5ba-4423-9be1-ee2463bfdd17,84e38148-bef9-4992-af6d-2a0e2aa13272,2020,2020-12-15,3.7,74,59,false
75b72fae-1763-41cb-a5c3-17beeaf33aeb,84e38148-bef9-4992-af6d-2a0e2aa13272,2021,2021-12-15,3.9,90,31,false
ee5fde17-f1fd-44b8-b845-8f126a5fa4b0,84e38148-bef9-4992-af6d-2a0e2aa13272,2022,2022-12-15,4.8,80,13,false
4ab76599-d2b9-4151-86f5-ecedbd7eec1e,84e38148-bef9-4992-af6d-2a0e2aa13272,2023,2023-12-15,3.3,77,44,false
4266a625-845c-4757-9acd-752f13c16d13,84e38148-bef9-4992-af6d-2a0e2aa13272,2024,2024-12-15,4.1,74,49,false
7432b662-0996-47aa-b77f-cebda061cc8f,84e38148-bef9-4992-af6d-2a0e2aa13272,2025,2025-12-15,3.2,66,10,false
14c00a2c-741a-4646-b5b2-049cf9b67e2b,84e38148-bef9-4992-af6d-2a0e2aa13272,2026,2026-12-15,3.6,83,32,false
d02a74c6-28de-4d15-8081-ea5077c5f0e7,5c3398d3-61f5-4acf-bb9b-8409b4851467,2025,2025-12-15,4.6,84,55,false
578c478b-79e9-49ea-bcd3-96b5735d2e44,5c3398d3-61f5-4acf-bb9b-8409b4851467,2026,2026-12-15,4.1,98,11,false
9d7e38d0-5464-4b22-a544-6cac56cabb2f,90479ef5-ca18-4bb8-8a7c-a99969de5449,2020,2020-12-15,4.2,66,49,false
a88c3243-085b-4be0-92d5-e47f696166c3,90479ef5-ca18-4bb8-8a7c-a99969de5449,2021,2021-12-15,4.7,81,17,false
f3f1b825-57d3-4a8a-9749-7f4b1f2b1269,90479ef5-ca18-4bb8-8a7c-a99969de5449,2022,2022-12-15,4,88,20,false
fbf368a9-5e7d-4613-898b-e5989bd2b733,90479ef5-ca18-4bb8-8a7c-a99969de5449,2023,2023-12-15,2.6,74,27,false
11419165-61da-43ea-b78e-ba6ef37d7375,90479ef5-ca18-4bb8-8a7c-a99969de5449,2024,2024-12-15,2.1,71,33,false
814e6641-ca2f-4296-81fd-74ca3173e2ce,90479ef5-ca18-4bb8-8a7c-a99969de5449,2025,2025-12-15,3.5,81,11,false
700aede5-151b-42f5-9258-6446d0245e97,90479ef5-ca18-4bb8-8a7c-a99969de5449,2026,2026-12-15,4.8,64,47,false
7de236f2-b960-4706-b9c8-e1c703b94ccc,9fc11c19-4fd2-4cb8-a8c9-410fcc79c098,2021,2021-12-15,2.8,81,44,false
fe1dda0a-1d2b-4bdb-b0ab-cd69983b6bff,9fc11c19-4fd2-4cb8-a8c9-410fcc79c098,2022,2022-12-15,2.2,89,27,false
6c4a9637-1f69-4379-a03d-eb750508bff0,9fc11c19-4fd2-4cb8-a8c9-410fcc79c098,2023,2023-12-15,3.1,98,55,false
205d4649-b106-4dc7-880e-a6cd581efadc,9fc11c19-4fd2-4cb8-a8c9-410fcc79c098,2024,2024-12-15,2.1,77,48,false
0a007b68-12bb-4d51-92d1-bcfc3e2aa0fd,9fc11c19-4fd2-4cb8-a8c9-410fcc79c098,2025,2025-12-15,3.4,100,49,false
5dab28c8-4078-4cad-8972-a86f603c353a,9fc11c19-4fd2-4cb8-a8c9-410fcc79c098,2026,2026-12-15,2.9,77,46,false
ee94f06c-3d3a-440f-8c3c-726ec9a24339,c5de4998-f45c-4402-abcc-2e6b450bd821,2017,2017-12-15,4.2,100,22,false
f3d0db3c-43a3-48ba-a6cd-9ceb8b9d9b8a,c5de4998-f45c-4402-abcc-2e6b450bd821,2018,2018-12-15,4.4,66,29,false
5aee5ae9-6dfe-417e-a623-63ec8877a27c,c5de4998-f45c-4402-abcc-2e6b450bd821,2019,2019-12-15,4.5,61,54,false
fc626e27-f4c3-46f6-94ee-4edffb3a37dc,c5de4998-f45c-4402-abcc-2e6b450bd821,2020,2020-12-15,3.3,64,18,false
819ebad7-4fa8-4727-ae91-a8fe9f2baca1,c5de4998-f45c-4402-abcc-2e6b450bd821,2021,2021-12-15,5,66,48,true
ea805a6f-1976-49c5-a86f-8bee2590e238,c5de4998-f45c-4402-abcc-2e6b450bd821,2022,2022-12-15,4.3,90,23,false
63c8f23c-c4e1-4799-a6fa-2c2747f60282,c5de4998-f45c-4402-abcc-2e6b450bd821,2023,2023-12-15,2.9,78,34,false
d2632541-12f7-45a8-b04f-17a698050465,c5de4998-f45c-4402-abcc-2e6b450bd821,2024,2024-12-15,4.5,75,41,false
6945b799-0145-4560-8447-5e5684a2ac89,c5de4998-f45c-4402-abcc-2e6b450bd821,2025,2025-12-15,2.2,69,16,false
077ae55b-dafc-4c07-9436-49441670d915,c5de4998-f45c-4402-abcc-2e6b450bd821,2026,2026-12-15,4.7,63,10,true
5bb8b153-9602-4218-b1bd-4f92e2199822,83c12692-31b0-4f95-9fb2-2be01728e558,2026,2026-12-15,2,60,29,false
82fe72ee-a32f-4d80-aa4e-b15d363cb497,56eb90fa-3458-4639-aaf8-0b1b51432e5e,2025,2025-12-15,2.3,61,12,false
2ba0c4b0-8207-4063-bc28-665a4ec793fc,56eb90fa-3458-4639-aaf8-0b1b51432e5e,2026,2026-12-15,3.4,67,16,false
b38643c4-c7a0-40c2-a589-78bb06162f33,e7b7d56d-6dc2-4510-8ac7-e7fdf7b7eec7,2026,2026-12-15,3.9,83,56,false
13ef02ac-c936-41d9-9c8d-8783e803726d,1f8a89c4-860c-4d16-9fc1-2c1b4689ba23,2019,2019-12-15,2.6,88,17,false
8daa8db1-b33d-45a1-8280-ba0149643b9f,1f8a89c4-860c-4d16-9fc1-2c1b4689ba23,2020,2020-12-15,4.8,99,28,false
626fec2b-327b-433e-bf34-5012c0b4bdb5,1f8a89c4-860c-4d16-9fc1-2c1b4689ba23,2021,2021-12-15,3.8,61,30,false
abf3d5a3-0fc5-48f9-af75-f7b1f124186f,1f8a89c4-860c-4d16-9fc1-2c1b4689ba23,2022,2022-12-15,3.9,92,33,false
574e598f-6af7-402b-b601-55ebca899129,1f8a89c4-860c-4d16-9fc1-2c1b4689ba23,2023,2023-12-15,4.6,64,56,false
13ab3911-58f0-4749-90f6-23e113c04901,1f8a89c4-860c-4d16-9fc1-2c1b4689ba23,2024,2024-12-15,2.1,78,37,false
5c5cec0c-57c0-468e-b86d-93922dcd0e23,1f8a89c4-860c-4d16-9fc1-2c1b4689ba23,2025,2025-12-15,4.1,96,57,false
096987a6-d23a-469c-b4c3-b54526af562c,1f8a89c4-860c-4d16-9fc1-2c1b4689ba23,2026,2026-12-15,3,94,53,false
06ae7d11-7106-4e75-a1cc-fab51135ace9,ece3a728-1821-4f16-af15-4fc1f10e243c,2023,2023-12-15,3.9,61,54,false
ab6a6b5a-9f93-4849-ad27-59e8dc8334df,ece3a728-1821-4f16-af15-4fc1f10e243c,2024,2024-12-15,3.7,61,38,false
a642c100-1269-42f4-800f-af4b6d6c26d9,ece3a728-1821-4f16-af15-4fc1f10e243c,2025,2025-12-15,3.5,72,25,false
b4b65b2c-0941-477f-9e28-7a46988f0d1b,ece3a728-1821-4f16-af15-4fc1f10e243c,2026,2026-12-15,3.6,92,45,false
1115a699-8895-4488-b27a-a23d37674244,07a06782-a249-43ee-9861-1e2fc00edae5,2026,2026-12-15,2.8,72,14,false
6fb51491-4b03-4e18-a00c-c78da6128bd5,1dd36d2a-3c27-4e99-81a3-db24afce861e,2023,2023-12-15,2.5,94,10,false
11d0c63e-13a3-479c-bffd-9c006453bdfa,1dd36d2a-3c27-4e99-81a3-db24afce861e,2024,2024-12-15,3.1,60,29,false
87a93131-4980-4388-9b46-5a0a3dd4dbe6,1dd36d2a-3c27-4e99-81a3-db24afce861e,2025,2025-12-15,3.6,81,12,false
a26f59a7-ec52-4f14-8db2-b68146c6bd20,1dd36d2a-3c27-4e99-81a3-db24afce861e,2026,2026-12-15,3,60,19,false
0b2225bb-df02-467a-9a3d-a7a056a9a28a,210193fa-13a9-4336-8276-a7ba84ff6f4b,2026,2026-12-15,2.6,65,35,false
eaf50918-c0ee-4292-906b-2075531c827b,6f41ec60-fc36-4e95-ab35-ed017e1944a2,2017,2017-12-15,2.1,95,23,false
274b73be-7f5a-43aa-a25b-bd6e1f2101fb,6f41ec60-fc36-4e95-ab35-ed017e1944a2,2018,2018-12-15,4.5,95,52,false
6ccfd7ba-bff0-4145-b87d-e5fde656e847,6f41ec60-fc36-4e95-ab35-ed017e1944a2,2019,2019-12-15,3.3,73,22,false
1f8c6068-b2ca-44dc-b87b-7a11aeaa3e5d,6f41ec60-fc36-4e95-ab35-ed017e1944a2,2020,2020-12-15,4.3,97,26,false
330c8621-6254-4756-b4a8-b5257c095e25,6f41ec60-fc36-4e95-ab35-ed017e1944a2,2021,2021-12-15,2.3,87,41,false
e121f577-66c2-4c7b-895f-a353cfd7d39b,6f41ec60-fc36-4e95-ab35-ed017e1944a2,2022,2022-12-15,3.8,74,52,false
75c63d6c-6695-441a-8a92-6d111535b3fb,6f41ec60-fc36-4e95-ab35-ed017e1944a2,2023,2023-12-15,2.6,89,42,false
af39dee0-760d-434e-baac-3b030068c007,6f41ec60-fc36-4e95-ab35-ed017e1944a2,2024,2024-12-15,2.6,99,30,false
bc3a5388-a513-4b3d-8a4d-fcfec5cb8cae,6f41ec60-fc36-4e95-ab35-ed017e1944a2,2025,2025-12-15,2.5,85,36,false
12222ef1-54e9-4c82-bfb1-aa6f676de414,6f41ec60-fc36-4e95-ab35-ed017e1944a2,2026,2026-12-15,4.4,63,60,false
dd1f7532-dbc4-4d45-8d39-91debdd04948,dd41fd80-25c2-4d18-b99f-2aa8dec626e0,2024,2024-12-15,3.6,99,57,false
6d019148-56af-42cb-a7ed-56ee18264172,dd41fd80-25c2-4d18-b99f-2aa8dec626e0,2025,2025-12-15,4.4,60,45,false
20267797-0580-4e39-92fb-3ff4c7c30d60,dd41fd80-25c2-4d18-b99f-2aa8dec626e0,2026,2026-12-15,4,60,50,false
f99de09f-c591-42c2-8334-1e9fa2093b69,ffd28dac-4402-4061-bd63-9c2eaeed32ef,2019,2019-12-15,3.6,88,58,false
9d3c6094-c5d3-459f-8516-dc95655b2282,ffd28dac-4402-4061-bd63-9c2eaeed32ef,2020,2020-12-15,4.7,68,55,true
6fcf96fe-46e8-4d65-b70e-0b7286c0e418,ffd28dac-4402-4061-bd63-9c2eaeed32ef,2021,2021-12-15,4.9,71,14,true
dc817265-a20e-49ac-b6bf-1bb98afdb34b,ffd28dac-4402-4061-bd63-9c2eaeed32ef,2022,2022-12-15,2.2,62,29,false
2ac82c93-068d-4848-b52d-3bc7fc6e5d0c,ffd28dac-4402-4061-bd63-9c2eaeed32ef,2023,2023-12-15,4,76,20,false
5e650474-3761-4a90-9462-a584368b0cab,ffd28dac-4402-4061-bd63-9c2eaeed32ef,2024,2024-12-15,2.7,98,33,false
c1a856f1-c7d0-44f3-b82d-8fb22b3723ee,ffd28dac-4402-4061-bd63-9c2eaeed32ef,2025,2025-12-15,3.2,82,44,false
b2e306b5-ade9-4644-8991-7b76b6508132,ffd28dac-4402-4061-bd63-9c2eaeed32ef,2026,2026-12-15,2.4,69,29,false
98564dce-eb12-4898-9ad6-6847af6006b2,6167672a-2d55-45d9-b5b4-3333f3cb5590,2017,2017-12-15,2.6,94,54,false
80285b06-0df3-44e2-b465-5cc81527781a,6167672a-2d55-45d9-b5b4-3333f3cb5590,2018,2018-12-15,2.7,82,16,false
8a92346b-9cf4-4d1a-a188-aebcb454575f,6167672a-2d55-45d9-b5b4-3333f3cb5590,2019,2019-12-15,4.5,66,45,false
705a3a0b-bc9e-4784-902a-79afc31c56e7,6167672a-2d55-45d9-b5b4-3333f3cb5590,2020,2020-12-15,4.1,69,56,false
0c1c3369-be8d-4d36-8a22-d46f5a70b874,6167672a-2d55-45d9-b5b4-3333f3cb5590,2021,2021-12-15,4.1,90,42,false
7b036749-270b-422a-ad9b-fa05f2f6e6b6,6167672a-2d55-45d9-b5b4-3333f3cb5590,2022,2022-12-15,3.2,82,31,false
c024bf11-f6e8-4b16-b513-28f13a565feb,6167672a-2d55-45d9-b5b4-3333f3cb5590,2023,2023-12-15,3.8,67,57,false
a4cd569b-3aea-40c2-9aef-bbc1092930c3,6167672a-2d55-45d9-b5b4-3333f3cb5590,2024,2024-12-15,2.4,61,22,false
80b134b0-c857-4e3a-a014-ae2990a94dfd,6167672a-2d55-45d9-b5b4-3333f3cb5590,2025,2025-12-15,2.1,82,32,false
3ae992ab-07af-4066-bcf3-28567970715f,6167672a-2d55-45d9-b5b4-3333f3cb5590,2026,2026-12-15,4.9,79,39,true
9f9a2c38-a5f0-4d67-b8cd-735039cf1d1e,e9026fe8-88b8-4303-95f7-eea22a0d07c9,2021,2021-12-15,3.7,78,35,false
baaf4789-c53a-41dd-bb15-df3841d26858,e9026fe8-88b8-4303-95f7-eea22a0d07c9,2022,2022-12-15,2.5,93,50,false
ae237c49-66ce-46cc-941f-181d21856e0b,e9026fe8-88b8-4303-95f7-eea22a0d07c9,2023,2023-12-15,4.4,73,11,false
a1f4a1be-4aa4-43c1-8983-0d3e25beeb4c,e9026fe8-88b8-4303-95f7-eea22a0d07c9,2024,2024-12-15,2.1,74,44,false
4a5c453c-655c-43f7-9a86-c8f9b64818cd,e9026fe8-88b8-4303-95f7-eea22a0d07c9,2025,2025-12-15,4.4,93,58,false
99e12f66-3367-45ca-b543-61b81b51ea6f,e9026fe8-88b8-4303-95f7-eea22a0d07c9,2026,2026-12-15,2.3,65,46,false
866ed3e5-3d91-4d6a-9f26-5523cfde4efc,9100fc9e-e373-4de9-83ee-8093faa51ae1,2019,2019-12-15,2.5,77,37,false
a22808d9-effc-4da2-9ac6-789e17199110,9100fc9e-e373-4de9-83ee-8093faa51ae1,2020,2020-12-15,2.6,67,50,false
cf5c021f-3703-4ab9-a7d2-fd4a845865e8,9100fc9e-e373-4de9-83ee-8093faa51ae1,2021,2021-12-15,2.2,62,14,false
600fada1-21fb-4729-aa31-71b6f2dcfda7,9100fc9e-e373-4de9-83ee-8093faa51ae1,2022,2022-12-15,4.6,74,55,true
88a47a0d-8ccb-4268-8a0d-3e3c46776a5e,9100fc9e-e373-4de9-83ee-8093faa51ae1,2023,2023-12-15,3,87,47,false
acf723a9-54fb-4c82-9385-41d33a5dd5c8,9100fc9e-e373-4de9-83ee-8093faa51ae1,2024,2024-12-15,3,99,58,false
31ff16de-74c5-4faa-a4e0-62220fcae309,9100fc9e-e373-4de9-83ee-8093faa51ae1,2025,2025-12-15,3.5,74,52,false
dde0343b-96c8-4454-be01-52ed6c78f02e,9100fc9e-e373-4de9-83ee-8093faa51ae1,2026,2026-12-15,2.1,82,55,false
dd5c40a0-f816-41ce-8d63-ef6c763a83d9,5f278c3e-b991-4163-bb3c-40087bf6cb5e,2018,2018-12-15,3.6,75,49,false
35b3b24b-6e44-43be-8744-272765956f3f,5f278c3e-b991-4163-bb3c-40087bf6cb5e,2019,2019-12-15,3.9,67,45,false
77711fff-5d2b-4a52-99f4-46f7dbb0f66a,5f278c3e-b991-4163-bb3c-40087bf6cb5e,2020,2020-12-15,4.8,92,51,false
88bd6104-41a7-40d6-9b9f-82b3d282eee2,5f278c3e-b991-4163-bb3c-40087bf6cb5e,2021,2021-12-15,3.4,68,10,false
97736cf2-3de5-4a35-a051-e1a90b23f7ed,5f278c3e-b991-4163-bb3c-40087bf6cb5e,2022,2022-12-15,3.6,81,48,false
8e3a0d49-d441-49f5-a722-fdc95ee0fc1f,5f278c3e-b991-4163-bb3c-40087bf6cb5e,2023,2023-12-15,4.4,99,21,false
f56138d8-64e5-4294-9d08-80d5a2e60360,5f278c3e-b991-4163-bb3c-40087bf6cb5e,2024,2024-12-15,4.7,98,58,false
6328a872-a079-456f-9607-4fb13dcd2bc0,5f278c3e-b991-4163-bb3c-40087bf6cb5e,2025,2025-12-15,3.5,90,25,false
ef14c4f6-cb19-421d-872a-1be7f87d0975,5f278c3e-b991-4163-bb3c-40087bf6cb5e,2026,2026-12-15,2,90,14,false
6fe3ee93-9b54-471d-aa60-688652e2d8bd,5104331f-3d2e-473c-9d86-d3c3a6a90982,2018,2018-12-15,4.9,79,33,false
d69f7cbe-607f-4d32-8ead-09c6e944b914,5104331f-3d2e-473c-9d86-d3c3a6a90982,2019,2019-12-15,4.4,65,54,false
5c6d75a3-baae-4a4d-bfbd-ee993acbe80a,5104331f-3d2e-473c-9d86-d3c3a6a90982,2020,2020-12-15,2.1,95,56,false
d533e7b0-644a-41d6-a258-3ee93380845d,5104331f-3d2e-473c-9d86-d3c3a6a90982,2021,2021-12-15,3.9,73,30,false
9ff6c370-6970-4563-b52a-68f582c8c669,5104331f-3d2e-473c-9d86-d3c3a6a90982,2022,2022-12-15,3.1,98,19,false
b2541bd2-c3a4-4bf1-90a2-ea76212b3d84,5104331f-3d2e-473c-9d86-d3c3a6a90982,2023,2023-12-15,4.2,76,47,false
870b2cb1-5903-423c-a630-5e92d404d128,5104331f-3d2e-473c-9d86-d3c3a6a90982,2024,2024-12-15,3.5,83,30,false
92e6604e-10cf-40cf-9405-011308ca8288,5104331f-3d2e-473c-9d86-d3c3a6a90982,2025,2025-12-15,3.3,68,44,false
e2c54b05-75b4-4e15-848f-f5f4584964b6,5104331f-3d2e-473c-9d86-d3c3a6a90982,2026,2026-12-15,3.8,80,29,false
e1064d13-ebfe-4ace-b170-2e193053b6c7,8faedda0-8177-453b-afca-9a02c45fb2f3,2019,2019-12-15,4.8,78,17,true
f8c7210c-689c-4228-ab4b-ec283178be22,8faedda0-8177-453b-afca-9a02c45fb2f3,2020,2020-12-15,3.6,94,29,false
67493d3e-fba0-4d52-8378-26b063beda0a,8faedda0-8177-453b-afca-9a02c45fb2f3,2021,2021-12-15,4.6,94,40,true
40b4c15d-728c-467f-9451-499d7aed4346,8faedda0-8177-453b-afca-9a02c45fb2f3,2022,2022-12-15,2.4,65,40,false
93b20374-f0c2-44c9-8949-a5f767835595,8faedda0-8177-453b-afca-9a02c45fb2f3,2023,2023-12-15,4.5,96,58,true
ac18a589-3862-4a0a-90a4-636b0c570fbf,8faedda0-8177-453b-afca-9a02c45fb2f3,2024,2024-12-15,2,75,15,false
1a61dda9-2666-49e0-9597-62e6e993de77,8faedda0-8177-453b-afca-9a02c45fb2f3,2025,2025-12-15,3.9,69,31,false
60a320b2-4c53-4f9a-87aa-0e0dca0be8fb,8faedda0-8177-453b-afca-9a02c45fb2f3,2026,2026-12-15,3.2,74,34,false
d3ed52a9-1b47-4ee8-b8e9-d175fee7224a,4df09699-6a4e-4ac4-b26f-572ebe12edd6,2020,2020-12-15,4.4,97,27,false
35009ce3-5b72-42df-b249-258f08e48a48,4df09699-6a4e-4ac4-b26f-572ebe12edd6,2021,2021-12-15,3.1,100,10,false
28e737f3-d805-4b0f-9ead-6e6a2ac0efb0,4df09699-6a4e-4ac4-b26f-572ebe12edd6,2022,2022-12-15,3.6,66,42,false
dd6c2324-887f-40eb-aa40-98546cac3420,4df09699-6a4e-4ac4-b26f-572ebe12edd6,2023,2023-12-15,3.1,62,22,false
a2f8501d-eabc-4daf-9cfe-eafd75bd4341,4df09699-6a4e-4ac4-b26f-572ebe12edd6,2024,2024-12-15,4.6,65,54,true
8ffc6924-4680-4de8-984a-8fbfa6f55e72,4df09699-6a4e-4ac4-b26f-572ebe12edd6,2025,2025-12-15,2.7,78,45,false
dee18b21-e229-4b66-a3fe-773b18d39d3f,4df09699-6a4e-4ac4-b26f-572ebe12edd6,2026,2026-12-15,2.1,76,13,false
35ead338-6798-4ce9-9f62-ca741016f28d,208428f7-c4e3-4799-9619-74fc175e4855,2016,2016-12-15,2.1,68,56,false
0c286d30-8530-41db-9af2-cb1e0907b4d5,208428f7-c4e3-4799-9619-74fc175e4855,2017,2017-12-15,4,70,31,false
f95abf35-40af-4a21-aa0c-6f27de6c9e7c,208428f7-c4e3-4799-9619-74fc175e4855,2018,2018-12-15,2.6,90,16,false
d1f80253-3e48-4c83-aaeb-e413e0d6bcbc,208428f7-c4e3-4799-9619-74fc175e4855,2019,2019-12-15,2.3,74,60,false
cea271a2-8742-418a-8242-3a04fc63af6a,208428f7-c4e3-4799-9619-74fc175e4855,2020,2020-12-15,3.2,80,49,false
37cf1c3c-676b-46d3-8769-e3c12c34a491,208428f7-c4e3-4799-9619-74fc175e4855,2021,2021-12-15,3.5,86,27,false
3049e919-bc89-425f-b9e7-5851612b7ce2,208428f7-c4e3-4799-9619-74fc175e4855,2022,2022-12-15,4.7,61,42,true
c5aab51e-81da-4700-97ce-deca31f8e72b,208428f7-c4e3-4799-9619-74fc175e4855,2023,2023-12-15,4.5,83,18,false
6d686b6e-364d-4f78-bd30-d4e8f4ad6f49,208428f7-c4e3-4799-9619-74fc175e4855,2024,2024-12-15,2.1,67,19,false
10dd2662-c9c6-490e-b667-d1aae8175413,208428f7-c4e3-4799-9619-74fc175e4855,2025,2025-12-15,2.4,96,22,false
98af8220-1816-4078-94ef-b34f380216e8,208428f7-c4e3-4799-9619-74fc175e4855,2026,2026-12-15,4.5,80,36,false
ebaea83b-a71e-4834-8934-3de513f67814,f08c083f-2286-4890-8f1a-b0fa03961ae5,2017,2017-12-15,3.9,82,54,false
4fc44702-94bd-4f19-89f9-4411468bb6ed,f08c083f-2286-4890-8f1a-b0fa03961ae5,2018,2018-12-15,2.1,66,24,false
683477d6-922e-4256-82dc-1276e4abb3ae,f08c083f-2286-4890-8f1a-b0fa03961ae5,2019,2019-12-15,4,76,14,false
80a7b2ac-dd41-4c1a-970c-02bd74053112,f08c083f-2286-4890-8f1a-b0fa03961ae5,2020,2020-12-15,3.7,82,26,false
0029232c-7c71-4f06-8d42-3b7e398f1beb,f08c083f-2286-4890-8f1a-b0fa03961ae5,2021,2021-12-15,2.1,88,48,false
ac2a3c28-0929-4883-9265-f34635989b4e,f08c083f-2286-4890-8f1a-b0fa03961ae5,2022,2022-12-15,3.4,65,52,false
c30947f4-330b-45ee-91fc-bfdbefcbbb75,f08c083f-2286-4890-8f1a-b0fa03961ae5,2023,2023-12-15,3.6,97,17,false
48d3735c-0d26-4b58-a004-ae067c72408b,f08c083f-2286-4890-8f1a-b0fa03961ae5,2024,2024-12-15,2.1,73,18,false
befc008b-1ac8-4f44-bde6-1a6584d55dfa,f08c083f-2286-4890-8f1a-b0fa03961ae5,2025,2025-12-15,3.8,84,20,false
2f262e2d-283b-4dba-933b-662a48adc677,f08c083f-2286-4890-8f1a-b0fa03961ae5,2026,2026-12-15,3.7,80,15,false
ba4f5fba-72ff-4077-8306-e113a4b3c47e,6f7ea124-f58c-43ba-b0e8-1d3dfb3d0996,2023,2023-12-15,3.4,74,58,false
c4177243-76d1-4c3a-9d39-218dde0baaad,6f7ea124-f58c-43ba-b0e8-1d3dfb3d0996,2024,2024-12-15,4.3,70,42,false
109b76c6-833b-4251-a72b-92231b53d286,6f7ea124-f58c-43ba-b0e8-1d3dfb3d0996,2025,2025-12-15,4,80,33,false
01565568-a64e-41a9-aeb3-eac08469d126,6f7ea124-f58c-43ba-b0e8-1d3dfb3d0996,2026,2026-12-15,4,88,37,false
e757c3ec-0996-49d1-87b6-0935b7a1864c,bc54e3e3-e1df-45d6-860e-9f362a77a7da,2020,2020-12-15,3.9,80,17,false
9c458970-a3e2-4e21-af5a-e388aa7f4800,bc54e3e3-e1df-45d6-860e-9f362a77a7da,2021,2021-12-15,3.3,72,36,false
a4f73542-8edf-4e68-aa4e-f4f27980a299,bc54e3e3-e1df-45d6-860e-9f362a77a7da,2022,2022-12-15,2.4,65,20,false
ecfd65e1-6564-4a8b-aede-7ddb767ec769,bc54e3e3-e1df-45d6-860e-9f362a77a7da,2023,2023-12-15,3.7,83,42,false
abb9647c-b28a-4715-a4a2-b4dac5ca01b5,bc54e3e3-e1df-45d6-860e-9f362a77a7da,2024,2024-12-15,3.1,61,57,false
24ac5466-2462-45af-bef3-dfca94aac31f,bc54e3e3-e1df-45d6-860e-9f362a77a7da,2025,2025-12-15,3.7,68,46,false
48963a4b-3485-44d8-8409-f9e0b82c401d,bc54e3e3-e1df-45d6-860e-9f362a77a7da,2026,2026-12-15,3.8,82,53,false
82d9fd4a-605e-49d4-b367-23a0b979ff2a,f74b3b05-adc9-4393-ab8e-2e20f310cc26,2026,2026-12-15,4.4,60,53,false
80623486-64f5-4174-918d-d505a82e4460,fcfe27a5-aecf-4ded-b9fb-dc53d4f786cb,2025,2025-12-15,4.9,65,18,true
5d5b02df-1812-4d0a-b80b-34a7d3ecbf89,fcfe27a5-aecf-4ded-b9fb-dc53d4f786cb,2026,2026-12-15,2.9,88,16,false
85f02a01-af62-438c-bb6c-b99f5f946a1b,6e2177b0-800e-4348-b5ca-8b16e36df335,2025,2025-12-15,4.9,85,19,true
dd5fade4-9f67-46dc-906b-60638425f03f,6e2177b0-800e-4348-b5ca-8b16e36df335,2026,2026-12-15,4.3,99,47,false
69da50bc-d70d-4926-96f0-0156ea4a7cbe,d3fa7122-f6d2-4fea-98d2-8ed6dc173cb7,2020,2020-12-15,2.2,74,17,false
2ccec2a4-e8ae-425c-b02f-4463e1a426fc,d3fa7122-f6d2-4fea-98d2-8ed6dc173cb7,2021,2021-12-15,4.4,85,27,false
9b87ec0c-a09b-474b-9f40-1f82967560c6,d3fa7122-f6d2-4fea-98d2-8ed6dc173cb7,2022,2022-12-15,4.2,77,42,false
bf57b335-2cdd-46e6-a3f4-a83fb6d9c9be,d3fa7122-f6d2-4fea-98d2-8ed6dc173cb7,2023,2023-12-15,2.1,70,11,false
cbc0fd6a-5eaa-4e2b-956d-dd55788a05ba,d3fa7122-f6d2-4fea-98d2-8ed6dc173cb7,2024,2024-12-15,2.6,87,29,false
66c201f6-1a40-40e3-9ff7-9e6bdce7ba9b,d3fa7122-f6d2-4fea-98d2-8ed6dc173cb7,2025,2025-12-15,2.9,60,40,false
b304d8ad-2965-4279-9895-7c004fef3747,d3fa7122-f6d2-4fea-98d2-8ed6dc173cb7,2026,2026-12-15,2.4,93,37,false
5417a379-2069-49df-8e68-d25066ddfcd1,135d249a-b869-4bf6-a450-5d8f90fc6564,2025,2025-12-15,3.5,69,54,false
310780d2-de60-42b4-b2d4-87c86ba9a69b,135d249a-b869-4bf6-a450-5d8f90fc6564,2026,2026-12-15,4.2,100,38,false
6468b52e-a329-4ee2-97d2-57f45c1e9272,4a1fec4c-f380-48fb-9acd-5ef161df991c,2017,2017-12-15,2.4,63,31,false
0d20383d-660d-43b7-ad52-6f375f737488,4a1fec4c-f380-48fb-9acd-5ef161df991c,2018,2018-12-15,2.4,94,24,false
828abfe5-cfab-499d-8435-b0489574e3b2,4a1fec4c-f380-48fb-9acd-5ef161df991c,2019,2019-12-15,4.7,97,25,false
78f86b4d-0234-4015-ada4-48e624a2ab50,4a1fec4c-f380-48fb-9acd-5ef161df991c,2020,2020-12-15,3,98,28,false
4ca0c50b-78da-4e3b-8f6f-c88d94fcc967,4a1fec4c-f380-48fb-9acd-5ef161df991c,2021,2021-12-15,3.1,95,60,false
840b9f19-edfa-4581-88b0-911faaa9835c,4a1fec4c-f380-48fb-9acd-5ef161df991c,2022,2022-12-15,3.5,64,21,false
5f3f2be1-fde8-4c64-ab4e-bb3825ca2bfe,4a1fec4c-f380-48fb-9acd-5ef161df991c,2023,2023-12-15,2,73,51,false
19ef7429-00e4-4196-b842-e9ed1db026f4,4a1fec4c-f380-48fb-9acd-5ef161df991c,2024,2024-12-15,5,99,31,true
45e7350d-1e71-49ce-97f5-9fab18ec727f,4a1fec4c-f380-48fb-9acd-5ef161df991c,2025,2025-12-15,3.1,89,39,false
aa9abbb1-642c-4ce0-82eb-3f4c1b5f33e6,4a1fec4c-f380-48fb-9acd-5ef161df991c,2026,2026-12-15,4.7,70,30,true
cd47bf9e-49f3-45f1-8b3c-9bc98f91b8d5,34cd047c-0421-4d3d-b1eb-74c5193b0ff2,2021,2021-12-15,2.2,63,10,false
32054290-0f8f-4701-9c1e-24840c0102e1,34cd047c-0421-4d3d-b1eb-74c5193b0ff2,2022,2022-12-15,2.6,76,55,false
2e80c6d4-1f8c-47ad-9ad3-e57bec566c76,34cd047c-0421-4d3d-b1eb-74c5193b0ff2,2023,2023-12-15,4.6,65,14,false
56e11422-2af2-461b-bed3-878da307cd59,34cd047c-0421-4d3d-b1eb-74c5193b0ff2,2024,2024-12-15,3.4,69,16,false
a302f862-c7f8-4f97-8b66-5efee6384fca,34cd047c-0421-4d3d-b1eb-74c5193b0ff2,2025,2025-12-15,3.7,87,42,false
6c5602cf-75fa-4231-9028-eb5b285f3fdb,34cd047c-0421-4d3d-b1eb-74c5193b0ff2,2026,2026-12-15,3.8,98,39,false
8c8222ad-7251-4546-b308-1b45e7b8ef28,e1b53371-6c6f-4980-9ca0-53af61e94734,2018,2018-12-15,3.4,86,45,false
a73d04bd-15f6-467c-a069-bc539bf528b4,e1b53371-6c6f-4980-9ca0-53af61e94734,2019,2019-12-15,2.2,72,21,false
cb187b60-4f7b-4d06-9c1a-e4ce607b11ed,e1b53371-6c6f-4980-9ca0-53af61e94734,2020,2020-12-15,3.6,77,45,false
6f017476-bce1-4464-91b7-290688fbd696,e1b53371-6c6f-4980-9ca0-53af61e94734,2021,2021-12-15,4.5,92,10,true
3735b64d-abf9-4383-965f-043f19c22bd8,e1b53371-6c6f-4980-9ca0-53af61e94734,2022,2022-12-15,2.1,83,44,false
3ce9a407-da33-4a66-b0bb-ca960c834182,e1b53371-6c6f-4980-9ca0-53af61e94734,2023,2023-12-15,3.9,83,32,false
ebbf0954-08bf-44c9-9d50-59bb37148f6a,e1b53371-6c6f-4980-9ca0-53af61e94734,2024,2024-12-15,3.4,60,60,false
bba51329-e698-470a-b778-da0652e51d08,e1b53371-6c6f-4980-9ca0-53af61e94734,2025,2025-12-15,4.1,65,13,false
6a5ee631-80bf-47a7-9b07-a2d04fdf1c91,e1b53371-6c6f-4980-9ca0-53af61e94734,2026,2026-12-15,4.4,73,34,false
3e92af26-4ca3-4538-a2a4-7e249a407348,f7bd2526-a1b0-4954-b61c-ee69b49f15b4,2023,2023-12-15,3.7,66,19,false
164ac170-a4ae-4d48-a24c-648d5f21e329,f7bd2526-a1b0-4954-b61c-ee69b49f15b4,2024,2024-12-15,4.3,91,25,false
4aa8b8ff-2789-41db-ae8d-d694f832572f,f7bd2526-a1b0-4954-b61c-ee69b49f15b4,2025,2025-12-15,3.2,60,50,false
91772c2e-5b4f-4008-82e3-de3dc03f80ee,f7bd2526-a1b0-4954-b61c-ee69b49f15b4,2026,2026-12-15,2.2,78,50,false
92b96b7b-194a-4ce5-9bfc-b0f3d258c5cc,c3497335-d1f1-4803-b6e9-1a733a4e242f,2021,2021-12-15,4.5,71,10,false
d47a1d20-aad0-4b39-a597-e4fac5d0358b,c3497335-d1f1-4803-b6e9-1a733a4e242f,2022,2022-12-15,4.6,80,50,false
9a76029a-e2ca-4bb1-83d8-1760cdd0b2e8,c3497335-d1f1-4803-b6e9-1a733a4e242f,2023,2023-12-15,4.8,71,59,false
09c3e40d-0720-4b4f-bf12-e4bb870046c0,c3497335-d1f1-4803-b6e9-1a733a4e242f,2024,2024-12-15,3.8,76,36,false
36a32839-f01b-428e-8aa3-cfc7489813c4,c3497335-d1f1-4803-b6e9-1a733a4e242f,2025,2025-12-15,2.8,76,55,false
a6619647-c2eb-411d-b4e5-62414b6efe69,c3497335-d1f1-4803-b6e9-1a733a4e242f,2026,2026-12-15,3.6,72,56,false
0e715e1d-27c5-4673-946b-05ceb40256d8,244c29e7-764b-4ce2-9164-148a5d124f2a,2025,2025-12-15,3.3,74,50,false
4ea28b26-8628-48b5-826b-f528413a3270,244c29e7-764b-4ce2-9164-148a5d124f2a,2026,2026-12-15,3.3,78,40,false
623a7a3c-1a63-4964-9a46-82136c1a7e39,bc937cb0-9c8b-4859-b811-7b5b2a1edd4c,2024,2024-12-15,2.1,75,20,false
095cad2c-46ac-4c49-a1e0-d2e2af885e46,bc937cb0-9c8b-4859-b811-7b5b2a1edd4c,2025,2025-12-15,3.6,71,56,false
057d1068-bdd7-4eb0-9432-db87fcd02f6a,bc937cb0-9c8b-4859-b811-7b5b2a1edd4c,2026,2026-12-15,2.6,73,40,false
6febfc0c-2c57-4665-8c10-26f782d7175a,270807ea-9f56-4438-a0e5-f4896c064cda,2022,2022-12-15,2.6,77,34,false
1b3f6432-0957-41ee-880b-df5deaec8af8,270807ea-9f56-4438-a0e5-f4896c064cda,2023,2023-12-15,4.2,98,60,false
5cffab35-d20f-49d2-9538-69bd74f0ff7e,270807ea-9f56-4438-a0e5-f4896c064cda,2024,2024-12-15,3.9,84,59,false
640b5868-01f2-4ec3-8c79-a82e7b3b8204,270807ea-9f56-4438-a0e5-f4896c064cda,2025,2025-12-15,4.6,91,35,true
27bd1811-3734-4b17-b4b6-b0032a3bb2c4,270807ea-9f56-4438-a0e5-f4896c064cda,2026,2026-12-15,2.9,85,58,false
14972d19-f6a5-40f3-bea7-aadf51dfbe2a,6ed3f653-7d1d-40dd-a5e3-98cce7ac7aa7,2018,2018-12-15,2.8,68,42,false
261bfc5e-fb59-4f87-a5af-71472b36ddc8,6ed3f653-7d1d-40dd-a5e3-98cce7ac7aa7,2019,2019-12-15,2.7,61,58,false
8348b61c-9e1f-4a87-9cc0-157a7b4a7ce7,6ed3f653-7d1d-40dd-a5e3-98cce7ac7aa7,2020,2020-12-15,3.9,86,30,false
18f81251-ad0c-4c01-9c68-545984194fd0,6ed3f653-7d1d-40dd-a5e3-98cce7ac7aa7,2021,2021-12-15,3.3,73,35,false
c7050be6-cb2e-42bc-a816-44ca15e71178,6ed3f653-7d1d-40dd-a5e3-98cce7ac7aa7,2022,2022-12-15,4.7,98,15,false
3eef3bae-c578-4434-a9b0-4f8a259f0afb,6ed3f653-7d1d-40dd-a5e3-98cce7ac7aa7,2023,2023-12-15,3.5,96,37,false
155c71fe-86ef-4bc8-aa7a-4ccdde0da786,6ed3f653-7d1d-40dd-a5e3-98cce7ac7aa7,2024,2024-12-15,2.5,79,22,false
6dba2e30-df34-4b32-a1a0-964ea228176f,6ed3f653-7d1d-40dd-a5e3-98cce7ac7aa7,2025,2025-12-15,3.1,95,34,false
342fe4b7-783b-4e3c-883d-5197f5be239b,6ed3f653-7d1d-40dd-a5e3-98cce7ac7aa7,2026,2026-12-15,2.1,95,32,false
ed79d554-26bb-42b7-a2ad-0cc2d2191877,c63b1758-c99c-43d4-ad54-5b86ed14cd5d,2020,2020-12-15,3.8,67,21,false
ca87d71b-5ca0-4ca0-b761-4089fe71c4ef,c63b1758-c99c-43d4-ad54-5b86ed14cd5d,2021,2021-12-15,3.5,93,27,false
f10fbfb7-6b2c-4855-9274-69409dea2b4b,c63b1758-c99c-43d4-ad54-5b86ed14cd5d,2022,2022-12-15,3.1,62,31,false
a02b1f5f-27a3-400d-877e-3634c58391a0,c63b1758-c99c-43d4-ad54-5b86ed14cd5d,2023,2023-12-15,3.7,63,14,false
516aed54-8ad8-4db2-be8a-1290cc8f3bc7,c63b1758-c99c-43d4-ad54-5b86ed14cd5d,2024,2024-12-15,4.5,69,39,false
542577f7-bcb4-4a13-930b-2649b9eed940,c63b1758-c99c-43d4-ad54-5b86ed14cd5d,2025,2025-12-15,4.2,96,24,false
0da804cf-ecc9-419e-b4a1-cdb3f923887a,c63b1758-c99c-43d4-ad54-5b86ed14cd5d,2026,2026-12-15,3.6,89,12,false
b5240932-3165-4628-b2f6-04527eb76159,41048425-a655-4d49-9961-624af791eaac,2024,2024-12-15,4.8,91,47,false
57d65732-31e3-470c-aef4-c867f7e86a96,41048425-a655-4d49-9961-624af791eaac,2025,2025-12-15,4.5,74,18,false
0cd29c2f-6272-4274-810d-ff81ce28ec9c,41048425-a655-4d49-9961-624af791eaac,2026,2026-12-15,2.1,67,53,false
a7f161c8-59d7-47e5-8ffe-9cd83b2009a4,9438e025-ade4-4a30-960a-9b49c93f3aa2,2018,2018-12-15,3.6,85,32,false
e7ab0de6-ee1c-4818-96b4-ccaa9ff13d06,9438e025-ade4-4a30-960a-9b49c93f3aa2,2019,2019-12-15,2.7,91,11,false
d0d33243-fbe0-4655-8af2-a84937b58b58,9438e025-ade4-4a30-960a-9b49c93f3aa2,2020,2020-12-15,2.1,65,19,false
8ade79c4-dda1-4938-90af-9e60adb7ef1e,9438e025-ade4-4a30-960a-9b49c93f3aa2,2021,2021-12-15,2.5,90,10,false
9491fe9a-baec-443e-b8e1-3226e6615eea,9438e025-ade4-4a30-960a-9b49c93f3aa2,2022,2022-12-15,2.2,97,51,false
fa73637c-4ce9-4225-9aa5-374e1be7a1f0,9438e025-ade4-4a30-960a-9b49c93f3aa2,2023,2023-12-15,3.7,81,34,false
973c89d6-b9d2-4d28-a897-a9e8103b202c,9438e025-ade4-4a30-960a-9b49c93f3aa2,2024,2024-12-15,2.4,73,29,false
e26b7ace-d599-4b23-91de-6e9eef713e80,9438e025-ade4-4a30-960a-9b49c93f3aa2,2025,2025-12-15,2.7,72,24,false
7fd37b6a-4d9f-4db4-8964-9c98a671159d,9438e025-ade4-4a30-960a-9b49c93f3aa2,2026,2026-12-15,2.1,79,40,false
a5e57cd0-238a-40df-9cfc-6edbdde011f8,fcdfb524-f31d-4f16-8c75-8ae05a307294,2018,2018-12-15,4.2,62,17,false
f3465a8a-ba75-4abb-a798-897617ce5df3,fcdfb524-f31d-4f16-8c75-8ae05a307294,2019,2019-12-15,2.4,71,20,false
eed153c7-a4c7-4f50-a047-da3aa0579e23,fcdfb524-f31d-4f16-8c75-8ae05a307294,2020,2020-12-15,3.7,92,24,false
d6d5640d-8c90-41f7-af4e-e328e6bfeeeb,fcdfb524-f31d-4f16-8c75-8ae05a307294,2021,2021-12-15,2.9,100,46,false
5b96cacc-30bb-4e6b-995b-62eb67cca26f,fcdfb524-f31d-4f16-8c75-8ae05a307294,2022,2022-12-15,3.2,67,30,false
7afb34ba-698d-474b-8ec3-fb278cc75e1a,fcdfb524-f31d-4f16-8c75-8ae05a307294,2023,2023-12-15,4.4,62,48,false
ff5e55a3-ce00-4cf9-8c62-a2714331b484,fcdfb524-f31d-4f16-8c75-8ae05a307294,2024,2024-12-15,4.6,83,18,false
501f34d4-66b6-4f30-b15c-ba23f06b0abc,fcdfb524-f31d-4f16-8c75-8ae05a307294,2025,2025-12-15,4.9,75,30,true
6e3d726c-2bc2-48e8-926a-1f2fafb074a2,fcdfb524-f31d-4f16-8c75-8ae05a307294,2026,2026-12-15,4,91,42,false
3f300b92-bf9d-4790-9c2c-87753076e408,a3525058-74f2-4e5d-9caf-f9acb53c6954,2019,2019-12-15,2.2,80,60,false
62e4c2c3-3deb-4e56-9fce-07d74adb9b86,a3525058-74f2-4e5d-9caf-f9acb53c6954,2020,2020-12-15,4.1,69,18,false
62a29c17-97d2-453f-9723-a69047c6b26a,a3525058-74f2-4e5d-9caf-f9acb53c6954,2021,2021-12-15,3,71,37,false
5a07ef3a-c56e-4fa7-a66c-d2846dfb978f,a3525058-74f2-4e5d-9caf-f9acb53c6954,2022,2022-12-15,2.9,81,27,false
670a4d92-8944-443d-abed-b98430dcdda5,a3525058-74f2-4e5d-9caf-f9acb53c6954,2023,2023-12-15,4.6,76,32,false
ce9991cc-3451-4520-8384-15e07441bc58,a3525058-74f2-4e5d-9caf-f9acb53c6954,2024,2024-12-15,2.6,95,46,false
aad09218-8bb3-4482-bcc2-7444cb8e4a17,a3525058-74f2-4e5d-9caf-f9acb53c6954,2025,2025-12-15,4.2,76,36,false
f62277d6-4f18-4fa9-b9d4-6972afab35ea,a3525058-74f2-4e5d-9caf-f9acb53c6954,2026,2026-12-15,2.6,77,54,false
ac9192b2-ac68-4c0d-8255-9dfcf55bd017,2737b249-bbed-4d63-a99b-3006b7744c69,2018,2018-12-15,2.5,64,14,false
6897a06e-b1c2-4be2-b9fc-cc2c46dd0339,2737b249-bbed-4d63-a99b-3006b7744c69,2019,2019-12-15,4.1,82,19,false
da77dbb4-7ed6-44c1-8e82-92227cca66fd,2737b249-bbed-4d63-a99b-3006b7744c69,2020,2020-12-15,3.3,77,15,false
6ae3b70d-a184-4b49-8e9a-a92636481d14,2737b249-bbed-4d63-a99b-3006b7744c69,2021,2021-12-15,4.6,80,45,false
3138b349-1694-4102-86c9-4426b8536b18,2737b249-bbed-4d63-a99b-3006b7744c69,2022,2022-12-15,2.8,92,60,false
8afec5f5-5425-4d13-8be4-c6e378e0d3b0,2737b249-bbed-4d63-a99b-3006b7744c69,2023,2023-12-15,4.7,70,56,false
c6b600e8-0591-42b6-9c35-085ca9a780e5,2737b249-bbed-4d63-a99b-3006b7744c69,2024,2024-12-15,2.6,66,10,false
3bdcb72d-f260-43dd-aec3-86474bc85622,2737b249-bbed-4d63-a99b-3006b7744c69,2025,2025-12-15,4.5,94,31,false
b9ad903b-36ef-4acc-aabe-1b4a84a3384e,2737b249-bbed-4d63-a99b-3006b7744c69,2026,2026-12-15,3.5,87,38,false
20e786ed-7590-419e-aa0a-3f912ac792b9,6d30cd3d-7403-416b-a831-b7d794f8bc47,2017,2017-12-15,4.3,95,30,false
88d77d41-2c0f-49ff-941f-81ca6309dbf5,6d30cd3d-7403-416b-a831-b7d794f8bc47,2018,2018-12-15,2.9,96,23,false
b3c8c86d-2957-42fd-941d-803037378570,6d30cd3d-7403-416b-a831-b7d794f8bc47,2019,2019-12-15,2.6,90,24,false
f63e18ab-47aa-49de-9567-bd096fa40296,6d30cd3d-7403-416b-a831-b7d794f8bc47,2020,2020-12-15,4.8,81,16,true
7752e88c-e6df-42f2-8f76-d13ece28629f,6d30cd3d-7403-416b-a831-b7d794f8bc47,2021,2021-12-15,4.7,90,49,true
8dfcd892-0b35-4035-a245-d0353e75d13a,6d30cd3d-7403-416b-a831-b7d794f8bc47,2022,2022-12-15,2.8,67,18,false
c835a6af-1a28-4084-9582-dff5318b4881,6d30cd3d-7403-416b-a831-b7d794f8bc47,2023,2023-12-15,4.9,60,39,true
9bc6f78e-d80a-4bca-836d-a453aaadbaaa,6d30cd3d-7403-416b-a831-b7d794f8bc47,2024,2024-12-15,2.7,60,55,false
4cb7764e-361f-433b-bed9-1a776b37ce6e,6d30cd3d-7403-416b-a831-b7d794f8bc47,2025,2025-12-15,4.6,64,60,false
a676dbd7-5087-45e3-8aa6-a2b9d62f2958,6d30cd3d-7403-416b-a831-b7d794f8bc47,2026,2026-12-15,4.4,98,41,false
e2b35110-5792-4941-8779-72c7329ca84f,0a54cf5c-0a30-4783-9a22-169d62bcc8c9,2023,2023-12-15,3.8,76,58,false
2f9aaa26-0ceb-4926-97cc-8d13234bc54f,0a54cf5c-0a30-4783-9a22-169d62bcc8c9,2024,2024-12-15,4.2,80,48,false
523f5f08-eeec-4ad1-a3df-9d6c91ba1ed0,0a54cf5c-0a30-4783-9a22-169d62bcc8c9,2025,2025-12-15,4.5,65,59,false
1efb89df-8b28-49d0-85f0-5dc25416ce42,0a54cf5c-0a30-4783-9a22-169d62bcc8c9,2026,2026-12-15,2.8,81,31,false
cf4ffc9b-f076-4e89-8c9d-9381c6481c9a,482ba374-a477-48f8-acd0-353643856861,2023,2023-12-15,4.4,93,33,false
bff99718-b9db-46b7-94f5-74b3e10c58f6,482ba374-a477-48f8-acd0-353643856861,2024,2024-12-15,3.9,100,30,false
96b0b70f-7f5e-4960-a883-8426f6e1688c,482ba374-a477-48f8-acd0-353643856861,2025,2025-12-15,2.4,66,21,false
1d35be5b-89b4-462a-96b3-2c82d6f330b7,482ba374-a477-48f8-acd0-353643856861,2026,2026-12-15,4.6,93,36,false
a17c3b9d-444e-4a27-bf8d-534fafdf915c,5670d01a-a957-4bc5-a7b9-b19c7ae914a7,2021,2021-12-15,4.7,69,27,false
8bd35d67-4473-4631-87d1-aaef031f14f9,5670d01a-a957-4bc5-a7b9-b19c7ae914a7,2022,2022-12-15,2.2,99,36,false
965105ab-e826-46b1-81ee-9f9ab8e127d2,5670d01a-a957-4bc5-a7b9-b19c7ae914a7,2023,2023-12-15,3.7,73,10,false
c2eb86b7-3f79-4728-9b67-b7e519d86cfb,5670d01a-a957-4bc5-a7b9-b19c7ae914a7,2024,2024-12-15,3.5,78,14,false
3527ae78-e0a2-4f50-885a-2b1341863e1f,5670d01a-a957-4bc5-a7b9-b19c7ae914a7,2025,2025-12-15,3.4,96,25,false
0c89ea98-1b90-4d7f-94f7-94736768dde9,5670d01a-a957-4bc5-a7b9-b19c7ae914a7,2026,2026-12-15,4.6,73,36,true
85536b8c-5cd6-45e6-a888-17f81346a090,eb4cd8f9-da1f-4308-b6f4-d7a6cb912034,2023,2023-12-15,2.6,86,40,false
2fb07c3e-6132-450e-8b21-6abad4efbeab,eb4cd8f9-da1f-4308-b6f4-d7a6cb912034,2024,2024-12-15,2.9,95,51,false
39a738e2-9ba4-43f5-bdb4-e848cf716be4,eb4cd8f9-da1f-4308-b6f4-d7a6cb912034,2025,2025-12-15,3.9,86,55,false
1bd6f2d9-18ed-48b4-9e18-32efaf7934c8,eb4cd8f9-da1f-4308-b6f4-d7a6cb912034,2026,2026-12-15,2.5,100,23,false
3372e69e-68d2-43c7-b4c6-cf37b8cb0ac8,809d7830-1e52-4669-91d1-b546acaa74c1,2018,2018-12-15,2.8,85,18,false
c9c84233-b7d6-40bd-824e-242d5c70d015,809d7830-1e52-4669-91d1-b546acaa74c1,2019,2019-12-15,3.7,99,43,false
64c2ffc4-e3b6-416f-bd7a-2d1e4066655c,809d7830-1e52-4669-91d1-b546acaa74c1,2020,2020-12-15,4.5,64,46,false
ed5a600b-3689-40c8-8332-d81250ea3fa3,809d7830-1e52-4669-91d1-b546acaa74c1,2021,2021-12-15,2.5,80,27,false
ac79decb-b358-4445-8202-b7873704f81e,809d7830-1e52-4669-91d1-b546acaa74c1,2022,2022-12-15,2.4,95,23,false
0f882295-bdcd-47d8-afcd-7068528cf969,809d7830-1e52-4669-91d1-b546acaa74c1,2023,2023-12-15,4.1,68,59,false
9087fa76-cca7-4bbc-a2e7-5d4c1509d45a,809d7830-1e52-4669-91d1-b546acaa74c1,2024,2024-12-15,3.3,66,19,false
9124c660-e1db-4504-b51c-8b784afcbee4,809d7830-1e52-4669-91d1-b546acaa74c1,2025,2025-12-15,2.8,97,47,false
8a24fd85-bc36-43d6-9e63-c073e4102c84,809d7830-1e52-4669-91d1-b546acaa74c1,2026,2026-12-15,2.7,71,21,false
ba78678c-6eb2-47b1-9f1d-b8f47e933417,8db2e339-db0e-4217-953a-c7aa6adea0bf,2022,2022-12-15,4.2,65,60,false
33fb5ad1-6a15-4be0-99ca-b7c026a1f0c7,8db2e339-db0e-4217-953a-c7aa6adea0bf,2023,2023-12-15,2.9,82,34,false
3a41ff5c-b1cf-4034-b12b-b9008cd83720,8db2e339-db0e-4217-953a-c7aa6adea0bf,2024,2024-12-15,2.8,98,31,false
dfb0d3e9-bd58-4d66-a7bf-8dfda7a03d1b,8db2e339-db0e-4217-953a-c7aa6adea0bf,2025,2025-12-15,2.5,91,40,false
d829d05a-854c-4242-99ea-63c349fb23c0,8db2e339-db0e-4217-953a-c7aa6adea0bf,2026,2026-12-15,2.8,77,22,false
53b4383f-1878-4e7c-a82c-6bfab453f430,41ebb9f8-62fb-4645-bf42-922e890f1fe7,2024,2024-12-15,4.4,96,50,false
650d5edf-28af-4bf5-a4d8-8b07914cbb02,41ebb9f8-62fb-4645-bf42-922e890f1fe7,2025,2025-12-15,4.3,93,55,false
8178464c-1963-463c-bdaf-bfe41eb6449c,41ebb9f8-62fb-4645-bf42-922e890f1fe7,2026,2026-12-15,2.5,92,44,false
0b29604f-c1c0-4c29-a3d8-fef5cd8b87da,9eb2a895-3e50-4a94-8984-1d96609f3b97,2019,2019-12-15,4.5,79,32,true
2c292b1f-fc2f-4bb1-bb34-69a25edabfb7,9eb2a895-3e50-4a94-8984-1d96609f3b97,2020,2020-12-15,2.5,62,48,false
1a49b9ad-f69f-49ab-813c-f4d3db2f4fe5,9eb2a895-3e50-4a94-8984-1d96609f3b97,2021,2021-12-15,4.8,82,51,true
321d10cd-ee27-4ebe-a6ed-0cab3ff03f07,9eb2a895-3e50-4a94-8984-1d96609f3b97,2022,2022-12-15,5,98,50,false
88f57c32-4a85-4772-9e4a-6838e8f6cc84,9eb2a895-3e50-4a94-8984-1d96609f3b97,2023,2023-12-15,3.8,81,51,false
2601d6f1-72a4-4d85-8397-6919192a3373,9eb2a895-3e50-4a94-8984-1d96609f3b97,2024,2024-12-15,3.5,84,53,false
a62bf321-7328-4b0d-b4c7-bd4edffdead2,9eb2a895-3e50-4a94-8984-1d96609f3b97,2025,2025-12-15,3.7,65,15,false
1e37fcdb-41b1-49e2-8d22-b1887cb9ed2a,9eb2a895-3e50-4a94-8984-1d96609f3b97,2026,2026-12-15,4.1,81,11,false
3dc0a8b5-0dc7-45c4-a6b2-4ef352a9d541,7632ae62-8f4a-45ce-9e5c-9ec290bafb90,2026,2026-12-15,2.7,98,19,false
b9d37543-c60d-4723-93fe-28c69f721a98,6729e45e-1135-4176-b523-b4c5af5b721a,2018,2018-12-15,3.9,72,21,false
abb570cc-49f0-4d71-8dad-d72331ebd26b,6729e45e-1135-4176-b523-b4c5af5b721a,2019,2019-12-15,2.6,98,32,false
c337a3f3-46a2-4e84-8caf-6d70ef7e1d7d,6729e45e-1135-4176-b523-b4c5af5b721a,2020,2020-12-15,2.2,75,59,false
37aed5a2-d766-4933-9539-8aa9663f53a6,6729e45e-1135-4176-b523-b4c5af5b721a,2021,2021-12-15,3.3,91,51,false
e638d301-c262-4dcd-8346-0b954acf98ea,6729e45e-1135-4176-b523-b4c5af5b721a,2022,2022-12-15,2.6,85,47,false
4c0be2eb-55d6-49e5-b02a-36e371451103,6729e45e-1135-4176-b523-b4c5af5b721a,2023,2023-12-15,2.9,79,54,false
e5fc9eb9-e2be-426c-b59c-2a5547506f43,6729e45e-1135-4176-b523-b4c5af5b721a,2024,2024-12-15,2.1,93,48,false
8404ac47-513c-4e4b-9ff4-8c33b9484d52,6729e45e-1135-4176-b523-b4c5af5b721a,2025,2025-12-15,2.7,75,60,false
e555d3ea-d3a5-4975-bcbb-9dbb2b24c233,6729e45e-1135-4176-b523-b4c5af5b721a,2026,2026-12-15,3.1,95,20,false
12acc5e8-d921-4bcf-9630-2f77706d569c,2e9d1eae-af9e-4ac2-83f6-334feae25fb3,2024,2024-12-15,4.2,84,48,false
26e72f89-715e-4bae-bbfd-b637bc6cfa65,2e9d1eae-af9e-4ac2-83f6-334feae25fb3,2025,2025-12-15,3.6,69,40,false
e194e11a-04e3-4d84-832e-ae49c0868ef3,2e9d1eae-af9e-4ac2-83f6-334feae25fb3,2026,2026-12-15,2.4,82,11,false
b49db764-3207-410c-99a1-460375d56d46,1e8667b8-19cd-4c2d-a6b9-6ac7acac9e05,2020,2020-12-15,3.3,68,46,false
7b00b8e8-2e16-4328-b86e-44e915a37631,1e8667b8-19cd-4c2d-a6b9-6ac7acac9e05,2021,2021-12-15,2.3,72,10,false
395d3503-1495-46b6-bf05-01694c69d6f5,1e8667b8-19cd-4c2d-a6b9-6ac7acac9e05,2022,2022-12-15,2.6,63,16,false
263e3d83-4f6a-446e-94b0-25fcd2d1b698,1e8667b8-19cd-4c2d-a6b9-6ac7acac9e05,2023,2023-12-15,4.3,91,27,false
86492dcc-0eac-461d-91d2-6cc4327ce4a3,1e8667b8-19cd-4c2d-a6b9-6ac7acac9e05,2024,2024-12-15,5,77,40,false
83d6c5cd-ecca-4e7c-a1f8-59b47f6af678,1e8667b8-19cd-4c2d-a6b9-6ac7acac9e05,2025,2025-12-15,4.1,88,51,false
b7108caa-9ae2-4c63-8423-1195943e1e03,1e8667b8-19cd-4c2d-a6b9-6ac7acac9e05,2026,2026-12-15,2.6,63,27,false
8a11ae9b-d62b-4d14-bc44-0d27675ccf77,d8903a26-efea-4297-b988-164b3a51a321,2018,2018-12-15,3,83,30,false
9d99140e-18d2-4cc3-b1f6-6071f093a33b,d8903a26-efea-4297-b988-164b3a51a321,2019,2019-12-15,3.5,95,57,false
b79311d2-cb93-4fa8-b185-4e0ba8fc4a65,d8903a26-efea-4297-b988-164b3a51a321,2020,2020-12-15,4.8,74,39,true
f5a51b4e-1776-4ed1-a697-7bbb2eb4e09f,d8903a26-efea-4297-b988-164b3a51a321,2021,2021-12-15,2.1,77,16,false
5cf335ba-7b5d-48c8-9b80-e4f6adb5b246,d8903a26-efea-4297-b988-164b3a51a321,2022,2022-12-15,3.6,74,24,false
03104fde-4990-43e5-8d35-f09b863d0e50,d8903a26-efea-4297-b988-164b3a51a321,2023,2023-12-15,2.4,81,35,false
4337faca-3520-4bb9-8b6d-2fdd5f75b7ee,d8903a26-efea-4297-b988-164b3a51a321,2024,2024-12-15,2.1,85,47,false
a8f490d0-34cf-453d-80e5-0016527997ad,d8903a26-efea-4297-b988-164b3a51a321,2025,2025-12-15,3,69,47,false
fe2947ac-05f7-4473-a532-2217880c70be,d8903a26-efea-4297-b988-164b3a51a321,2026,2026-12-15,2.4,81,17,false
66b38603-b280-41f8-9fed-15c5638d6be6,c06f6c24-c571-4a2e-ab88-14f868da1704,2022,2022-12-15,3.7,88,44,false
7cb24c78-1cda-4c64-88fb-20bcfa362193,c06f6c24-c571-4a2e-ab88-14f868da1704,2023,2023-12-15,4.3,76,55,false
42dedc5b-42a8-47e6-8d88-221ba395d2fb,c06f6c24-c571-4a2e-ab88-14f868da1704,2024,2024-12-15,2.7,91,55,false
316c843e-316a-46b8-81cd-ad187064dcad,c06f6c24-c571-4a2e-ab88-14f868da1704,2025,2025-12-15,4.6,67,42,false
9961bd2e-9033-4cf6-8685-e6099908f325,c06f6c24-c571-4a2e-ab88-14f868da1704,2026,2026-12-15,2.2,92,29,false
5979cab1-5410-483c-ac58-42dc481e069f,27efb81b-d816-4ca1-aa42-0f11ba9f9efb,2018,2018-12-15,4.5,94,25,false
6c0bb4d6-9fe8-4a3a-a413-7f9627b16840,27efb81b-d816-4ca1-aa42-0f11ba9f9efb,2019,2019-12-15,3,90,35,false
2d0d5f3f-6e9c-4fcd-a996-9e52790afec1,27efb81b-d816-4ca1-aa42-0f11ba9f9efb,2020,2020-12-15,3.3,99,43,false
b6e91978-ad90-40fb-a46c-d306617d2645,27efb81b-d816-4ca1-aa42-0f11ba9f9efb,2021,2021-12-15,2.1,95,45,false
9111a9bd-0120-4f95-8325-ef4c820f99d5,27efb81b-d816-4ca1-aa42-0f11ba9f9efb,2022,2022-12-15,4,73,50,false
6800e22a-11bc-462d-8b64-a947c8b8c75a,27efb81b-d816-4ca1-aa42-0f11ba9f9efb,2023,2023-12-15,2.7,80,23,false
f5869312-92f4-403d-b974-9108183c0876,27efb81b-d816-4ca1-aa42-0f11ba9f9efb,2024,2024-12-15,3.4,91,54,false
44150dff-a412-474b-8be4-6bfc3d2b0422,27efb81b-d816-4ca1-aa42-0f11ba9f9efb,2025,2025-12-15,3.9,76,15,false
39f75318-6a66-4124-924a-8a58b718c0b6,27efb81b-d816-4ca1-aa42-0f11ba9f9efb,2026,2026-12-15,2.8,98,54,false
389aa765-5d06-4576-8132-d390e529383b,d3c472fe-21cc-45af-bcb4-02747da2c9de,2017,2017-12-15,4.8,63,31,true
2af10098-111f-42a0-8a86-76ba43d8576d,d3c472fe-21cc-45af-bcb4-02747da2c9de,2018,2018-12-15,4.8,62,17,false
0f1dc01b-b86d-4948-8a42-0b6c1ba8311f,d3c472fe-21cc-45af-bcb4-02747da2c9de,2019,2019-12-15,3.8,87,14,false
eab064b0-6b64-4f4f-b219-ff8853e46710,d3c472fe-21cc-45af-bcb4-02747da2c9de,2020,2020-12-15,3.3,61,54,false
1547fe56-acc0-425d-9360-f1482ddf844a,d3c472fe-21cc-45af-bcb4-02747da2c9de,2021,2021-12-15,2.8,71,39,false
ad46f435-c587-4793-b1cb-605f7cd946d1,d3c472fe-21cc-45af-bcb4-02747da2c9de,2022,2022-12-15,4.6,90,59,false
2f6dcf4f-4b11-4cc8-a188-2fe15f1e0ffc,d3c472fe-21cc-45af-bcb4-02747da2c9de,2023,2023-12-15,4.9,67,59,true
3113c5d7-67e3-4f50-a79a-a653850f4b79,d3c472fe-21cc-45af-bcb4-02747da2c9de,2024,2024-12-15,2.9,82,28,false
df516e26-fe4d-46c9-9502-4297ea6bdfdc,d3c472fe-21cc-45af-bcb4-02747da2c9de,2025,2025-12-15,2.2,85,57,false
657b2917-7050-4048-8770-b2adc52cf36f,d3c472fe-21cc-45af-bcb4-02747da2c9de,2026,2026-12-15,2.6,68,41,false
a61b9fa2-9638-40e4-ae36-0a2327ff006d,4135adb1-79ed-4479-8419-3da9bebf621a,2026,2026-12-15,3.7,83,49,false
473e4f4d-56ec-4c5b-8c96-e833088a8c53,308a7c7d-322a-440b-b7fd-46bd40419af0,2022,2022-12-15,2.1,82,39,false
36a2a69b-cbcc-4cea-9d03-45e14c54e201,308a7c7d-322a-440b-b7fd-46bd40419af0,2023,2023-12-15,2.5,70,57,false
71188bdc-6baf-4529-aa99-b9db8bd70816,308a7c7d-322a-440b-b7fd-46bd40419af0,2024,2024-12-15,4,100,48,false
baf7433f-297e-4e5e-b75a-6a73d91d7560,308a7c7d-322a-440b-b7fd-46bd40419af0,2025,2025-12-15,3.6,76,14,false
2ebaa2d8-f354-4601-8ddd-9a0d39f79432,308a7c7d-322a-440b-b7fd-46bd40419af0,2026,2026-12-15,4.7,82,36,false
6c3a4057-6662-45df-a532-35b230527810,156d67d9-1fdf-48ef-90c1-9a13e83d805a,2025,2025-12-15,4.2,86,51,false
88342474-7596-4a85-b08a-cc3d2bcc76bb,156d67d9-1fdf-48ef-90c1-9a13e83d805a,2026,2026-12-15,3.4,92,45,false
9fc2b9f5-4024-4c0e-acf2-920462ca3f68,29deae47-9422-43ef-a683-ceb20dd94df6,2022,2022-12-15,4.3,99,11,false
26e99727-5278-4a8a-bf00-3b8754b67139,29deae47-9422-43ef-a683-ceb20dd94df6,2023,2023-12-15,2.9,86,58,false
156653e1-a3c8-4ada-a4de-39fa5d09eaae,29deae47-9422-43ef-a683-ceb20dd94df6,2024,2024-12-15,3.8,62,16,false
25a0fa57-5439-4855-a1f3-a04a1d000cbe,29deae47-9422-43ef-a683-ceb20dd94df6,2025,2025-12-15,2.7,80,27,false
de3a8613-e5e7-4220-a307-d092f8154078,29deae47-9422-43ef-a683-ceb20dd94df6,2026,2026-12-15,3.5,90,44,false
30392408-08a3-41ca-b693-a1bf659f8da5,d6b9a115-bbee-45cf-b587-dd1c94c8055c,2018,2018-12-15,3.4,83,58,false
ff26586d-82d7-4cd6-8813-adc60d2d65af,d6b9a115-bbee-45cf-b587-dd1c94c8055c,2019,2019-12-15,2.7,76,20,false
2f59dda8-119c-42ad-a74d-d5ebaaf34b1c,d6b9a115-bbee-45cf-b587-dd1c94c8055c,2020,2020-12-15,2.9,90,27,false
5cc8c5ac-64dd-4eaf-b823-43617ffaa673,d6b9a115-bbee-45cf-b587-dd1c94c8055c,2021,2021-12-15,2.2,68,16,false
4d61a72b-b8a8-4012-8826-de75311945fa,d6b9a115-bbee-45cf-b587-dd1c94c8055c,2022,2022-12-15,4,76,48,false
2adf7deb-ce45-4eca-ac63-47c651474215,d6b9a115-bbee-45cf-b587-dd1c94c8055c,2023,2023-12-15,4.8,83,58,false
0042cf8e-9ddb-4571-a6e6-d88dad88132a,d6b9a115-bbee-45cf-b587-dd1c94c8055c,2024,2024-12-15,4.5,83,57,true
86a156f5-2ab5-4113-9934-9728feeef095,d6b9a115-bbee-45cf-b587-dd1c94c8055c,2025,2025-12-15,4,80,15,false
0af6b3f4-1746-47b8-b163-4baea69964bb,d6b9a115-bbee-45cf-b587-dd1c94c8055c,2026,2026-12-15,3.2,94,32,false
4acac155-2e34-420a-b761-3599e88308f4,a392ef10-1d48-40c1-9db1-b6f0aa438af1,2022,2022-12-15,3.8,98,44,false
53294227-9198-4efa-a044-e43b1f2264e2,a392ef10-1d48-40c1-9db1-b6f0aa438af1,2023,2023-12-15,4.1,91,13,false
8865e7d6-e501-4294-9f28-3869209ade4d,a392ef10-1d48-40c1-9db1-b6f0aa438af1,2024,2024-12-15,2.7,84,24,false
76997e2c-37c6-4a3c-a52a-5f0be33567f9,a392ef10-1d48-40c1-9db1-b6f0aa438af1,2025,2025-12-15,3.8,88,38,false
a6e69eb6-0863-42cf-8a9a-e0fc3a94eedb,a392ef10-1d48-40c1-9db1-b6f0aa438af1,2026,2026-12-15,2.2,60,38,false
a61a6bfa-2556-41c8-bfc4-71338487be4a,1f965586-f722-469f-a346-1ee60e107854,2020,2020-12-15,4.4,74,18,false
7e42d156-132f-410d-9c55-e13e20a8b414,1f965586-f722-469f-a346-1ee60e107854,2021,2021-12-15,3.8,98,16,false
1c12c9c3-fb62-4544-8261-d4c84a4a733a,1f965586-f722-469f-a346-1ee60e107854,2022,2022-12-15,4.9,98,60,false
79e17550-7cc8-47fd-a6a3-f887ad5b9e0a,1f965586-f722-469f-a346-1ee60e107854,2023,2023-12-15,4.8,72,34,false
53818ccb-556c-4599-9aa2-852ea33bfe75,1f965586-f722-469f-a346-1ee60e107854,2024,2024-12-15,2.7,72,51,false
9b9541ff-863c-4104-8669-b16872fea0d0,1f965586-f722-469f-a346-1ee60e107854,2025,2025-12-15,2.6,83,42,false
6af703c6-8aa3-48ae-8d7b-2b931d8b94e1,1f965586-f722-469f-a346-1ee60e107854,2026,2026-12-15,4.8,70,45,false
cca9a3fa-56be-47d7-8500-ad0224244c5d,53fa190c-9e85-4b6b-ae07-fe07b9e27bb2,2019,2019-12-15,4.3,63,30,false
2c2b1f52-0c4a-48a2-b66a-7cf39c6982ef,53fa190c-9e85-4b6b-ae07-fe07b9e27bb2,2020,2020-12-15,2.7,86,46,false
f53692e7-ced8-412b-98b5-27aefc2dbe43,53fa190c-9e85-4b6b-ae07-fe07b9e27bb2,2021,2021-12-15,3.3,89,42,false
1b9d1be6-12eb-4f86-9e7c-0d668a1aff91,53fa190c-9e85-4b6b-ae07-fe07b9e27bb2,2022,2022-12-15,2.2,75,56,false
1aefca33-7dd6-46b8-9824-4fa387fbbc29,53fa190c-9e85-4b6b-ae07-fe07b9e27bb2,2023,2023-12-15,4.9,71,28,false
9882ac1a-1d4a-4ab0-bcb4-d291425e3465,53fa190c-9e85-4b6b-ae07-fe07b9e27bb2,2024,2024-12-15,3.3,94,50,false
525b4e5c-a93a-466f-8522-a0ce1680c3b1,53fa190c-9e85-4b6b-ae07-fe07b9e27bb2,2025,2025-12-15,3.2,94,53,false
eade0078-79ee-4455-ad3f-3a5c90ee1e85,53fa190c-9e85-4b6b-ae07-fe07b9e27bb2,2026,2026-12-15,4.5,64,14,false
05ec7560-a2df-41a8-b448-8d91bd204de4,fa3a12f8-60bb-49bb-a843-d86c8968b990,2020,2020-12-15,4,66,40,false
2088cba6-23ba-497f-89b1-e98fe31fdeaf,fa3a12f8-60bb-49bb-a843-d86c8968b990,2021,2021-12-15,4.1,66,17,false
e1f6e8d6-4482-46be-9d94-3f3f24e07e02,fa3a12f8-60bb-49bb-a843-d86c8968b990,2022,2022-12-15,2.5,66,13,false
c26338c8-1b77-4580-a023-6a73d017d754,fa3a12f8-60bb-49bb-a843-d86c8968b990,2023,2023-12-15,4.3,86,47,false
d9fe2b1e-eb83-4079-bbfd-feaa76d3abda,fa3a12f8-60bb-49bb-a843-d86c8968b990,2024,2024-12-15,2.8,87,44,false
8aed64f4-3c90-4210-9c52-dba32d63c14c,fa3a12f8-60bb-49bb-a843-d86c8968b990,2025,2025-12-15,4,80,46,false
a03ca8f1-80a1-4410-9d48-f4e683ad0263,fa3a12f8-60bb-49bb-a843-d86c8968b990,2026,2026-12-15,3.4,85,39,false
32f89961-4a16-4256-9c80-6389535a064b,4e0c4813-33a4-47a3-a994-c56f516b53f2,2017,2017-12-15,2.7,74,51,false
d30ba820-7e90-493e-bcf4-3ced638d34a3,4e0c4813-33a4-47a3-a994-c56f516b53f2,2018,2018-12-15,3.2,62,28,false
00463b2a-8bf8-4275-9428-b127df35de5e,4e0c4813-33a4-47a3-a994-c56f516b53f2,2019,2019-12-15,2.6,62,56,false
0fc44037-3133-4991-a080-c2d209714864,4e0c4813-33a4-47a3-a994-c56f516b53f2,2020,2020-12-15,2.9,82,33,false
6db2648e-9af5-4d89-8b8c-c8525f15016b,4e0c4813-33a4-47a3-a994-c56f516b53f2,2021,2021-12-15,4.2,85,54,false
a9957fbf-dec8-442a-b23c-e70ef357c8d0,4e0c4813-33a4-47a3-a994-c56f516b53f2,2022,2022-12-15,4.4,66,16,false
f04df4ec-9f01-4035-8fbc-f17bfab843fc,4e0c4813-33a4-47a3-a994-c56f516b53f2,2023,2023-12-15,2.4,80,23,false
1158c415-2a68-43aa-a998-7d6dae413c93,4e0c4813-33a4-47a3-a994-c56f516b53f2,2024,2024-12-15,2.8,93,42,false
cbb72edc-b3eb-4f3e-8243-4f2e6de8887d,4e0c4813-33a4-47a3-a994-c56f516b53f2,2025,2025-12-15,4,85,58,false
5caa98ec-b9a1-4818-8e39-471b6a0bac25,4e0c4813-33a4-47a3-a994-c56f516b53f2,2026,2026-12-15,3.7,89,22,false
42d950c3-4328-4203-9b1f-82d881de9139,8111a374-326a-431e-bd1d-017e65d0a888,2020,2020-12-15,2.7,83,13,false
7e0e85e9-bd67-4e8c-8587-54a002743976,8111a374-326a-431e-bd1d-017e65d0a888,2021,2021-12-15,2.7,94,12,false
5ae760c1-c604-4b53-b59d-71f473d05a23,8111a374-326a-431e-bd1d-017e65d0a888,2022,2022-12-15,4.6,87,18,false
f3392d0b-2a41-4110-abcd-c5aa5f0f09d3,8111a374-326a-431e-bd1d-017e65d0a888,2023,2023-12-15,3.2,64,10,false
97c507ea-fbf1-4a72-b246-db38c3515c07,8111a374-326a-431e-bd1d-017e65d0a888,2024,2024-12-15,2.5,96,31,false
e7b7ad75-ed33-4dae-bc94-cc9d92039e35,8111a374-326a-431e-bd1d-017e65d0a888,2025,2025-12-15,3.9,80,20,false
2e6f4a45-11fa-449c-9f2a-babd3164580c,8111a374-326a-431e-bd1d-017e65d0a888,2026,2026-12-15,4.2,82,23,false
d33dfdb1-ea25-4f9a-bb85-9e7c8a2330cd,62a03c72-ab56-4e7b-bcac-d426791b6883,2019,2019-12-15,3.4,68,37,false
ed7c1a6d-ec47-4b84-b45b-7482ef164154,62a03c72-ab56-4e7b-bcac-d426791b6883,2020,2020-12-15,2.9,64,28,false
1baa43e3-d90c-44c9-b33c-50859438d52a,62a03c72-ab56-4e7b-bcac-d426791b6883,2021,2021-12-15,4.5,89,30,true
7f7ef50b-1001-4cc0-b007-fa9cb76fb7d6,62a03c72-ab56-4e7b-bcac-d426791b6883,2022,2022-12-15,2.6,69,37,false
796405fe-ae20-44d6-abf3-7b3547a4b84e,62a03c72-ab56-4e7b-bcac-d426791b6883,2023,2023-12-15,4.5,75,43,false
c38351f4-c516-4034-8159-eb4d9bb75736,62a03c72-ab56-4e7b-bcac-d426791b6883,2024,2024-12-15,3.3,89,35,false
ec77d64e-9a42-46f6-a194-c7b52a5422fe,62a03c72-ab56-4e7b-bcac-d426791b6883,2025,2025-12-15,3,100,29,false
4ca2352c-ccce-41fb-b88a-5f51c884df20,62a03c72-ab56-4e7b-bcac-d426791b6883,2026,2026-12-15,4.8,77,36,false
7797ae0a-e252-456f-9186-adc4c2c72907,c4e9fbaa-f78d-4256-8496-232ecba358c7,2025,2025-12-15,3.6,96,25,false
8ccf9310-0c5e-4da6-bb95-6a667165a18f,c4e9fbaa-f78d-4256-8496-232ecba358c7,2026,2026-12-15,2.1,80,25,false
fa2b83e7-de31-4bbb-ab5e-74b858453c0d,616d87ef-9bb4-4f83-8767-e92cc817a125,2019,2019-12-15,4.5,97,20,true
4f60fec1-3cb4-48d7-ae6a-5fde04842a7e,616d87ef-9bb4-4f83-8767-e92cc817a125,2020,2020-12-15,3,83,12,false
82446d5a-3f3b-46b1-a7ca-8d142f0dddd7,616d87ef-9bb4-4f83-8767-e92cc817a125,2021,2021-12-15,3.8,96,59,false
59cebf45-05e2-4dbe-8123-481efaa5eac7,616d87ef-9bb4-4f83-8767-e92cc817a125,2022,2022-12-15,4,73,45,false
b711d4a7-011a-4e85-88cd-59ddb7300e3f,616d87ef-9bb4-4f83-8767-e92cc817a125,2023,2023-12-15,2.3,78,36,false
6ccc0121-02b6-437f-b625-0315d235af1a,616d87ef-9bb4-4f83-8767-e92cc817a125,2024,2024-12-15,2.7,98,37,false
fa122de2-4251-42c9-8a70-0653b903fa6c,616d87ef-9bb4-4f83-8767-e92cc817a125,2025,2025-12-15,4.3,80,17,false
cccd03be-2f7b-4e7e-996f-1786e64e9ea3,616d87ef-9bb4-4f83-8767-e92cc817a125,2026,2026-12-15,3.2,89,23,false
1a7d1121-2500-4832-a48b-01bf40e0fae1,45741b25-fe6d-4e99-a28e-af0429c654bd,2018,2018-12-15,4.7,76,56,false
20a91ca0-a9a5-4c9f-93fe-9454e81ae52c,45741b25-fe6d-4e99-a28e-af0429c654bd,2019,2019-12-15,4,90,39,false
0f6cdefc-38f7-4807-8b1a-043c7d78071a,45741b25-fe6d-4e99-a28e-af0429c654bd,2020,2020-12-15,2.9,94,32,false
745ba58e-8af0-4ca5-8958-70695438e600,45741b25-fe6d-4e99-a28e-af0429c654bd,2021,2021-12-15,2.9,83,51,false
df1a3e95-7d1b-4fce-8603-cbb796c6715c,45741b25-fe6d-4e99-a28e-af0429c654bd,2022,2022-12-15,2.5,64,44,false
2afc1d12-3282-4c02-bd87-635b89495c37,45741b25-fe6d-4e99-a28e-af0429c654bd,2023,2023-12-15,4.8,84,15,false
6f483a17-b7de-4434-95d7-c02089dbafb7,45741b25-fe6d-4e99-a28e-af0429c654bd,2024,2024-12-15,4.7,97,20,false
c480d448-5038-400e-8a97-8b71e670ad5c,45741b25-fe6d-4e99-a28e-af0429c654bd,2025,2025-12-15,3.3,84,25,false
4996e5f8-1e9d-4f80-9939-410c7750be83,45741b25-fe6d-4e99-a28e-af0429c654bd,2026,2026-12-15,3.9,71,36,false
efd5b32f-d081-4668-8b26-08357b24c573,877eada1-fdbe-4ff9-b406-9f1e9cf96035,2026,2026-12-15,2,71,25,false
def80c28-cb70-4a5f-9311-16ce4659d031,885c9200-8cfd-4bab-912a-827a569ab455,2025,2025-12-15,4.3,60,22,false
fcbf988e-9c1f-484a-bb16-84a5fbf606a7,885c9200-8cfd-4bab-912a-827a569ab455,2026,2026-12-15,2.1,89,15,false
8b994710-dfd3-46c7-9f9c-50409a8e8f1c,2a193f8d-be52-4979-b8e7-af03ea0a7919,2019,2019-12-15,4.1,91,46,false
40e58f21-f1fd-4cbc-8078-1c686ada0e23,2a193f8d-be52-4979-b8e7-af03ea0a7919,2020,2020-12-15,3.3,94,31,false
24f9e5fd-bf65-4463-8639-daa35d767563,2a193f8d-be52-4979-b8e7-af03ea0a7919,2021,2021-12-15,2.6,90,20,false
815a2cd2-61c9-46ba-a1cc-e5a33c28b925,2a193f8d-be52-4979-b8e7-af03ea0a7919,2022,2022-12-15,4.4,67,33,false
b742793a-1418-4a45-ae0b-8a5cd05cb933,2a193f8d-be52-4979-b8e7-af03ea0a7919,2023,2023-12-15,4.4,78,17,false
7e35f004-9f9a-49a8-a836-9c2abacfcee3,2a193f8d-be52-4979-b8e7-af03ea0a7919,2024,2024-12-15,3.9,87,22,false
b55be761-3981-47e2-ab7d-735a3b944796,2a193f8d-be52-4979-b8e7-af03ea0a7919,2025,2025-12-15,4.5,79,13,false
e54d7ece-9c4b-413f-a01a-8e7999fe532c,2a193f8d-be52-4979-b8e7-af03ea0a7919,2026,2026-12-15,3.5,73,50,false
0d4c1204-b17b-4688-bce2-e889717f817b,2942ad99-153c-4d29-b6ff-097be28ed7c7,2020,2020-12-15,4.5,97,15,true
033eea01-aeda-4e86-a790-bbceef5f9b9e,2942ad99-153c-4d29-b6ff-097be28ed7c7,2021,2021-12-15,3.8,69,60,false
b9bb166e-4035-4ffe-9185-c8864762023e,2942ad99-153c-4d29-b6ff-097be28ed7c7,2022,2022-12-15,4.1,69,28,false
cd73c51e-523c-4af0-a622-30fe921cb7e5,2942ad99-153c-4d29-b6ff-097be28ed7c7,2023,2023-12-15,3.8,60,47,false
9721a828-7b2e-406a-9aa2-e0f3078a3abb,2942ad99-153c-4d29-b6ff-097be28ed7c7,2024,2024-12-15,4.7,63,54,false
c9abe26a-58b9-4711-8681-b1c8198f2880,2942ad99-153c-4d29-b6ff-097be28ed7c7,2025,2025-12-15,3.1,63,58,false
f34332d7-6471-44e9-afb8-932afb05d47a,2942ad99-153c-4d29-b6ff-097be28ed7c7,2026,2026-12-15,4.5,89,57,true
6272b4bc-8b71-4b8a-8fc1-0461e6819ee4,a322ea38-ec43-47d6-a805-c06b5196cde2,2024,2024-12-15,3.8,97,40,false
865e1768-5b86-444e-91e7-cec7feca032f,a322ea38-ec43-47d6-a805-c06b5196cde2,2025,2025-12-15,2.4,73,49,false
2b6a74c8-f31a-46be-93ae-2839f545a50a,a322ea38-ec43-47d6-a805-c06b5196cde2,2026,2026-12-15,2,73,18,false
45b91ab0-4693-43e4-a836-5313e551ac1f,9856d08c-4dbe-48b1-ab16-29aecf6cd15a,2025,2025-12-15,2.4,92,21,false
90ebe037-ece8-46ab-a771-7aa3838065ac,9856d08c-4dbe-48b1-ab16-29aecf6cd15a,2026,2026-12-15,4.3,92,22,false
184dc635-d205-4321-905f-b26bffd318f5,28826ffb-e935-4c8b-a2f7-d43d6ad28000,2026,2026-12-15,4.1,75,21,false
9ba2d2d9-593c-4d78-94e9-f8a7457cd6a3,2326da6b-27bc-4f2d-bb30-eb12cc553360,2018,2018-12-15,2.6,66,42,false
27958954-bbfb-4c99-8ab1-4741133e45ae,2326da6b-27bc-4f2d-bb30-eb12cc553360,2019,2019-12-15,2,76,37,false
74225727-75d4-4683-b91b-64f83d386d6a,2326da6b-27bc-4f2d-bb30-eb12cc553360,2020,2020-12-15,2.5,91,49,false
0d6cd36b-e15c-47fa-b435-da1f61996539,2326da6b-27bc-4f2d-bb30-eb12cc553360,2021,2021-12-15,2.1,67,53,false
bc773b32-d669-41c5-be8a-e7f43ea7e7c9,2326da6b-27bc-4f2d-bb30-eb12cc553360,2022,2022-12-15,3.9,82,46,false
b9485722-ed53-4682-9df3-3a364e3b1b4d,2326da6b-27bc-4f2d-bb30-eb12cc553360,2023,2023-12-15,2.5,90,33,false
1e97eff5-705f-4782-afa5-aeb5744e9290,2326da6b-27bc-4f2d-bb30-eb12cc553360,2024,2024-12-15,4,92,42,false
c92a9815-24cc-4c59-855a-2c6e4803b3d2,2326da6b-27bc-4f2d-bb30-eb12cc553360,2025,2025-12-15,4.3,78,52,false
5266f7c7-1426-4144-9e7d-3ff2749e28dd,2326da6b-27bc-4f2d-bb30-eb12cc553360,2026,2026-12-15,4.7,76,27,true
cc2d6b13-22a6-44db-8975-32ef53aae251,f0f04098-5ff1-4144-9e21-153702a6d077,2016,2016-12-15,3.5,82,19,false
d1fab89e-3ba9-45b2-b042-12178d52f2f6,f0f04098-5ff1-4144-9e21-153702a6d077,2017,2017-12-15,2.6,78,52,false
50cccdd7-f211-465d-afb3-ded4dd91f033,f0f04098-5ff1-4144-9e21-153702a6d077,2018,2018-12-15,2.9,65,44,false
7ca02caf-3774-4103-afdf-9504fa355371,f0f04098-5ff1-4144-9e21-153702a6d077,2019,2019-12-15,4.8,97,32,false
085112df-b979-46ff-8059-9a34a731a5ae,f0f04098-5ff1-4144-9e21-153702a6d077,2020,2020-12-15,3.1,67,29,false
f115e3ba-fbaa-4812-8faf-c1d26f602556,f0f04098-5ff1-4144-9e21-153702a6d077,2021,2021-12-15,2.1,87,23,false
2c848016-454b-4f2f-820a-9580ca8ba96b,f0f04098-5ff1-4144-9e21-153702a6d077,2022,2022-12-15,4.9,77,59,false
bd38357a-d59e-4938-b721-20e44b542320,f0f04098-5ff1-4144-9e21-153702a6d077,2023,2023-12-15,3.6,93,39,false
a11d1d10-a9ee-4ba2-ade5-d10219c08e2e,f0f04098-5ff1-4144-9e21-153702a6d077,2024,2024-12-15,2.3,65,45,false
e0341999-3d0c-4789-a2a7-b90032396f14,f0f04098-5ff1-4144-9e21-153702a6d077,2025,2025-12-15,3.2,99,18,false
429b5a12-17c8-4c9f-a337-e3d2345956be,f0f04098-5ff1-4144-9e21-153702a6d077,2026,2026-12-15,4.8,80,26,false
d3d11965-7cff-4340-aab7-29d474fb791e,b1644b71-799e-4674-aec6-e61fffbcb5a1,2026,2026-12-15,3.4,70,21,false
63932584-3abe-454d-8d2b-90ebec641bdf,c8c7da67-e978-4d8a-9f00-99b4b1fd5aaf,2026,2026-12-15,3.1,61,25,false
88a34707-ee70-4699-acba-d285089ed7c8,e6caf497-b7d7-4f5d-810f-c112dc4b645b,2023,2023-12-15,4.8,94,19,false
c9d90e2c-4c7d-4a96-bbc5-073d0d942b9d,e6caf497-b7d7-4f5d-810f-c112dc4b645b,2024,2024-12-15,2.9,99,48,false
23b6cf4f-3a5e-498d-81df-1c837e380dc0,e6caf497-b7d7-4f5d-810f-c112dc4b645b,2025,2025-12-15,2.9,94,13,false
1dc872ea-f320-4c03-b114-95e3176f3be3,e6caf497-b7d7-4f5d-810f-c112dc4b645b,2026,2026-12-15,3.4,85,40,false
02413c54-99e0-473c-b575-5dd2a64a686b,671c624d-8489-43b4-8093-7c331e3deb9f,2017,2017-12-15,3.7,87,48,false
1a98785e-8a21-4eee-91c5-3dc005aad1ad,671c624d-8489-43b4-8093-7c331e3deb9f,2018,2018-12-15,2.1,87,25,false
12cdaf84-ea02-4043-a096-abfef154ab79,671c624d-8489-43b4-8093-7c331e3deb9f,2019,2019-12-15,4.3,78,29,false
b183ddb7-cf12-4e17-9273-9540e9b57941,671c624d-8489-43b4-8093-7c331e3deb9f,2020,2020-12-15,4.6,100,34,true
bc2b077e-83d4-4d35-b55c-62ac1302781c,671c624d-8489-43b4-8093-7c331e3deb9f,2021,2021-12-15,3.9,68,20,false
fd026173-6252-4769-98a9-4d5f1b951d03,671c624d-8489-43b4-8093-7c331e3deb9f,2022,2022-12-15,3.7,85,44,false
f28a2a81-232b-4dca-a547-4cfd71eb224c,671c624d-8489-43b4-8093-7c331e3deb9f,2023,2023-12-15,3.8,63,60,false
d8e8eee9-fd98-41ef-88a0-0f509ec9e41b,671c624d-8489-43b4-8093-7c331e3deb9f,2024,2024-12-15,2.6,98,53,false
4650abad-9284-407e-90f4-77053104a1e5,671c624d-8489-43b4-8093-7c331e3deb9f,2025,2025-12-15,2.9,63,46,false
f1a0a5b0-8796-4488-8dd2-5aa1d6bc0c96,671c624d-8489-43b4-8093-7c331e3deb9f,2026,2026-12-15,4.6,94,19,true
7538fcff-f495-42d8-b75c-eb0be5ba0323,f62de975-9035-4a14-bfb3-449876e58156,2016,2016-12-15,2.2,71,50,false
95220db7-fddc-4f2a-b0c2-7efbf301f4ca,f62de975-9035-4a14-bfb3-449876e58156,2017,2017-12-15,2.6,75,52,false
143d3670-f1f2-48b3-a180-18a73366a469,f62de975-9035-4a14-bfb3-449876e58156,2018,2018-12-15,4.9,85,15,false
25efee52-776b-4aec-9bd5-d2d7016d481e,f62de975-9035-4a14-bfb3-449876e58156,2019,2019-12-15,5,92,42,false
370bf0ef-13c5-4f4c-8bda-81c7f562fe02,f62de975-9035-4a14-bfb3-449876e58156,2020,2020-12-15,2.7,62,40,false
b3b0d9b7-e526-45e0-82e5-4952e2544f41,f62de975-9035-4a14-bfb3-449876e58156,2021,2021-12-15,2.6,70,46,false
f44ce280-ca33-426e-a227-1c9e94abf2a8,f62de975-9035-4a14-bfb3-449876e58156,2022,2022-12-15,3.1,73,14,false
763b5d28-0cb7-4867-91ef-7435474466e5,f62de975-9035-4a14-bfb3-449876e58156,2023,2023-12-15,2.6,75,18,false
b7d2ed3a-9b01-422d-82d0-1c5cdb7558f2,f62de975-9035-4a14-bfb3-449876e58156,2024,2024-12-15,4.6,84,28,false
4668eb64-9fcb-44ca-8d0e-8430bcb46d30,f62de975-9035-4a14-bfb3-449876e58156,2025,2025-12-15,2.6,67,40,false
96c2aad9-6633-4044-b7f3-23fd053d1fcf,f62de975-9035-4a14-bfb3-449876e58156,2026,2026-12-15,4.9,74,22,false
678c4b3e-d183-49a0-b281-253430affdcc,c0dbfd17-2428-45ec-98bf-71474cd0ab91,2018,2018-12-15,3.7,88,59,false
f2390d9c-7dd5-4ef6-868e-14ff1fef8793,c0dbfd17-2428-45ec-98bf-71474cd0ab91,2019,2019-12-15,3.6,78,50,false
a8f1c2a2-5668-4843-a1c1-9f034fae33e6,c0dbfd17-2428-45ec-98bf-71474cd0ab91,2020,2020-12-15,4,68,16,false
dfff04f5-2279-4b7a-aecc-eda2550c7cfc,c0dbfd17-2428-45ec-98bf-71474cd0ab91,2021,2021-12-15,2.8,95,30,false
8de86719-d95e-4c56-904f-31d7e58fbc37,c0dbfd17-2428-45ec-98bf-71474cd0ab91,2022,2022-12-15,3.6,61,51,false
112f1935-94e6-4a91-9fc6-49bcc8899b69,c0dbfd17-2428-45ec-98bf-71474cd0ab91,2023,2023-12-15,4.4,96,57,false
c31b57cf-0c80-4269-9e73-897fd886bc20,c0dbfd17-2428-45ec-98bf-71474cd0ab91,2024,2024-12-15,4.1,66,46,false
c1aa7d48-0fb1-4368-b5de-1b66ec009a5b,c0dbfd17-2428-45ec-98bf-71474cd0ab91,2025,2025-12-15,3.4,72,16,false
2752de4f-5157-4a1c-a72e-4d5680856676,c0dbfd17-2428-45ec-98bf-71474cd0ab91,2026,2026-12-15,3.5,60,42,false
e58c4e6c-87b3-4653-b40d-7fb1fa510e45,4303086e-daf0-427e-b8d8-4d7df24f1c98,2022,2022-12-15,3.3,74,14,false
316d4f47-7d10-462e-b5ed-86026cd8e5f1,4303086e-daf0-427e-b8d8-4d7df24f1c98,2023,2023-12-15,2.2,100,20,false
13b91950-5172-4afe-a32e-c8e07f2a9a5b,4303086e-daf0-427e-b8d8-4d7df24f1c98,2024,2024-12-15,4.6,97,24,true
720ed183-f777-461a-891c-d609415a6451,4303086e-daf0-427e-b8d8-4d7df24f1c98,2025,2025-12-15,3.7,94,31,false
82c4411f-cab2-4b06-9cb4-040b89623c27,4303086e-daf0-427e-b8d8-4d7df24f1c98,2026,2026-12-15,2.7,81,28,false
bc132a71-5c79-4c10-bd70-f7e8418fdfea,2b7eb652-f379-4a6f-8b61-39366f6fa132,2017,2017-12-15,4.5,66,32,true
72c6f66f-72ab-4df9-bc3d-fb3f1a2616f6,2b7eb652-f379-4a6f-8b61-39366f6fa132,2018,2018-12-15,3.2,66,58,false
7be4cc1b-59f7-4402-862a-c3cbb176c953,2b7eb652-f379-4a6f-8b61-39366f6fa132,2019,2019-12-15,3.2,94,34,false
ed2536f3-50fe-464e-b0a3-b4b8aa084ccf,2b7eb652-f379-4a6f-8b61-39366f6fa132,2020,2020-12-15,3.3,67,12,false
5d737ada-8db2-4d53-a8e8-e7a4052820aa,2b7eb652-f379-4a6f-8b61-39366f6fa132,2021,2021-12-15,3.8,66,40,false
0758d657-069b-48d1-ad1f-ad8487d18df0,2b7eb652-f379-4a6f-8b61-39366f6fa132,2022,2022-12-15,3.8,73,41,false
3447b14f-5614-455c-98d0-12f0898b6c52,2b7eb652-f379-4a6f-8b61-39366f6fa132,2023,2023-12-15,2.4,71,40,false
fd010588-644c-46ad-808b-35277ab75a90,2b7eb652-f379-4a6f-8b61-39366f6fa132,2024,2024-12-15,4.5,75,16,true
6f790019-0c96-4457-bdea-9dbfe382df7d,2b7eb652-f379-4a6f-8b61-39366f6fa132,2025,2025-12-15,2.8,60,48,false
5f688168-13de-4e10-bec9-cc6cd7c17b36,2b7eb652-f379-4a6f-8b61-39366f6fa132,2026,2026-12-15,4.3,88,27,false
6f964dfe-8e7c-429c-972b-053f356aa30a,d863e254-1298-4dd6-8afe-230f4ae808a9,2026,2026-12-15,4.4,94,43,false
279e4888-714f-48ae-b693-acf7aaa67ecc,e919d7f4-6bf3-4f5d-8db1-3a1113dd13c6,2024,2024-12-15,4.5,89,50,false
bf5669db-5057-44f7-880b-c4c34636a020,e919d7f4-6bf3-4f5d-8db1-3a1113dd13c6,2025,2025-12-15,4.8,68,18,false
2785e652-bb4a-4004-be8f-fb29b71e9425,e919d7f4-6bf3-4f5d-8db1-3a1113dd13c6,2026,2026-12-15,4.8,100,34,false
6f38c9d0-bb7a-4e37-9ff5-b326386e8cd0,c14875cc-351c-4481-8fc0-59dd1e73b75b,2020,2020-12-15,3.5,62,36,false
4f977e92-b1c1-4d30-884b-477fb412eb76,c14875cc-351c-4481-8fc0-59dd1e73b75b,2021,2021-12-15,4.6,76,13,false
004b1b47-63a8-47ba-bbb8-412f0e90a803,c14875cc-351c-4481-8fc0-59dd1e73b75b,2022,2022-12-15,4.2,64,18,false
9a947da2-3994-4b49-829e-404fd18e15da,c14875cc-351c-4481-8fc0-59dd1e73b75b,2023,2023-12-15,4.5,66,31,true
b376176a-8e7f-422b-8732-66ba738117c0,c14875cc-351c-4481-8fc0-59dd1e73b75b,2024,2024-12-15,4.4,92,31,false
03920b57-8032-43a5-8818-0f2605e868ea,c14875cc-351c-4481-8fc0-59dd1e73b75b,2025,2025-12-15,3.5,73,41,false
59fe34b8-92e1-4875-8934-bdc1d9a714ce,c14875cc-351c-4481-8fc0-59dd1e73b75b,2026,2026-12-15,2.9,94,36,false
5a62bba1-784d-48ea-9cc6-07b09cd4fd37,e0252551-2953-469b-b8d3-389fee65d7dd,2017,2017-12-15,3.8,69,16,false
ccf3002e-2f32-4046-a6b4-7a2763fa7c7b,e0252551-2953-469b-b8d3-389fee65d7dd,2018,2018-12-15,4.7,76,36,true
ea4ae229-4679-48aa-99c9-d46e49bfdd76,e0252551-2953-469b-b8d3-389fee65d7dd,2019,2019-12-15,4.9,82,46,false
b5bbd906-7c14-485c-9380-fa8dd3b87e80,e0252551-2953-469b-b8d3-389fee65d7dd,2020,2020-12-15,2.3,68,45,false
22a8b349-7b0e-414b-887e-0776aeb39934,e0252551-2953-469b-b8d3-389fee65d7dd,2021,2021-12-15,3.8,86,22,false
ac221280-cfff-47b2-a70a-9bae23835c91,e0252551-2953-469b-b8d3-389fee65d7dd,2022,2022-12-15,2.5,67,28,false
edbcfd0e-a095-4e9a-92ba-02b93534d8ae,e0252551-2953-469b-b8d3-389fee65d7dd,2023,2023-12-15,5,74,59,false
1fcebed7-bf49-45db-b886-4789eddb0270,e0252551-2953-469b-b8d3-389fee65d7dd,2024,2024-12-15,4.6,81,30,false
941803c3-78e5-42a6-b566-49ad27fd4321,e0252551-2953-469b-b8d3-389fee65d7dd,2025,2025-12-15,4.3,98,17,false
c95d90ba-40dd-4c20-b1d2-ab976dc14a1c,e0252551-2953-469b-b8d3-389fee65d7dd,2026,2026-12-15,4.4,92,24,false
99574002-026e-432b-833b-33b9976efd11,085a2ceb-ac23-44aa-9926-56c3a013de03,2025,2025-12-15,4.4,85,44,false
785e42bf-eb35-4cbb-ac28-034268e160d0,085a2ceb-ac23-44aa-9926-56c3a013de03,2026,2026-12-15,4.2,63,27,false
b3830ef4-09d0-445e-bd9b-a00efdfc0df0,561f4e4d-0cbc-4d2c-85d0-31e9fb0012f4,2017,2017-12-15,4.6,65,31,false
529d40cf-1742-4270-8ac4-876dc2c5da3c,561f4e4d-0cbc-4d2c-85d0-31e9fb0012f4,2018,2018-12-15,3.2,68,26,false
bf174435-7d31-408c-a693-a0cacc530e81,561f4e4d-0cbc-4d2c-85d0-31e9fb0012f4,2019,2019-12-15,2.7,71,35,false
2454bbd1-babd-4798-81d8-c04e03a1bf2e,561f4e4d-0cbc-4d2c-85d0-31e9fb0012f4,2020,2020-12-15,2.7,98,31,false
0b658879-f686-4802-8564-ae526ac2eab4,561f4e4d-0cbc-4d2c-85d0-31e9fb0012f4,2021,2021-12-15,3.8,82,53,false
f96888bf-1564-4415-888a-49810f2e9bb9,561f4e4d-0cbc-4d2c-85d0-31e9fb0012f4,2022,2022-12-15,3.3,100,40,false
2693f17c-9e77-46db-a137-0053cfe1939a,561f4e4d-0cbc-4d2c-85d0-31e9fb0012f4,2023,2023-12-15,3.4,74,10,false
9425836c-8ccc-4ec9-830d-caab54eb4221,561f4e4d-0cbc-4d2c-85d0-31e9fb0012f4,2024,2024-12-15,2.2,93,50,false
679be06f-a150-4dbd-98b9-ee818cd32d91,561f4e4d-0cbc-4d2c-85d0-31e9fb0012f4,2025,2025-12-15,2.3,90,34,false
98bd92a9-4461-408d-b200-bc31c6e95bc6,561f4e4d-0cbc-4d2c-85d0-31e9fb0012f4,2026,2026-12-15,2.2,72,31,false
3342ac24-6309-47ff-a821-d281c2efcfd8,5db931e2-3c80-4427-82a9-37fee22c0a53,2023,2023-12-15,4,64,31,false
d670349b-7679-4305-b2d1-83c04d10be0a,5db931e2-3c80-4427-82a9-37fee22c0a53,2024,2024-12-15,4.4,87,26,false
0eaa9cdb-4f50-4a23-a5f4-1014aacddd59,5db931e2-3c80-4427-82a9-37fee22c0a53,2025,2025-12-15,2.9,94,60,false
3ede224d-99b7-455f-9ace-64e9be7d3822,5db931e2-3c80-4427-82a9-37fee22c0a53,2026,2026-12-15,3.4,96,30,false
fb7c6c6a-d965-4065-8bfd-a7f0ab13e76e,3c9dc861-7883-49b9-a3e3-2b0d29ca2ba9,2024,2024-12-15,3.3,82,50,false
e520d5db-9534-440d-9a25-b2fdaf79888e,3c9dc861-7883-49b9-a3e3-2b0d29ca2ba9,2025,2025-12-15,2.5,66,53,false
e767f2b9-1389-41d6-a6fb-11ce06db4c65,3c9dc861-7883-49b9-a3e3-2b0d29ca2ba9,2026,2026-12-15,3.2,83,31,false
c308f6fa-f8a4-4cc9-bca6-432996ee27b3,c06e1d95-b09f-4489-81c3-7866cbf1a0c5,2025,2025-12-15,2.1,89,41,false
9723ec98-21e4-42a8-8abf-8c69c77a54e4,c06e1d95-b09f-4489-81c3-7866cbf1a0c5,2026,2026-12-15,4.1,67,41,false
0f93099e-6554-452a-acf5-94854e1c3e40,209311d8-3065-4f89-be4c-8429dde22e37,2017,2017-12-15,4.8,80,13,false
5fc33863-62eb-4401-8648-5f4b3c0d8c21,209311d8-3065-4f89-be4c-8429dde22e37,2018,2018-12-15,4.6,90,23,false
4470da82-f409-4299-a589-de7394ca3ebc,209311d8-3065-4f89-be4c-8429dde22e37,2019,2019-12-15,3.6,88,57,false
e2beea02-9c2a-4ab8-92ca-b54184f471fb,209311d8-3065-4f89-be4c-8429dde22e37,2020,2020-12-15,2.7,89,41,false
b6ab5696-3abe-4e1a-baae-50c798749df4,209311d8-3065-4f89-be4c-8429dde22e37,2021,2021-12-15,3.5,61,16,false
e7a4dcc0-e1b2-4e17-a3ed-08dbed48e2e5,209311d8-3065-4f89-be4c-8429dde22e37,2022,2022-12-15,3.3,60,43,false
23fcf87e-3bdd-46d7-9755-e21f747300f4,209311d8-3065-4f89-be4c-8429dde22e37,2023,2023-12-15,3.9,72,50,false
d6343567-3658-408c-9256-cf9cc9f0f810,209311d8-3065-4f89-be4c-8429dde22e37,2024,2024-12-15,2.2,83,11,false
94078eb9-388c-41a7-940c-c9fcf5ed4c16,209311d8-3065-4f89-be4c-8429dde22e37,2025,2025-12-15,3.3,64,59,false
5a453459-fb53-40c4-94e4-84bba8e4704c,209311d8-3065-4f89-be4c-8429dde22e37,2026,2026-12-15,4.7,66,29,true
c23f4249-8b88-40ef-b3c1-8228c7311292,70876684-231b-41e4-9042-b4f27b56abaf,2019,2019-12-15,2.7,91,37,false
67fce9c9-0363-441c-9b85-92e27b6c8c8a,70876684-231b-41e4-9042-b4f27b56abaf,2020,2020-12-15,2.5,95,32,false
e2f5c0ec-0c40-4c07-919c-1abe897baaae,70876684-231b-41e4-9042-b4f27b56abaf,2021,2021-12-15,3.7,91,16,false
4e4017b1-b3af-4b6a-9356-23e0621aeb32,70876684-231b-41e4-9042-b4f27b56abaf,2022,2022-12-15,4.2,77,41,false
d69561ed-26b9-4409-9a1a-5f45b2489054,70876684-231b-41e4-9042-b4f27b56abaf,2023,2023-12-15,4.7,89,20,true
c746a93a-51bd-44f2-a881-708ab7a6f5e1,70876684-231b-41e4-9042-b4f27b56abaf,2024,2024-12-15,3.3,92,49,false
6604f14a-f61c-4982-aa96-7ee800a2de3f,70876684-231b-41e4-9042-b4f27b56abaf,2025,2025-12-15,3.8,66,32,false
a1114c8d-15aa-4c2e-869d-7c84b30466f6,70876684-231b-41e4-9042-b4f27b56abaf,2026,2026-12-15,2,69,56,false
b5c34b48-78cf-42b2-8855-517a046417b1,e92a46b5-7dd8-4322-bf7f-575449b01094,2020,2020-12-15,3.4,69,29,false
5b85b296-a4be-49b0-9588-b2babec6695e,e92a46b5-7dd8-4322-bf7f-575449b01094,2021,2021-12-15,3.1,100,54,false
e18e291e-e8b7-4617-9fcb-51f5c3e91a98,e92a46b5-7dd8-4322-bf7f-575449b01094,2022,2022-12-15,2.5,87,34,false
4610b17d-482c-4254-9e07-bff9f1e3f29f,e92a46b5-7dd8-4322-bf7f-575449b01094,2023,2023-12-15,2.6,70,33,false
2f7cbfb2-c56e-40ee-873b-7e033b7c4722,e92a46b5-7dd8-4322-bf7f-575449b01094,2024,2024-12-15,2.8,67,42,false
6d977104-e69a-4384-907d-c073bd2ca5fd,e92a46b5-7dd8-4322-bf7f-575449b01094,2025,2025-12-15,2,84,30,false
5c3045f6-53c2-4d57-9648-8dc0d945bbca,e92a46b5-7dd8-4322-bf7f-575449b01094,2026,2026-12-15,2.7,86,15,false
fa18986e-8ae9-40cd-8eee-ddee63fe2fdc,940ca94e-cbdd-4a2a-8d4e-b35961b49b27,2018,2018-12-15,2.6,72,52,false
ee152047-02a5-4bed-8a4a-61b2a7060c8b,940ca94e-cbdd-4a2a-8d4e-b35961b49b27,2019,2019-12-15,4.8,60,34,true
916b08cc-5932-404c-9c68-b1c9884d1eb2,940ca94e-cbdd-4a2a-8d4e-b35961b49b27,2020,2020-12-15,2.9,91,16,false
d9a3cc65-c91a-4a0b-8cce-b1bd8d3d231d,940ca94e-cbdd-4a2a-8d4e-b35961b49b27,2021,2021-12-15,4.5,94,19,true
d3a7aa7d-ff22-4ef7-b6e4-7b83c6ca5d05,940ca94e-cbdd-4a2a-8d4e-b35961b49b27,2022,2022-12-15,2.7,88,37,false
db5b6d3d-fbfe-4875-8731-35a4d16f35fb,940ca94e-cbdd-4a2a-8d4e-b35961b49b27,2023,2023-12-15,3.6,75,29,false
6e493a93-c0ba-4e0e-89be-ea1f78d79d4e,940ca94e-cbdd-4a2a-8d4e-b35961b49b27,2024,2024-12-15,2,62,58,false
a39f15ed-7020-41ed-8a5b-5d24d1c53910,940ca94e-cbdd-4a2a-8d4e-b35961b49b27,2025,2025-12-15,3.6,97,47,false
9abccc16-f83f-4729-a94e-8ad1369cf85a,940ca94e-cbdd-4a2a-8d4e-b35961b49b27,2026,2026-12-15,3,75,35,false
37ec5a41-fb07-483f-b91c-eab9f0db8e53,a0f22ff0-da45-410b-8937-25d76d91f2d1,2017,2017-12-15,3.5,81,44,false
8552ed93-ebc2-4bfe-a37a-1b761b49299d,a0f22ff0-da45-410b-8937-25d76d91f2d1,2018,2018-12-15,2.6,81,23,false
298b8af7-ce27-4e57-962f-5481d8098f70,a0f22ff0-da45-410b-8937-25d76d91f2d1,2019,2019-12-15,2.9,69,16,false
906cef58-8261-4d69-86ff-e71c7d6fa9d5,a0f22ff0-da45-410b-8937-25d76d91f2d1,2020,2020-12-15,3,72,49,false
dcba30f6-b671-49cd-882d-550d77e699c8,a0f22ff0-da45-410b-8937-25d76d91f2d1,2021,2021-12-15,2.5,72,19,false
3fce6f04-c3e1-40a1-a291-352831a50bf1,a0f22ff0-da45-410b-8937-25d76d91f2d1,2022,2022-12-15,2.6,79,27,false
0a8ae3a6-ca3d-42bf-bfbc-5a5300134aa7,a0f22ff0-da45-410b-8937-25d76d91f2d1,2023,2023-12-15,4.5,90,35,false
1cf91c05-2ebc-4a26-8225-cede2619b742,a0f22ff0-da45-410b-8937-25d76d91f2d1,2024,2024-12-15,3.6,67,40,false
34485517-6baf-4ee8-8e26-9b64c3f1e273,a0f22ff0-da45-410b-8937-25d76d91f2d1,2025,2025-12-15,3.6,75,10,false
0a3c6bce-085b-434d-82b4-f96a279f2df4,a0f22ff0-da45-410b-8937-25d76d91f2d1,2026,2026-12-15,2.1,84,40,false
4e7997f4-9255-4bd6-b15f-e9322ee93898,6092d8ec-aac2-4dfb-a042-ef15d77c8890,2025,2025-12-15,4.2,77,10,false
9d10188b-c0f3-443c-b6ce-cb46dda7c670,6092d8ec-aac2-4dfb-a042-ef15d77c8890,2026,2026-12-15,4.4,89,58,false
319722be-6873-4a16-a19d-9900b72a06bc,944cc784-84c2-4af6-9791-97cc1d41a1d0,2026,2026-12-15,2.7,100,14,false
5b5e224a-4749-4a25-93ba-410256250451,1207b3ed-0a11-4ecb-91e6-8523b1ba02ac,2025,2025-12-15,2.6,62,37,false
79556159-a43b-4870-a982-2965bfb28c6b,1207b3ed-0a11-4ecb-91e6-8523b1ba02ac,2026,2026-12-15,3.3,72,19,false
681b73ef-5729-49cc-8b48-8a11c9dd1d31,952ec524-2778-45d2-8d69-d0b163fcfb8f,2019,2019-12-15,4.6,69,60,false
985e780e-2500-42ee-89a9-35e4e433ed26,952ec524-2778-45d2-8d69-d0b163fcfb8f,2020,2020-12-15,3.5,72,12,false
eb6cef09-8ef6-4899-9ad3-931c7a09477e,952ec524-2778-45d2-8d69-d0b163fcfb8f,2021,2021-12-15,2,82,33,false
ac1987dc-9490-404a-a0a0-8a948d4876b4,952ec524-2778-45d2-8d69-d0b163fcfb8f,2022,2022-12-15,3.8,83,10,false
5227eb1d-4cba-4b59-840b-99db97349eaa,952ec524-2778-45d2-8d69-d0b163fcfb8f,2023,2023-12-15,2.4,75,19,false
39fc5286-5a1b-4326-ab40-866da9d5a9c5,952ec524-2778-45d2-8d69-d0b163fcfb8f,2024,2024-12-15,3.4,94,30,false
17b50a05-f02e-43f0-8f1f-1e2312b8c854,952ec524-2778-45d2-8d69-d0b163fcfb8f,2025,2025-12-15,5,71,26,true
6964e712-5e93-40e0-8717-c92fee968975,952ec524-2778-45d2-8d69-d0b163fcfb8f,2026,2026-12-15,4.7,78,12,false
8e1851f1-82e6-4204-8ea2-34bbc7e2ccc0,ab236748-dbd9-4d4e-9b09-66e0ae34a01e,2021,2021-12-15,4.8,85,50,false
37fe1658-432f-48f6-aa2f-38b302317a38,ab236748-dbd9-4d4e-9b09-66e0ae34a01e,2022,2022-12-15,2.7,78,31,false
739c7c91-2b8e-49d8-819b-dc9ca6b1c276,ab236748-dbd9-4d4e-9b09-66e0ae34a01e,2023,2023-12-15,4.8,82,55,false
e853c710-3a17-4aa3-b469-5a7f22a4260e,ab236748-dbd9-4d4e-9b09-66e0ae34a01e,2024,2024-12-15,2.6,78,44,false
b38ec911-3ffe-4af1-9fa2-56b9ca580103,ab236748-dbd9-4d4e-9b09-66e0ae34a01e,2025,2025-12-15,3,79,35,false
5c83ae8a-d7ed-44d1-aaee-531e0eddd2f8,ab236748-dbd9-4d4e-9b09-66e0ae34a01e,2026,2026-12-15,3.5,96,56,false
5d212c7b-e3fb-4641-be6e-8f27768ae0df,bc58df32-7c50-478c-99eb-5178770bf6df,2025,2025-12-15,2.8,89,20,false
7b72d6c9-c6a4-4779-910e-5423ff3e7a90,bc58df32-7c50-478c-99eb-5178770bf6df,2026,2026-12-15,4.2,61,53,false
8dc3d5fd-fcc6-47de-8fbb-07b26cdfaca3,570db3ae-e515-49b9-889c-995b6301380c,2022,2022-12-15,3.4,91,46,false
84997557-6944-4d83-a054-c5666ff9cb29,570db3ae-e515-49b9-889c-995b6301380c,2023,2023-12-15,4.9,97,47,false
f145d5d0-22c2-4393-9559-bba694753718,570db3ae-e515-49b9-889c-995b6301380c,2024,2024-12-15,4.6,92,58,false
e26f32ff-98d5-484c-ba66-934acda73a74,570db3ae-e515-49b9-889c-995b6301380c,2025,2025-12-15,4.8,92,48,false
655d0b5e-9455-4237-b7ac-1418ff0696af,570db3ae-e515-49b9-889c-995b6301380c,2026,2026-12-15,3.1,75,23,false
b303e24e-ce1c-47b7-aad7-31cc64682b9e,62ea8f30-f807-4f49-a201-14a3aff107a8,2025,2025-12-15,4.1,65,41,false
8ba0c7c0-031f-421a-9ce6-ef73c770acc9,62ea8f30-f807-4f49-a201-14a3aff107a8,2026,2026-12-15,4.2,95,49,false
1b0d58d5-85d4-468b-9ccc-3cf043e21eee,7045d5b1-a7d8-408f-a6e6-29a55c4d4fa9,2024,2024-12-15,4.2,96,31,false
fcb69497-8966-4858-a683-742dd0a514cf,7045d5b1-a7d8-408f-a6e6-29a55c4d4fa9,2025,2025-12-15,4.5,61,60,true
2fe9b1fb-537a-4e70-b255-55265c645035,7045d5b1-a7d8-408f-a6e6-29a55c4d4fa9,2026,2026-12-15,2.9,62,33,false
cf434e12-b247-4948-8723-04d83ba52cb4,af7354ab-8885-46c1-a03d-851c37672e6c,2021,2021-12-15,2.5,85,20,false
3813182b-d034-4200-8f33-696b502d2bb4,af7354ab-8885-46c1-a03d-851c37672e6c,2022,2022-12-15,2.4,77,11,false
4acb281f-f43f-4feb-ba52-d87d498ad71a,af7354ab-8885-46c1-a03d-851c37672e6c,2023,2023-12-15,3.7,92,59,false
d20f51b4-28b6-4b10-a9ef-dc274ca629bd,af7354ab-8885-46c1-a03d-851c37672e6c,2024,2024-12-15,2.3,97,27,false
9318f280-289f-46de-b0e3-d09580fdb322,af7354ab-8885-46c1-a03d-851c37672e6c,2025,2025-12-15,3.3,98,16,false
a4e925d3-e3df-47a0-9ea7-62a545a9f803,af7354ab-8885-46c1-a03d-851c37672e6c,2026,2026-12-15,2.8,76,41,false
06b8bc4a-4ab5-4b0f-92cc-2c693a7ef4dc,128f4649-00e1-45af-b4fd-b3b61e7d98da,2019,2019-12-15,4.7,90,36,false
14f29a1b-b929-477c-837a-46c5b018ad96,128f4649-00e1-45af-b4fd-b3b61e7d98da,2020,2020-12-15,3.9,73,48,false
bb39fbbd-779a-4f15-bebc-9dc8e971b646,128f4649-00e1-45af-b4fd-b3b61e7d98da,2021,2021-12-15,4.5,100,20,true
caf01fa6-9a28-4f73-bafc-c2f2b59ad609,128f4649-00e1-45af-b4fd-b3b61e7d98da,2022,2022-12-15,2.4,97,39,false
39cc13b3-b522-45d3-9ec9-62d0772c28a7,128f4649-00e1-45af-b4fd-b3b61e7d98da,2023,2023-12-15,3.2,94,17,false
1ee0c64e-cb8c-4c45-b832-79833a457e09,128f4649-00e1-45af-b4fd-b3b61e7d98da,2024,2024-12-15,3.7,86,34,false
26ac6a60-9958-4ebe-b0ef-f40725170871,128f4649-00e1-45af-b4fd-b3b61e7d98da,2025,2025-12-15,4.5,92,58,false
47c605bf-dde7-4fb8-ae3c-7840f30ca8d7,128f4649-00e1-45af-b4fd-b3b61e7d98da,2026,2026-12-15,2.6,71,27,false
01cfa378-bbc2-489e-8ccf-5f7b301f4316,4c57513d-51ef-4839-86f3-61bdad7e62e7,2017,2017-12-15,4.2,92,52,false
3a442ef1-7eca-408d-86f3-9324d794cabf,4c57513d-51ef-4839-86f3-61bdad7e62e7,2018,2018-12-15,2.8,75,47,false
f28ad718-b7f1-4348-8e93-06668bf3057e,4c57513d-51ef-4839-86f3-61bdad7e62e7,2019,2019-12-15,4,72,40,false
d67a932d-5f00-4691-813f-9b27ea8b04a2,4c57513d-51ef-4839-86f3-61bdad7e62e7,2020,2020-12-15,2.8,95,15,false
eeb038d7-ae67-4de8-8fcd-b7066fb98d11,4c57513d-51ef-4839-86f3-61bdad7e62e7,2021,2021-12-15,3.6,76,43,false
0c797154-b3bf-439b-b423-6a9b5a93da57,4c57513d-51ef-4839-86f3-61bdad7e62e7,2022,2022-12-15,2.2,91,49,false
25ac53fa-fcde-4071-af18-556e5f881df0,4c57513d-51ef-4839-86f3-61bdad7e62e7,2023,2023-12-15,3.8,96,57,false
a892781c-5154-4c44-b910-d15e7ceef0ee,4c57513d-51ef-4839-86f3-61bdad7e62e7,2024,2024-12-15,2.7,78,45,false
18e2a167-ea91-42ff-bdf2-bf19d6038ff2,4c57513d-51ef-4839-86f3-61bdad7e62e7,2025,2025-12-15,3.9,64,49,false
64624b8c-6af9-4149-b95b-de9c54fea17d,4c57513d-51ef-4839-86f3-61bdad7e62e7,2026,2026-12-15,3,96,22,false
aa17a7d9-1949-46ee-bca4-71a215fb079a,ade7f91d-c033-4b9e-9fd9-b090add9b019,2026,2026-12-15,3.7,64,36,false
5a494eb9-c5a1-43d3-be15-61572f582e02,4a4376b2-3f75-400a-93eb-1a53242d2235,2023,2023-12-15,3.5,60,48,false
028de19a-280b-46fa-b359-eb2fee5d9a6e,4a4376b2-3f75-400a-93eb-1a53242d2235,2024,2024-12-15,4.6,78,19,true
c8a8086d-5675-4af1-923d-34830c43a09f,4a4376b2-3f75-400a-93eb-1a53242d2235,2025,2025-12-15,3.3,85,19,false
2f943b35-652a-4d48-adf8-98029a6bcb79,4a4376b2-3f75-400a-93eb-1a53242d2235,2026,2026-12-15,2.7,88,33,false
412fe18b-6a0a-48ef-b888-297d2bb2aa23,f60c7173-ca0c-46c3-86ec-714d6658f81d,2024,2024-12-15,3.4,86,47,false
7c0f7583-e6c6-4b00-955d-9ead20864544,f60c7173-ca0c-46c3-86ec-714d6658f81d,2025,2025-12-15,2.4,67,38,false
0a0e4025-3d8c-4a22-9bec-8c9e9e6d2cae,f60c7173-ca0c-46c3-86ec-714d6658f81d,2026,2026-12-15,4.6,95,39,true
84011c9e-9926-4bea-9b9f-0c6424315f83,6483974b-6944-4487-85ba-49e73b4795e8,2024,2024-12-15,2.5,65,50,false
c6d19a47-25f5-4038-a438-9109ee83f476,6483974b-6944-4487-85ba-49e73b4795e8,2025,2025-12-15,3.6,100,55,false
f00fd5f6-106b-47c6-a3f2-8a9d60bd30ce,6483974b-6944-4487-85ba-49e73b4795e8,2026,2026-12-15,4.4,62,11,false
bf6b2920-a0ba-44be-9f2f-419281274b56,d6eaf6d8-2431-4343-8b02-a145d5fc480b,2021,2021-12-15,3,84,26,false
0c30acbb-b9b6-4811-8174-a9500b036954,d6eaf6d8-2431-4343-8b02-a145d5fc480b,2022,2022-12-15,3.1,93,21,false
81b57d6b-0c0b-47ad-928c-f0bb949f77c2,d6eaf6d8-2431-4343-8b02-a145d5fc480b,2023,2023-12-15,4,98,32,false
073e8f56-2d47-4c47-9398-4eb8cb6eb31e,d6eaf6d8-2431-4343-8b02-a145d5fc480b,2024,2024-12-15,3.1,95,55,false
06994083-7c64-4150-91b7-6ada60840b5a,d6eaf6d8-2431-4343-8b02-a145d5fc480b,2025,2025-12-15,3.9,63,48,false
f562c953-749c-430f-9d52-79d5a724744d,d6eaf6d8-2431-4343-8b02-a145d5fc480b,2026,2026-12-15,4.2,97,21,false
76271685-c196-4179-b8e5-827a9d70a242,71f7ec58-bd72-45fd-8eb9-e4d6bc82a900,2021,2021-12-15,3.7,67,17,false
22f6beae-dd5b-4807-ab6a-9ec1d6f456d8,71f7ec58-bd72-45fd-8eb9-e4d6bc82a900,2022,2022-12-15,3.8,76,30,false
4f8f14cf-5a04-4b91-97b6-bda60fbdecc0,71f7ec58-bd72-45fd-8eb9-e4d6bc82a900,2023,2023-12-15,3.5,85,43,false
d7d9c598-1408-48c3-8e14-aafd9bec93d2,71f7ec58-bd72-45fd-8eb9-e4d6bc82a900,2024,2024-12-15,4,69,49,false
26e708b2-4ce2-40bb-b9cf-48ea2f27aada,71f7ec58-bd72-45fd-8eb9-e4d6bc82a900,2025,2025-12-15,3,66,27,false
c5964603-0423-4254-ba08-be203e56a957,71f7ec58-bd72-45fd-8eb9-e4d6bc82a900,2026,2026-12-15,4.4,95,34,false
973c88c5-77ee-4dbb-8654-2fa245a61ded,cc2d3a8b-43fd-4ba6-9ab6-e47d7de509c8,2017,2017-12-15,2.3,95,36,false
825a0470-dd3d-42a8-bd3d-91d288e5aae9,cc2d3a8b-43fd-4ba6-9ab6-e47d7de509c8,2018,2018-12-15,3.1,60,49,false
c160fbe3-e783-4607-b117-3711a2c8cadc,cc2d3a8b-43fd-4ba6-9ab6-e47d7de509c8,2019,2019-12-15,4,81,15,false
227a82b6-a233-44be-ae7e-d32d1904d457,cc2d3a8b-43fd-4ba6-9ab6-e47d7de509c8,2020,2020-12-15,4.8,100,12,true
67b05628-0b45-4ef0-8974-8328ebc7a633,cc2d3a8b-43fd-4ba6-9ab6-e47d7de509c8,2021,2021-12-15,3.7,71,49,false
ac557404-2b96-48fd-820e-8cdc32ff993a,cc2d3a8b-43fd-4ba6-9ab6-e47d7de509c8,2022,2022-12-15,2.2,69,22,false
76b5e336-003a-40d9-939a-4774570d34bf,cc2d3a8b-43fd-4ba6-9ab6-e47d7de509c8,2023,2023-12-15,2.1,100,54,false
04a86b5c-47a3-44a6-b304-76fb0239b63a,cc2d3a8b-43fd-4ba6-9ab6-e47d7de509c8,2024,2024-12-15,3.9,94,43,false
28c3a569-99c8-4713-87d9-de691c778b3d,cc2d3a8b-43fd-4ba6-9ab6-e47d7de509c8,2025,2025-12-15,3.2,78,58,false
017a070f-cb81-436c-b6b8-540a04b95dd1,cc2d3a8b-43fd-4ba6-9ab6-e47d7de509c8,2026,2026-12-15,3.4,79,59,false
4af5d3c8-009b-478d-96b6-ca7715058522,8953a919-d946-4ef7-9afe-8e9e922dc7c2,2023,2023-12-15,4.7,72,55,false
0983400a-4620-4a3d-8e6e-a0bbf227ac8e,8953a919-d946-4ef7-9afe-8e9e922dc7c2,2024,2024-12-15,2.4,74,44,false
e5627b99-677b-48ac-8b71-baa54ad8453e,8953a919-d946-4ef7-9afe-8e9e922dc7c2,2025,2025-12-15,4.4,68,49,false
b63dfc9a-f423-4d12-9760-4858c3654707,8953a919-d946-4ef7-9afe-8e9e922dc7c2,2026,2026-12-15,4.7,86,21,true
c3d75324-084d-4bfa-b322-a001dd966394,005c41e8-e60c-45c4-bfff-cabdf9386bef,2019,2019-12-15,4.8,98,10,true
89f07b20-5669-4903-8b0b-e804a58f91bc,005c41e8-e60c-45c4-bfff-cabdf9386bef,2020,2020-12-15,3.7,88,11,false
daaeb31e-d4ca-4139-9a51-28f631503ada,005c41e8-e60c-45c4-bfff-cabdf9386bef,2021,2021-12-15,4.1,74,33,false
394c79c1-082c-4f1d-91bb-b78e52de2854,005c41e8-e60c-45c4-bfff-cabdf9386bef,2022,2022-12-15,2.1,66,36,false
16dba9f6-494d-4f08-a9d8-1f25bd10f2c2,005c41e8-e60c-45c4-bfff-cabdf9386bef,2023,2023-12-15,3.8,83,31,false
34718cc8-06ae-4513-b9c0-3973be170b22,005c41e8-e60c-45c4-bfff-cabdf9386bef,2024,2024-12-15,2.7,61,22,false
773ad1ea-ca54-425e-89b6-a3599ad75ad5,005c41e8-e60c-45c4-bfff-cabdf9386bef,2025,2025-12-15,3.7,92,17,false
d60d8f10-46eb-4023-95c3-fe2a836ee2d4,005c41e8-e60c-45c4-bfff-cabdf9386bef,2026,2026-12-15,4.8,94,21,false
9feadb56-f540-4599-978e-3c96670e958c,b44c2f30-841d-4992-8537-1cd636d99238,2025,2025-12-15,2.6,62,57,false
95752477-9d70-4385-b57b-cbdbc8331813,b44c2f30-841d-4992-8537-1cd636d99238,2026,2026-12-15,2.8,87,14,false
cd5e77fc-71e9-410e-a945-7f809676d8c8,aab939b0-6851-41f9-970f-25f909bd1b33,2018,2018-12-15,2.4,92,60,false
8adbc421-7855-42b5-9c64-88f9dc9e3b47,aab939b0-6851-41f9-970f-25f909bd1b33,2019,2019-12-15,4.4,74,15,false
347ac303-8e57-4b69-8faf-4e9fb3454e8a,aab939b0-6851-41f9-970f-25f909bd1b33,2020,2020-12-15,5,89,31,false
7990b17f-daef-471f-be02-3b965802d591,aab939b0-6851-41f9-970f-25f909bd1b33,2021,2021-12-15,4.7,62,32,false
bed1e1aa-ad03-414d-bf5d-4d30bc767f24,aab939b0-6851-41f9-970f-25f909bd1b33,2022,2022-12-15,2.6,63,39,false
dfae55c0-af42-4040-b2a4-4e87f7e31ba2,aab939b0-6851-41f9-970f-25f909bd1b33,2023,2023-12-15,2.7,71,38,false
961bf22a-36e2-49c2-90bd-040de89af92f,aab939b0-6851-41f9-970f-25f909bd1b33,2024,2024-12-15,2.5,70,39,false
fa3e718d-0658-431c-a976-1b75fc0bc17d,aab939b0-6851-41f9-970f-25f909bd1b33,2025,2025-12-15,4.1,82,36,false
66912777-c2fe-4aff-b1a1-ffe388b30716,aab939b0-6851-41f9-970f-25f909bd1b33,2026,2026-12-15,3.7,74,37,false
48df210c-a7a3-4e4e-9fbc-2c52dae3fad5,3736901b-6896-4dae-ac2c-7be46ff5b46c,2024,2024-12-15,3.3,72,56,false
dd361092-de77-470c-a8f1-d02983900005,3736901b-6896-4dae-ac2c-7be46ff5b46c,2025,2025-12-15,2.3,99,11,false
c2caf11c-6df2-4352-83fd-46c8d6fb2e83,3736901b-6896-4dae-ac2c-7be46ff5b46c,2026,2026-12-15,4.7,90,34,false
9c5d040e-f261-4856-aa4a-02f143162fc3,c46f2a6e-8252-463f-b35e-3efcad5432ac,2018,2018-12-15,4.8,90,22,false
2101942e-310a-4fdc-b85f-70e45b7df801,c46f2a6e-8252-463f-b35e-3efcad5432ac,2019,2019-12-15,2.2,73,27,false
6fb63523-146a-485c-9963-749641659ad5,c46f2a6e-8252-463f-b35e-3efcad5432ac,2020,2020-12-15,2.5,65,56,false
bfee795a-aa1f-4df1-8018-28aed65deea6,c46f2a6e-8252-463f-b35e-3efcad5432ac,2021,2021-12-15,4.8,96,10,false
f7a50500-e1f1-4374-a2bf-32b970733710,c46f2a6e-8252-463f-b35e-3efcad5432ac,2022,2022-12-15,3.1,84,57,false
596026ac-b0a7-4134-83fb-7002ee28d90f,c46f2a6e-8252-463f-b35e-3efcad5432ac,2023,2023-12-15,2.8,71,11,false
1e45a6a6-e257-4ce9-8669-92a83075b72e,c46f2a6e-8252-463f-b35e-3efcad5432ac,2024,2024-12-15,3.3,65,37,false
91b4d735-8ece-49ed-a608-4f81465992cc,c46f2a6e-8252-463f-b35e-3efcad5432ac,2025,2025-12-15,3.2,95,18,false
856abd71-56cb-4f80-9bb0-dae82b0bcdaa,c46f2a6e-8252-463f-b35e-3efcad5432ac,2026,2026-12-15,3.1,67,50,false
f745ef3c-82e1-4afa-ba66-1cdd929b3c63,51b4fcb0-6b62-4415-8a66-85828a0a5a9b,2026,2026-12-15,4.2,75,21,false
fa71a950-7380-4215-9e06-af3da289b184,78133e3a-dd3a-4c34-80b2-e89d269599f0,2024,2024-12-15,3.9,73,54,false
01c41c09-9fe8-4eb3-a0a4-c792002fb103,78133e3a-dd3a-4c34-80b2-e89d269599f0,2025,2025-12-15,3.5,84,39,false
ca5ea3f0-19f9-4da4-bf40-dbb4e66d7e8e,78133e3a-dd3a-4c34-80b2-e89d269599f0,2026,2026-12-15,4.4,69,35,false
baba4bec-9e70-4b65-9ec0-07f9e4ddc22c,d78b9cae-7a7d-4017-9ba8-e9c43970b164,2024,2024-12-15,3.4,91,28,false
51fdc722-a0fe-42a2-b892-0d2adb615975,d78b9cae-7a7d-4017-9ba8-e9c43970b164,2025,2025-12-15,3.5,90,35,false
158a73ff-1c78-4127-abbf-948676cffc84,d78b9cae-7a7d-4017-9ba8-e9c43970b164,2026,2026-12-15,4.6,70,50,false
67370c7e-0f61-470b-888e-de688b312eb5,7cd9c28a-1820-412b-a55c-253d3bb426d0,2019,2019-12-15,4,86,48,false
f26f7bdb-db67-41b9-b14a-17f0ecc3eefe,7cd9c28a-1820-412b-a55c-253d3bb426d0,2020,2020-12-15,4.7,89,42,false
0343cc3b-5b8f-4bb9-92ac-78ecd721151c,7cd9c28a-1820-412b-a55c-253d3bb426d0,2021,2021-12-15,4.6,65,22,true
a10389ec-e016-43b8-bc3c-a08e7ea6d8d5,7cd9c28a-1820-412b-a55c-253d3bb426d0,2022,2022-12-15,3.7,65,15,false
e7fba05f-5edd-415e-ac89-77c565455353,7cd9c28a-1820-412b-a55c-253d3bb426d0,2023,2023-12-15,2.8,99,32,false
d27e64eb-b685-48ea-904a-8ad80a7dedf3,7cd9c28a-1820-412b-a55c-253d3bb426d0,2024,2024-12-15,2.2,88,48,false
08200812-6b07-4b3a-bc52-a4416a1a1a42,7cd9c28a-1820-412b-a55c-253d3bb426d0,2025,2025-12-15,4.4,84,17,false
b29f85d1-997c-4140-94e9-fe5585db3d8f,7cd9c28a-1820-412b-a55c-253d3bb426d0,2026,2026-12-15,2.8,86,48,false
6c43fb99-f0cc-417a-82ce-37fb3edef74b,5455cfbc-b5d2-4bcd-a26d-90ee773eb42e,2020,2020-12-15,3.8,75,13,false
a8ba6e9a-e099-479a-9678-939780845c67,5455cfbc-b5d2-4bcd-a26d-90ee773eb42e,2021,2021-12-15,3.7,66,37,false
1709f341-c393-4cfe-934b-fe9fa3168cc0,5455cfbc-b5d2-4bcd-a26d-90ee773eb42e,2022,2022-12-15,3.9,65,47,false
c4191bad-a384-46d9-ba1a-f831a5220cdc,5455cfbc-b5d2-4bcd-a26d-90ee773eb42e,2023,2023-12-15,3.8,61,11,false
def11226-db64-409a-af70-c5357fc09db3,5455cfbc-b5d2-4bcd-a26d-90ee773eb42e,2024,2024-12-15,3.2,69,53,false
056b8f97-8afa-4c32-8de0-2919626da6c0,5455cfbc-b5d2-4bcd-a26d-90ee773eb42e,2025,2025-12-15,3.6,96,51,false
2ee3721f-1ace-4b9a-8cfc-f036e076a02f,5455cfbc-b5d2-4bcd-a26d-90ee773eb42e,2026,2026-12-15,2.7,69,48,false
889ab439-56a5-4825-a2d5-1eecaa955b17,dc960f6c-3b71-4192-a7ce-10110c09a333,2024,2024-12-15,4.9,69,32,false
76923e2c-c7b6-4f33-b618-5505666d2688,dc960f6c-3b71-4192-a7ce-10110c09a333,2025,2025-12-15,2.8,64,19,false
9ba3a75c-cd11-458c-bca8-ee7817088451,dc960f6c-3b71-4192-a7ce-10110c09a333,2026,2026-12-15,2.3,79,35,false
1cbb3067-7cc4-4795-993f-ad304e3bcdf4,388106be-4652-47af-b510-ad8627a7a485,2025,2025-12-15,4.1,76,32,false
41c12486-715a-4b0a-b029-baa57cc629d5,388106be-4652-47af-b510-ad8627a7a485,2026,2026-12-15,3.3,92,17,false
a883b705-ab58-4081-9d46-fb2c3b0dc541,f94795c7-d7b8-49cb-889e-5ec3018b1417,2017,2017-12-15,4.9,69,38,true
e567e746-bc77-4c8e-8942-a3b8026ea9c0,f94795c7-d7b8-49cb-889e-5ec3018b1417,2018,2018-12-15,4.6,91,35,true
4ab1af8d-bf27-4318-88e6-b53c2904e025,f94795c7-d7b8-49cb-889e-5ec3018b1417,2019,2019-12-15,3.7,87,52,false
3b70c335-d630-4345-9cab-458341995c25,f94795c7-d7b8-49cb-889e-5ec3018b1417,2020,2020-12-15,4.8,88,60,true
1311ce22-4e50-4020-9307-3b35f50610ba,f94795c7-d7b8-49cb-889e-5ec3018b1417,2021,2021-12-15,3,99,54,false
03163acc-71ef-496b-a8b7-348d5821bde9,f94795c7-d7b8-49cb-889e-5ec3018b1417,2022,2022-12-15,3.8,96,29,false
83f6e788-6f67-4e77-a3ea-ea66e179fcd7,f94795c7-d7b8-49cb-889e-5ec3018b1417,2023,2023-12-15,2.2,95,25,false
0195dae4-1e43-4d80-9a17-52692b622e08,f94795c7-d7b8-49cb-889e-5ec3018b1417,2024,2024-12-15,4.8,61,39,false
30b94874-fe15-40bd-91ca-dd5be5dc6c6b,f94795c7-d7b8-49cb-889e-5ec3018b1417,2025,2025-12-15,4.7,91,45,true
3d308e12-5d23-4604-ab55-cd6cceec5bf9,f94795c7-d7b8-49cb-889e-5ec3018b1417,2026,2026-12-15,4.8,78,59,false
13db5ff0-76e4-4e74-9bdc-968f77e84f98,0c7215e0-56d8-461d-862b-fafb51c408cb,2020,2020-12-15,2.4,96,60,false
131d2704-b9c0-4257-b678-b22efcd948a6,0c7215e0-56d8-461d-862b-fafb51c408cb,2021,2021-12-15,4.1,65,19,false
cf395ee2-0b9a-4096-9ea9-faf4d1b53c1b,0c7215e0-56d8-461d-862b-fafb51c408cb,2022,2022-12-15,3.7,77,34,false
0cbb9f3f-2a7e-441a-9f49-074b3ed78690,0c7215e0-56d8-461d-862b-fafb51c408cb,2023,2023-12-15,2.8,94,14,false
f0c4ef84-72a8-4883-886e-fda8fd2cfeb4,0c7215e0-56d8-461d-862b-fafb51c408cb,2024,2024-12-15,2.7,60,15,false
6d4610d3-c3cd-43bc-8ec8-2c28814543c4,0c7215e0-56d8-461d-862b-fafb51c408cb,2025,2025-12-15,3.5,83,58,false
5bfe927f-e049-42b6-99d4-2973f6e02004,0c7215e0-56d8-461d-862b-fafb51c408cb,2026,2026-12-15,3.8,71,53,false
be3f3f11-dce2-4483-adad-0b19ce306df0,281b04eb-1ea1-468b-aa3d-9e69c1e9caf4,2025,2025-12-15,4.1,63,54,false
2dd9c1f7-baba-4f90-b8d7-a43c05e14511,281b04eb-1ea1-468b-aa3d-9e69c1e9caf4,2026,2026-12-15,4.1,66,56,false
d3bf93fe-4c98-4a54-86c0-1ef0d36f0612,603f653b-cd9d-4a78-9ada-bd830d1222de,2020,2020-12-15,4.6,99,57,true
92b62dc4-c8fb-4b34-9474-1cf1b0716e05,603f653b-cd9d-4a78-9ada-bd830d1222de,2021,2021-12-15,3.2,64,16,false
a2ab972c-00ec-44db-a6ab-38885b5b3cdc,603f653b-cd9d-4a78-9ada-bd830d1222de,2022,2022-12-15,2.3,79,29,false
0603945c-d9f8-498d-b9f0-4b2245ab87a8,603f653b-cd9d-4a78-9ada-bd830d1222de,2023,2023-12-15,2.6,90,34,false
cca815e4-4a7c-44bd-b541-ce20f757b999,603f653b-cd9d-4a78-9ada-bd830d1222de,2024,2024-12-15,4.9,68,18,false
46e94214-4996-422e-b453-1b5ae8fad616,603f653b-cd9d-4a78-9ada-bd830d1222de,2025,2025-12-15,3.2,76,19,false
2f605c08-a7a8-44ef-ba8e-7287d77c68a1,603f653b-cd9d-4a78-9ada-bd830d1222de,2026,2026-12-15,4.4,81,39,false
e1b6d44f-5226-4a9e-8f81-2d3766e6b6ce,f153f231-d371-4e91-a4c6-9cb42160a339,2024,2024-12-15,4.9,80,47,false
4712db8a-1163-402f-93c2-c9a22e25e3f9,f153f231-d371-4e91-a4c6-9cb42160a339,2025,2025-12-15,3.7,65,31,false
9ec8885d-5cf2-4139-be90-556097dec310,f153f231-d371-4e91-a4c6-9cb42160a339,2026,2026-12-15,4.1,97,16,false
20236db4-b46c-499c-a14f-a6e289f74e2c,c39d254c-3822-4610-aef6-1c12ba686970,2022,2022-12-15,4.8,74,20,false
5ad51357-1768-42c0-9453-d0115a290448,c39d254c-3822-4610-aef6-1c12ba686970,2023,2023-12-15,3.3,92,42,false
e381dae9-a566-4bab-b8fd-3de30f627794,c39d254c-3822-4610-aef6-1c12ba686970,2024,2024-12-15,4.8,93,12,false
73f49435-995e-4abc-9769-fa6a233434a5,c39d254c-3822-4610-aef6-1c12ba686970,2025,2025-12-15,2.1,68,25,false
29dc073a-20c3-4fe6-a1c3-9c9f32cfd728,c39d254c-3822-4610-aef6-1c12ba686970,2026,2026-12-15,2.6,68,52,false
58a8f2dc-116e-44a5-b2c5-054274dbd038,608cf4ae-33c5-4e50-bfe2-a4b8318de781,2023,2023-12-15,2.7,65,16,false
d804012b-e7aa-488d-a89b-b6d71ff094f3,608cf4ae-33c5-4e50-bfe2-a4b8318de781,2024,2024-12-15,4.1,97,46,false
955fbe4b-16b4-45d4-ab36-85e8615936ca,608cf4ae-33c5-4e50-bfe2-a4b8318de781,2025,2025-12-15,4.8,90,11,false
e74a7124-ccc4-411a-958e-bf1281b62da9,608cf4ae-33c5-4e50-bfe2-a4b8318de781,2026,2026-12-15,2.2,77,54,false
46ffcd3d-2808-4cf3-bad9-95b2a465d8fc,e9c83264-d7ed-4f2a-9357-0550e0acff05,2023,2023-12-15,2.6,64,19,false
a82682d5-5531-44b2-a5a7-515ff23cd12a,e9c83264-d7ed-4f2a-9357-0550e0acff05,2024,2024-12-15,4.3,79,46,false
c3386636-1f4a-409d-87e6-3345cba3fc0e,e9c83264-d7ed-4f2a-9357-0550e0acff05,2025,2025-12-15,4.5,99,59,false
27f037c9-0ee7-4b0e-9858-ade51f9539b8,e9c83264-d7ed-4f2a-9357-0550e0acff05,2026,2026-12-15,4.3,80,31,false
b99ec262-77c5-4064-8c0c-5695f8614475,058835db-aa7d-4d63-8bbb-8ee34e102435,2025,2025-12-15,4.2,68,56,false
a499112a-a51d-4602-be5f-1a92e5fd8619,058835db-aa7d-4d63-8bbb-8ee34e102435,2026,2026-12-15,3.6,61,34,false
efe32993-ce98-4d39-8554-27b5f087e1c0,60b1e498-e015-40c1-9f47-89deff8c391e,2026,2026-12-15,4.2,69,49,false
59dd04e9-ef13-486c-88aa-266284c37a57,70a47f0f-b8a9-4542-a67e-22d00147db82,2019,2019-12-15,4.1,74,43,false
29abadb6-6cdb-48b6-8c87-690f5623589f,70a47f0f-b8a9-4542-a67e-22d00147db82,2020,2020-12-15,4.1,91,40,false
a7f3033a-bbae-41df-a362-751ceefa68a4,70a47f0f-b8a9-4542-a67e-22d00147db82,2021,2021-12-15,4,95,10,false
32b40153-88b8-4d55-9332-17f01eb3fad0,70a47f0f-b8a9-4542-a67e-22d00147db82,2022,2022-12-15,2.9,79,24,false
f711d900-0139-4cce-9324-212206ded3e0,70a47f0f-b8a9-4542-a67e-22d00147db82,2023,2023-12-15,2.6,83,37,false
e8c925b4-49e8-40df-9963-ea9c7876249b,70a47f0f-b8a9-4542-a67e-22d00147db82,2024,2024-12-15,4.8,66,32,false
f60ee09f-6e8d-497d-891f-217ac7a65f57,70a47f0f-b8a9-4542-a67e-22d00147db82,2025,2025-12-15,3.4,71,20,false
b9a8bdb8-e5f0-4cf3-88f9-4b11fc40ee39,70a47f0f-b8a9-4542-a67e-22d00147db82,2026,2026-12-15,3.7,70,25,false
ad712458-8f86-4364-94d6-a65a2ffe60db,b38798c8-eeb0-41fb-9619-cbad58a71345,2022,2022-12-15,4.1,76,24,false
d8387107-4b4a-40df-a681-de28b04f32f8,b38798c8-eeb0-41fb-9619-cbad58a71345,2023,2023-12-15,2.3,69,46,false
42b1e327-d9b9-492b-8961-b7519592dea0,b38798c8-eeb0-41fb-9619-cbad58a71345,2024,2024-12-15,3.7,83,34,false
5c74f16b-4b28-47f4-b203-82c67e4f2379,b38798c8-eeb0-41fb-9619-cbad58a71345,2025,2025-12-15,2.4,82,54,false
7881666b-eb66-43c9-9aa1-89c2c3f58bcf,b38798c8-eeb0-41fb-9619-cbad58a71345,2026,2026-12-15,3.8,93,60,false
e144ede9-404d-457e-9902-c214b505cf11,6700045a-c01d-4393-a161-3a4542c4a471,2018,2018-12-15,2.9,64,48,false
9a67b853-6d81-429d-9d82-44d46bc43598,6700045a-c01d-4393-a161-3a4542c4a471,2019,2019-12-15,2.3,74,23,false
ceef120d-f99c-43f4-9c70-19008b6fa840,6700045a-c01d-4393-a161-3a4542c4a471,2020,2020-12-15,3.1,71,17,false
d7cae118-ec12-4a64-9656-d91ad9be55f4,6700045a-c01d-4393-a161-3a4542c4a471,2021,2021-12-15,4.2,68,54,false
2d4859dc-669a-40ac-8bc2-b9816974bd49,6700045a-c01d-4393-a161-3a4542c4a471,2022,2022-12-15,4,65,52,false
0c70dd76-cafd-4474-b366-de72c922d594,6700045a-c01d-4393-a161-3a4542c4a471,2023,2023-12-15,4,82,58,false
7db94db2-1aee-493d-9242-a7e510740e94,6700045a-c01d-4393-a161-3a4542c4a471,2024,2024-12-15,2,99,53,false
7e4d1e08-93bd-4d86-bd6c-fe0ec3f70f65,6700045a-c01d-4393-a161-3a4542c4a471,2025,2025-12-15,4.2,83,33,false
323a4f88-7c29-48b8-ae13-4cbf4ed3eff3,6700045a-c01d-4393-a161-3a4542c4a471,2026,2026-12-15,4.6,90,19,false
b4714247-50f1-428f-be04-cd3c2d076e4b,4f042aeb-d4bf-4632-9633-734d0ef1d9ac,2021,2021-12-15,2.6,78,56,false
471e3cef-cc94-468f-be1f-0fe27dac0f8a,4f042aeb-d4bf-4632-9633-734d0ef1d9ac,2022,2022-12-15,3.7,93,52,false
a54a20cb-ab94-4d9c-ad5a-4d3e183774dd,4f042aeb-d4bf-4632-9633-734d0ef1d9ac,2023,2023-12-15,3.5,82,12,false
59423d39-44da-40e7-aaaf-3b7ff58cd57f,4f042aeb-d4bf-4632-9633-734d0ef1d9ac,2024,2024-12-15,2.3,79,52,false
b524045d-b78b-427b-bc92-50d190155336,4f042aeb-d4bf-4632-9633-734d0ef1d9ac,2025,2025-12-15,4.4,89,43,false
c73f1fec-b0ca-457c-8606-fbeed054884f,4f042aeb-d4bf-4632-9633-734d0ef1d9ac,2026,2026-12-15,3.7,62,28,false
c5b50615-e012-4293-a1cf-d0765263da3a,971d8162-50bf-49f8-adf8-ffc36e79e16c,2026,2026-12-15,4.3,90,27,false
a8dc2893-5c4b-4e10-ae48-15c5f7a10590,b89faaa1-7b72-44e7-bde1-b0245ed5508f,2017,2017-12-15,4.8,82,42,false
42e6f507-4892-4ab7-b3f9-e7a9c40da369,b89faaa1-7b72-44e7-bde1-b0245ed5508f,2018,2018-12-15,2.4,90,40,false
3690c918-33b4-4f37-820e-6a6672344092,b89faaa1-7b72-44e7-bde1-b0245ed5508f,2019,2019-12-15,3.4,94,37,false
04beffd4-2e3c-4156-aa4f-8b516ac97283,b89faaa1-7b72-44e7-bde1-b0245ed5508f,2020,2020-12-15,3,85,25,false
23489899-9f54-47da-92e1-624b7b6efea2,b89faaa1-7b72-44e7-bde1-b0245ed5508f,2021,2021-12-15,4.2,68,48,false
253fbafd-84d9-4aae-a97e-9ad90581e3e1,b89faaa1-7b72-44e7-bde1-b0245ed5508f,2022,2022-12-15,3.2,86,33,false
412d9c64-aa15-4b39-abdb-cb0012f33836,b89faaa1-7b72-44e7-bde1-b0245ed5508f,2023,2023-12-15,2,63,17,false
eee3ed2d-dae1-47d5-89e9-ac9f1b114c57,b89faaa1-7b72-44e7-bde1-b0245ed5508f,2024,2024-12-15,3.1,66,30,false
f2621d85-f522-4ee1-bd28-d45cc8f8cedf,b89faaa1-7b72-44e7-bde1-b0245ed5508f,2025,2025-12-15,4.3,91,29,false
29fa0a65-16f9-4e1f-bea2-660b765038b5,b89faaa1-7b72-44e7-bde1-b0245ed5508f,2026,2026-12-15,3.5,65,39,false
f1bc0ccb-d783-466b-87c4-635ee10745c5,325c58ba-905a-4cfa-83e4-3e79b57a44ec,2026,2026-12-15,2.6,68,41,false
452ee8e3-428b-4881-adc0-7b8cd1653dd2,70770191-22c8-4a63-8fdf-fdcc07142c64,2019,2019-12-15,2.5,64,19,false
81a51300-a06e-436d-9880-76a23daf970f,70770191-22c8-4a63-8fdf-fdcc07142c64,2020,2020-12-15,5,95,29,false
41ef0dfb-a38a-4e41-86b3-23b2ce81099a,70770191-22c8-4a63-8fdf-fdcc07142c64,2021,2021-12-15,2.8,74,52,false
6d1c342d-ba93-4add-bc4f-347c5cf2d11f,70770191-22c8-4a63-8fdf-fdcc07142c64,2022,2022-12-15,2.8,74,29,false
faa92403-3810-4001-b76d-def74e8b22be,70770191-22c8-4a63-8fdf-fdcc07142c64,2023,2023-12-15,4.1,93,42,false
45f56a42-98a5-4f60-9267-a225c82856e3,70770191-22c8-4a63-8fdf-fdcc07142c64,2024,2024-12-15,3.5,92,23,false
74d426fb-7852-4ee5-addd-56cec045706b,70770191-22c8-4a63-8fdf-fdcc07142c64,2025,2025-12-15,2.2,92,18,false
85ce4767-d99f-4d12-87dc-7f9bf6a1026b,70770191-22c8-4a63-8fdf-fdcc07142c64,2026,2026-12-15,3.5,88,10,false
22e32872-724e-4001-8279-5f97ed90c324,6dfa1518-ba35-4d00-b8dc-6ab35f0308b2,2025,2025-12-15,3,98,14,false
cd51cdb8-4d04-4e79-b3e9-539620d025f1,6dfa1518-ba35-4d00-b8dc-6ab35f0308b2,2026,2026-12-15,2.3,93,21,false
8305a3ec-9f60-4147-90d7-a3f8680a65a1,0ada5e68-2a0f-42d6-b418-5445bf5797bf,2024,2024-12-15,3.2,67,46,false
01f672e7-1c0c-4a1e-b966-f8bdb7e07511,0ada5e68-2a0f-42d6-b418-5445bf5797bf,2025,2025-12-15,2.1,78,59,false
2345da26-a8f7-43d7-80ec-164edede0f46,0ada5e68-2a0f-42d6-b418-5445bf5797bf,2026,2026-12-15,3.1,60,38,false
02329331-60ea-4fa7-a5b8-87f74634b5a1,35e34ca1-b06f-4caa-baf1-519fb00f36b7,2026,2026-12-15,2.4,79,16,false
d2ef25df-264c-4add-8965-5512e9fc9f1a,3ce024ee-07a0-4cdc-8b58-93e4e8cd9550,2025,2025-12-15,4.3,92,20,false
770b3ece-7004-44e5-9b4a-da2e5d467b1f,3ce024ee-07a0-4cdc-8b58-93e4e8cd9550,2026,2026-12-15,2.2,80,57,false
791b837e-61a9-4acf-8bf3-3066e988aad1,cba70765-fcf1-4b0f-9455-a897bf1d5d0a,2023,2023-12-15,3.9,67,12,false
d2fd602b-aa25-47ca-a13a-bebe7b526525,cba70765-fcf1-4b0f-9455-a897bf1d5d0a,2024,2024-12-15,2.5,64,17,false
208c3b4f-5bbb-4b9e-a0b7-d854915a3c18,cba70765-fcf1-4b0f-9455-a897bf1d5d0a,2025,2025-12-15,4.5,64,58,true
992741bf-3014-4c23-b589-797064d59bbb,cba70765-fcf1-4b0f-9455-a897bf1d5d0a,2026,2026-12-15,2.8,88,41,false
616adfdf-7301-4276-809b-3e720aa30824,609e6dd4-8064-4640-a50c-9c1426e3556a,2024,2024-12-15,4.7,86,31,false
e93c0acb-08fe-4ecb-b54b-3cf568785c99,609e6dd4-8064-4640-a50c-9c1426e3556a,2025,2025-12-15,3.7,97,58,false
56eaa4e1-2cf1-4bc8-90c4-b936210f8486,609e6dd4-8064-4640-a50c-9c1426e3556a,2026,2026-12-15,3.6,93,39,false
54a8fe9e-5439-4bf9-9082-05e1366e0dab,680b017a-79bf-4bdf-8bbf-aa423bf301c8,2018,2018-12-15,3.3,91,31,false
b125e38b-267f-4989-be32-4e6cd93772c7,680b017a-79bf-4bdf-8bbf-aa423bf301c8,2019,2019-12-15,2.9,83,48,false
452ba5cd-be06-4b41-afb9-710e8fffbb50,680b017a-79bf-4bdf-8bbf-aa423bf301c8,2020,2020-12-15,2.5,64,27,false
a130de2f-443b-4949-a25c-9cc8ca9b42fa,680b017a-79bf-4bdf-8bbf-aa423bf301c8,2021,2021-12-15,3.3,76,47,false
ea3c929b-f726-466b-aed9-0f5a92e162ff,680b017a-79bf-4bdf-8bbf-aa423bf301c8,2022,2022-12-15,2.2,82,44,false
a3b76a72-1b80-45ea-95ac-c7438dd35ad6,680b017a-79bf-4bdf-8bbf-aa423bf301c8,2023,2023-12-15,2.2,92,20,false
4f20d016-d26e-4793-8b04-42828c1fa6e7,680b017a-79bf-4bdf-8bbf-aa423bf301c8,2024,2024-12-15,3.6,78,44,false
e4e3235c-9ac1-4bf5-81fe-12e56e66ec7d,680b017a-79bf-4bdf-8bbf-aa423bf301c8,2025,2025-12-15,3.1,82,53,false
bd351731-c628-46ae-9b75-021e1c006d3a,680b017a-79bf-4bdf-8bbf-aa423bf301c8,2026,2026-12-15,2.1,89,30,false
658efd4f-5187-429b-b1b4-517d67d3f81d,995faa5e-7f63-4c34-8c39-ebaf70087be2,2018,2018-12-15,2.7,71,11,false
9a4a77c3-8a03-47b1-94ad-6c7c061948cb,995faa5e-7f63-4c34-8c39-ebaf70087be2,2019,2019-12-15,4.2,99,19,false
145919f5-630d-4c9f-a1c2-09df60499574,995faa5e-7f63-4c34-8c39-ebaf70087be2,2020,2020-12-15,5,94,46,true
89b6233e-6712-4fde-948f-84718166c6d9,995faa5e-7f63-4c34-8c39-ebaf70087be2,2021,2021-12-15,3.5,79,40,false
b9a89e1f-8310-4327-8c53-b6aa8cf19083,995faa5e-7f63-4c34-8c39-ebaf70087be2,2022,2022-12-15,3.8,86,29,false
a591c501-86c5-4fdd-ab47-c964eabf69f6,995faa5e-7f63-4c34-8c39-ebaf70087be2,2023,2023-12-15,2.7,98,25,false
c0ce605f-1f5f-4f90-9c42-c446c4852fad,995faa5e-7f63-4c34-8c39-ebaf70087be2,2024,2024-12-15,3.9,80,13,false
b01ba5e6-5a51-45fe-b79c-66ca15fde08b,995faa5e-7f63-4c34-8c39-ebaf70087be2,2025,2025-12-15,4.7,66,45,false
1db577e9-bf46-4521-9444-1893721a2e75,995faa5e-7f63-4c34-8c39-ebaf70087be2,2026,2026-12-15,4.7,74,56,true
064a071a-b9f6-40fe-a2f4-b6c865a7c084,7987a6d1-8781-42da-8e7c-6474dbd6e103,2024,2024-12-15,3.5,79,16,false
e1456a0d-f968-42bc-84ee-95ac790f4461,7987a6d1-8781-42da-8e7c-6474dbd6e103,2025,2025-12-15,4.8,77,12,false
aa3ccf3f-a6fe-4a7e-aaf8-95c1a53594ea,7987a6d1-8781-42da-8e7c-6474dbd6e103,2026,2026-12-15,4.8,94,59,true
cfda3a2e-643e-4aec-8787-f5cf08f29002,98f31d03-88e7-448f-93a0-7459d7df8af6,2023,2023-12-15,2.4,68,39,false
283bf1b9-9b2a-4aa7-b986-286df06f10ed,98f31d03-88e7-448f-93a0-7459d7df8af6,2024,2024-12-15,2.6,99,29,false
91f9c5ad-e29f-49f8-875b-f7a962680c68,98f31d03-88e7-448f-93a0-7459d7df8af6,2025,2025-12-15,3,85,45,false
58e48b13-0118-4877-91ed-f68b3df00577,98f31d03-88e7-448f-93a0-7459d7df8af6,2026,2026-12-15,3.8,78,57,false
042ec654-89ac-499b-848c-a1354a918f49,7ce07a62-407d-4ef6-b458-05accc1a818f,2022,2022-12-15,4.1,73,12,false
e29be8ae-9564-4257-8e45-39a4a8ebb1ea,7ce07a62-407d-4ef6-b458-05accc1a818f,2023,2023-12-15,3.2,96,24,false
db55289c-50a7-4577-a792-4335a2a96cc9,7ce07a62-407d-4ef6-b458-05accc1a818f,2024,2024-12-15,4.8,86,43,false
e0a77c01-d6ad-4815-bd4f-bfecf88c27b7,7ce07a62-407d-4ef6-b458-05accc1a818f,2025,2025-12-15,4,94,47,false
4b836616-afab-4bc1-906f-4d3cb63bc8b2,7ce07a62-407d-4ef6-b458-05accc1a818f,2026,2026-12-15,2.7,60,22,false
34ea7d7a-e4bf-4ec3-a0df-e582c9d6b7b5,9eafdd9d-f0c3-4816-aec6-63b4f104b0b2,2017,2017-12-15,3.1,83,27,false
49dc2beb-70c4-4cf1-a0ca-b3a9e6bec4d8,9eafdd9d-f0c3-4816-aec6-63b4f104b0b2,2018,2018-12-15,2.1,95,31,false
64c52e58-f29f-44e6-b796-bbb2a1c07e73,9eafdd9d-f0c3-4816-aec6-63b4f104b0b2,2019,2019-12-15,4.2,77,52,false
5d05e60a-6753-40b8-be49-e38abf5f4a5b,9eafdd9d-f0c3-4816-aec6-63b4f104b0b2,2020,2020-12-15,3.7,72,29,false
e4d83f5f-ec7a-46c0-9ef9-409afb8c6b07,9eafdd9d-f0c3-4816-aec6-63b4f104b0b2,2021,2021-12-15,3.6,96,43,false
3655e824-b701-49cc-9277-44e97366a305,9eafdd9d-f0c3-4816-aec6-63b4f104b0b2,2022,2022-12-15,2.6,74,13,false
04afd06e-cd19-4374-84d4-bc28ab1b9361,9eafdd9d-f0c3-4816-aec6-63b4f104b0b2,2023,2023-12-15,3.9,63,31,false
7461c6cb-2113-47af-a418-d4b7cb185a87,9eafdd9d-f0c3-4816-aec6-63b4f104b0b2,2024,2024-12-15,3,70,11,false
9401f466-b942-49e9-a706-9d75921d4c40,9eafdd9d-f0c3-4816-aec6-63b4f104b0b2,2025,2025-12-15,4.3,68,59,false
298a4378-f194-47c1-a05d-3ebf95040580,9eafdd9d-f0c3-4816-aec6-63b4f104b0b2,2026,2026-12-15,3.5,98,25,false
66fcdd8d-8980-4953-9ee6-58b5bdc92c19,1500cb23-4c46-48cd-a3fc-1a5796c6907d,2023,2023-12-15,2.7,89,54,false
8d2b8cbc-1d38-4be8-90ad-2750a2f690cd,1500cb23-4c46-48cd-a3fc-1a5796c6907d,2024,2024-12-15,3.3,65,36,false
c867afba-79e0-4b3d-9893-219fdfb5eb72,1500cb23-4c46-48cd-a3fc-1a5796c6907d,2025,2025-12-15,4.3,60,21,false
a913c26f-48b3-4f99-9b46-0d47a4d9093f,1500cb23-4c46-48cd-a3fc-1a5796c6907d,2026,2026-12-15,4.9,96,14,true
0af254ff-eee6-4b86-b00e-02c4680622b9,ece035f9-2ae4-4f21-9914-d80f7aaad2e4,2019,2019-12-15,5,77,51,false
ca15e730-4728-4bfe-a339-e3c25c423c0d,ece035f9-2ae4-4f21-9914-d80f7aaad2e4,2020,2020-12-15,3.2,64,48,false
fedd8bb4-fa94-4b7e-a792-1ff6d927cb10,ece035f9-2ae4-4f21-9914-d80f7aaad2e4,2021,2021-12-15,4.6,81,45,false
1244561c-66cc-493f-8308-72c3daba4fb0,ece035f9-2ae4-4f21-9914-d80f7aaad2e4,2022,2022-12-15,2.4,94,57,false
638428b0-7b76-4c67-b378-18ef75a630d4,ece035f9-2ae4-4f21-9914-d80f7aaad2e4,2023,2023-12-15,3.1,76,57,false
5b55daf9-a22a-4fa9-aec0-071c8a7ce9ce,ece035f9-2ae4-4f21-9914-d80f7aaad2e4,2024,2024-12-15,3.1,70,56,false
33a9efc5-6964-47b8-b1dc-66beba0e0390,ece035f9-2ae4-4f21-9914-d80f7aaad2e4,2025,2025-12-15,4.2,78,21,false
8c5127c9-d896-4452-afc2-6c6d3da391de,ece035f9-2ae4-4f21-9914-d80f7aaad2e4,2026,2026-12-15,4.7,92,36,false
3902c0d0-20ca-48ac-99f5-9ffc1e786a7b,25460e67-8195-4e3a-b103-fe2f4bf6a74d,2026,2026-12-15,4.8,89,41,false
168c413e-f077-4150-b053-c1e6123b5ed4,10653388-f954-42c6-a7ef-8fc995eb15a9,2021,2021-12-15,3.2,93,58,false
0528f7e0-ea28-4b46-b8a2-46b6dd80ebc6,10653388-f954-42c6-a7ef-8fc995eb15a9,2022,2022-12-15,2.4,92,18,false
69b107fe-eb4b-4f9b-91e2-e666097313c1,10653388-f954-42c6-a7ef-8fc995eb15a9,2023,2023-12-15,2.5,73,37,false
3171a5e6-d087-4120-b889-d6143469171f,10653388-f954-42c6-a7ef-8fc995eb15a9,2024,2024-12-15,2.4,84,57,false
091c68a4-0c9b-4fc6-a739-cd2d532b5264,10653388-f954-42c6-a7ef-8fc995eb15a9,2025,2025-12-15,3.2,81,50,false
c03d24ff-d55a-4cc5-969e-516ede10d99e,10653388-f954-42c6-a7ef-8fc995eb15a9,2026,2026-12-15,3.3,63,14,false
66b60a2d-bef1-4ffb-97cc-ef803682b6ec,1b04417b-7bed-45a8-a80c-b499773e93f6,2022,2022-12-15,2.2,72,57,false
a633910b-10f4-4aee-a225-17ead7214f1f,1b04417b-7bed-45a8-a80c-b499773e93f6,2023,2023-12-15,3.9,93,25,false
3d88d871-61c6-43bd-a9d0-2b26f90e8da5,1b04417b-7bed-45a8-a80c-b499773e93f6,2024,2024-12-15,4.7,70,14,false
b21dc5d4-784b-4f32-99ae-4589a4a7f522,1b04417b-7bed-45a8-a80c-b499773e93f6,2025,2025-12-15,3,68,30,false
16aa8b39-5574-41f8-91d7-8cef46ae96fd,1b04417b-7bed-45a8-a80c-b499773e93f6,2026,2026-12-15,2.9,83,13,false
0fa42843-6742-48ec-94a1-38c85b5be7b7,1b7e1fa2-f087-4df2-a8c4-d3d35c3cf16c,2024,2024-12-15,4.3,90,43,false
2a56c42d-84bb-434c-9114-360ab0a96b4a,1b7e1fa2-f087-4df2-a8c4-d3d35c3cf16c,2025,2025-12-15,2.9,61,30,false
cb174e6d-c746-4bce-a06a-db276f3e43e4,1b7e1fa2-f087-4df2-a8c4-d3d35c3cf16c,2026,2026-12-15,3.9,99,20,false
be26e6bb-72ac-46e3-aef6-20f27ec1a566,7102d329-3428-4c69-b9db-7ba8832be7d7,2017,2017-12-15,2.2,60,48,false
985129da-2f0c-4cc9-89e1-d1c1b057d5c5,7102d329-3428-4c69-b9db-7ba8832be7d7,2018,2018-12-15,4.4,72,28,false
e9f38e04-328f-4742-8553-499457bddb73,7102d329-3428-4c69-b9db-7ba8832be7d7,2019,2019-12-15,3.7,65,18,false
42a6bd0c-24f7-4109-81c2-93fb3201c794,7102d329-3428-4c69-b9db-7ba8832be7d7,2020,2020-12-15,3.5,80,44,false
03140f3c-cb83-4b6a-8497-a4b2413276a4,7102d329-3428-4c69-b9db-7ba8832be7d7,2021,2021-12-15,2.9,73,48,false
1753e2b1-63a7-4b7c-97e6-44e60f04ea23,7102d329-3428-4c69-b9db-7ba8832be7d7,2022,2022-12-15,3.8,96,21,false
a9d605b6-881c-4088-a007-8b6d7489120a,7102d329-3428-4c69-b9db-7ba8832be7d7,2023,2023-12-15,3.5,68,59,false
293c51c5-e959-4a62-9724-d8aaa8636866,7102d329-3428-4c69-b9db-7ba8832be7d7,2024,2024-12-15,3.4,89,15,false
8ce59da7-5b43-48a4-9ecf-59bdedfdafb2,7102d329-3428-4c69-b9db-7ba8832be7d7,2025,2025-12-15,2.7,85,18,false
075b970d-1ffe-47c8-a468-383191fac438,7102d329-3428-4c69-b9db-7ba8832be7d7,2026,2026-12-15,2.1,76,32,false
2fba8236-c118-47c3-b571-e866e0dbc476,9222b7d7-411c-4450-9f57-77ad8b63e395,2017,2017-12-15,2.2,72,30,false
9d4e7a93-ec7a-4906-9145-ab5903f29619,9222b7d7-411c-4450-9f57-77ad8b63e395,2018,2018-12-15,2.3,93,39,false
4a218d89-25d0-43f6-9f35-9597c732101e,9222b7d7-411c-4450-9f57-77ad8b63e395,2019,2019-12-15,3,71,28,false
1b074466-b755-4a03-9e2f-6be752e9cda0,9222b7d7-411c-4450-9f57-77ad8b63e395,2020,2020-12-15,2.3,60,11,false
19ad05ba-b1c9-4e2a-9020-05374852bc27,9222b7d7-411c-4450-9f57-77ad8b63e395,2021,2021-12-15,3.9,80,32,false
87a9c24d-7d23-4aab-ae8f-478b264b6dc5,9222b7d7-411c-4450-9f57-77ad8b63e395,2022,2022-12-15,4.4,72,44,false
da8a6198-2a58-46dd-9dc7-c8c39d17c65b,9222b7d7-411c-4450-9f57-77ad8b63e395,2023,2023-12-15,4.6,74,54,true
ff5787f2-17c5-4c63-9dd2-1b7d7cb0c4a0,9222b7d7-411c-4450-9f57-77ad8b63e395,2024,2024-12-15,4.3,64,16,false
4f12e297-ba60-4077-8533-3799bd901b60,9222b7d7-411c-4450-9f57-77ad8b63e395,2025,2025-12-15,2.4,61,14,false
2f0dd59a-dbc0-4cbc-b78f-46db7764f188,9222b7d7-411c-4450-9f57-77ad8b63e395,2026,2026-12-15,3.4,83,47,false
e8a218f8-6944-4331-b931-bd2811f92735,5998cc34-cf42-417a-a0c4-6956acab7914,2024,2024-12-15,4.9,85,35,true
f1f5b2e4-1d3a-4838-a4e2-373d6863e9f7,5998cc34-cf42-417a-a0c4-6956acab7914,2025,2025-12-15,3.6,80,53,false
5c572e2d-2630-47a0-8cd7-5f22fc32fe8b,5998cc34-cf42-417a-a0c4-6956acab7914,2026,2026-12-15,2.7,64,12,false
9dc88f55-eed0-4350-91ac-7ab0c1756448,83c009a7-fe47-4ae0-9834-6870ad55dec2,2018,2018-12-15,4.4,98,34,false
6bfec223-d2db-4ba7-9b00-28a3d03b729b,83c009a7-fe47-4ae0-9834-6870ad55dec2,2019,2019-12-15,3.4,84,28,false
cc88ab23-0d96-43ff-8241-aca99a22a3b5,83c009a7-fe47-4ae0-9834-6870ad55dec2,2020,2020-12-15,3.5,81,35,false
8a2f5f0a-5482-4fed-b23d-a57440d6149d,83c009a7-fe47-4ae0-9834-6870ad55dec2,2021,2021-12-15,2.7,62,14,false
9e05cd59-b186-4ed0-afcc-8b91036661a4,83c009a7-fe47-4ae0-9834-6870ad55dec2,2022,2022-12-15,4.5,74,36,true
692c54fe-a908-4657-a570-fab1d32e2138,83c009a7-fe47-4ae0-9834-6870ad55dec2,2023,2023-12-15,3.5,78,24,false
a7ed87f3-98e1-42a9-a9e0-8e47aea51f18,83c009a7-fe47-4ae0-9834-6870ad55dec2,2024,2024-12-15,4.7,77,26,false
5eb92d81-e95a-47ba-b909-5985b192a79a,83c009a7-fe47-4ae0-9834-6870ad55dec2,2025,2025-12-15,3.2,100,49,false
00f934c8-6cc3-4b9e-a6a4-c9a65989009a,83c009a7-fe47-4ae0-9834-6870ad55dec2,2026,2026-12-15,4.1,82,17,false
c154607d-076f-402c-8a2b-eb16ee4013a2,77b4dc15-f2d6-42db-987b-cc5541016cd6,2017,2017-12-15,4.3,67,38,false
8470121f-e84d-4292-825b-7da36fe68cdd,77b4dc15-f2d6-42db-987b-cc5541016cd6,2018,2018-12-15,4.7,83,60,true
4c2e386d-fca9-4d57-b264-5e41f482a796,77b4dc15-f2d6-42db-987b-cc5541016cd6,2019,2019-12-15,3.1,80,24,false
72a78a85-cf24-413c-ae5f-bed91edcf6fc,77b4dc15-f2d6-42db-987b-cc5541016cd6,2020,2020-12-15,4,74,28,false
e53e2eb0-eaef-41d8-82ce-4f8de3d8622d,77b4dc15-f2d6-42db-987b-cc5541016cd6,2021,2021-12-15,3.7,91,52,false
f2012278-e9e3-4b6b-9081-f02b4743c63c,77b4dc15-f2d6-42db-987b-cc5541016cd6,2022,2022-12-15,4.1,74,60,false
1e72cb98-9b41-4d58-bac9-33ab6f0af4ea,77b4dc15-f2d6-42db-987b-cc5541016cd6,2023,2023-12-15,3.6,69,34,false
3809f6c2-7dfa-4673-bc3f-2e1b8f312bc3,77b4dc15-f2d6-42db-987b-cc5541016cd6,2024,2024-12-15,4.9,73,20,false
bcac09f4-e81f-444c-b416-06b8a1f9b5d9,77b4dc15-f2d6-42db-987b-cc5541016cd6,2025,2025-12-15,3,64,55,false
ca3970a6-6d02-449e-96c7-bad20cafdcce,77b4dc15-f2d6-42db-987b-cc5541016cd6,2026,2026-12-15,3.6,80,56,false
5f3ebd1b-97c1-4b9d-b32a-a3df233c706c,49fa6261-6c8b-43bc-8b46-026d9e34dab3,2017,2017-12-15,4.2,96,36,false
f757ac52-9a8d-4373-87ef-edf9a4523725,49fa6261-6c8b-43bc-8b46-026d9e34dab3,2018,2018-12-15,3.6,88,21,false
496f6f2b-2c2b-49df-95e5-5e7df79eecca,49fa6261-6c8b-43bc-8b46-026d9e34dab3,2019,2019-12-15,4.1,63,41,false
bf70d0ee-91f7-4092-8fe8-3af448b725c3,49fa6261-6c8b-43bc-8b46-026d9e34dab3,2020,2020-12-15,4.5,74,18,false
60421d9d-9c72-4c17-bad6-a2330421b9c9,49fa6261-6c8b-43bc-8b46-026d9e34dab3,2021,2021-12-15,3.1,79,41,false
edaaac72-675d-48c6-8e94-bf74d00547f7,49fa6261-6c8b-43bc-8b46-026d9e34dab3,2022,2022-12-15,4.2,95,47,false
1ef0185a-a8dd-4332-a004-9444d546f471,49fa6261-6c8b-43bc-8b46-026d9e34dab3,2023,2023-12-15,2.5,92,33,false
4dd6a83a-fd7d-44e9-9f33-a06a6c3bbbce,49fa6261-6c8b-43bc-8b46-026d9e34dab3,2024,2024-12-15,3.2,66,54,false
de88ddd0-08b3-4e69-890c-e8ab9c4871ba,49fa6261-6c8b-43bc-8b46-026d9e34dab3,2025,2025-12-15,4.7,98,15,false
5abe3d95-763c-4a92-8499-3d8d45520fa4,49fa6261-6c8b-43bc-8b46-026d9e34dab3,2026,2026-12-15,3.6,79,25,false
3df0770b-27f0-4c61-b74d-d59ff226f2ce,bc94a55c-d734-4028-9576-51c5729dc967,2018,2018-12-15,4.1,80,56,false
bf3433ed-611d-491b-8c79-cbb2acc4ba10,bc94a55c-d734-4028-9576-51c5729dc967,2019,2019-12-15,3.5,95,24,false
306a06c6-5f82-4295-97c9-2f13a607499b,bc94a55c-d734-4028-9576-51c5729dc967,2020,2020-12-15,2.8,95,43,false
c2328c5d-1760-477d-af79-f12decd6950e,bc94a55c-d734-4028-9576-51c5729dc967,2021,2021-12-15,3.4,65,10,false
852b54b0-6b90-420f-a7e2-b79898fd453b,bc94a55c-d734-4028-9576-51c5729dc967,2022,2022-12-15,4.2,83,56,false
3d126ad3-d9c6-4434-bfad-97c14ea77de5,bc94a55c-d734-4028-9576-51c5729dc967,2023,2023-12-15,3.5,94,14,false
83518427-e8f1-4235-8bb6-7d06e2130af1,bc94a55c-d734-4028-9576-51c5729dc967,2024,2024-12-15,4.8,70,23,false
172e6c9b-94c8-4a10-a3d3-dae2dad62ab8,bc94a55c-d734-4028-9576-51c5729dc967,2025,2025-12-15,2.3,70,26,false
c1ecbe6e-f40e-40cb-9650-42d860a3873f,bc94a55c-d734-4028-9576-51c5729dc967,2026,2026-12-15,4.7,89,45,true
200d3f69-c054-423a-b7a6-2b9dfac9a882,4342f3e0-326c-4582-b4f1-4bf1111e82a5,2026,2026-12-15,2.6,66,45,false
3bf2792f-78e1-4519-877a-0b3f2281c274,5024cb83-b861-469a-ba3e-170777c0fb68,2018,2018-12-15,4.2,73,28,false
01eac810-0bfc-457f-a9f6-aa57d28cfba5,5024cb83-b861-469a-ba3e-170777c0fb68,2019,2019-12-15,4,61,28,false
521e17a9-944b-4a57-84bb-1f8144b27203,5024cb83-b861-469a-ba3e-170777c0fb68,2020,2020-12-15,4.2,82,34,false
971b247f-a4c0-4798-a04b-93287b7cc7e3,5024cb83-b861-469a-ba3e-170777c0fb68,2021,2021-12-15,2.2,77,44,false
c6fcc5ca-7551-4f33-902d-1a31efbf2c3f,5024cb83-b861-469a-ba3e-170777c0fb68,2022,2022-12-15,2,66,13,false
6155063d-43ce-4b55-9204-abc982bcd68b,5024cb83-b861-469a-ba3e-170777c0fb68,2023,2023-12-15,4.7,95,25,true
f62397af-bab0-464d-9614-d8533c89a0c9,5024cb83-b861-469a-ba3e-170777c0fb68,2024,2024-12-15,2.8,66,21,false
9efd228f-e560-4ec7-bcb1-059fad9424fc,5024cb83-b861-469a-ba3e-170777c0fb68,2025,2025-12-15,2.4,62,25,false
2de09579-46b6-4978-bab9-7f5326f9c5f1,5024cb83-b861-469a-ba3e-170777c0fb68,2026,2026-12-15,3.9,80,40,false
d6ac72d5-b735-4f7f-aa27-f5673c7a151f,554ad7fa-5860-44f9-936d-88543f20d497,2021,2021-12-15,3.4,79,27,false
26ff7336-330d-4734-b5ec-5418c0cf2819,554ad7fa-5860-44f9-936d-88543f20d497,2022,2022-12-15,2.6,97,30,false
7d33ed82-02ba-4bb9-ab09-b310728e802b,554ad7fa-5860-44f9-936d-88543f20d497,2023,2023-12-15,3.6,65,10,false
3ed1f06e-ab15-4c4d-aea6-f1bfa25b85f8,554ad7fa-5860-44f9-936d-88543f20d497,2024,2024-12-15,2.6,91,55,false
76b5b6cf-5ea4-47e3-969d-0ee970983a63,554ad7fa-5860-44f9-936d-88543f20d497,2025,2025-12-15,3.4,68,42,false
d77eeb1f-48a8-4d42-b356-3b895b978d84,554ad7fa-5860-44f9-936d-88543f20d497,2026,2026-12-15,3.7,68,56,false
2215a476-d791-4b72-a7b6-70280cae069a,8413f6a1-c5d3-4aff-b6dd-c47dc684aa2b,2019,2019-12-15,3.3,93,17,false
0be435da-3426-4db7-8dd1-6833a55de2d9,8413f6a1-c5d3-4aff-b6dd-c47dc684aa2b,2020,2020-12-15,4.6,80,48,false
7abe1cc1-eaf1-409d-9c6c-01785620f907,8413f6a1-c5d3-4aff-b6dd-c47dc684aa2b,2021,2021-12-15,4.1,65,37,false
39483c7c-aa27-4021-9e7c-7c1f6446d6b4,8413f6a1-c5d3-4aff-b6dd-c47dc684aa2b,2022,2022-12-15,4,96,14,false
d33b0f88-a3a3-476a-938e-ca8a4d11ca12,8413f6a1-c5d3-4aff-b6dd-c47dc684aa2b,2023,2023-12-15,3.8,66,10,false
2476dfe9-a32b-4b84-96c3-914334aad115,8413f6a1-c5d3-4aff-b6dd-c47dc684aa2b,2024,2024-12-15,3,90,42,false
d4c2567d-7bbc-4961-a1cc-e5f6994d99a3,8413f6a1-c5d3-4aff-b6dd-c47dc684aa2b,2025,2025-12-15,2.6,85,15,false
9ae06885-0f47-465a-be4a-d626ce7aaa98,8413f6a1-c5d3-4aff-b6dd-c47dc684aa2b,2026,2026-12-15,3.8,85,54,false
6a363820-066f-4f3e-a172-7eb537f02cbf,b5b414ac-2f4b-4568-97f3-ada752747836,2021,2021-12-15,3.8,70,14,false
33e9ad10-5a24-4120-8b36-e9cbac1e172f,b5b414ac-2f4b-4568-97f3-ada752747836,2022,2022-12-15,2.5,94,34,false
fe9e428b-64e6-4c7d-9da5-a5ae86e4bf54,b5b414ac-2f4b-4568-97f3-ada752747836,2023,2023-12-15,4.8,92,10,false
1824a126-d4b2-4da5-b0ea-8df3d51aa720,b5b414ac-2f4b-4568-97f3-ada752747836,2024,2024-12-15,2.4,73,20,false
3e559846-fcfe-4c9c-b0f1-266a9ddfcae5,b5b414ac-2f4b-4568-97f3-ada752747836,2025,2025-12-15,2.9,96,16,false
7a9db616-b083-4b8d-aa7b-b55f5cb9fb7c,b5b414ac-2f4b-4568-97f3-ada752747836,2026,2026-12-15,3.2,88,25,false
b3a7df80-af7b-45c4-b7fd-606775a4b1c7,003eaf72-a659-4fc9-b389-92e8dde85a9f,2018,2018-12-15,4.8,91,35,false
f32ea51e-62ac-4ee3-a00f-cdf4df26b1c4,003eaf72-a659-4fc9-b389-92e8dde85a9f,2019,2019-12-15,2.9,83,17,false
70b6034c-f679-4ca3-b832-ac48399bdad0,003eaf72-a659-4fc9-b389-92e8dde85a9f,2020,2020-12-15,3.6,73,35,false
f1c55c4b-d708-4bf7-ba36-cfa457357a2c,003eaf72-a659-4fc9-b389-92e8dde85a9f,2021,2021-12-15,3.2,79,35,false
b09de270-0b3f-4a51-a4f1-9a76189b2bd7,003eaf72-a659-4fc9-b389-92e8dde85a9f,2022,2022-12-15,2.1,99,43,false
dbd16ce6-b8bf-4ca7-916a-0a7d7c9f1a07,003eaf72-a659-4fc9-b389-92e8dde85a9f,2023,2023-12-15,3.6,71,44,false
653674f4-a434-4f2b-8bd0-db19f87f7157,003eaf72-a659-4fc9-b389-92e8dde85a9f,2024,2024-12-15,2.9,61,37,false
ebfd3204-24c1-4797-adf3-15c7cbefec74,003eaf72-a659-4fc9-b389-92e8dde85a9f,2025,2025-12-15,2.2,76,40,false
0a9845a1-68bb-464a-878c-fc71ee8aa0ee,003eaf72-a659-4fc9-b389-92e8dde85a9f,2026,2026-12-15,5,94,14,false
ebc04752-19bb-4e58-957f-1f20b9a1265c,6d5a2659-b9d1-48a9-98bd-c6d1f05552e4,2018,2018-12-15,3.3,62,31,false
1246cef2-a02b-4db2-9e87-1eb805a23430,6d5a2659-b9d1-48a9-98bd-c6d1f05552e4,2019,2019-12-15,4.7,70,49,true
a5d1e0bd-e85e-480a-b6db-c7eb3c2ef120,6d5a2659-b9d1-48a9-98bd-c6d1f05552e4,2020,2020-12-15,4.9,71,14,true
4eeda33e-4b75-4874-8c81-ad5aac61a5f4,6d5a2659-b9d1-48a9-98bd-c6d1f05552e4,2021,2021-12-15,4.6,67,56,false
b530a0bc-1f57-4223-bd5f-ffe4e962a287,6d5a2659-b9d1-48a9-98bd-c6d1f05552e4,2022,2022-12-15,4.4,81,24,false
2521fa1c-14cb-4661-9397-55807d315468,6d5a2659-b9d1-48a9-98bd-c6d1f05552e4,2023,2023-12-15,3.9,91,34,false
6481724a-56a5-4b7f-a1c4-d46ff88456f6,6d5a2659-b9d1-48a9-98bd-c6d1f05552e4,2024,2024-12-15,3.8,76,42,false
b2e1acad-45a5-436d-b88f-6a90c87a8887,6d5a2659-b9d1-48a9-98bd-c6d1f05552e4,2025,2025-12-15,2.8,72,57,false
da0520bd-c51e-4a22-a611-30e2b5ebe3f7,6d5a2659-b9d1-48a9-98bd-c6d1f05552e4,2026,2026-12-15,4.3,63,54,false
a34545d7-e5f4-46fa-b984-d51a289300f6,f86c3d5c-37a9-41d1-b606-0be37a529594,2016,2016-12-15,3.9,76,51,false
e38e15eb-52ee-4d6c-9feb-b93ad6ab1555,f86c3d5c-37a9-41d1-b606-0be37a529594,2017,2017-12-15,4.5,73,17,false
e048c569-c448-418d-8ac6-155e6c98bc0f,f86c3d5c-37a9-41d1-b606-0be37a529594,2018,2018-12-15,4.1,98,43,false
1d1ef24e-0c07-4660-bf5b-3b41e9b34c4b,f86c3d5c-37a9-41d1-b606-0be37a529594,2019,2019-12-15,3.4,85,39,false
b9b7ffcf-0f34-4376-9fa4-048d35b687dc,f86c3d5c-37a9-41d1-b606-0be37a529594,2020,2020-12-15,2.1,77,25,false
1aa81acb-4222-4e9d-a6ef-48618734399b,f86c3d5c-37a9-41d1-b606-0be37a529594,2021,2021-12-15,4.9,97,36,false
18e4921f-4930-42af-80f9-6b6ef16b3df7,f86c3d5c-37a9-41d1-b606-0be37a529594,2022,2022-12-15,4.7,64,27,true
5248248b-ad28-4d0c-a962-f0af9da104cb,f86c3d5c-37a9-41d1-b606-0be37a529594,2023,2023-12-15,4.3,72,56,false
19c72b6b-6bb6-4968-a085-2a9741333268,f86c3d5c-37a9-41d1-b606-0be37a529594,2024,2024-12-15,2.8,66,46,false
0690dc41-01f5-4cb6-a2a5-863f2e7b8b77,f86c3d5c-37a9-41d1-b606-0be37a529594,2025,2025-12-15,4,75,17,false
83be8038-286f-470c-83ca-53c74a97e469,f86c3d5c-37a9-41d1-b606-0be37a529594,2026,2026-12-15,3.7,94,48,false
42712722-258c-4602-a2bb-0b13e0497757,7d552d0e-d6ab-42af-9d86-bace0c61ef75,2017,2017-12-15,3.2,61,39,false
2783c293-38b3-48a4-b958-194d8ccf6576,7d552d0e-d6ab-42af-9d86-bace0c61ef75,2018,2018-12-15,3.3,85,27,false
6cc9e0b7-41c7-4bd2-9425-3887a8061a3d,7d552d0e-d6ab-42af-9d86-bace0c61ef75,2019,2019-12-15,2.3,88,29,false
74ba0b70-a848-454e-99ef-5a159f5bfc94,7d552d0e-d6ab-42af-9d86-bace0c61ef75,2020,2020-12-15,4.6,91,44,false
4f085d9f-3189-41e1-b377-c69a01ab0e99,7d552d0e-d6ab-42af-9d86-bace0c61ef75,2021,2021-12-15,3.1,89,23,false
74f2afad-ab94-4f98-9535-d5e9047b19d7,7d552d0e-d6ab-42af-9d86-bace0c61ef75,2022,2022-12-15,4.8,67,23,false
186cfb73-3f69-43c9-aa43-94868f28b3d6,7d552d0e-d6ab-42af-9d86-bace0c61ef75,2023,2023-12-15,2.6,75,37,false
93dc2844-54dc-4803-94a5-6aae74fcc3d2,7d552d0e-d6ab-42af-9d86-bace0c61ef75,2024,2024-12-15,4.1,94,50,false
80f8f353-8d1e-4fb0-b09c-b3da57f31ea9,7d552d0e-d6ab-42af-9d86-bace0c61ef75,2025,2025-12-15,4.9,92,19,false
b1a1c820-36bf-43e3-8715-576709763c30,7d552d0e-d6ab-42af-9d86-bace0c61ef75,2026,2026-12-15,2.8,74,35,false
6b20481a-69fd-4549-b4d1-2f8740de118d,edda6399-9c98-4213-9aab-e80339958da9,2017,2017-12-15,4.6,85,40,false
adfcf647-fd7d-4c9a-a239-876768d43cd7,edda6399-9c98-4213-9aab-e80339958da9,2018,2018-12-15,3.2,91,58,false
e963e309-98fe-4df8-ab68-67b6b47dc084,edda6399-9c98-4213-9aab-e80339958da9,2019,2019-12-15,4.5,81,29,false
52a9f08c-355c-4099-b6f4-84219c40dd39,edda6399-9c98-4213-9aab-e80339958da9,2020,2020-12-15,4,73,24,false
b4981655-5487-4a34-9e35-2d451e18da1f,edda6399-9c98-4213-9aab-e80339958da9,2021,2021-12-15,2.5,89,26,false
39a5fabc-e204-4437-8ffb-3443919ed86b,edda6399-9c98-4213-9aab-e80339958da9,2022,2022-12-15,3.1,94,22,false
664e6111-27be-4fae-9d73-b6a2419f3804,edda6399-9c98-4213-9aab-e80339958da9,2023,2023-12-15,2.1,67,59,false
02f59405-39e0-4584-b971-6f37ee73110f,edda6399-9c98-4213-9aab-e80339958da9,2024,2024-12-15,2.8,73,13,false
635697aa-a462-4d57-8a47-e51e9dea7936,edda6399-9c98-4213-9aab-e80339958da9,2025,2025-12-15,4.1,71,27,false
b5eb50cf-1819-41e4-b0fd-6146e4adaffd,edda6399-9c98-4213-9aab-e80339958da9,2026,2026-12-15,2.8,90,42,false
f3cc1002-21ec-4dc4-9b8d-893f038deae3,49a8b877-3368-4732-9738-81bce46d9be8,2021,2021-12-15,4.7,78,23,true
64df7244-2eb7-4f6a-b645-a734abe6c71d,49a8b877-3368-4732-9738-81bce46d9be8,2022,2022-12-15,4.9,61,19,true
2810a842-2ea2-4258-85cf-1ca855e7876a,49a8b877-3368-4732-9738-81bce46d9be8,2023,2023-12-15,4,93,52,false
931b865a-e58b-41d4-9143-cc54f480fe49,49a8b877-3368-4732-9738-81bce46d9be8,2024,2024-12-15,3.7,66,20,false
5d1d9b84-3085-4d6f-85cf-8f2093fe0f28,49a8b877-3368-4732-9738-81bce46d9be8,2025,2025-12-15,2.3,98,13,false
55b8d55d-0d81-43d2-b316-3871add8113e,49a8b877-3368-4732-9738-81bce46d9be8,2026,2026-12-15,4.2,99,11,false
87b2816d-a4b1-4eab-9977-17f2becf4477,a79bee6a-8ede-4066-b664-303330f21182,2025,2025-12-15,2.1,81,42,false
39c45057-aa3d-429b-8124-ba456740759a,a79bee6a-8ede-4066-b664-303330f21182,2026,2026-12-15,4.2,68,32,false
751c8c30-1b4c-429a-9484-1120e39bd7cf,7e6c9a3b-53a2-4019-8404-99984ca30189,2022,2022-12-15,4.4,76,52,false
e35776a8-1f1b-46fc-9773-2f7562022bd9,7e6c9a3b-53a2-4019-8404-99984ca30189,2023,2023-12-15,2.4,94,47,false
e50b6867-9ad0-4e94-b1ab-5acec7472ac8,7e6c9a3b-53a2-4019-8404-99984ca30189,2024,2024-12-15,4.9,97,46,true
757f4e4c-6dc7-4a9c-9bc2-e0bac390b7a5,7e6c9a3b-53a2-4019-8404-99984ca30189,2025,2025-12-15,2.4,98,40,false
0bc6623f-fe8f-4e91-bee5-7af1aaba077a,7e6c9a3b-53a2-4019-8404-99984ca30189,2026,2026-12-15,4.3,62,56,false
2706defd-6188-46a6-a9fd-7ccf773a6910,01123f95-8d85-41a4-acfb-070a8814c836,2019,2019-12-15,2.3,80,24,false
8a7a3f66-c23e-4b9e-a14d-0fdbf156a5ce,01123f95-8d85-41a4-acfb-070a8814c836,2020,2020-12-15,4.7,72,58,true
70195ca7-3b3f-40e8-bebe-5ad8a4d44c4c,01123f95-8d85-41a4-acfb-070a8814c836,2021,2021-12-15,3.3,89,37,false
09c9264a-99aa-4213-b835-b77d9b1111c1,01123f95-8d85-41a4-acfb-070a8814c836,2022,2022-12-15,3.6,90,51,false
ed642913-4212-4083-b907-95091cd7322d,01123f95-8d85-41a4-acfb-070a8814c836,2023,2023-12-15,2.6,82,53,false
cfbec1e2-6290-472d-89fb-bf8694490c93,01123f95-8d85-41a4-acfb-070a8814c836,2024,2024-12-15,2.2,89,58,false
090fcccf-cde1-4080-8736-cac1802790d4,01123f95-8d85-41a4-acfb-070a8814c836,2025,2025-12-15,5,87,23,true
7224170f-45f3-4ab0-a274-f7ae8b0541a7,01123f95-8d85-41a4-acfb-070a8814c836,2026,2026-12-15,2.7,73,10,false
d5e5251f-79fe-4e47-bfeb-bf885bab5ba6,d3747db9-45c5-4472-bb41-900a15f67849,2019,2019-12-15,3.1,65,26,false
f7a5f055-4480-417e-987c-efa3dfbd2507,d3747db9-45c5-4472-bb41-900a15f67849,2020,2020-12-15,2.3,85,59,false
866388d7-b76e-40ed-b1ba-af5bd22b4329,d3747db9-45c5-4472-bb41-900a15f67849,2021,2021-12-15,4.2,69,31,false
8a00e762-1bde-49b7-b188-18fd76a85e62,d3747db9-45c5-4472-bb41-900a15f67849,2022,2022-12-15,2.1,94,39,false
bab3022b-802d-42eb-9e52-9b074517e39e,d3747db9-45c5-4472-bb41-900a15f67849,2023,2023-12-15,4.3,93,19,false
1fd066ff-e7d9-4e3c-b2aa-6eebbd35850c,d3747db9-45c5-4472-bb41-900a15f67849,2024,2024-12-15,4.3,85,15,false
2991b180-a5d0-475c-a9f3-9aa8d1602af1,d3747db9-45c5-4472-bb41-900a15f67849,2025,2025-12-15,4.5,80,29,false
847363d1-0e4a-477b-9b71-64427539fcae,d3747db9-45c5-4472-bb41-900a15f67849,2026,2026-12-15,2.8,64,21,false
d9c2c8bd-13b1-472f-87f5-89286db12161,1dc9dbe9-1497-4b4b-81f3-63eeeb2c460a,2016,2016-12-15,4.7,69,48,false
f0d0c75c-3487-4270-adde-d18672a8f81d,1dc9dbe9-1497-4b4b-81f3-63eeeb2c460a,2017,2017-12-15,3,65,17,false
1f3e7495-9e49-40a4-921c-02d09faf3430,1dc9dbe9-1497-4b4b-81f3-63eeeb2c460a,2018,2018-12-15,4,73,60,false
90d3ee60-b918-4dff-b834-ddf583176c75,1dc9dbe9-1497-4b4b-81f3-63eeeb2c460a,2019,2019-12-15,2.9,100,13,false
0cee503c-269e-42b0-bb18-5fd5f698819c,1dc9dbe9-1497-4b4b-81f3-63eeeb2c460a,2020,2020-12-15,2.1,70,33,false
a2cc0641-bd99-438c-afbd-353562244097,1dc9dbe9-1497-4b4b-81f3-63eeeb2c460a,2021,2021-12-15,4,100,23,false
546fc2a7-7486-4901-baf0-eb6befee87d5,1dc9dbe9-1497-4b4b-81f3-63eeeb2c460a,2022,2022-12-15,4,96,24,false
6818ddbe-985d-4ede-bcc3-94bfe8d46d37,1dc9dbe9-1497-4b4b-81f3-63eeeb2c460a,2023,2023-12-15,4.2,70,29,false
80a44bc2-5260-4628-bf05-f1487cad0afc,1dc9dbe9-1497-4b4b-81f3-63eeeb2c460a,2024,2024-12-15,4.5,100,25,false
e4eef2f0-aa38-48b5-838f-2202e3ece9a7,1dc9dbe9-1497-4b4b-81f3-63eeeb2c460a,2025,2025-12-15,2.6,61,57,false
12074a01-e82d-4f80-b6a8-750a19a9aa60,1dc9dbe9-1497-4b4b-81f3-63eeeb2c460a,2026,2026-12-15,4.9,78,60,true
828b4fe0-1513-46ce-ae38-03f3aff18333,6dc1e9b2-969b-4c0f-a6b9-0023ebc43acb,2021,2021-12-15,4.7,93,53,true
c6e36ac6-f15e-4317-9b1c-45af25b9885d,6dc1e9b2-969b-4c0f-a6b9-0023ebc43acb,2022,2022-12-15,4.4,73,37,false
8b48e7ca-fe98-4802-acb3-62ca4c0086d0,6dc1e9b2-969b-4c0f-a6b9-0023ebc43acb,2023,2023-12-15,4.7,71,20,true
ed94cfe2-a699-40d9-9e0d-8ca1e493f7f3,6dc1e9b2-969b-4c0f-a6b9-0023ebc43acb,2024,2024-12-15,4.7,88,14,false
b3ee92e6-96c7-4adf-ad33-6e15af95463f,6dc1e9b2-969b-4c0f-a6b9-0023ebc43acb,2025,2025-12-15,3.7,61,53,false
0280e355-e887-4c5a-b7f7-51e824d9a991,6dc1e9b2-969b-4c0f-a6b9-0023ebc43acb,2026,2026-12-15,4.1,74,46,false
081559a9-affc-450b-a176-10df0140deed,4bb85093-fb6b-4162-a954-bc7a0250bcf2,2025,2025-12-15,4.3,91,43,false
2111ec43-4468-4d70-a32e-e0f08f182c29,4bb85093-fb6b-4162-a954-bc7a0250bcf2,2026,2026-12-15,3.1,75,16,false
a614d220-e5b0-473f-865c-021805628820,1f9e1390-dced-4d42-b7a3-a0a40d967b28,2020,2020-12-15,2.6,87,53,false
99355702-8f31-4101-9d48-773023e6a99c,1f9e1390-dced-4d42-b7a3-a0a40d967b28,2021,2021-12-15,2.5,98,50,false
3a612a99-78f9-43a1-bbb8-503851de00c7,1f9e1390-dced-4d42-b7a3-a0a40d967b28,2022,2022-12-15,2.5,86,18,false
bd7b4c60-74cb-4c7a-a5a8-a7e749475e6c,1f9e1390-dced-4d42-b7a3-a0a40d967b28,2023,2023-12-15,3.8,68,26,false
7354b6b5-67d0-4a51-8aa3-557601826802,1f9e1390-dced-4d42-b7a3-a0a40d967b28,2024,2024-12-15,3.4,82,15,false
223de67a-dfc0-48b1-ba5f-4273645ff5f6,1f9e1390-dced-4d42-b7a3-a0a40d967b28,2025,2025-12-15,2.9,61,50,false
ebf38070-10a7-4a54-9025-8965987bfe72,1f9e1390-dced-4d42-b7a3-a0a40d967b28,2026,2026-12-15,3.6,61,49,false
41d8cf5c-c1bc-430b-8981-a600263fa455,6735cd62-b3e5-4045-b4bb-cfa4164374b6,2024,2024-12-15,2.3,63,32,false
d4ad658a-0710-4eaa-b1d4-030a6824d14e,6735cd62-b3e5-4045-b4bb-cfa4164374b6,2025,2025-12-15,2.8,91,30,false
0fab4ae2-2c93-4d7f-95e0-78f1a920b3d0,6735cd62-b3e5-4045-b4bb-cfa4164374b6,2026,2026-12-15,2.9,80,30,false
af15d033-f7a7-43c9-8f35-f00494133919,f3c72ba4-6fcf-48b3-8212-246922d9c619,2022,2022-12-15,2.1,66,11,false
0f0cd7b0-0cc4-4b07-805c-6127afde6b05,f3c72ba4-6fcf-48b3-8212-246922d9c619,2023,2023-12-15,3.9,92,13,false
2c5d43db-76ca-4835-9d7f-aa9f894f413e,f3c72ba4-6fcf-48b3-8212-246922d9c619,2024,2024-12-15,3.8,83,25,false
2b78f446-049d-4560-8877-1b4b0f02bf9c,f3c72ba4-6fcf-48b3-8212-246922d9c619,2025,2025-12-15,3.4,80,25,false
bea0a48f-b5d2-4453-9a2c-0841d36ddc31,f3c72ba4-6fcf-48b3-8212-246922d9c619,2026,2026-12-15,2,96,18,false
805ff4dd-e352-4a52-9e35-b2e2f22b17bf,e2d50d9d-5ed1-446a-8ea6-1cd8e33f9193,2023,2023-12-15,4.2,84,43,false
e0c054ea-44c2-4cff-90bc-9993757d33c7,e2d50d9d-5ed1-446a-8ea6-1cd8e33f9193,2024,2024-12-15,4.4,82,33,false
db05e285-4144-4b7f-a394-30b6072000bd,e2d50d9d-5ed1-446a-8ea6-1cd8e33f9193,2025,2025-12-15,4.9,67,42,false
7f8ea473-bee7-4dd0-9682-20f09c073ebe,e2d50d9d-5ed1-446a-8ea6-1cd8e33f9193,2026,2026-12-15,3.6,93,47,false
7ff7ef91-afba-44f7-8116-cc1ea2417cfa,3aa93b12-0122-4edc-957b-eaa8806e822a,2024,2024-12-15,3.4,99,34,false
3f3361af-304c-4368-b0d1-8c7c7928c29f,3aa93b12-0122-4edc-957b-eaa8806e822a,2025,2025-12-15,3.9,61,25,false
417973cd-1e04-43e4-8681-000a3868ef35,3aa93b12-0122-4edc-957b-eaa8806e822a,2026,2026-12-15,4.9,70,20,true
abf054b8-67ec-4065-95ea-45a1c909804a,a066cab2-ebf5-4658-93a3-703cf020b9aa,2020,2020-12-15,3.5,76,21,false
841b74d4-193c-4c5f-b2e2-dd52a301a3be,a066cab2-ebf5-4658-93a3-703cf020b9aa,2021,2021-12-15,2.9,93,23,false
0e79c077-4619-47cc-9ad2-5c3cf44fc72c,a066cab2-ebf5-4658-93a3-703cf020b9aa,2022,2022-12-15,4.9,64,38,false
043c2355-9558-459f-84ed-ab9fe8b8879f,a066cab2-ebf5-4658-93a3-703cf020b9aa,2023,2023-12-15,3.7,68,45,false
548f4ba5-9aa6-4282-b7b4-2e39f9aac858,a066cab2-ebf5-4658-93a3-703cf020b9aa,2024,2024-12-15,3.8,98,46,false
62e5fb12-c7e2-42de-9b47-dcc906ef6248,a066cab2-ebf5-4658-93a3-703cf020b9aa,2025,2025-12-15,3.6,81,23,false
33547080-b976-4325-a633-ada1e8bd7b8b,a066cab2-ebf5-4658-93a3-703cf020b9aa,2026,2026-12-15,3.4,99,32,false
6bd51597-af3d-4ce2-b5ef-a0363f39ac8f,0aedbe9c-bc9e-4999-9941-f73029adf29f,2017,2017-12-15,3.8,65,13,false
1f94c51f-a8ec-4eed-869a-a47c524046b7,0aedbe9c-bc9e-4999-9941-f73029adf29f,2018,2018-12-15,3.5,64,11,false
402ba95b-298f-4bb5-86bc-072cf426cfb5,0aedbe9c-bc9e-4999-9941-f73029adf29f,2019,2019-12-15,4.9,65,57,false
6ab9d15d-249d-4d8d-a9db-f7e8a17bf228,0aedbe9c-bc9e-4999-9941-f73029adf29f,2020,2020-12-15,3.6,82,20,false
dac69761-3574-4caf-922d-699fe5907b49,0aedbe9c-bc9e-4999-9941-f73029adf29f,2021,2021-12-15,3.7,91,36,false
4830412f-61ea-44e6-acb2-6406936ed769,0aedbe9c-bc9e-4999-9941-f73029adf29f,2022,2022-12-15,4.7,80,42,true
57c3e254-298d-48a1-b951-1bed37c4b1c3,0aedbe9c-bc9e-4999-9941-f73029adf29f,2023,2023-12-15,4.7,68,22,false
7a6628eb-d681-429c-9f75-dc86e3aaa814,0aedbe9c-bc9e-4999-9941-f73029adf29f,2024,2024-12-15,3.1,91,22,false
dbc55e44-7318-4b91-97aa-e6d810e623b1,0aedbe9c-bc9e-4999-9941-f73029adf29f,2025,2025-12-15,2.5,90,58,false
58baf046-d47c-4a4c-af15-4a975ed48169,0aedbe9c-bc9e-4999-9941-f73029adf29f,2026,2026-12-15,2.4,64,34,false
3c2430a1-29d5-495d-a37f-6d72d2173e18,e3758f62-2cfc-4243-9714-9222053ec7c2,2017,2017-12-15,4.6,70,41,true
0a76716b-45cd-4a7e-a36e-448847bd24cd,e3758f62-2cfc-4243-9714-9222053ec7c2,2018,2018-12-15,2.6,63,24,false
33596fcc-184e-4269-8b63-8c1eb58778fb,e3758f62-2cfc-4243-9714-9222053ec7c2,2019,2019-12-15,3.6,89,47,false
e5f1f37b-a7da-4818-80fb-157ea8d86402,e3758f62-2cfc-4243-9714-9222053ec7c2,2020,2020-12-15,4.2,73,51,false
10dffbc5-0d84-44ab-84a7-f395a1151ed4,e3758f62-2cfc-4243-9714-9222053ec7c2,2021,2021-12-15,2.1,60,32,false
e48d0cb0-3681-428f-824f-414453dcd8bd,e3758f62-2cfc-4243-9714-9222053ec7c2,2022,2022-12-15,3.2,64,54,false
a75e36fc-86e4-44bb-befb-f49ff0139060,e3758f62-2cfc-4243-9714-9222053ec7c2,2023,2023-12-15,4.4,67,40,false
42802de0-aade-40f1-95ca-068bf957a3f7,e3758f62-2cfc-4243-9714-9222053ec7c2,2024,2024-12-15,4.7,91,30,false
2cfd56f1-9ac6-45df-a2d3-72b03e326e13,e3758f62-2cfc-4243-9714-9222053ec7c2,2025,2025-12-15,3.2,62,25,false
5ed31bf1-1aff-472d-8bde-737028438298,e3758f62-2cfc-4243-9714-9222053ec7c2,2026,2026-12-15,4.6,98,44,false
bf8529f8-5b54-480a-8b01-a74c77e320f6,eaa2e107-2656-4e8d-974c-b1f90ba4717e,2019,2019-12-15,3,64,14,false
c15badf6-0b25-4e76-9bd8-ed54bda9c927,eaa2e107-2656-4e8d-974c-b1f90ba4717e,2020,2020-12-15,4.3,75,22,false
ab5d7717-2003-47d6-b63e-ce61ccbca7ff,eaa2e107-2656-4e8d-974c-b1f90ba4717e,2021,2021-12-15,4.4,100,48,false
f6e6dfd7-97ad-42f9-920a-4b6036235922,eaa2e107-2656-4e8d-974c-b1f90ba4717e,2022,2022-12-15,4.9,72,56,false
6c7d30de-99ae-4fdd-946c-1f3950648ce5,eaa2e107-2656-4e8d-974c-b1f90ba4717e,2023,2023-12-15,4.8,67,40,false
6dd48dd0-2d1b-4289-84ce-28ce5a461df7,eaa2e107-2656-4e8d-974c-b1f90ba4717e,2024,2024-12-15,2.7,65,38,false
f58d3738-fa83-45c5-8ad2-1f1f7640d695,eaa2e107-2656-4e8d-974c-b1f90ba4717e,2025,2025-12-15,2.1,77,28,false
9f706523-3e97-4ff0-b369-060a00ef74d8,eaa2e107-2656-4e8d-974c-b1f90ba4717e,2026,2026-12-15,4.6,79,51,false
6d67e84d-7cf7-4bef-b36f-71ecd172d14e,e782b7f2-341a-400a-afef-5b7f5bc5a94f,2023,2023-12-15,2.7,100,19,false
ac1bfaab-a880-451f-90c9-edc45edf3614,e782b7f2-341a-400a-afef-5b7f5bc5a94f,2024,2024-12-15,4.8,81,60,false
554520f7-c0a3-439f-95cf-0dc8ecbfe25c,e782b7f2-341a-400a-afef-5b7f5bc5a94f,2025,2025-12-15,4.5,71,37,false
f35bb819-c806-4a36-b227-7e9469dab57c,e782b7f2-341a-400a-afef-5b7f5bc5a94f,2026,2026-12-15,2.2,85,58,false
efcde2eb-d259-42d2-a6cf-4511e01a9032,f7dacb0c-5cf8-443c-92e4-9db3743b1aab,2017,2017-12-15,2.9,72,22,false
a479f476-f71e-42a1-84eb-e73ad2b4c4b2,f7dacb0c-5cf8-443c-92e4-9db3743b1aab,2018,2018-12-15,5,82,50,true
d19b59ea-9d2b-4d9f-8c98-183f356a6790,f7dacb0c-5cf8-443c-92e4-9db3743b1aab,2019,2019-12-15,3.8,72,17,false
74732c58-2399-4833-ba59-194706d584b6,f7dacb0c-5cf8-443c-92e4-9db3743b1aab,2020,2020-12-15,2.6,69,13,false
ef9e9889-bd99-46dd-aacd-b0e266493948,f7dacb0c-5cf8-443c-92e4-9db3743b1aab,2021,2021-12-15,3.9,74,58,false
33584797-719c-4069-b585-2ceb733ae449,f7dacb0c-5cf8-443c-92e4-9db3743b1aab,2022,2022-12-15,2.2,87,53,false
405983bf-914d-4b63-bebb-dfd7ae667af0,f7dacb0c-5cf8-443c-92e4-9db3743b1aab,2023,2023-12-15,4.4,94,57,false
edb86742-a9b8-4766-9ce7-3acfe5cbb318,f7dacb0c-5cf8-443c-92e4-9db3743b1aab,2024,2024-12-15,2.1,71,27,false
94ba8c02-482e-4973-9c9f-798c9158d32f,f7dacb0c-5cf8-443c-92e4-9db3743b1aab,2025,2025-12-15,3,76,24,false
2998ca76-983f-4a3d-a053-c60ac9180e1e,f7dacb0c-5cf8-443c-92e4-9db3743b1aab,2026,2026-12-15,2.5,94,56,false
